question_id,question_num,skill_id,part,interaction_rows,correct_rows,accuracy,eligible_item,smoothed_accuracy,raw_item_shift,item_shift_se,item_shift_shrinkage,shrunk_item_shift,implied_mastery_prevalence,item_prior_variance
q6442,6442,71,5,177707,55040,0.3097233085922333,True,0.30972437931888264,-1.4163209733497912,0.005611613371402453,0.9999650827455548,-1.4915796597626143,0.5382514702336331,0.9018207639470124
q11744,11744,71,6,2720,874,0.3213235294117647,True,0.32138919514884234,-1.3571669962273698,0.04501248618511967,0.9977583328108107,-1.4292666279173025,0.5382514702336331,0.9018207639470124
q10792,10792,71,6,6571,2250,0.3424136356718916,True,0.34243761412051127,-1.2528342233690435,0.02862535509052497,0.9990922064219572,-1.3269393119712118,0.5382514702336331,0.9018207639470124
q11899,11899,71,6,2556,893,0.3493740219092331,True,0.34943292921392255,-1.2187659559347856,0.0457340938817607,0.9976860507615354,-1.2910822981780148,0.5382514702336331,0.9018207639470124
q4672,4672,71,5,14717,5491,0.3731059319154719,True,0.37311455360782714,-1.1053358965608577,0.01887119189004684,0.9996052637914534,-1.1801806226699751,0.5382514702336331,0.9018207639470124
q10009,10009,71,5,6077,2363,0.3888431792002633,True,0.38886146758802237,-1.031304449913808,0.02920564514624654,0.9990550631123891,-1.1055695384699746,0.5382514702336331,0.9018207639470124
q5688,5688,71,5,16106,6441,0.3999130758723457,True,0.39991928974979823,-0.9798720092209738,0.017881696527511377,0.9996455595730804,-1.0548087798841412,0.5382514702336331,0.9018207639470124
q4684,4684,71,5,10729,4327,0.4032994687296113,True,0.4033084808946878,-0.9641894798169788,0.021888462032670794,0.99946901824242,-1.0389482942452215,0.5382514702336331,0.9018207639470124
q4688,4688,71,5,14490,6207,0.4283643892339545,True,0.4283693326892554,-0.849231536016074,0.01872940418458481,0.9996111708694994,-0.9241828171330242,0.5382514702336331,0.9018207639470124
q4186,4186,71,5,20298,9109,0.4487634249679771,True,0.4487659490615301,-0.7567022841656406,0.015775860312268887,0.9997241035979009,-0.8317835048554172,0.5382514702336331,0.9018207639470124
q9896,9896,71,5,5828,2636,0.4522992450240219,True,0.4523074283753646,-0.7407070058758601,0.029427708898795295,0.9990406527544613,-0.8152349315681165,0.5382514702336331,0.9018207639470124
q4876,4876,71,5,10224,4653,0.4551056338028169,True,0.45511002444987775,-0.728061132837056,0.02221229214578237,0.9994531993957526,-0.8029326186930432,0.5382514702336331,0.9018207639470124
q4852,4852,71,5,12316,5731,0.4653296524845729,True,0.46533246732158806,-0.6820149443934583,0.020220389814089496,0.999546829153583,-0.7569825165563564,0.5382514702336331,0.9018207639470124
q11529,11529,71,6,2225,1037,0.466067415730337,True,0.4660826594788859,-0.6786400755407664,0.04756160925211336,0.9974978989778942,-0.7520643844572238,0.5382514702336331,0.9018207639470124
q4878,4878,71,5,12163,5690,0.4678122173805804,True,0.46781486353173296,-0.6708494212204987,0.020343740768988827,0.9995412858541245,-0.7458179170835993,0.5382514702336331,0.9018207639470124
q8916,8916,71,5,6416,3090,0.4816084788029925,True,0.4816113448652018,-0.6088788958237742,0.027992266467371348,0.9991318820937034,-0.6835957086214319,0.5382514702336331,0.9018207639470124
q6263,6263,71,5,6796,3413,0.5022071806945262,True,0.5022068559658673,-0.5165002198583015,0.027201131656062916,0.9991802195778695,-0.5913258348930812,0.5382514702336331,0.9018207639470124
q17374,17374,71,5,1912,967,0.5057531380753139,True,0.5057501306847882,-0.5006065751519753,0.05127993852996306,0.9970925634980728,-0.5742429021382501,0.5382514702336331,0.9018207639470124
q5426,5426,71,5,6373,3257,0.5110622940530363,True,0.5110605585189834,-0.47677878072292995,0.02810066129325481,0.999125151720613,-0.5516065562272742,0.5382514702336331,0.9018207639470124
q6642,6642,71,6,15802,8171,0.5170864447538286,True,0.5170853635385686,-0.4497296015677282,0.017853680162660167,0.9996466689585743,-0.5248548586043645,0.5382514702336331,0.9018207639470124
q17241,17241,71,5,2226,1161,0.5215633423180593,True,0.5215536596317917,-0.429653819120977,0.047576853046603876,0.9974962988589574,-0.503700308800711,0.5382514702336331,0.9018207639470124
q4707,4707,71,5,5804,3032,0.5223983459682977,True,0.5223944875107666,-0.42587436596464656,0.029470480646289012,0.9990378646835283,-0.5007029281430976,0.5382514702336331,0.9018207639470124
q4854,4854,71,5,15130,8088,0.5345670852610708,True,0.5345648007402022,-0.3710964783673359,0.018277717157137885,0.9996296922323369,-0.4462419403936355,0.5382514702336331,0.9018207639470124
q4712,4712,71,5,9144,4912,0.537182852143482,True,0.5371787862219792,-0.359310052545471,0.023518495285590954,0.9993870394183932,-0.43435441721119256,0.5382514702336331,0.9018207639470124
q4235,4235,71,5,5303,2854,0.5381859324910429,True,0.5381787330316742,-0.3547990417883713,0.030885708306310038,0.9989433388118075,-0.4296553315414377,0.5382514702336331,0.9018207639470124
q17098,17098,71,5,1818,1000,0.5500550055005501,True,0.5500274876305662,-0.30123852423630165,0.052835291203439515,0.9969140725833855,-0.3753872905431562,0.5382514702336331,0.9018207639470124
q9770,9770,71,5,4607,2540,0.551334925113957,True,0.5513237847222222,-0.29536545527428326,0.033203230546106056,0.998779016314841,-0.3702236357485749,0.5382514702336331,0.9018207639470124
q5384,5384,71,5,28626,15994,0.5587228393767903,True,0.5587207880672093,-0.2617946989517336,0.013339447560358883,0.9998027260346749,-0.3370389669170688,0.5382514702336331,0.9018207639470124
q4676,4676,71,5,3788,2151,0.5678458289334741,True,0.5678279229348113,-0.22031346085825618,0.03673542686642852,0.9985058281328577,-0.2951825175470633,0.5382514702336331,0.9018207639470124
q4869,4869,71,5,6662,3801,0.5705493845691985,True,0.5705387963379859,-0.2079307202099684,0.02771901876136953,0.9991487333557129,-0.2830003762749385,0.5382514702336331,0.9018207639470124
q4659,4659,71,5,5738,3290,0.5733705123736493,True,0.5733577278271476,-0.19503594889184458,0.0298868969372568,0.9990105098426707,-0.2700792135722854,0.5382514702336331,0.9018207639470124
q3991,3991,71,5,5337,3102,0.5812254075323215,True,0.5812101910828026,-0.159010412645423,0.031050064307293058,0.9989320750435078,-0.23407094530448408,0.5382514702336331,0.9018207639470124
q17363,17363,71,5,1876,1096,0.5842217484008528,True,0.5841768779968034,-0.14535680235331513,0.052403880964363644,0.9969641088492578,-0.21999764972080207,0.5382514702336331,0.9018207639470124
q17351,17351,71,5,1555,909,0.5845659163987138,True,0.5845115681233933,-0.143814899662945,0.057561264874124274,0.9963394381575494,-0.21832354669546433,0.5382514702336331,0.9018207639470124
q4150,4150,71,5,8327,4880,0.5860453944998198,True,0.5860350624399616,-0.13679216111980003,0.024891248043823692,0.999313445772569,-0.2119573110536694,0.5382514702336331,0.9018207639470124
q4683,4683,71,5,7407,4345,0.586607263399487,True,0.5865955723542117,-0.1342067248147419,0.026395765964682943,0.9992280078108763,-0.20935574904313203,0.5382514702336331,0.9018207639470124
q4867,4867,71,5,4886,2932,0.6000818665575113,True,0.600061387354205,-0.07180133198518335,0.03263038073669747,0.9988207344781734,-0.14693861785330073,0.5382514702336331,0.9018207639470124
q4230,4230,71,5,9526,5779,0.6066554692420744,True,0.6066442741681537,-0.04107239778926275,0.023421730698311966,0.999392069916689,-0.11631241505826055,0.5382514702336331,0.9018207639470124
q4144,4144,71,5,5151,3152,0.6119200155309649,True,0.6118982919254659,-0.01643196893094631,0.031909210816995534,0.9988722266337879,-0.09163927401127366,0.5382514702336331,0.9018207639470124
q11541,11541,71,6,4176,2586,0.6192528735632183,True,0.6192243236772803,0.018107793814104094,0.03553582000077514,0.9986016858669261,-0.057122988553651784,0.5382514702336331,0.9018207639470124
q4184,4184,71,5,4702,2914,0.6197362824330073,True,0.6197108228790134,0.020409324141502573,0.03349602974132319,0.9987574140099446,-0.05483322618886563,0.5382514702336331,0.9018207639470124
q4219,4219,71,5,3487,2183,0.6260395755663895,True,0.6260034403669725,0.05027087971316564,0.03899327750671796,0.9983168313102525,-0.024997744025291452,0.5382514702336331,0.9018207639470124
q11536,11536,71,6,2968,1870,0.6300539083557951,True,0.63001010441226,0.06937717373235137,0.04233545812919244,0.9980165281973666,-0.0059218272445167265,0.5382514702336331,0.9018207639470124
q4719,4719,71,5,5460,3447,0.6313186813186813,True,0.6312946346822926,0.07551848304721279,0.03123296762534178,0.9989194701977457,0.0002074885092333226,0.5382514702336331,0.9018207639470124
q17169,17169,71,5,1714,1084,0.632438739789965,True,0.6323615160349855,0.08062519449399222,0.05575947048981371,0.9965642436950721,0.005296165328918977,0.5382514702336331,0.9018207639470124
q4710,4710,71,5,3690,2335,0.6327913279132791,True,0.6327553508534273,0.08251169854721913,0.038014867827205756,0.9984001054558546,0.007189407723132885,0.5382514702336331,0.9018207639470124
q4221,4221,71,5,3622,2301,0.635284373274434,True,0.6352470328457079,0.094464581517051,0.0384123200302722,0.9983665311386093,0.01912252426457348,0.5382514702336331,0.9018207639470124
q10103,10103,71,5,4822,3065,0.6356283699709664,True,0.635600248807796,0.09616147065225826,0.033297746148511796,0.9987720637172132,0.02082509722257863,0.5382514702336331,0.9018207639470124
q4870,4870,71,5,7401,4721,0.6378867720578301,True,0.6378681437449338,0.10707155592567297,0.026905768941961113,0.9991979118431348,0.031735310877560347,0.5382514702336331,0.9018207639470124
q4644,4644,71,5,3743,2392,0.6390595778787069,True,0.6390224358974359,0.11263446653513043,0.03785145655795359,0.9984138087826105,0.03726449391769379,0.5382514702336331,0.9018207639470124
q9097,9097,71,5,4755,3048,0.6410094637223974,True,0.6409798149705634,0.12208339323886531,0.033614429385449625,0.9987486250681732,0.04671409305282352,0.5382514702336331,0.9018207639470124
q17185,17185,71,5,1300,840,0.6461538461538462,True,0.6460415065334358,0.1466117207998934,0.06442627101540868,0.9954184603392903,0.07097428256845865,0.5382514702336331,0.9018207639470124
q5386,5386,71,5,4852,3138,0.6467436108821105,True,0.6467133731712343,0.14987792492974647,0.03336874598758206,0.9987668280114274,0.07447520070519287,0.5382514702336331,0.9018207639470124
q4884,4884,71,5,4383,2839,0.647729865389003,True,0.6476961678832117,0.15466016304568078,0.03512537238199749,0.9986337571997809,0.07924098241091672,0.5382514702336331,0.9018207639470124
q17056,17056,71,5,1681,1089,0.6478286734086853,True,0.6477407847800237,0.15487739429944178,0.05670911133411574,0.9964466376296215,0.07928389515311868,0.5382514702336331,0.9018207639470124
q4803,4803,71,5,2968,1924,0.6482479784366577,True,0.6481980464802964,0.15710435545800241,0.042693288792724986,0.9979829247412768,0.08162860154270292,0.5382514702336331,0.9018207639470124
q4701,4701,71,5,3536,2299,0.6501696832579186,True,0.6501272264631043,0.16651280995127427,0.03915330397091396,0.9983030111735806,0.09104727101074904,0.5382514702336331,0.9018207639470124
q4773,4773,71,5,5415,3523,0.6506001846722068,True,0.6505723781388478,0.16868677535789797,0.03164789008378967,0.9988906024052846,0.09327241414431098,0.5382514702336331,0.9018207639470124
q4866,4866,71,5,3726,2425,0.6508319914117016,True,0.6507915213308291,0.1697574102687189,0.038155121305062004,0.998388297318336,0.09429442026753405,0.5382514702336331,0.9018207639470124
q5633,5633,71,5,4022,2618,0.6509199403281949,True,0.6508824260502113,0.17020161051296273,0.03672633913292373,0.9985065662040357,0.09474912722701202,0.5382514702336331,0.9018207639470124
q6432,6432,71,5,20501,13477,0.6573825667040633,True,0.6573748902546093,0.20205165815458012,0.01632414764398767,0.9997045986419365,0.12670344862617855,0.5382514702336331,0.9018207639470124
q10815,10815,71,6,4428,2940,0.6639566395663956,True,0.6639196206818695,0.2344179009261687,0.03524870101257349,0.9986241595548372,0.15888822480251397,0.5382514702336331,0.9018207639470124
q17336,17336,71,5,1932,1292,0.6687370600414079,True,0.6686497672012416,0.2579816261286226,0.05350127342029153,0.9968360345199914,0.18209289174799043,0.5382514702336331,0.9018207639470124
q4857,4857,71,5,4165,2789,0.6696278511404562,True,0.6695871339414307,0.26266891502002193,0.03646366286472096,0.9985278213191421,0.18708232025543511,0.5382514702336331,0.9018207639470124
q4658,4658,71,5,5043,3377,0.669641086654769,True,0.6696074544012688,0.26277059312040807,0.033138863169223945,0.9987837399421744,0.18723182312727135,0.5382514702336331,0.9018207639470124
q4808,4808,71,5,3427,2295,0.6696819375547126,True,0.66963243873979,0.26289561185801796,0.04019862116357532,0.9982113532073565,0.18724931873450784,0.5382514702336331,0.9018207639470124
q5385,5385,71,5,10864,7277,0.6698269513991163,True,0.6698113207547169,0.2637908407519695,0.022582014933220377,0.9994348553229626,0.1883735521453643,0.5382514702336331,0.9018207639470124
q4674,4674,71,5,2803,1882,0.6714234748483767,True,0.6713623395149786,0.27156220524827246,0.044492828658423536,0.997809680262207,0.19582158175834505,0.5382514702336331,0.9018207639470124
q4695,4695,71,5,6905,4674,0.6769007965242578,True,0.6768751810020273,0.2993202564370347,0.028446720620795108,0.9991034909850854,0.22380865981515788,0.5382514702336331,0.9018207639470124
q5038,5038,71,5,3335,2263,0.6785607196401799,True,0.6785071942446043,0.3075794980386879,0.040971196333416386,0.9981420696863241,0.2318371888301804,0.5382514702336331,0.9018207639470124
q4669,4669,71,5,3313,2249,0.6788409296709931,True,0.6787869643934822,0.3089973093700603,0.04111425832080202,0.9981290964207709,0.233249334289371,0.5382514702336331,0.9018207639470124
q4648,4648,71,5,3928,2672,0.6802443991853361,True,0.6801985237974039,0.31615960251051667,0.037793659495849403,0.9984186414809432,0.2404679640596287,0.5382514702336331,0.9018207639470124
q17330,17330,71,5,1514,1031,0.6809775429326288,True,0.6808580858085809,0.31951132784409336,0.06088886873522063,0.9959057550488207,0.2432007408455186,0.5382514702336331,0.9018207639470124
q10650,10650,71,6,5032,3442,0.6840222575516693,True,0.6839856944168488,0.33544984072199885,0.0334747390321297,0.9987589911704753,0.2598162357405026,0.5382514702336331,0.9018207639470124
q4705,4705,71,5,4399,3011,0.6844737440327348,True,0.6844318181818182,0.3377294254810678,0.03581232292886726,0.9985798717678853,0.26204598724197725,0.5382514702336331,0.9018207639470124
q8390,8390,71,5,4623,3166,0.6848366861345446,True,0.6847967128027682,0.33959509565371576,0.034942588105224916,0.9986479202477178,0.26392699207033876,0.5382514702336331,0.9018207639470124
q4873,4873,71,5,4079,2795,0.6852169649423878,True,0.685171568627451,0.3415127747562519,0.03720850532396921,0.9984671558445284,0.26579395847128917,0.5382514702336331,0.9018207639470124
q17167,17167,71,5,647,445,0.6877897990726429,True,0.6875,0.35344921057038325,0.09351140469639634,0.990396752127563,0.2754674080857259,0.5382514702336331,0.9018207639470124
q4722,4722,71,5,2892,1990,0.6881051175656985,True,0.688040096785344,0.3562240921490249,0.044272827575621836,0.9978312405406745,0.28030408862662864,0.5382514702336331,0.9018207639470124
q4698,4698,71,5,3685,2540,0.689280868385346,True,0.6892295170916983,0.3623432819649018,0.03925429002538158,0.9982942609276962,0.2865429092964414,0.5382514702336331,0.9018207639470124
q4888,4888,71,5,4148,2866,0.6909353905496625,True,0.6908893709327549,0.3709018535509999,0.03704174562609673,0.9984808439176238,0.29514203446072856,0.5382514702336331,0.9018207639470124
q4879,4879,71,5,6367,4400,0.691063295115439,True,0.6910332914572864,0.3716449999263635,0.029902337613457616,0.9990094881771223,0.29604070727024767,0.5382514702336331,0.9018207639470124
q4668,4668,71,5,7923,5486,0.6924144894610628,True,0.6923902069661787,0.37865995034007127,0.02683162232763826,0.9992023230012677,0.3031072055784604,0.5382514702336331,0.9018207639470124
q4653,4653,71,5,5997,4156,0.6930131732532934,True,0.6929809936645549,0.38171895955603213,0.03085296082008247,0.9989455759750967,0.306085105301693,0.5382514702336331,0.9018207639470124
q4875,4875,71,5,3382,2347,0.6939680662329982,True,0.6939107301211942,0.38653891704754323,0.041108858010112985,0.9981295869513588,0.31064602176243683,0.5382514702336331,0.9018207639470124
q4882,4882,71,5,2950,2054,0.696271186440678,True,0.6962046763808878,0.3984625268340741,0.044087640191176926,0.9978493069244103,0.32245675649054967,0.5382514702336331,0.9018207639470124
q4889,4889,71,5,3417,2409,0.7050043898156277,True,0.7049444119368051,0.4443131767778582,0.041233906494772515,0.9981182119212317,0.36830802234998367,0.5382514702336331,0.9018207639470124
q6229,6229,71,5,2829,1998,0.7062566277836692,True,0.7061837455830389,0.45087121489317966,0.0453591605033573,0.9977237492817189,0.3747055750630091,0.5382514702336331,0.9018207639470124
q4649,4649,71,5,7898,5590,0.7077741200303874,True,0.7077478161792632,0.459168241352247,0.027183466472628294,0.9991812831377896,0.3835432006698982,0.5382514702336331,0.9018207639470124
q4657,4657,71,5,4477,3170,0.7080634353361626,True,0.7080169718624386,0.4605983899654444,0.03611113498689251,0.998556108633289,0.3847313063994696,0.5382514702336331,0.9018207639470124
q4362,4362,71,5,3385,2399,0.7087149187592319,True,0.708653278204371,0.4639821333839924,0.0415488125666944,0.9980894146112856,0.3879287734583389,0.5382514702336331,0.9018207639470124
q4562,4562,71,5,4434,3143,0.7088407758231845,True,0.708793686583991,0.4647293184688667,0.036308116915685223,0.9985403362154018,0.38885012821881143,0.5382514702336331,0.9018207639470124
q4724,4724,71,5,5720,4057,0.7092657342657342,True,0.7092291557420032,0.46704788001925246,0.03197901848793197,0.9988672923798099,0.3912933863117859,0.5382514702336331,0.9018207639470124
q6736,6736,71,5,6189,4393,0.7098077233801907,True,0.7097738287560582,0.469950450997412,0.03075705772341197,0.9989521140552092,0.3942261435245933,0.5382514702336331,0.9018207639470124
q4681,4681,71,5,2907,2066,0.7106983144134847,True,0.7106258596973866,0.47449671301104496,0.04490452497792447,0.9977690491081587,0.398295378677745,0.5382514702336331,0.9018207639470124
q4863,4863,71,5,3589,2552,0.7110615770409585,True,0.7110027855153204,0.47651017182819844,0.0404270597436614,0.9981910034716436,0.4004736334053423,0.5382514702336331,0.9018207639470124
q4626,4626,71,5,4651,3330,0.7159750591270695,True,0.7159286328460877,0.5029528158726493,0.03565822556859174,0.9985920496844913,0.42703994702142856,0.5382514702336331,0.9018207639470124
q6844,6844,71,6,20414,14629,0.7166160478103263,True,0.7166054371785452,0.5066051774058978,0.017031455862014145,0.9996784536026982,0.4311557261451041,0.5382514702336331,0.9018207639470124
q4229,4229,71,5,3366,2416,0.7177658942364825,True,0.7177012177012178,0.5125285579095453,0.04197659875643257,0.9980499464514843,0.43636518971300164,0.5382514702336331,0.9018207639470124
q4850,4850,71,5,3556,2564,0.7210348706411699,True,0.7209727298285071,0.5302879705540395,0.04095506133352862,0.9981435300371813,0.45413254894967797,0.5382514702336331,0.9018207639470124
q4662,4662,71,5,2269,1639,0.7223446452181578,True,0.7222466960352423,0.537234547281092,0.051323936120922016,0.9970875868008958,0.46057846427749627,0.5382514702336331,0.9018207639470124
q5387,5387,71,5,5063,3660,0.7228915662650602,True,0.722847551342812,0.5405169347808985,0.0343807694205077,0.998690992647746,0.4645972063930671,0.5382514702336331,0.9018207639470124
q4232,4232,71,5,3180,2300,0.7232704402515723,True,0.7232002514932411,0.5424455172683217,0.04339261547262351,0.9979164419566675,0.4661614448105873,0.5382514702336331,0.9018207639470124
q17262,17262,71,5,1413,1027,0.726822363765039,True,0.7266619519094767,0.561447140084612,0.06528583152950869,0.9952959720236663,0.483849570901934,0.5382514702336331,0.9018207639470124
q4745,4745,71,5,2780,2024,0.7280575539568346,True,0.7279755483638979,0.5686927580779187,0.04660826602279563,0.9975969612211776,0.4921963719300829,0.5382514702336331,0.9018207639470124
q10733,10733,71,6,4527,3301,0.7291804727192401,True,0.7291298586572438,0.5750760277357765,0.03656547027098577,0.9985196013146918,0.49902540580745924,0.5382514702336331,0.9018207639470124
q11903,11903,71,6,2161,1579,0.7306802406293382,True,0.7305735430157262,0.5830811717086269,0.05298812463172755,0.9968962493050565,0.5061944088738085,0.5382514702336331,0.9018207639470124
q4233,4233,71,5,3757,2747,0.731168485493745,True,0.7311069717935071,0.586045148887967,0.04021097721263624,0.9982102554361918,0.50982029471203,0.5382514702336331,0.9018207639470124
q4740,4740,71,5,4057,2968,0.7315750554596993,True,0.7315179891572203,0.5883312302701454,0.03871100855147067,0.9983410714540223,0.5121693958861476,0.5382514702336331,0.9018207639470124
q5085,5085,71,5,2417,1772,0.7331402565163426,True,0.7330438378825476,0.5968354901451077,0.05022137564582825,0.9972110286586382,0.5200702025491369,0.5382514702336331,0.9018207639470124
q4227,4227,71,5,2765,2031,0.7345388788426763,True,0.7344540853217643,0.6047201898962145,0.04701925619364596,0.9975544986307906,0.5281147483372779,0.5382514702336331,0.9018207639470124
q4801,4801,71,5,2741,2017,0.7358628237869391,True,0.7357768052516411,0.6121374031516557,0.04728489663879253,0.99752685685019,0.5354989839435358,0.5382514702336331,0.9018207639470124
q17238,17238,71,5,1324,975,0.736404833836858,True,0.7362264150943396,0.6146634812942492,0.06805152885010052,0.9948910568559938,0.5365971888602342,0.5382514702336331,0.9018207639470124
q4639,4639,71,5,3506,2593,0.7395892755276668,True,0.7395209580838323,0.6332500377455743,0.041964978448405785,0.9980510238578943,0.5568518573262377,0.5382514702336331,0.9018207639470124
q4634,4634,71,5,2819,2088,0.7406881873004612,True,0.7406028368794326,0.6393834137249577,0.04684902588779267,0.9975721312349556,0.5627031492743321,0.5382514702336331,0.9018207639470124
q4706,4706,71,5,3658,2710,0.7408419901585566,True,0.7407761683520088,0.6403674525750905,0.041135767208598684,0.998127142052756,0.5639984115787223,0.5382514702336331,0.9018207639470124
q4222,4222,71,5,2756,2042,0.7409288824383164,True,0.740841494377947,0.6407384220240994,0.047392647857510704,0.9975156006128943,0.5640229038142539,0.5382514702336331,0.9018207639470124
q17200,17200,71,5,1879,1394,0.7418839808408728,True,0.7417553191489362,0.6459335540815271,0.05744487134889649,0.9963541731755248,0.5685423921310755,0.5382514702336331,0.9018207639470124
q4637,4637,71,5,2231,1659,0.7436127297176154,True,0.7435035842293907,0.6559027261660275,0.05281502702721138,0.9969164319531725,0.5788016612641034,0.5382514702336331,0.9018207639470124
q8186,8186,71,5,4604,3432,0.7454387489139879,True,0.745385450597177,0.6666787105350803,0.036841273711757515,0.998497218285332,0.590479243509603,0.5382514702336331,0.9018207639470124
q5383,5383,71,5,1938,1447,0.7466460268317854,True,0.7465188241361527,0.6731914919036395,0.05684274893791255,0.9964299304357143,0.5957462460377003,0.5382514702336331,0.9018207639470124
q4738,4738,71,5,3556,2658,0.7474690663667042,True,0.7473994939555806,0.6782641399192305,0.04200730658111597,0.9980470978729341,0.6017758609028375,0.5382514702336331,0.9018207639470124
q4349,4349,71,5,2278,1705,0.7484635645302897,True,0.748354541465555,0.6837771693003636,0.0525332652412805,0.9969491450094303,0.6066100564518154,0.5382514702336331,0.9018207639470124
q4726,4726,71,5,2271,1701,0.7490092470277411,True,0.748899647887324,0.686929429463048,0.05264471859474698,0.9969362257346944,0.609744797856357,0.5382514702336331,0.9018207639470124
q6238,6238,71,5,2652,1988,0.7496229260935143,True,0.7495288352808142,0.6905730306716483,0.0487509368290765,0.9973715321511039,0.6136450635031436,0.5382514702336331,0.9018207639470124
q4679,4679,71,5,2800,2099,0.7496428571428572,True,0.7495537308104249,0.6907173129225255,0.047446768920446566,0.9975099372826268,0.613874141936263,0.5382514702336331,0.9018207639470124
q4881,4881,71,5,3273,2454,0.7497708524289642,True,0.7496945632254124,0.6915336709486285,0.043892423045787575,0.9978682704975358,0.6149092803128435,0.5382514702336331,0.9018207639470124
q4677,4677,71,5,3509,2632,0.750071245369051,True,0.75,0.6933051358506442,0.04240509637405389,0.998010010540103,0.6167645634785731,0.5382514702336331,0.9018207639470124
q4868,4868,71,5,2774,2087,0.7523431867339582,True,0.7522522522522522,0.7064082238314371,0.0478082179451999,0.9974719505035461,0.6295020081333653,0.5382514702336331,0.9018207639470124
q4968,4968,71,5,2196,1653,0.7527322404371585,True,0.7526172052799271,0.7085382191952143,0.05375178068446958,0.9968064309340339,0.6312051935041091,0.5382514702336331,0.9018207639470124
q4005,4005,71,5,2904,2191,0.7544765840220385,True,0.7543889845094665,0.7189062075627857,0.04683661370382481,0.997573414422614,0.6420336980586145,0.5382514702336331,0.9018207639470124
q4105,4105,71,5,3292,2485,0.7548602673147023,True,0.7547828727604009,0.7212173292854925,0.04401019913368632,0.9978568396040907,0.6445222778304363,0.5382514702336331,0.9018207639470124
q4234,4234,71,5,2845,2148,0.7550087873462215,True,0.7549191848208011,0.7220176625547015,0.047347587648371346,0.9975203109162358,0.6451032604351339,0.5382514702336331,0.9018207639470124
q4694,4694,71,5,1843,1393,0.7558328811720022,True,0.7556941431670282,0.7265728837645534,0.058872427772584876,0.9961714198942506,0.6487687044945937,0.5382514702336331,0.9018207639470124
q4864,4864,71,5,2463,1862,0.7559886317498985,True,0.7558847402597403,0.7276945730881136,0.050940726186472794,0.9971307911587259,0.6505119776147227,0.5382514702336331,0.9018207639470124
q4348,4348,71,5,3547,2688,0.7578235128277417,True,0.757750845546787,0.7387053803592842,0.042541424065977614,0.997997220447913,0.6620659771009405,0.5382514702336331,0.9018207639470124
q4708,4708,71,5,2312,1756,0.759515570934256,True,0.7594033722438391,0.74849971997236,0.05278858195826433,0.996919509623399,0.6711151977926902,0.5382514702336331,0.9018207639470124
q4661,4661,71,5,5399,4100,0.7593998888683089,True,0.7593518518518518,0.7481937370849386,0.03454658232797167,0.9986783526654391,0.6719936530072014,0.5382514702336331,0.9018207639470124
q4860,4860,71,5,4756,3612,0.7594617325483599,True,0.7594071894050872,0.7485223919510248,0.03680977405163142,0.9984997831201526,0.6722016584142638,0.5382514702336331,0.9018207639470124
q4635,4635,71,5,2726,2082,0.7637564196625092,True,0.7636596993032636,0.7739204438767344,0.048860175669415126,0.9973597705911206,0.6967651839727484,0.5382514702336331,0.9018207639470124
q4704,4704,71,5,3551,2721,0.7662630245001408,True,0.7661880630630631,0.7891569259436017,0.04294209148606802,0.9979593946257701,0.7123894775436621,0.5382514702336331,0.9018207639470124
q4874,4874,71,5,1844,1416,0.7678958785249458,True,0.7677506775067751,0.7986256361026776,0.05969682532371767,0.9960638700435844,0.7204678046927281,0.5382514702336331,0.9018207639470124
q6923,6923,71,6,14528,11209,0.771544603524229,True,0.7715259136898617,0.8216701513565945,0.02137356881357133,0.9994936930195598,0.7459814942939987,0.5382514702336331,0.9018207639470124
q4361,4361,71,5,1651,1275,0.7722592368261659,True,0.7720944309927361,0.8251614882650327,0.06343121155745017,0.9955582668266841,0.7465200813571676,0.5382514702336331,0.9018207639470124
q4641,4641,71,5,1318,1021,0.7746585735963581,True,0.7744503411675512,0.839689434981175,0.0712028997863178,0.994409631279024,0.7601055063040829,0.5382514702336331,0.9018207639470124
q17565,17565,71,5,625,485,0.776,True,0.7755591054313099,0.8465606452479795,0.10350434409393368,0.9882599987886196,0.7621954006814936,0.5382514702336331,0.9018207639470124
q4643,4643,71,5,2622,2031,0.7745995423340961,True,0.7744948532215021,0.8399648626296536,0.05049471782742833,0.9971806725412675,0.7624982822521993,0.5382514702336331,0.9018207639470124
q4699,4699,71,5,3359,2603,0.7749330157785055,True,0.7748511904761904,0.8421710418820407,0.044635050125623764,0.9977956860701591,0.765169871004758,0.5382514702336331,0.9018207639470124
q5643,5643,71,5,2728,2116,0.7756598240469208,True,0.7755588127519237,0.8465588285645711,0.04957284118684821,0.9972823999291731,0.7691521146883096,0.5382514702336331,0.9018207639470124
q4666,4666,71,5,2633,2051,0.77895936194455,True,0.7788534548215642,0.8671072880004088,0.05067903372341541,0.9971601113077669,0.7895479039247206,0.5382514702336331,0.9018207639470124
q4890,4890,71,5,1707,1331,0.7797305213825425,True,0.7795667447306791,0.8715822897547655,0.06299526451343716,0.9956188443244963,0.7927829301692315,0.5382514702336331,0.9018207639470124
q17213,17213,71,5,1318,1028,0.779969650986343,True,0.7797573919636088,0.8727799682240195,0.07170359197798906,0.9943311801991325,0.7929484889451529,0.5382514702336331,0.9018207639470124
q4663,4663,71,5,1730,1349,0.7797687861271676,True,0.7796071634893126,0.8718361505804997,0.06257875557775333,0.9956763373527873,0.7930814734474029,0.5382514702336331,0.9018207639470124
q4715,4715,71,5,3654,2852,0.7805145046524357,True,0.780437756497948,0.8770596853995654,0.04311404427406774,0.997943053218184,0.8000997604504637,0.5382514702336331,0.9018207639470124
q6451,6451,71,5,2490,1948,0.7823293172690763,True,0.7822159775190687,0.8882866051897212,0.052351447784369946,0.9969701625894181,0.8105126504927136,0.5382514702336331,0.9018207639470124
q4651,4651,71,5,2556,2004,0.784037558685446,True,0.7839264763394603,0.899143170142184,0.051793692250678834,0.9970341883692709,0.8213890683304139,0.5382514702336331,0.9018207639470124
q6246,6246,71,5,1324,1039,0.7847432024169184,True,0.7845283018867925,0.9029764975971409,0.07201098549097956,0.9942827500001796,0.8229337556187973,0.5382514702336331,0.9018207639470124
q6475,6475,71,5,1830,1437,0.7852459016393443,True,0.7850901146914254,0.9065613833196013,0.06130618320631076,0.9958496749380622,0.8278006529688489,0.5382514702336331,0.9018207639470124
q17322,17322,71,5,1181,928,0.785774767146486,True,0.7855329949238579,0.9093917626539015,0.07635019824800007,0.9935775331648965,0.8287241350434732,0.5382514702336331,0.9018207639470124
q4692,4692,71,5,1252,984,0.7859424920127795,True,0.7857142857142857,0.9105514860551169,0.07417445246296535,0.9939361707541974,0.8301759588764632,0.5382514702336331,0.9018207639470124
q4861,4861,71,5,2387,1878,0.7867616254713029,True,0.786641541038526,0.9164934162099448,0.05380006292494776,0.9968007095089823,0.8384914584710821,0.5382514702336331,0.9018207639470124
q3904,3904,71,5,1405,1107,0.7879003558718861,True,0.7876955903271693,0.9232688265087537,0.0702199129614882,0.9945620871519297,0.8433469344012252,0.5382514702336331,0.9018207639470124
q9785,9785,71,5,4374,3453,0.789437585733882,True,0.7893714285714286,0.934087619400282,0.03990370228284086,0.9982374558108507,0.8572632171568206,0.5382514702336331,0.9018207639470124
q4664,4664,71,5,2010,1591,0.791542288557214,True,0.7913973147687717,0.9472437952456914,0.059031393950021965,0.9961507959584954,0.8685767770234238,0.5382514702336331,0.9018207639470124
q11957,11957,71,6,2216,1754,0.7915162454873647,True,0.7913847541723049,0.9471619613419606,0.05622095079477661,0.9965073373308625,0.8688061091353121,0.5382514702336331,0.9018207639470124
q4673,4673,71,5,3228,2559,0.7927509293680297,True,0.792660266336327,0.9554891618029402,0.04667320718138663,0.9975902762040677,0.8780574048898357,0.5382514702336331,0.9018207639470124
q4646,4646,71,5,2577,2046,0.7939464493597206,True,0.793832428238945,0.9631723121087462,0.05232649094367727,0.9969730419106153,0.8851740223339556,0.5382514702336331,0.9018207639470124
q6457,6457,71,5,1459,1160,0.7950651130911583,True,0.7948630136986301,0.9699520453975701,0.06964050092386631,0.9946509795672752,0.8898558208380859,0.5382514702336331,0.9018207639470124
q4858,4858,71,5,2692,2142,0.7956909361069836,True,0.7955811362792424,0.9746899683604977,0.05133267545460101,0.9970865977669342,0.8967589448979592,0.5382514702336331,0.9018207639470124
q4225,4225,71,5,2724,2171,0.7969897209985316,True,0.7968807339449542,0.9832932562893159,0.051132030805775025,0.9971092628481728,0.9053577474853265,0.5382514702336331,0.9018207639470124
q4690,4690,71,5,2646,2111,0.7978080120937264,True,0.797695504344541,0.9887062492917618,0.05194523022512158,0.9970168600862275,0.9106706926827718,0.5382514702336331,0.9018207639470124
q6167,6167,71,5,1910,1528,0.8,True,0.7998430141287284,1.0030455668051248,0.06134078461326897,0.995845008173619,0.9238800662098097,0.5382514702336331,0.9018207639470124
q4862,4862,71,5,1182,948,0.8020304568527918,True,0.8017751479289941,1.0160377988605755,0.07820231332370427,0.9932642836658654,0.9343905583490297,0.5382514702336331,0.9018207639470124
q4645,4645,71,5,1688,1357,0.8039099526066351,True,0.8037300177619894,1.0292726126895406,0.06565475500637315,0.9952429114814144,0.9494237616630319,0.5382514702336331,0.9018207639470124
q4851,4851,71,5,1731,1392,0.804159445407279,True,0.8039838337182448,1.030997710513025,0.0648614113270227,0.995356651490938,0.9512493528851711,0.5382514702336331,0.9018207639470124
q4652,4652,71,5,1237,998,0.8067906224737268,True,0.8065428109854604,1.0484779852229968,0.07704218100124173,0.9934613531137055,0.9668040183440281,0.5382514702336331,0.9018207639470124
q4678,4678,71,5,2725,2197,0.8062385321100918,True,0.8061261922230374,1.0456210931699375,0.05188307332039844,0.9970239737446989,0.9674226540747379,0.5382514702336331,0.9018207639470124
q6460,6460,71,5,3442,2780,0.8076699593259733,True,0.8075805983154226,1.055613262625613,0.04627780490466461,0.9976308359410174,0.9779799950954379,0.5382514702336331,0.9018207639470124
q4647,4647,71,5,2085,1685,0.8081534772182254,True,0.8080057526366251,1.0585442125333502,0.05949687598019883,0.9960900904165576,0.9793890885760634,0.5382514702336331,0.9018207639470124
q4358,4358,71,5,2989,2416,0.8082970893275343,True,0.8081939799331104,1.0598432825771613,0.049711095057250305,0.9972672620243012,0.9818420430940517,0.5382514702336331,0.9018207639470124
q4871,4871,71,5,2348,1899,0.8087734241908007,True,0.808641975308642,1.0629387859546293,0.056127510730503795,0.9965188970176547,0.9841899810252354,0.5382514702336331,0.9018207639470124
q4697,4697,71,5,2217,1799,0.8114569237708615,True,0.8113165013525698,1.0815262194372217,0.05802590134857329,0.9962803239924622,1.0024726538739532,0.5382514702336331,0.9018207639470124
q17191,17191,71,5,1229,998,0.8120423108218063,True,0.8117886178861788,1.0848266904274018,0.0779839244260632,0.993301600006043,1.00275377889482,0.5382514702336331,0.9018207639470124
q4880,4880,71,5,1927,1565,0.8121432278152568,True,0.8119813278008299,1.086175576746768,0.062308804175362005,0.9957134000545645,1.006531633623797,0.5382514702336331,0.9018207639470124
q8200,8200,71,5,4702,3818,0.811994895789026,True,0.8119285562406974,1.0858061009163624,0.03989106519624444,0.9982385700267521,1.0087154140548844,0.5382514702336331,0.9018207639470124
q10327,10327,71,5,4385,3561,0.8120866590649943,True,0.812015503875969,1.0864148971173768,0.0413137300639885,0.9981109328436477,1.0091940834214248,0.5382514702336331,0.9018207639470124
q4716,4716,71,5,1240,1009,0.8137096774193548,True,0.8134568896051572,1.0965366189483334,0.07786407425193313,0.9933220357698004,1.014406139160808,0.5382514702336331,0.9018207639470124
q4365,4365,71,5,2819,2294,0.8137637460092231,True,0.8136524822695036,1.0979144031871824,0.051671129165189976,0.9970481667980337,1.0195850777326307,0.5382514702336331,0.9018207639470124
q4685,4685,71,5,1845,1505,0.8157181571815718,True,0.8155471289274107,1.1113143737353373,0.06407922277338783,0.9954674634978055,1.0313078794874984,0.5382514702336331,0.9018207639470124
q4686,4686,71,5,2146,1752,0.8164026095060578,True,0.8162552398695855,1.1163478265190874,0.05949340417343127,0.996090544927391,1.0369671688201405,0.5382514702336331,0.9018207639470124
q4709,4709,71,5,1851,1513,0.8173960021609941,True,0.8172246220302376,1.1232611099701444,0.06416895163539839,0.9954548187042245,1.0431872155885082,0.5382514702336331,0.9018207639470124
q4887,4887,71,5,1944,1591,0.8184156378600823,True,0.8182519280205656,1.13061634821947,0.06273333360530528,0.9956550438266277,1.0507203216350693,0.5382514702336331,0.9018207639470124
q5939,5939,71,5,2199,1802,0.8194633924511141,True,0.8193181818181818,1.138282232930754,0.05910139625963584,0.9961416966412688,1.0588701964675233,0.5382514702336331,0.9018207639470124
q6492,6492,71,5,2342,1920,0.8198121263877028,True,0.8196756295347845,1.14085943874868,0.05730729229613968,0.9963715523054865,1.0616823810405749,0.5382514702336331,0.9018207639470124
q4654,4654,71,5,1869,1536,0.8218298555377207,True,0.8216577540106952,1.1552181876169998,0.0643846110905386,0.9954243564381927,1.0749661460967335,0.5382514702336331,0.9018207639470124
q10007,10007,71,5,4284,3523,0.8223622782446312,True,0.8222870478413069,1.1598011042380034,0.042583682884657935,0.9979932475104675,1.0823140304621466,0.5382514702336331,0.9018207639470124
q4625,4625,71,5,1527,1258,0.8238375900458416,True,0.8236256544502618,1.1695891541269479,0.07149293997955641,0.9943642517387802,1.0881113065289185,0.5382514702336331,0.9018207639470124
q4665,4665,71,5,1755,1447,0.8245014245014245,True,0.8243166287015945,1.174662876873186,0.06677878138704481,0.9950794403395657,1.093942679146027,0.5382514702336331,0.9018207639470124
q3984,3984,71,5,2233,1842,0.8248992386923422,True,0.8247538048343778,1.1778805406908572,0.05925503754135321,0.996121688208277,1.098293661250422,0.5382514702336331,0.9018207639470124
q4667,4667,71,5,1643,1357,0.8259281801582471,True,0.8257299270072993,1.185086186818801,0.06920513553688076,0.9947172983106466,1.1039128042521393,0.5382514702336331,0.9018207639470124
q6882,6882,71,6,14994,12409,0.8275977057489663,True,0.8275758586195399,1.1987941216060067,0.02299799242110637,0.9994138551029093,1.1228248274746064,0.5382514702336331,0.9018207639470124
q4675,4675,71,5,2203,1827,0.8293236495687698,True,0.8291742286751361,1.2107512909526754,0.06017836502519051,0.9960003679761685,1.1308991765863616,0.5382514702336331,0.9018207639470124
q4671,4671,71,5,1285,1068,0.8311284046692607,True,0.8308709175738724,1.223534869165324,0.07905233123265197,0.9931180736812034,1.1403221054201285,0.5382514702336331,0.9018207639470124
q5382,5382,71,5,1575,1309,0.8311111111111111,True,0.8309010152284264,1.2237624944952588,0.07141405101086964,0.9943766125202065,1.1419935353491883,0.5382514702336331,0.9018207639470124
q4216,4216,71,5,2232,1855,0.8310931899641577,True,0.8309449171518137,1.2240945739793556,0.06000068955783358,0.9960238570157083,1.1442160752191373,0.5382514702336331,0.9018207639470124
q17592,17592,71,5,629,524,0.8330683624801272,True,0.8325396825396826,1.2362012765693726,0.11333153681768862,0.9859576565963549,1.144588883325522,0.5382514702336331,0.9018207639470124
q17131,17131,71,5,1217,1014,0.8331963845521775,True,0.8329228243021346,1.2391226886182005,0.08157209258507031,0.9926756289698824,1.1552877282197378,0.5382514702336331,0.9018207639470124
q4231,4231,71,5,1765,1470,0.8328611898016998,True,0.8326727066817667,1.2372150051626989,0.06770879355434775,0.9949421290846058,1.156027473427744,0.5382514702336331,0.9018207639470124
q11629,11629,71,6,2544,2119,0.8329402515723271,True,0.8328094302554028,1.2382575520464918,0.05641821839691884,0.9964828706356399,1.1588565476725652,0.5382514702336331,0.9018207639470124
q4655,4655,71,5,1631,1363,0.835683629675046,True,0.8354779411764706,1.2587342363927925,0.07084841516808517,0.9944648488351966,1.1768730385169275,0.5382514702336331,0.9018207639470124
q17097,17097,71,5,1276,1067,0.8362068965517241,True,0.8359436178543461,1.2623330292980437,0.08017225880797067,0.9929230908630005,1.1786218105281412,0.5382514702336331,0.9018207639470124
q4885,4885,71,5,2416,2023,0.8373344370860927,True,0.8371948696731485,1.2720409835890643,0.05843104087574926,0.996228397350329,1.1922166226469724,0.5382514702336331,0.9018207639470124
q17314,17314,71,5,1240,1042,0.8403225806451613,True,0.8400483481063659,1.2943921897452393,0.08205317196054585,0.992589623918348,1.2100475678535514,0.5382514702336331,0.9018207639470124
q17111,17111,71,5,1192,1003,0.8414429530201343,True,0.8411567476948868,1.3031556417249262,0.08389346753766437,0.9922560982050365,1.2183365615216497,0.5382514702336331,0.9018207639470124
q4855,4855,71,5,1655,1396,0.8435045317220544,True,0.8432971014492754,1.320210520049225,0.07154989419611611,0.9943553195300697,1.2378726886457065,0.5382514702336331,0.9018207639470124
q4725,4725,71,5,2039,1724,0.8455125061304561,True,0.845343137254902,1.336680809337772,0.06476804236743218,0.995369948354955,1.2555298308146317,0.5382514702336331,0.9018207639470124
q4226,4226,71,5,1512,1279,0.8458994708994709,True,0.8456708526107072,1.3393343424489883,0.07526379801403024,0.9937578728304813,1.2561333764671565,0.5382514702336331,0.9018207639470124
q4853,4853,71,5,1566,1331,0.8499361430395913,True,0.8497128270580727,1.3724241681628317,0.07466554610464157,0.993856105194613,1.2891440697965155,0.5382514702336331,0.9018207639470124
q4640,4640,71,5,1425,1214,0.8519298245614035,True,0.8516830294530154,1.3888030745423532,0.0786455430392812,0.9931882363985917,1.3045451053742614,0.5382514702336331,0.9018207639470124
q5087,5087,71,5,1248,1064,0.8525641025641025,True,0.8522818254603683,1.3938144921280626,0.0841573677301347,0.9922076824717478,1.3082295223658742,0.5382514702336331,0.9018207639470124
q4660,4660,71,5,1858,1586,0.8536060279870828,True,0.8534158149542765,1.4033484902618376,0.06917585844693556,0.9947217434502401,1.321027996369107,0.5382514702336331,0.9018207639470124
q6422,6422,71,5,1072,917,0.855410447761194,True,0.8550792171481827,1.4174381087909083,0.09143425751104133,0.9908147680929529,1.329799587838278,0.5382514702336331,0.9018207639470124
q4703,4703,71,5,2434,2080,0.8545603944124898,True,0.8544147843942506,1.411795051932431,0.06059420642800587,0.995945125807522,1.3310650062114204,0.5382514702336331,0.9018207639470124
q17251,17251,71,5,1370,1172,0.8554744525547445,True,0.8552151714077316,1.4185952664009642,0.08091697632674756,0.9927919579465075,1.3336020451638602,0.5382514702336331,0.9018207639470124
q4691,4691,71,5,1641,1405,0.8561852528945765,True,0.8559683313032886,1.4250211427713382,0.07408049538942318,0.9939514303175238,1.3415465554331147,0.5382514702336331,0.9018207639470124
q4670,4670,71,5,1195,1024,0.8569037656903765,True,0.8566053511705686,1.4304767084108971,0.08694273326145845,0.991687698755149,1.3439013907969313,0.5382514702336331,0.9018207639470124
q4217,4217,71,5,2835,2429,0.8567901234567902,True,0.8566643159379408,1.4309826550063125,0.05646918985866042,0.996476535013406,1.3508952224885806,0.5382514702336331,0.9018207639470124
q3986,3986,71,5,1566,1344,0.8582375478927203,True,0.8580089342693044,1.4425647507716015,0.0762325666686311,0.9935971812979943,1.358499701315805,0.5382514702336331,0.9018207639470124
q4859,4859,71,5,2081,1786,0.8582412301777992,True,0.8580691642651297,1.4430855663337891,0.06614587829928836,0.9951718204259984,1.3611709339028217,0.5382514702336331,0.9018207639470124
q4900,4900,71,5,1246,1072,0.8603531300160514,True,0.8600641539695268,1.4604357138449098,0.08591882163147238,0.9918807510857387,1.3738787695513286,0.5382514702336331,0.9018207639470124
q4642,4642,71,5,1588,1366,0.8602015113350125,True,0.8599748269351793,1.459654688646291,0.0760950899871548,0.9936201067703666,1.375511952154913,0.5382514702336331,0.9018207639470124
q17284,17284,71,5,1191,1025,0.8606213266162889,True,0.8603187919463087,1.4626642891446808,0.08793816244157217,0.9914978974345907,1.3755580971333166,0.5382514702336331,0.9018207639470124
q4700,4700,71,5,1135,978,0.8616740088105727,True,0.8613556338028169,1.4717719816641244,0.0903297646156503,0.9910333586339268,1.383939644700431,0.5382514702336331,0.9018207639470124
q4656,4656,71,5,1747,1508,0.8631940469376074,True,0.8629862700228833,1.486205425363012,0.07314227115479958,0.9941027717493521,1.4025742874453473,0.5382514702336331,0.9018207639470124
q11868,11868,71,6,2052,1772,0.8635477582846004,True,0.863370677057964,1.489627830582263,0.06756185524360199,0.9949639475173057,1.4071944855405465,0.5382514702336331,0.9018207639470124
q4680,4680,71,5,1705,1478,0.8668621700879765,True,0.8666471277842908,1.5191141810236064,0.07479487321252866,0.9938349345881052,1.4349022684553856,0.5382514702336331,0.9018207639470124
q17380,17380,71,5,1113,966,0.8679245283018868,True,0.8675942549371634,1.527745686855559,0.0928088212706729,0.9905391549269935,1.4386936550315428,0.5382514702336331,0.9018207639470124
q4689,4689,71,5,1861,1615,0.8678130037614186,True,0.8676154672395274,1.5279395681115506,0.07179072784957806,0.9943174724045277,1.4443741947829132,0.5382514702336331,0.9018207639470124
q17075,17075,71,5,1246,1083,0.8691813804173355,True,0.8688853247794708,1.5395918214145778,0.08804652194508303,0.9914771102276524,1.4518011453205215,0.5382514702336331,0.9018207639470124
q17141,17141,71,5,1420,1236,0.8704225352112676,True,0.870161857846587,1.5513971801888216,0.08278746740144038,0.9924574041175045,1.4649528868119153,0.5382514702336331,0.9018207639470124
q5713,5713,71,5,1259,1104,0.8768864177918984,True,0.8765873015873016,1.6122868720105914,0.08964797850833515,0.991167012594104,1.5234000113612864,0.5382514702336331,0.9018207639470124
q4650,4650,71,5,1135,996,0.8775330396475771,True,0.8772007042253521,1.6182335899342675,0.09459640102751603,0.9901748119451801,1.5277633129773551,0.5382514702336331,0.9018207639470124
q4638,4638,71,5,1983,1740,0.8774583963691377,True,0.8772681451612904,1.6188888858595878,0.07159544811143882,0.9943481702422502,1.5348540750335673,0.5382514702336331,0.9018207639470124
q17231,17231,71,5,1142,1003,0.8782837127845884,True,0.8779527559055118,1.6255576934610438,0.09453127557786946,0.9901882030131418,1.5350362152715562,0.5382514702336331,0.9018207639470124
q4636,4636,71,5,1107,976,0.8816621499548328,True,0.8813176895306859,1.6587886814030528,0.09706483728807605,0.989660727826059,1.5671059021986982,0.5382514702336331,0.9018207639470124
q10311,10311,71,5,4329,3813,0.8808038808038808,True,0.880715935334873,1.6527895743701644,0.04900369560564161,0.9973442784536938,1.57328945982287,0.5382514702336331,0.9018207639470124
q10727,10727,71,6,5430,4797,0.8834254143646408,True,0.883354814951206,1.6792855353848786,0.04414097726299955,0.9978441112004282,1.6005167740556532,0.5382514702336331,0.9018207639470124
q11932,11932,71,6,1974,1754,0.8885511651469098,True,0.8883544303797468,1.7308770555436022,0.07447753485097991,0.9938868185429891,1.645445508328616,0.5382514702336331,0.9018207639470124
q17347,17347,71,5,1156,1033,0.893598615916955,True,0.8932584269662921,1.7833916900086566,0.09907181626395042,0.989233394798765,1.6896906869942683,0.5382514702336331,0.9018207639470124
q4228,4228,71,5,1519,1358,0.8940092165898618,True,0.89375,1.7887668835149417,0.08659690532450263,0.9917531498697346,1.6993254976448573,0.5382514702336331,0.9018207639470124
q17062,17062,71,5,590,531,0.9,True,0.8993231810490694,1.8512275822399933,0.14194528693740632,0.9781462722806524,1.737106409677282,0.5382514702336331,0.9018207639470124
q11618,11618,71,6,2251,2020,0.8973789426921368,True,0.897202486678508,1.8271224265289518,0.07210150254998914,0.9942684503509569,1.7417710609463977,0.5382514702336331,0.9018207639470124
q9888,9888,71,5,4398,3966,0.9017735334242838,True,0.9016822005001137,1.8785555643777359,0.052535397393093826,0.996948898111755,1.7977429106829934,0.5382514702336331,0.9018207639470124
q3987,3987,71,5,1284,1160,0.9034267912772586,True,0.9031128404669261,1.8954032078088325,0.09778988938241906,0.9895073137279535,1.8009947787758604,0.5382514702336331,0.9018207639470124
q11806,11806,71,6,2608,2377,0.9114263803680982,True,0.911268685320046,1.9957581308996282,0.07118313394246037,0.9944127172690218,1.909717278426921,0.5382514702336331,0.9018207639470124
q17295,17295,71,5,1120,1028,0.9178571428571428,True,0.9174843889384479,2.077779843839051,0.11197651220650832,0.9862868606476988,1.9750089362842183,0.5382514702336331,0.9018207639470124
q9077,9077,71,5,4129,3801,0.9205618793896828,True,0.9204600484261501,2.1189850742712153,0.05925924900551382,0.9961211390365913,2.0357471756928884,0.5382514702336331,0.9018207639470124
q10008,10008,71,5,4191,3957,0.9441660701503222,True,0.9440601145038168,2.505997392018618,0.06865495376715738,0.994800524535796,2.418048326468825,0.5382514702336331,0.9018207639470124
q9786,9786,71,5,4183,3955,0.9454936648338512,True,0.9453871892925431,2.5319515032214834,0.06946723920979782,0.9946774211011983,2.4435650689954755,0.5382514702336331,0.9018207639470124
q9088,9088,71,5,4242,4040,0.9523809523809524,True,0.9522743341975017,2.6768025297678077,0.0733354975202667,0.9940717570989648,2.5860694846134957,0.5382514702336331,0.9018207639470124
q10626,10626,74,6,6347,571,0.0899637624074365,True,0.09002835538752363,-2.8807437423354205,0.045038376755164235,0.9975633005717447,-2.9288553902910386,0.5047061623175959,0.8304317804689219
q17090,17090,74,5,6361,1139,0.1790598962427291,True,0.17911034265954104,-2.059300865901383,0.034402029510276745,0.9985768664155872,-2.111557375812499,0.5047061623175959,0.8304317804689219
q6269,6269,74,5,17935,3707,0.2066908279899637,True,0.206707181088314,-1.8719149503115284,0.019533179985924857,0.9995407571007701,-1.9262957270062844,0.5047061623175959,0.8304317804689219
q10314,10314,74,5,4963,1076,0.2168043522063268,True,0.21686140209508462,-1.8073904706159074,0.036571680755659856,0.9983919965737326,-1.859661133696797,0.5047061623175959,0.8304317804689219
q4502,4502,74,5,28234,6300,0.2231352270312389,True,0.22314503276075792,-1.7684770634253082,0.015200068764463191,0.9997218581545126,-1.823235624993213,0.5047061623175959,0.8304317804689219
q17112,17112,74,5,2241,595,0.2655064703257474,True,0.26561106155218556,-1.5223054573063708,0.05132172021033334,0.9968382818220263,-1.5725834422988096,0.5047061623175959,0.8304317804689219
q17591,17591,74,5,1511,415,0.2746525479814692,True,0.2748015873015873,-1.47223484354742,0.06194291667554645,0.9954008523854959,-1.5204754632903397,0.5047061623175959,0.8304317804689219
q5133,5133,74,5,8966,2515,0.2805041267008699,True,0.28052860488457676,-1.441514264997627,0.02530304928325142,0.9992296163461809,-1.4956269908655941,0.5047061623175959,0.8304317804689219
q5198,5198,74,5,12137,3457,0.2848315069621817,True,0.28484923381117155,-1.4185681474706764,0.021665672332369657,0.9994350695752029,-1.4730013546003244,0.5047061623175959,0.8304317804689219
q9907,9907,74,5,4831,1428,0.2955909749534258,True,0.29563327814569534,-1.3621082179748123,0.03403194626284653,0.998607278309345,-1.41540003118668,0.5047061623175959,0.8304317804689219
q6297,6297,74,5,4664,1393,0.2986706689536878,True,0.29871382636655947,-1.3461817052432175,0.03455160844970558,0.9985644818354447,-1.3994357226423526,0.5047061623175959,0.8304317804689219
q3644,3644,74,5,5987,1792,0.2993151828962753,True,0.2993486973947896,-1.3429100717194895,0.03048165662377981,0.9988823970705433,-1.3966132870255488,0.5047061623175959,0.8304317804689219
q4110,4110,74,5,3546,1070,0.3017484489565707,True,0.30180434169720893,-1.3302892746230328,0.03953013692161552,0.9981218242548997,-1.3829527794287597,0.5047061623175959,0.8304317804689219
q5805,5805,74,5,45378,13985,0.3081889902595972,True,0.30819321712686487,-1.2976975259507482,0.010999348546365686,0.9998543311474272,-1.3527662621118688,0.5047061623175959,0.8304317804689219
q10654,10654,74,6,5341,1674,0.3134244523497472,True,0.3134593785099214,-1.271087177616349,0.031938540138634466,0.99877314561849,-1.3247257564082502,0.5047061623175959,0.8304317804689219
q8377,8377,74,5,5498,1741,0.3166606038559476,True,0.31669394435351883,-1.2548515214384268,0.031409271575460286,0.9988134224206571,-1.3085627863532547,0.5047061623175959,0.8304317804689219
q3633,3633,74,5,30729,9897,0.3220736112467051,True,0.32207940123657663,-1.2279959859400658,0.013239179457936661,0.9997889785893567,-1.2829910110027989,0.5047061623175959,0.8304317804689219
q8391,8391,74,5,4509,1463,0.3244621867376358,True,0.32450110864745013,-1.2159892018715572,0.034504437470844314,0.9985683931844102,-1.269435085296189,0.5047061623175959,0.8304317804689219
q5160,5160,74,5,6792,2217,0.3264134275618374,True,0.32643898130428384,-1.2064114164831847,0.02808007533421077,0.9990514059170721,-1.2604804177007645,0.5047061623175959,0.8304317804689219
q5135,5135,74,5,17015,5623,0.3304731119600352,True,0.3304830747531735,-1.1865079909052096,0.017697497469889155,0.9996229872902923,-1.2413056471750343,0.5047061623175959,0.8304317804689219
q5627,5627,74,5,7739,2564,0.331308954645303,True,0.3313307493540052,-1.1823502091402063,0.026226866276492386,0.9991723832638555,-1.236591758180336,0.5047061623175959,0.8304317804689219
q5399,5399,74,5,7694,2565,0.3333766571354302,True,0.33339831059129305,-1.1722290929377879,0.026270798874248658,0.9991696105659792,-1.2264756149105347,0.5047061623175959,0.8304317804689219
q17339,17339,74,5,2272,771,0.3393485915492957,True,0.33941926968763747,-1.1429135501469647,0.048167941925485354,0.9972138754139219,-1.1948410939225071,0.5047061623175959,0.8304317804689219
q3604,3604,74,5,6083,2068,0.3399638336347197,True,0.33999013806706113,-1.1401459472121889,0.02943221640462689,0.9989579485032436,-1.1941660873695248,0.5047061623175959,0.8304317804689219
q5647,5647,74,5,12139,4194,0.3454979817118379,True,0.34551070840197695,-1.1134844251282545,0.020772359848716625,0.9994806715514623,-1.168143280655731,0.5047061623175959,0.8304317804689219
q5878,5878,74,5,7276,2553,0.3508796041781198,True,0.35090009619348633,-1.0876294691110797,0.02675383036115014,0.9991388202482281,-1.1419110516084425,0.5047061623175959,0.8304317804689219
q6266,6266,74,5,4037,1440,0.3567005201882586,True,0.3567360079247152,-1.059815311037094,0.035810191358446465,0.9984581604091911,-1.1133618555805072,0.5047061623175959,0.8304317804689219
q4504,4504,74,5,3964,1414,0.3567103935418769,True,0.3567465321563682,-1.0597653179957292,0.036138154200393485,0.9984298341703751,-1.1132803549820687,0.5047061623175959,0.8304317804689219
q3631,3631,74,5,4298,1546,0.3597021870637505,True,0.3597348220516399,-1.045593582930473,0.03465589449887621,0.9985558157315103,-1.0992695598772282,0.5047061623175959,0.8304317804689219
q8366,8366,74,5,4659,1699,0.364670530156686,True,0.3646995708154506,-1.0221494761824796,0.033209541655022184,0.9986736888817989,-1.075986309074611,0.5047061623175959,0.8304317804689219
q4931,4931,74,5,8873,3243,0.3654908148315113,True,0.3655059725039441,-1.0183531068901779,0.02405675846094019,0.9993035856682805,-1.0728712440615553,0.5047061623175959,0.8304317804689219
q3913,3913,74,5,4080,1495,0.3664215686274509,True,0.36645430041656457,-1.0138926189389998,0.03545912444691329,0.9984881977397266,-1.067542083572655,0.5047061623175959,0.8304317804689219
q4953,4953,74,5,3046,1129,0.3706500328299409,True,0.370692484410896,-0.9940105215949083,0.040960527522608856,0.9979837212246399,-1.0471607087557033,0.5047061623175959,0.8304317804689219
q3875,3875,74,5,2514,937,0.3727128082736675,True,0.3727634194831014,-0.9843257459054706,0.04504521907651384,0.9975625619436467,-1.0370576266371807,0.5047061623175959,0.8304317804689219
q5115,5115,74,5,4132,1542,0.3731848983543078,True,0.3732155819017663,-0.9822137891952987,0.03513194006588437,0.9985159268711156,-1.0359399143637815,0.5047061623175959,0.8304317804689219
q9096,9096,74,5,5110,1909,0.3735812133072407,True,0.3736059479553903,-0.9803912101771312,0.031587164581501986,0.9987999596706931,-1.034414200752065,0.5047061623175959,0.8304317804689219
q4992,4992,74,5,8144,3067,0.3765962671905697,True,0.3766114180478821,-0.9663816355595185,0.02499069164522337,0.9992485049959543,-1.0208796933795956,0.5047061623175959,0.8304317804689219
q6314,6314,74,5,5147,1947,0.3782786088983874,True,0.3783022533022533,-0.9585173696027067,0.03141287582976085,0.998813150405651,-1.0125799822138557,0.5047061623175959,0.8304317804689219
q11627,11627,74,6,2545,964,0.3787819253438114,True,0.37882953652788687,-0.9560674217665494,0.044658711636069166,0.9976041112467027,-1.0089102006043096,0.5047061623175959,0.8304317804689219
q3622,3622,74,5,6220,2371,0.3811897106109325,True,0.3812088088731715,-0.9450270486509194,0.02854288815399033,0.9990199098741723,-0.9993124922660668,0.5047061623175959,0.8304317804689219
q10613,10613,74,6,6770,2593,0.38301329394387,True,0.38303057155516174,-0.9365895239113369,0.027339850053965217,0.9991007145535828,-0.9909633836143172,0.5047061623175959,0.8304317804689219
q4915,4915,74,5,5045,1967,0.3898909811694747,True,0.38991280221957986,-0.9048338344016864,0.03158962942099398,0.9987997726028165,-0.9589473172709234,0.5047061623175959,0.8304317804689219
q11685,11685,74,6,2142,838,0.3912231559290383,True,0.3912739150723285,-0.8985750270857857,0.04845045246205496,0.9971811900823196,-0.9511521518233464,0.5047061623175959,0.8304317804689219
q4947,4947,74,5,8315,3301,0.3969933854479855,True,0.39700577200577203,-0.8722924827191011,0.024547274948136535,0.9992749172065191,-0.9268857469326958,0.5047061623175959,0.8304317804689219
q5121,5121,74,5,9297,3739,0.4021727438958803,True,0.40218326521832654,-0.8486503770614371,0.023176305548084877,0.9993535965968271,-0.9033319033343814,0.5047061623175959,0.8304317804689219
q9090,9090,74,5,4656,1876,0.4029209621993127,True,0.40294180803092117,-0.845194127806222,0.03274037659276097,0.9987108509041787,-0.8992991214570913,0.5047061623175959,0.8304317804689219
q5213,5213,74,5,5476,2209,0.4033966398831263,True,0.40341427788935547,-0.843042295334832,0.030185767368277838,0.9989039655180417,-0.8973235394435596,0.5047061623175959,0.8304317804689219
q10729,10729,74,6,4674,1900,0.4065040650406504,True,0.40652406417112297,-0.8288967608038528,0.03264189980078998,0.9987185843468112,-0.8830296018112599,0.5047061623175959,0.8304317804689219
q5122,5122,74,5,3955,1620,0.4096080910240202,True,0.4096309403437816,-0.8147944598355689,0.03545242484969178,0.998488768098106,-0.8687454177623445,0.5047061623175959,0.8304317804689219
q6227,6227,74,5,4062,1666,0.4101427868045298,True,0.41016490278119616,-0.8123737073039723,0.03497717747783354,0.9985289541041579,-0.8663631905165267,0.5047061623175959,0.8304317804689219
q4996,4996,74,5,5644,2324,0.4117647058823529,True,0.4117803365810452,-0.8050551638179704,0.029660564648626465,0.9989417335571702,-0.8594105357693205,0.5047061623175959,0.8304317804689219
q5196,5196,74,5,3179,1315,0.4136520918527839,True,0.41367924528301886,-0.7964620552426774,0.03949767662241505,0.9981249017471383,-0.8501308025698466,0.5047061623175959,0.8304317804689219
q11552,11552,74,6,2276,960,0.421792618629174,True,0.4218269653052262,-0.7597041884957297,0.046579389090045574,0.997394143901275,-0.812846314706194,0.5047061623175959,0.8304317804689219
q9119,9119,74,5,4506,1910,0.4238792720816688,True,0.4238961615265143,-0.7503967541440956,0.033091470582346294,0.9986830906818615,-0.8046015903713151,0.5047061623175959,0.8304317804689219
q3920,3920,74,5,1445,614,0.4249134948096886,True,0.42496542185338865,-0.7455912761320215,0.05840725728329077,0.9959088138492393,-0.7975806414478108,0.5047061623175959,0.8304317804689219
q4130,4130,74,5,7618,3269,0.4291152533473352,True,0.4291245570284814,-0.7269252284310164,0.025421092354553934,0.9992224172377894,-0.7815828309338066,0.5047061623175959,0.8304317804689219
q8394,8394,74,5,4059,1752,0.4316334072431633,True,0.4316502463054187,-0.7156094202288981,0.03480524767061839,0.9985433593562804,-0.76975235280102,0.5047061623175959,0.8304317804689219
q8471,8471,74,5,2488,1079,0.4336816720257235,True,0.43370831659300924,-0.7063990336096325,0.04443346594574641,0.9976281614655965,-0.7598583083371035,0.5047061623175959,0.8304317804689219
q3640,3640,74,5,4318,1889,0.437471051412691,True,0.43748552905765226,-0.6895181804932058,0.03370598159792898,0.9986337937870621,-0.7437664727427822,0.5047061623175959,0.8304317804689219
q5137,5137,74,5,2950,1293,0.4383050847457627,True,0.43832599118942733,-0.6857659705644815,0.04077036657280497,0.9980023617716631,-0.7395514779090918,0.5047061623175959,0.8304317804689219
q5614,5614,74,5,5363,2368,0.441543911989558,True,0.44155480984340045,-0.6713637379667753,0.030222307103557593,0.9989013133395453,-0.7258312205429006,0.5047061623175959,0.8304317804689219
q5153,5153,74,5,2102,928,0.4414843006660323,True,0.44151212553495006,-0.6715540041082138,0.048267595845107716,0.9972023674327077,-0.7247864500749662,0.5047061623175959,0.8304317804689219
q6298,6298,74,5,1993,883,0.4430506773707978,True,0.4430792377131394,-0.6645707618749873,0.049555636110820506,0.9970515094200959,-0.7177141512713723,0.5047061623175959,0.8304317804689219
q5756,5756,74,5,20437,9093,0.4449283162890835,True,0.44493101086211956,-0.6563247225548626,0.015473887681145302,0.9997117497347656,-0.7113854271714201,0.5047061623175959,0.8304317804689219
q6276,6276,74,5,7041,3135,0.4452492543672773,True,0.4452570292530531,-0.654873569105771,0.02636009688654111,0.9991639604863344,-0.7095456852950284,0.5047061623175959,0.8304317804689219
q6272,6272,74,5,3078,1374,0.4463937621832358,True,0.44641117245859047,-0.649737783382381,0.03985728558924624,0.9980906679142767,-0.703657518159816,0.5047061623175959,0.8304317804689219
q8453,8453,74,5,2356,1054,0.4473684210526316,True,0.4473907509546033,-0.6453805541583654,0.045547468185559443,0.997508040806757,-0.6989003927625386,0.5047061623175959,0.8304317804689219
q4969,4969,74,5,2158,974,0.4513438368860055,True,0.45136637332098195,-0.6277127099894731,0.047561241267875816,0.9972834293598686,-0.6811231713443581,0.5047061623175959,0.8304317804689219
q6343,6343,74,5,2770,1270,0.4584837545126354,True,0.45849873691808013,-0.5960752001969871,0.04194121178260523,0.9978862237492139,-0.6499642317950962,0.5047061623175959,0.8304317804689219
q3896,3896,74,5,2437,1130,0.4636848584324989,True,0.4636997538966366,-0.5730468167862492,0.044686826376368,0.9976011008887913,-0.6268053789378436,0.5047061623175959,0.8304317804689219
q5019,5019,74,5,12937,6011,0.4646363144469351,True,0.4646390477662699,-0.5688913097836221,0.019396314131126552,0.9995471673322613,-0.6238744918245129,0.5047061623175959,0.8304317804689219
q5807,5807,74,5,5728,2696,0.4706703910614525,True,0.4706755105603072,-0.5422074569923204,0.02913141471317213,0.9989791178728797,-0.596863327981023,0.5047061623175959,0.8304317804689219
q4999,4999,74,5,4746,2274,0.4791403286978508,True,0.4791447229829366,-0.5048236803135718,0.031983068851473846,0.9987697264846184,-0.5594004378135456,0.5047061623175959,0.8304317804689219
q5804,5804,74,5,3512,1685,0.4797835990888383,True,0.47978935382863647,-0.5019803393005996,0.037176964997135485,0.9983384183476104,-0.5563202500845579,0.5047061623175959,0.8304317804689219
q4943,4943,74,5,2243,1077,0.4801604993312527,True,0.4801693404634581,-0.5003044128824465,0.04651488704740468,0.9974013372190506,-0.5541264939734378,0.5047061623175959,0.8304317804689219
q4795,4795,74,5,9437,4535,0.4805552612058917,True,0.4805573214664124,-0.4985933174729283,0.02268056113958992,0.999380937224533,-0.5535162646769959,0.5047061623175959,0.8304317804689219
q5868,5868,74,5,3284,1582,0.4817295980511571,True,0.4817351598173516,-0.49339928806511846,0.038441305288431836,0.998223684274958,-0.5476905063839078,0.5047061623175959,0.8304317804689219
q17310,17310,74,5,1257,607,0.482895783611774,True,0.4829093799682035,-0.4882219817103407,0.06211542154141969,0.9953753190104586,-0.5409743447815305,0.5047061623175959,0.8304317804689219
q5157,5157,74,5,6670,3232,0.4845577211394303,True,0.4845600359766152,-0.4809451995887594,0.026971850432378923,0.9991247396862188,-0.5357416961422309,0.5047061623175959,0.8304317804689219
q5197,5197,74,5,6503,3168,0.4871597724127325,True,0.4871617466174662,-0.4694783034222903,0.027313061450743217,0.9991024744159953,-0.524273152925175,0.5047061623175959,0.8304317804689219
q9784,9784,74,5,4876,2380,0.4881050041017227,True,0.48810744310026655,-0.46531087585172476,0.03154059787413074,0.9988034911001378,-0.5199538219805565,0.5047061623175959,0.8304317804689219
q4973,4973,74,5,3975,1947,0.489811320754717,True,0.4898138832997988,-0.45779184816520396,0.03493013011859755,0.9985329030111862,-0.5123049635834194,0.5047061623175959,0.8304317804689219
q8473,8473,74,5,3322,1633,0.49157134256472,True,0.49157387902497746,-0.45003776745603374,0.038206619508492475,0.9982452690907204,-0.5044169164105989,0.5047061623175959,0.8304317804689219
q4954,4954,74,5,2424,1193,0.4921617161716171,True,0.49216494845360825,-0.44743385214063736,0.044724165180522676,0.9975970999726157,-0.5014917358622235,0.5047061623175959,0.8304317804689219
q4751,4751,74,5,2929,1442,0.492318197336975,True,0.492320819112628,-0.44674718851367057,0.040687676098538246,0.9980104406700483,-0.5010142246266862,0.5047061623175959,0.8304317804689219
q3605,3605,74,5,3508,1732,0.4937286202964652,True,0.493730407523511,-0.4405377046314266,0.03717865170672543,0.9983382678236502,-0.4949796327395155,0.5047061623175959,0.8304317804689219
q8399,8399,74,5,6345,3134,0.4939322301024428,True,0.49393318625906085,-0.43964446072205693,0.027646099378737302,0.9990804735217651,-0.4944551983932774,0.5047061623175959,0.8304317804689219
q3603,3603,74,5,2904,1440,0.4958677685950413,True,0.49586919104991395,-0.43111665412525907,0.04086015263657091,0.9979935712055854,-0.4854065831019235,0.5047061623175959,0.8304317804689219
q3894,3894,74,5,2895,1442,0.4981001727115717,True,0.49810082872928174,-0.4212871580813688,0.04092299300136007,0.997987407365651,-0.4755938718456483,0.5047061623175959,0.8304317804689219
q6317,6317,74,5,3408,1699,0.4985328638497652,True,0.49853329422117926,-0.41938235389811884,0.03771835014203233,0.9982897561828261,-0.4738364105714555,0.5047061623175959,0.8304317804689219
q17094,17094,74,5,2133,1066,0.4997655883731833,True,0.49976569821930644,-0.41395422883181965,0.04767261364168801,0.9972707266448906,-0.4679394198321444,0.5047061623175959,0.8304317804689219
q5795,5795,74,5,400,200,0.5,True,0.5,-0.41292224741693007,0.10997505969788929,0.9856449420766304,-0.46146720135835284,0.5047061623175959,0.8304317804689219
q10702,10702,74,6,7629,3834,0.5025560361777428,True,0.5025557011795544,-0.4016655447617382,0.025212228703095446,0.9992351324959696,-0.45658187358807534,0.5047061623175959,0.8304317804689219
q5880,5880,74,5,2595,1304,0.502504816955684,True,0.5025038520801233,-0.4018939206050519,0.043223599775261315,0.9977552812174161,-0.4561335463263368,0.5047061623175959,0.8304317804689219
q10841,10841,74,6,4514,2276,0.5042091271599468,True,0.5042081949058693,-0.3943867790396936,0.03277583778291981,0.9987080604399152,-0.4490716758371041,0.5047061623175959,0.8304317804689219
q4985,4985,74,5,4849,2458,0.5069086409568984,True,0.5069072164948454,-0.38249746100047777,0.031625289736165386,0.9987970645539618,-0.4372366808112625,0.5047061623175959,0.8304317804689219
q5894,5894,74,5,3641,1848,0.5075528700906344,True,0.507550796265788,-0.3796622423461183,0.03649574556276497,0.9983986564786437,-0.4342315938893879,0.5047061623175959,0.8304317804689219
q3656,3656,74,5,2807,1429,0.5090844317776986,True,0.5090811965811965,-0.3729198121967841,0.041565411689202705,0.9979238553140296,-0.4272966576496835,0.5047061623175959,0.8304317804689219
q8404,8404,74,5,2407,1229,0.5105941005400914,True,0.5105897009966778,-0.36627317818627275,0.04488730977905389,0.9975795799326432,-0.42051869751341453,0.5047061623175959,0.8304317804689219
q3874,3874,74,5,3115,1593,0.5113964686998395,True,0.511392811296534,-0.3627342789789403,0.03946077345216092,0.9981283974107428,-0.41721776968933455,0.5047061623175959,0.8304317804689219
q3866,3866,74,5,2575,1325,0.5145631067961165,True,0.5145574534161491,-0.34878686833223554,0.04340591484456363,0.9977363480046221,-0.40313805443570194,0.5047061623175959,0.8304317804689219
q5120,5120,74,5,2256,1162,0.5150709219858156,True,0.5150642445724413,-0.3465529016323799,0.04637313991924429,0.9974171103099414,-0.40078086897640175,0.5047061623175959,0.8304317804689219
q6301,6301,74,5,5326,2744,0.5152084115659031,True,0.5152055565984607,-0.3459299677683333,0.030185189403623074,0.9989040074430223,-0.40075608094960596,0.5047061623175959,0.8304317804689219
q6165,6165,74,5,2985,1538,0.5152428810720268,True,0.5152377762893503,-0.34578793508105443,0.04031726220413069,0.9980464305695342,-0.40027026950304373,0.5047061623175959,0.8304317804689219
q3851,3851,74,5,4728,2437,0.5154399323181049,True,0.5154366673715374,-0.34491116086041473,0.032037270842718304,0.9987655581921625,-0.3996829864431561,0.5047061623175959,0.8304317804689219
q4730,4730,74,5,11325,5839,0.5155849889624724,True,0.515583612926011,-0.3442633663698958,0.020701654376378692,0.9994841991200905,-0.3993231096430264,0.5047061623175959,0.8304317804689219
q4279,4279,74,5,2062,1063,0.5155189136760426,True,0.5155113911778962,-0.34458174990906504,0.048505631196545614,0.9971747840635773,-0.39871791495962783,0.5047061623175959,0.8304317804689219
q8772,8772,74,5,4373,2261,0.5170363594786188,True,0.5170324645633287,-0.3378756643962665,0.033314757014494,0.9986652826947897,-0.3926167524320182,0.5047061623175959,0.8304317804689219
q5796,5796,74,5,3154,1634,0.5180722891566265,True,0.5180665610142631,-0.33331584921099333,0.039228472496384656,0.9981503277214375,-0.38786292124746635,0.5047061623175959,0.8304317804689219
q4815,4815,74,5,4657,2421,0.5198625724715482,True,0.5198583082868183,-0.32541372920238604,0.03228851489930101,0.9987461450600905,-0.38020223304753065,0.5047061623175959,0.8304317804689219
q5188,5188,74,5,5568,2897,0.5202945402298851,True,0.5202908960316035,-0.32350559776319077,0.029530521922795424,0.9989509831528971,-0.3783740809433503,0.5047061623175959,0.8304317804689219
q8440,8440,74,5,1952,1016,0.5204918032786885,True,0.5204813108038915,-0.3226656460768378,0.04986707961356046,0.9970144430565788,-0.3768031309412395,0.5047061623175959,0.8304317804689219
q6315,6315,74,5,1870,976,0.5219251336898396,True,0.5219134152859434,-0.3163476244636295,0.05095299911942756,0.9968834082950029,-0.37045527786213145,0.5047061623175959,0.8304317804689219
q8469,8469,74,5,2220,1159,0.5220720720720721,True,0.5220621341737955,-0.3156914409067206,0.04676671239384059,0.9973731975424257,-0.3699828302394802,0.5047061623175959,0.8304317804689219
q5187,5187,74,5,2306,1205,0.5225498699045967,True,0.5225400953619419,-0.3135824561387007,0.0458882929470999,0.9974707020531967,-0.36791534972862155,0.5047061623175959,0.8304317804689219
q5167,5167,74,5,2342,1224,0.5226302305721605,True,0.5226205719163466,-0.31322734063607105,0.04553465387325683,0.9975094392920469,-0.367575406826512,0.5047061623175959,0.8304317804689219
q3892,3892,74,5,2548,1339,0.5255102040816326,True,0.525500196155355,-0.3005173748350945,0.04366543840117695,0.9977092605675939,-0.3549681890189247,0.5047061623175959,0.8304317804689219
q5211,5211,74,5,2015,1059,0.5255583126550869,True,0.5255456349206349,-0.3003167675945682,0.04909972492187365,0.9971053556900371,-0.35455330325782136,0.5047061623175959,0.8304317804689219
q5024,5024,74,5,8180,4301,0.5257946210268949,True,0.5257914680356924,-0.29923141200792336,0.024374163731003956,0.999285100654925,-0.35424380294778457,0.5047061623175959,0.8304317804689219
q5726,5726,74,5,2241,1178,0.5256581883087907,True,0.5256467439785906,-0.29987037604826333,0.046559686257161365,0.9973963422228378,-0.3542115437068529,0.5047061623175959,0.8304317804689219
q4990,4990,74,5,3209,1688,0.5260205671548769,True,0.5260124610591901,-0.2982556836962716,0.03891241649117426,0.9981799585115801,-0.35287808067048904,0.5047061623175959,0.8304317804689219
q5815,5815,74,5,9507,5003,0.5262438203429052,True,0.5262410601598654,-0.29724633084884555,0.022610192789573925,0.9993847702944847,-0.35229527568102054,0.5047061623175959,0.8304317804689219
q4936,4936,74,5,3295,1734,0.5262518968133536,True,0.5262439320388349,-0.29723365012550096,0.03840213350335194,0.9982272961565517,-0.3518745937380261,0.5047061623175959,0.8304317804689219
q3867,3867,74,5,2074,1094,0.5274831243972999,True,0.5274698795180723,-0.29181987043060276,0.04840438618179282,0.9971865326617604,-0.34610917695422483,0.5047061623175959,0.8304317804689219
q5028,5028,74,5,5988,3162,0.5280561122244489,True,0.5280514276172984,-0.28925130409982686,0.028493025627525825,0.999023327846131,-0.34418064459683806,0.5047061623175959,0.8304317804689219
q8423,8423,74,5,15330,8101,0.5284409654272668,True,0.5284391102993934,-0.2875388315255743,0.017809239381194747,0.9996182131707338,-0.3426737740037249,0.5047061623175959,0.8304317804689219
q8403,8403,74,5,1781,942,0.5289163391353172,True,0.5289001122334456,-0.28550231733494535,0.052238984743049624,0.9967246276100145,-0.3396519955633906,0.5047061623175959,0.8304317804689219
q4937,4937,74,5,2078,1105,0.5317613089509143,True,0.5317460317460317,-0.27292582283133693,0.04837695327914372,0.9971897118308217,-0.32726933051748625,0.5047061623175959,0.8304317804689219
q4941,4941,74,5,3033,1614,0.5321463897131553,True,0.5321357943309163,-0.2712027949416447,0.04004744937573769,0.9980724403587824,-0.32583932799326837,0.5047061623175959,0.8304317804689219
q5175,5175,74,5,2520,1344,0.5333333333333333,True,0.5333201110670369,-0.26596631907837603,0.043938861378245486,0.9976805493257264,-0.3204870577543963,0.5047061623175959,0.8304317804689219
q6279,6279,74,5,2484,1326,0.533816425120773,True,0.5338028169014084,-0.2638316070146479,0.044258224882276084,0.9976467892139609,-0.3183465242851774,0.5047061623175959,0.8304317804689219
q4952,4952,74,5,2110,1133,0.5369668246445498,True,0.5369493131217432,-0.24991032624820247,0.048035677481368715,0.9972291129175769,-0.3043305383839518,0.5047061623175959,0.8304317804689219
q8439,8439,74,5,2602,1398,0.5372790161414297,True,0.5372646945831733,-0.2485143391364326,0.04326002904224177,0.997751504392939,-0.30309711156076136,0.5047061623175959,0.8304317804689219
q3607,3607,74,5,2968,1598,0.5384097035040432,True,0.5383967665880768,-0.24350242571431258,0.040511358147461464,0.9980276126777671,-0.2981789597920544,0.5047061623175959,0.8304317804689219
q8463,8463,74,5,2724,1468,0.5389133627019089,True,0.5388990825688074,-0.24127807481529415,0.04228875917906115,0.9978511224245368,-0.295906659067322,0.5047061623175959,0.8304317804689219
q4201,4201,74,5,2630,1419,0.5395437262357414,True,0.5395286963131889,-0.23848958620556726,0.043040886686796266,0.9977741765279526,-0.29310155930507104,0.5047061623175959,0.8304317804689219
q4893,4893,74,5,1964,1061,0.540224032586558,True,0.5402035623409669,-0.23550012956243305,0.04980773492692901,0.9970215236441693,-0.289899910833671,0.5047061623175959,0.8304317804689219
q3850,3850,74,5,3621,1959,0.5410107705053853,True,0.5409994478188846,-0.2319738470996304,0.03668999115745028,0.9983815927388783,-0.2867747971148646,0.5047061623175959,0.8304317804689219
q5791,5791,74,5,2812,1523,0.5416073968705548,True,0.5415926057589762,-0.22934524360879624,0.041636108863169395,0.9979168015472699,-0.28401816305924465,0.5047061623175959,0.8304317804689219
q5788,5788,74,5,5179,2811,0.5427688743000579,True,0.5427606177606178,-0.22416778977707735,0.03068716964395431,0.9988672932199749,-0.2791170942112449,0.5047061623175959,0.8304317804689219
q4951,4951,74,5,2177,1187,0.5452457510335323,True,0.5452249770431589,-0.21323788190563234,0.04734123768124736,0.9973084357758921,-0.2677810077248566,0.5047061623175959,0.8304317804689219
q5022,5022,74,5,3478,1897,0.5454284071305348,True,0.5454153492382868,-0.21239318815836256,0.03745872730084272,0.9983131794673932,-0.2672075162257609,0.5047061623175959,0.8304317804689219
q5128,5128,74,5,2382,1300,0.5457598656591099,True,0.5457406630297944,-0.21094962879820192,0.045262474732189965,0.9975390514401568,-0.26556030705036765,0.5047061623175959,0.8304317804689219
q5867,5867,74,5,1700,928,0.5458823529411765,True,0.5458553791887125,-0.21044054651658792,0.05357414842997479,0.9965556431115633,-0.2647911797395023,0.5047061623175959,0.8304317804689219
q5790,5790,74,5,3471,1898,0.5468164794007491,True,0.5468029953917051,-0.20623452011750748,0.03750395340733285,0.998309110706321,-0.26105817277020327,0.5047061623175959,0.8304317804689219
q6809,6809,74,6,19133,10561,0.5519782574609313,True,0.5519755409219191,-0.18325174167562833,0.01598859605731951,0.9996922606517674,-0.2384441612158282,0.5047061623175959,0.8304317804689219
q5088,5088,74,5,1688,932,0.5521327014218009,True,0.5521018354055655,-0.1826900512225075,0.05381549081842713,0.9965246488262336,-0.23712889178285282,0.5047061623175959,0.8304317804689219
q5136,5136,74,5,12049,6692,0.5553987882811852,True,0.5553941908713693,-0.16803786742745405,0.02015899058855319,0.9995108735750383,-0.22319446447217248,0.5047061623175959,0.8304317804689219
q3617,3617,74,5,1741,967,0.5554279149913842,True,0.5553960964408725,-0.16802938150554483,0.05301983520934981,0.9966263103092169,-0.22254187356300656,0.5047061623175959,0.8304317804689219
q4967,4967,74,5,2363,1316,0.5569191705459162,True,0.5568950930626058,-0.1613520080815484,0.04552532348469557,0.9975104573154882,-0.21607854952978456,0.5047061623175959,0.8304317804689219
q6267,6267,74,5,2615,1458,0.5575525812619503,True,0.5575305810397554,-0.15851995924690782,0.04328199967410184,0.9977492250511752,-0.2133045963482214,0.5047061623175959,0.8304317804689219
q3859,3859,74,5,2224,1244,0.5593525179856115,True,0.5593258426966292,-0.15051533777406054,0.04694656330218322,0.997353008468963,-0.20523645756953432,0.5047061623175959,0.8304317804689219
q5174,5174,74,5,3342,1877,0.56163973668462,True,0.5616212982351182,-0.14027151876559688,0.03831682815748064,0.9982351491873827,-0.19519224531241564,0.5047061623175959,0.8304317804689219
q3865,3865,74,5,2383,1339,0.5618967687788502,True,0.5618708053691275,-0.13915743393149974,0.045375935800642524,0.9975267286334435,-0.19394239324204232,0.5047061623175959,0.8304317804689219
q3885,3885,74,5,2140,1203,0.5621495327102803,True,0.5621205044371789,-0.1380423681381396,0.04788411564145417,0.9972465226309214,-0.19277591919410936,0.5047061623175959,0.8304317804689219
q5014,5014,74,5,1656,932,0.5628019323671497,True,0.5627640313820157,-0.13516803408910594,0.05443688842807601,0.9964442140047031,-0.18975671283434586,0.5047061623175959,0.8304317804689219
q3871,3871,74,5,2187,1232,0.563328760859625,True,0.5632998171846435,-0.13277429184339634,0.04737802043889967,0.9973042628970017,-0.18753320591435887,0.5047061623175959,0.8304317804689219
q5789,5789,74,5,12407,6999,0.5641170307084711,True,0.564111863313991,-0.12914517843196396,0.01989849364997054,0.9995234270174265,-0.18432311391146225,0.5047061623175959,0.8304317804689219
q3897,3897,74,5,2443,1378,0.5640605812525583,True,0.5640343698854338,-0.12949156261813663,0.04483464364502384,0.9975852426354066,-0.1843112391453262,0.5047061623175959,0.8304317804689219
q17047,17047,74,5,669,378,0.5650224215246636,True,0.5649253731343283,-0.12550815809844865,0.0856456432980904,0.99124437153147,-0.17919118908202802,0.5047061623175959,0.8304317804689219
q5875,5875,74,5,3219,1820,0.5653929791860827,True,0.5653726708074535,-0.12350780127582862,0.039070997526167314,0.998165121010384,-0.1784455940922337,0.5047061623175959,0.8304317804689219
q4053,4053,74,5,1632,923,0.5655637254901961,True,0.565523576240049,-0.12283284312044873,0.05486593946634388,0.9963881456340167,-0.17745539746307804,0.5047061623175959,0.8304317804689219
q8401,8401,74,5,3018,1711,0.5669317428760768,True,0.5669095727061941,-0.11663139889348378,0.0403635770415469,0.9980419484221729,-0.17156063605069097,0.5047061623175959,0.8304317804689219
q4898,4898,74,5,2011,1142,0.5678766782695176,True,0.5678429423459245,-0.11245283504914294,0.04945305510183162,0.9970636678308543,-0.1672261781440795,0.5047061623175959,0.8304317804689219
q5027,5027,74,5,1766,1006,0.5696489241223103,True,0.5696095076400679,-0.10453891719086254,0.052790386291391746,0.9966553496682767,-0.15927024700041112,0.5047061623175959,0.8304317804689219
q10883,10883,74,6,4622,2634,0.569883167459974,True,0.5698680510491023,-0.10338010001279509,0.032638924261375137,0.9987188176570178,-0.15844266643970176,0.5047061623175959,0.8304317804689219
q8468,8468,74,5,1887,1076,0.570217276099629,True,0.5701800847457628,-0.10198133243987866,0.05107715368044176,0.9968682493357304,-0.15675469434274142,0.5047061623175959,0.8304317804689219
q5178,5178,74,5,2231,1273,0.5705961452263559,True,0.5705645161290323,-0.10025771977876541,0.046980498013211115,0.9973491905467964,-0.1551112772866699,0.5047061623175959,0.8304317804689219
q8452,8452,74,5,2596,1482,0.5708782742681048,True,0.5708509819021949,-0.09897311981928175,0.04355685022642544,0.9977206137861521,-0.1538873704838544,0.5047061623175959,0.8304317804689219
q3663,3663,74,5,1957,1119,0.5717935615738375,True,0.5717568947906027,-0.0949094844948636,0.05017351941981842,0.9969777482657464,-0.14972143769746815,0.5047061623175959,0.8304317804689219
q11940,11940,74,6,2189,1257,0.5742348104157149,True,0.5742009132420092,-0.08393678554688135,0.04746827132864275,0.9972940106567953,-0.13882592555702788,0.5047061623175959,0.8304317804689219
q3621,3621,74,5,5760,3314,0.5753472222222222,True,0.5753341433778858,-0.07884415254245607,0.029274727547483094,0.9989690590284116,-0.13397171385567172,0.5047061623175959,0.8304317804689219
q9797,9797,74,5,4209,2427,0.5766215253029223,True,0.5766033254156769,-0.07313681567170888,0.034255731363697056,0.9985889276774276,-0.1282214510446792,0.5047061623175959,0.8304317804689219
q3886,3886,74,5,2189,1264,0.5774326176336226,True,0.5773972602739726,-0.06956455514844043,0.04750467009399069,0.9972898704007601,-0.12449206943116592,0.5047061623175959,0.8304317804689219
q8487,8487,74,5,2823,1631,0.5777541622387531,True,0.5777266288951841,-0.06808211437052834,0.04183706067156254,0.9978966867908733,-0.12308849580862076,0.5047061623175959,0.8304317804689219
q3626,3626,74,5,1982,1149,0.5797174571140262,True,0.5796772566817953,-0.05929692199038024,0.04995092758165661,0.9970044247109145,-0.11421956144850098,0.5047061623175959,0.8304317804689219
q5817,5817,74,5,1251,728,0.5819344524380495,True,0.5818690095846646,-0.04941388073312492,0.06289946439846289,0.9952583905353789,-0.10418335124909117,0.5047061623175959,0.8304317804689219
q5166,5166,74,5,4175,2431,0.5822754491017964,True,0.5822557471264368,-0.04766867411174917,0.03444392940195897,0.9985734026468556,-0.10278764881320197,0.5047061623175959,0.8304317804689219
q6312,6312,74,5,2013,1173,0.5827123695976155,True,0.5826713008937437,-0.045792979016029495,0.04960329628200601,0.9970458520289646,-0.10076025714707032,0.5047061623175959,0.8304317804689219
q3636,3636,74,5,2808,1637,0.582977207977208,True,0.5829476682093272,-0.044545273082624355,0.042004519705602254,0.9978798512175402,-0.09959947949290858,0.5047061623175959,0.8304317804689219
q4770,4770,74,5,4212,2456,0.5830959164292497,True,0.5830761927367671,-0.043964956815974794,0.03429974628707669,0.9985853043292646,-0.09909039624391869,0.5047061623175959,0.8304317804689219
q5100,5100,74,5,4076,2386,0.585377821393523,True,0.5853568800588668,-0.0336595647931225,0.03488847606505474,0.9985363948224621,-0.08879523391779579,0.5047061623175959,0.8304317804689219
q3890,3890,74,5,2322,1361,0.5861326442721791,True,0.586095566078347,-0.03031865292093037,0.046229103717894834,0.997433089317162,-0.0853647860005157,0.5047061623175959,0.8304317804689219
q6310,6310,74,5,1759,1032,0.5866969869243889,True,0.5866477272727273,-0.02782033692510084,0.053118994901324434,0.9966137220778963,-0.08280480488304542,0.5047061623175959,0.8304317804689219
q4501,4501,74,5,1667,979,0.5872825434913017,True,0.5872302158273381,-0.025183853189393025,0.05457307046151309,0.9964264647438218,-0.08016218422252926,0.5047061623175959,0.8304317804689219
q3868,3868,74,5,2038,1198,0.5878312070657508,True,0.587788131436979,-0.02265767307815054,0.04936686440959523,0.9970738643309371,-0.07769547914272773,0.5047061623175959,0.8304317804689219
q6273,6273,74,5,2592,1524,0.5879629629629629,True,0.5879290397223293,-0.022019512875724602,0.04377841978457324,0.997697418294015,-0.07710737785972115,0.5047061623175959,0.8304317804689219
q8415,8415,74,5,2083,1227,0.5890542486797887,True,0.5890115163147792,-0.017115140478528836,0.048847853367920614,0.9971348925161188,-0.07217358202414999,0.5047061623175959,0.8304317804689219
q4976,4976,74,5,2311,1363,0.5897879705755085,True,0.5897491349480969,-0.013771232444145617,0.04638654926273878,0.9974156202085551,-0.06885863525834554,0.5047061623175959,0.8304317804689219
q5882,5882,74,5,1619,958,0.5917232859789994,True,0.5916666666666667,-0.005070689267440699,0.05544604259079145,0.9963116480549697,-0.06011396776266485,0.5047061623175959,0.8304317804689219
q5800,5800,74,5,1623,961,0.59211337030191,True,0.5920566502463054,-0.003299823942676813,0.05538408248790321,0.9963198564828349,-0.058350114744336025,0.5047061623175959,0.8304317804689219
q6148,6148,74,5,5607,3331,0.5940788300338862,True,0.5940620542082738,0.005813886974314321,0.029821832000564083,0.9989302068235819,-0.0493990304637521,0.5047061623175959,0.8304317804689219
q4938,4938,74,5,2298,1366,0.5944299390774587,True,0.5943888647237929,0.00730029423985885,0.04658132581893223,0.9973939277632318,-0.04784052491251625,0.5047061623175959,0.8304317804689219
q8441,8441,74,5,1521,905,0.5950032873109796,True,0.5949408672798949,0.009811692863103993,0.05725943020346865,0.9960674087099078,-0.045275375408765396,0.5047061623175959,0.8304317804689219
q4629,4629,74,5,2618,1558,0.5951107715813598,True,0.5950744558991982,0.010419615053886947,0.04365201943863599,0.9977106650770919,-0.044743537740597486,0.5047061623175959,0.8304317804689219
q4948,4948,74,5,1793,1068,0.5956497490239822,True,0.5955964325529542,0.012795522375540307,0.05275097032137445,0.996660325699568,-0.042328461439760406,0.5047061623175959,0.8304317804689219
q5888,5888,74,5,1919,1145,0.5966649296508598,True,0.5966145833333333,0.017432410998845432,0.05100678970490193,0.9968768450727101,-0.03771525018039401,0.5047061623175959,0.8304317804689219
q4998,4998,74,5,2208,1321,0.5982789855072463,True,0.598234495246718,0.02481681260325603,0.04757753222095973,0.9972815731098218,-0.030366234773550452,0.5047061623175959,0.8304317804689219
q5808,5808,74,5,2181,1307,0.599266391563503,True,0.5992208982584785,0.029317596784913486,0.047886055323787,0.997246300165828,-0.025876770374387608,0.5047061623175959,0.8304317804689219
q4589,4589,74,5,2249,1348,0.5993775011116051,True,0.5993333333333334,0.029830824577776496,0.04715859427528291,0.997329108564309,-0.025367062088113523,0.5047061623175959,0.8304317804689219
q3620,3620,74,5,1935,1160,0.599483204134367,True,0.5994318181818182,0.03028040918075126,0.05084089402894579,0.9968970647438372,-0.024907883484121318,0.5047061623175959,0.8304317804689219
q5884,5884,74,5,1451,870,0.5995864920744314,True,0.5995179063360881,0.030673429395021278,0.05870763356656703,0.9958667997916852,-0.0244907461071976,0.5047061623175959,0.8304317804689219
q5090,5090,74,5,2204,1324,0.6007259528130672,True,0.6006802721088436,0.03598245388101053,0.047658142924840316,0.9972723787816187,-0.019230769177687356,0.5047061623175959,0.8304317804689219
q5887,5887,74,5,1409,849,0.602555003548616,True,0.6024822695035461,0.044222075509796684,0.05963339770450445,0.9957359788727674,-0.010996654506461702,0.5047061623175959,0.8304317804689219
q4988,4988,74,5,2221,1341,0.6037820801440792,True,0.6037353735373537,0.0499585322416626,0.04752359631851796,0.9972877163560618,-0.005292893665854602,0.5047061623175959,0.8304317804689219
q4978,4978,74,5,1638,992,0.6056166056166056,True,0.6055521659548505,0.05828530511184192,0.055368204663405994,0.9963219585095323,0.003008378543775626,0.5047061623175959,0.8304317804689219
q5124,5124,74,5,2032,1233,0.6067913385826772,True,0.6067388096409247,0.06373036898573943,0.049734699104953185,0.9970302263253747,0.008439410413896883,0.5047061623175959,0.8304317804689219
q5885,5885,74,5,2009,1221,0.6077650572424091,True,0.6077114427860697,0.06819725009741835,0.05003546597009014,0.9969943070371594,0.01289256141190595,0.5047061623175959,0.8304317804689219
q8395,8395,74,5,2381,1448,0.6081478370432591,True,0.6081024349286314,0.06999388897088389,0.04596898746336187,0.9974618212944024,0.014690685722413908,0.5047061623175959,0.8304317804689219
q5200,5200,74,5,6447,3926,0.6089654102683418,True,0.6089485111662531,0.07388361770657975,0.02794818632502886,0.999060287519406,0.01860030155103433,0.5047061623175959,0.8304317804689219
q4927,4927,74,5,2096,1277,0.6092557251908397,True,0.6092036242250835,0.07505699234355363,0.04901245452011048,0.9971156068379535,0.019734086044213336,0.5047061623175959,0.8304317804689219
q4933,4933,74,5,2525,1539,0.6095049504950495,True,0.6094615993665875,0.07624377931566781,0.04466106423754409,0.9976038594161728,0.02092769239844144,0.5047061623175959,0.8304317804689219
q4587,4587,74,5,1966,1199,0.6098677517802645,True,0.6098118962887646,0.07785568385450638,0.0506172034593435,0.9969242255649624,0.022520381751757204,0.5047061623175959,0.8304317804689219
q5119,5119,74,5,5367,3302,0.6152412893609093,True,0.6152198211624441,0.10280038021841469,0.03070167715950547,0.9988662231955794,0.047480665858102594,0.5047061623175959,0.8304317804689219
q5212,5212,74,5,1441,887,0.6155447605829285,True,0.6154646324549237,0.10393232279786818,0.05924151444185065,0.995791602028177,0.04846169401006619,0.5047061623175959,0.8304317804689219
q6153,6153,74,5,2414,1488,0.6164043082021541,True,0.6163561076604555,0.10805630705600626,0.045792912915097676,0.9974811790950251,0.052657516496177184,0.5047061623175959,0.8304317804689219
q4586,4586,74,5,1648,1016,0.616504854368932,True,0.6164342025469982,0.10841772882051445,0.05541910941826572,0.9963152172524689,0.052956054807354436,0.5047061623175959,0.8304317804689219
q8434,8434,74,5,2521,1556,0.617215390717969,True,0.6171689135606662,0.11181917303990721,0.04482501396104811,0.9975862773144002,0.05641684815119754,0.5047061623175959,0.8304317804689219
q3882,3882,74,5,2649,1636,0.61759154397886,True,0.6175471698113207,0.11357122142861666,0.04373546676325231,0.9977019240366978,0.058171410409442216,0.5047061623175959,0.8304317804689219
q3615,3615,74,5,1535,950,0.6188925081433225,True,0.6188151041666666,0.1194484762997317,0.057474665669229826,0.9960379056563549,0.06392835778392272,0.5047061623175959,0.8304317804689219
q4980,4980,74,5,1997,1236,0.6189283925888833,True,0.6188688688688688,0.1196978389978852,0.05039454295661827,0.9969511438340046,0.06423557426244049,0.5047061623175959,0.8304317804689219
q5134,5134,74,5,1861,1152,0.6190220311660397,True,0.6189581095596133,0.12011176722808241,0.052204348604443195,0.9967289553234506,0.06463383246074389,0.5047061623175959,0.8304317804689219
q8444,8444,74,5,1287,797,0.6192696192696193,True,0.6191770186335404,0.12112728150246435,0.06277346384895874,0.9952772787169815,0.06555041540076509,0.5047061623175959,0.8304317804689219
q8481,8481,74,5,2853,1767,0.619348054679285,True,0.6193062368605466,0.12172681587611721,0.042172487441668606,0.9978628975166491,0.06631896113903828,0.5047061623175959,0.8304317804689219
q8367,8367,74,5,4390,2719,0.6193621867881549,True,0.6193350034160784,0.12186029369129486,0.03400003970400722,0.9986098849414682,0.06650189893227326,0.5047061623175959,0.8304317804689219
q6278,6278,74,5,7525,4662,0.6195348837209302,True,0.6195190007972362,0.12271412986179397,0.02597231556472202,0.9991883575638967,0.0673935651724875,0.5047061623175959,0.8304317804689219
q5824,5824,74,5,1797,1116,0.6210350584307178,True,0.6209677419354839,0.12944196402069713,0.05316783873805686,0.9966075128686105,0.07392450162988316,0.5047061623175959,0.8304317804689219
q4503,4503,74,5,1901,1181,0.6212519726459758,True,0.6211882229232387,0.13046663931957306,0.051698401391536704,0.9967918494140446,0.07495956299009732,0.5047061623175959,0.8304317804689219
q8426,8426,74,5,1677,1042,0.6213476446034586,True,0.6212753277711561,0.1308715122279733,0.05504294127380695,0.9963648886447719,0.07533085634105696,0.5047061623175959,0.8304317804689219
q5173,5173,74,5,2413,1500,0.6216328222130129,True,0.6215824357912179,0.1322992426971102,0.04589684309888676,0.9974697618058712,0.07683850901133778,0.5047061623175959,0.8304317804689219
q17288,17288,74,5,1137,707,0.6218117854001759,True,0.6217047451669596,0.1328679655259695,0.06685006008681248,0.9946473509068591,0.07718676769685423,0.5047061623175959,0.8304317804689219
q5132,5132,74,5,1467,914,0.6230402181322426,True,0.6229564032697548,0.13869171613003062,0.05888860054823163,0.9958413853706338,0.08307895920174575,0.5047061623175959,0.8304317804689219
q6308,6308,74,5,3051,1901,0.6230744018354638,True,0.6230340760157274,0.1390533374695622,0.04084282929308947,0.9979952687529032,0.083619545237325,0.5047061623175959,0.8304317804689219
q5794,5794,74,5,1925,1201,0.623896103896104,True,0.6238317757009346,0.14276871298866206,0.05143070677158652,0.9968248818264444,0.08722506018595798,0.5047061623175959,0.8304317804689219
q5023,5023,74,5,2037,1271,0.6239567992145312,True,0.6238959764474975,0.14306785611629994,0.04999885559052501,0.9969986906941845,0.08753851427116198,0.5047061623175959,0.8304317804689219
q3855,3855,74,5,2196,1371,0.6243169398907104,True,0.6242603550295858,0.14476601952396242,0.04816290137300259,0.9972144568693386,0.08925089208074491,0.5047061623175959,0.8304317804689219
q4966,4966,74,5,1827,1141,0.6245210727969349,True,0.62445295404814,0.14566385110257843,0.05280490861347624,0.9966535153872412,0.09009551470566644,0.5047061623175959,0.8304317804689219
q5146,5146,74,5,1746,1091,0.6248568155784651,True,0.6247853463079565,0.14721373662241682,0.05402266575638273,0.9964979329047129,0.091625908072451,0.5047061623175959,0.8304317804689219
q8490,8490,74,5,1267,792,0.6250986582478295,True,0.625,0.14821488807392838,0.063416421334154,0.9951805069232659,0.09250109990820175,0.5047061623175959,0.8304317804689219
q8478,8478,74,5,1745,1093,0.6263610315186247,True,0.6262886597938144,0.154229549537582,0.05407224478095509,0.9964915245096858,0.09861651694139205,0.5047061623175959,0.8304317804689219
q5118,5118,74,5,1789,1122,0.6271660145332588,True,0.6270949720670391,0.1579967028448925,0.05342181002602026,0.9965751363688019,0.10237904280369374,0.5047061623175959,0.8304317804689219
q3627,3627,74,5,1930,1211,0.6274611398963731,True,0.6273951320559296,0.15939982467748187,0.0514410210767089,0.9968236122196595,0.10380323392057031,0.5047061623175959,0.8304317804689219
q4965,4965,74,5,1657,1040,0.627640313820157,True,0.6275633293124246,0.16018625511467902,0.05551875010547113,0.9963020042869175,0.10453243901888064,0.5047061623175959,0.8304317804689219
q3616,3616,74,5,2025,1272,0.6281481481481481,True,0.6280848963474828,0.16262573659819582,0.05023534209723149,0.9969703183551955,0.10703464945244008,0.5047061623175959,0.8304317804689219
q4974,4974,74,5,2214,1391,0.6282746160794941,True,0.628216704288939,0.163242427567772,0.04804706274375392,0.997227802910053,0.10767727435323914,0.5047061623175959,0.8304317804689219
q6268,6268,74,5,2322,1461,0.6291989664082688,True,0.6291433491175205,0.16758018214687295,0.0469356750345715,0.9973542329063954,0.1120172037260159,0.5047061623175959,0.8304317804689219
q5016,5016,74,5,2277,1433,0.629336846728151,True,0.62928007023705,0.1682205282517367,0.04739981072887912,0.9973017893504473,0.11264993187770596,0.5047061623175959,0.8304317804689219
q4975,4975,74,5,1374,865,0.6295487627365357,True,0.6294545454545455,0.16903782495036576,0.06101478462672354,0.9955370335275807,0.11326424353083904,0.5047061623175959,0.8304317804689219
q3863,3863,74,5,1747,1100,0.6296508299942759,True,0.6295766590389016,0.16960992732574717,0.05411763642037553,0.9964856522776164,0.11394226159592627,0.5047061623175959,0.8304317804689219
q5003,5003,74,5,4854,3059,0.6302018953440461,True,0.6301750772399588,0.17241452084361805,0.03248093416055174,0.9987311751736047,0.11700005888518485,0.5047061623175959,0.8304317804689219
q11561,11561,74,6,2620,1652,0.6305343511450382,True,0.6304845478824876,0.1738655660355002,0.04421285994233811,0.9976515995281546,0.11832122555836827,0.5047061623175959,0.8304317804689219
q8461,8461,74,5,2400,1516,0.6316666666666667,True,0.6316118284048313,0.17915496270809092,0.04621706273580522,0.9974344228845908,0.12357129478129922,0.5047061623175959,0.8304317804689219
q3895,3895,74,5,1551,980,0.6318504190844616,True,0.6317654639175257,0.17987631226856332,0.057488663901170765,0.9960359830983485,0.12411653339476542,0.5047061623175959,0.8304317804689219
q3891,3891,74,5,1985,1255,0.6322418136020151,True,0.6321752265861027,0.1818007787216941,0.0508297229259591,0.9968984239607819,0.12614250014860504,0.5047061623175959,0.8304317804689219
q3629,3629,74,5,3143,1989,0.6328348711422208,True,0.63279262086514,0.18470190777631923,0.040409746350292444,0.9980374752768518,0.12918206547610844,0.5047061623175959,0.8304317804689219
q4972,4972,74,5,1598,1013,0.6339173967459324,True,0.633833646028768,0.18959781987797258,0.05669008118790001,0.9961449259563826,0.13381413929560868,0.5047061623175959,0.8304317804689219
q4183,4183,74,5,1465,929,0.6341296928327645,True,0.6340381991814461,0.1905604432381717,0.05921130328617897,0.9957958751724492,0.1347258269774469,0.5047061623175959,0.8304317804689219
q4949,4949,74,5,2039,1293,0.6341343795978421,True,0.6340686274509804,0.19070365546067197,0.05019523850845541,0.9969751390740945,0.13502815406724358,0.5047061623175959,0.8304317804689219
q17329,17329,74,5,2098,1332,0.6348903717826502,True,0.6348261076703192,0.19427022811063793,0.04950183432717006,0.9970578893795049,0.1385954409881213,0.5047061623175959,0.8304317804689219
q4796,4796,74,5,2723,1733,0.6364304076386339,True,0.6363803230543319,0.20159701748792114,0.04348452745001325,0.9977281598080344,0.14599875561448852,0.5047061623175959,0.8304317804689219
q8457,8457,74,5,1913,1221,0.6382645060115003,True,0.6381922675026124,0.2101539419127692,0.0519200573438587,0.9967643698683304,0.15438696046158062,0.5047061623175959,0.8304317804689219
q5216,5216,74,5,1596,1019,0.6384711779448622,True,0.6383844708829054,0.2110625929584688,0.05684510040282357,0.9961238955378258,0.1551928876152214,0.5047061623175959,0.8304317804689219
q8456,8456,74,5,2608,1665,0.638420245398773,True,0.6383671904944423,0.21098089141076226,0.04447386919646349,0.9976238563435638,0.15534506925405825,0.5047061623175959,0.8304317804689219
q8477,8477,74,5,3057,1955,0.639515865227347,True,0.6394702419882276,0.21619915474121323,0.04110081155220606,0.9979699147189274,0.16060662556929162,0.5047061623175959,0.8304317804689219
q5012,5012,74,5,1306,839,0.6424196018376723,True,0.6423106350420811,0.22966518263170438,0.06295447363320522,0.9952501326938703,0.17357098802522047,0.5047061623175959,0.8304317804689219
q3618,3618,74,5,2339,1503,0.6425823001282599,True,0.6425213675213676,0.23066592210373227,0.04705450582805333,0.9973408546176218,0.17493368695481523,0.5047061623175959,0.8304317804689219
q8400,8400,74,5,10510,6760,0.6431969552806851,True,0.6431833317476929,0.2338110237945106,0.02220896132272925,0.9994063989504549,0.1784392183951978,0.5047061623175959,0.8304317804689219
q4148,4148,74,5,1508,972,0.6445623342175066,True,0.6444665341285619,0.23991436491445797,0.058651824078874905,0.9958746219767728,0.18388679908905053,0.5047061623175959,0.8304317804689219
q3857,3857,74,5,2649,1708,0.6447716119290299,True,0.6447169811320754,0.24110660291453154,0.04426468807349452,0.9976461034856814,0.18540333216583363,0.5047061623175959,0.8304317804689219
q5158,5158,74,5,1501,968,0.6449033977348434,True,0.6448069241011984,0.24153485340978734,0.058798313969577645,0.9958540745427173,0.18549677510608983,0.5047061623175959,0.8304317804689219
q8480,8480,74,5,1660,1072,0.6457831325301204,True,0.6456953642384106,0.24576738075094395,0.05593818830240638,0.9962461278407708,0.1897864414692653,0.5047061623175959,0.8304317804689219
q3658,3658,74,5,3877,2504,0.6458602011864844,True,0.6458225889633832,0.24637382933458488,0.03661146628826862,0.9983885016881839,0.19080003832201187,0.5047061623175959,0.8304317804689219
q4981,4981,74,5,3457,2233,0.64593578247035,True,0.6458935801041065,0.2467122646926668,0.03877252306880351,0.9981929977891634,0.19110049976584692,0.5047061623175959,0.8304317804689219
q11829,11829,74,6,996,644,0.6465863453815262,True,0.6464393179538616,0.24931487277394995,0.07222851717921894,0.9937569956736425,0.19283760292341068,0.5047061623175959,0.8304317804689219
q5750,5750,74,5,1991,1287,0.6464088397790055,True,0.6463353413654619,0.2488188860082103,0.051096218249972236,0.9968659183732634,0.1929464541232664,0.5047061623175959,0.8304317804689219
q5753,5753,74,5,1733,1121,0.6468551644547028,True,0.6467704728950404,0.2508949350882294,0.05477780832224302,0.9963996980138051,0.194924790420014,0.5047061623175959,0.8304317804689219
q6726,6726,74,5,2117,1371,0.6476145488899386,True,0.6475448536355052,0.25459214397242824,0.04958354206936042,0.9970481975595156,0.1987379512657625,0.5047061623175959,0.8304317804689219
q6601,6601,74,6,5926,3838,0.647654404319946,True,0.647629492154547,0.2549964432878059,0.029641614636718133,0.9989430839405412,0.19951952400589928,0.5047061623175959,0.8304317804689219
q4945,4945,74,5,3444,2232,0.6480836236933798,True,0.6480406386066764,0.2569609627036008,0.038888052876594636,0.9981822327639589,0.20132850710353054,0.5047061623175959,0.8304317804689219
q17370,17370,74,5,1163,754,0.648323301805675,True,0.6481958762886598,0.2577029556541131,0.06690659826765469,0.9946383416782654,0.20135173612587223,0.5047061623175959,0.8304317804689219
q5793,5793,74,5,1412,916,0.6487252124645893,True,0.648619957537155,0.2597306300630572,0.0607392171292718,0.9955770777241323,0.2035604773240337,0.5047061623175959,0.8304317804689219
q3660,3660,74,5,1823,1183,0.6489303346132749,True,0.6488486842105263,0.26082466560276524,0.05346617836300469,0.9965694646365963,0.20485366793692653,0.5047061623175959,0.8304317804689219
q5155,5155,74,5,1416,919,0.6490112994350282,True,0.6489061397318278,0.2610995303646769,0.0606623924074969,0.9955882097988652,0.20492561444225363,0.5047061623175959,0.8304317804689219
q17261,17261,74,5,644,419,0.6506211180124224,True,0.6503875968992248,0.26819317104485974,0.08998277490994938,0.9903439202841741,0.21087130679760518,0.5047061623175959,0.8304317804689219
q8462,8462,74,5,1473,958,0.6503733876442634,True,0.6502713704206241,0.26763619709826314,0.05952015871177341,0.9957520888331244,0.21146824582577292,0.5047061623175959,0.8304317804689219
q6449,6449,74,5,1260,820,0.6507936507936508,True,0.6506740681998414,0.26956631032783074,0.06436457681811007,0.9950360353021336,0.2132367094835651,0.5047061623175959,0.8304317804689219
q4173,4173,74,5,4370,2843,0.6505720823798627,True,0.6505376344086021,0.2689122857472198,0.03456869430145759,0.9985630637907592,0.21333946862631947,0.5047061623175959,0.8304317804689219
q17057,17057,74,5,1253,817,0.6520351157222666,True,0.6519138755980861,0.2755144672250136,0.06458620824205548,0.9950019620087902,0.21914783534315416,0.5047061623175959,0.8304317804689219
q4993,4993,74,5,1643,1073,0.6530736457699331,True,0.6529805352798054,0.280639005145025,0.056439667816509734,0.9961787784130269,0.22451198348839044,0.5047061623175959,0.8304317804689219
q8407,8407,74,5,2017,1321,0.6549330689142291,True,0.6548562933597621,0.28966677966126797,0.050993421589082204,0.996878476813003,0.23366927085365213,0.5047061623175959,0.8304317804689219
q4989,4989,74,5,1888,1237,0.6551906779661016,True,0.6551085230280572,0.29088230850004637,0.05271307645561567,0.9966651061168407,0.23483073173696353,0.5047061623175959,0.8304317804689219
q3861,3861,74,5,1779,1168,0.65654862282181,True,0.6564606741573034,0.2974049662448818,0.05434330188428082,0.9964563862458174,0.2412810978591725,0.5047061623175959,0.8304317804689219
q5191,5191,74,5,4427,2907,0.6566523605150214,True,0.6566169828364951,0.29815969134591674,0.03445796588819791,0.9985722413450674,0.24254707674057352,0.5047061623175959,0.8304317804689219
q4957,4957,74,5,1939,1275,0.6575554409489428,True,0.6574742268041237,0.3023014515188049,0.05208331966170822,0.9967440553935921,0.24623129640989658,0.5047061623175959,0.8304317804689219
q5025,5025,74,5,1560,1027,0.6583333333333333,True,0.6582319026265214,0.30596585958646827,0.05808733218215584,0.995953329084557,0.24968553825151554,0.5047061623175959,0.8304317804689219
q8199,8199,74,5,4516,2973,0.658325952170062,True,0.6582909010405136,0.3062513451621422,0.0341485417667976,0.9985977322693241,0.2506335754810218,0.5047061623175959,0.8304317804689219
q8486,8486,74,5,1993,1315,0.6598093326643252,True,0.6597291875626881,0.31321763317731915,0.05143823139997438,0.996823955630897,0.2571325459966411,0.5047061623175959,0.8304317804689219
q3893,3893,74,5,2466,1627,0.6597729115977291,True,0.6597081475476287,0.31311563471677656,0.04624436919416962,0.9974313981350652,0.2571875004244122,0.5047061623175959,0.8304317804689219
q4590,4590,74,5,2440,1610,0.6598360655737705,True,0.6597705858254813,0.3134183330090179,0.04649164263177403,0.9974039270363717,0.25748232947211414,0.5047061623175959,0.8304317804689219
q4913,4913,74,5,1809,1194,0.6600331674958541,True,0.6599447513812154,0.3142628083975628,0.05399609353309456,0.9965013651428827,0.2580908517293818,0.5047061623175959,0.8304317804689219
q4506,4506,74,5,2335,1542,0.6603854389721627,True,0.6603167808219178,0.3160672959238793,0.04753975505892221,0.9972858766145741,0.2600936277618243,0.5047061623175959,0.8304317804689219
q5872,5872,74,5,1497,989,0.6606546426185704,True,0.660547396528705,0.3171863042972943,0.05937374664479194,0.9957728735455833,0.26081331251305045,0.5047061623175959,0.8304317804689219
q6275,6275,74,5,1764,1166,0.6609977324263039,True,0.6609065155807365,0.3189295058418211,0.05471003420708127,0.996408569509259,0.26271675526457505,0.5047061623175959,0.8304317804689219
q5138,5138,74,5,1260,834,0.6619047619047619,True,0.661776367961935,0.32315521181666373,0.06475874227351032,0.9949753574200525,0.26654334259632995,0.5047061623175959,0.8304317804689219
q5190,5190,74,5,3036,2009,0.6617259552042161,True,0.6616727033256503,0.32265136355934515,0.041726086876036496,0.9979078068544387,0.266826120580107,0.5047061623175959,0.8304317804689219
q5871,5871,74,5,1403,929,0.662152530292231,True,0.6620370370370371,0.3244224591677037,0.06138151521983741,0.9954834658349635,0.26794098323526483,0.5047061623175959,0.8304317804689219
q8443,8443,74,5,2383,1579,0.6626101552664708,True,0.6625419463087249,0.3268783079799323,0.04711885594537957,0.9973335959399037,0.27088825856187615,0.5047061623175959,0.8304317804689219
q8408,8408,74,5,2014,1335,0.6628599801390268,True,0.6627791563275435,0.32803264232449514,0.05125898985290243,0.9968459818494588,0.27190651003906474,0.5047061623175959,0.8304317804689219
q4940,4940,74,5,1542,1023,0.6634241245136187,True,0.6633182112767336,0.3306571772834726,0.0585950209604106,0.9958825759144224,0.2742574534998311,0.5047061623175959,0.8304317804689219
q5163,5163,74,5,2575,1708,0.6633009708737864,True,0.6632375776397516,0.330264472536335,0.045347186834231515,0.9975298538974315,0.27431936490907427,0.5047061623175959,0.8304317804689219
q5139,5139,74,5,1879,1251,0.6657796700372539,True,0.6656914893617021,0.34223436451050765,0.053158301485330156,0.996608725721761,0.28599535469007686,0.5047061623175959,0.8304317804689219
q8445,8445,74,5,2236,1489,0.6659212880143113,True,0.6658471166741171,0.34299481487096634,0.04873682082059489,0.9971478655465401,0.28690835231424666,0.5047061623175959,0.8304317804689219
q3614,3614,74,5,2506,1673,0.6675977653631285,True,0.6675309134423614,0.35123263286957257,0.04608407077822,0.9974491291892861,0.2952118389882599,0.5047061623175959,0.8304317804689219
q5125,5125,74,5,2123,1418,0.6679227508243052,True,0.6678436911487758,0.352764936223057,0.05007635683208838,0.9969894070956491,0.29660346671763993,0.5047061623175959,0.8304317804689219
q5151,5151,74,5,1610,1077,0.668944099378882,True,0.6688392302917443,0.35764645136076284,0.057533992530950116,0.9960297543703843,0.301180105204305,0.5047061623175959,0.8304317804689219
q3624,3624,74,5,2091,1399,0.6690578670492587,True,0.6689770554493308,0.35832278583914745,0.050492621704775247,0.9969393011685062,0.30212939896090124,0.5047061623175959,0.8304317804689219
q4764,4764,74,5,2840,1901,0.6693661971830986,True,0.6693065821893699,0.3599403558356157,0.04333716751029909,0.9977434966121099,0.30398703593564574,0.5047061623175959,0.8304317804689219
q4736,4736,74,5,5042,3375,0.6693772312574375,True,0.6693436446559587,0.3601223327148509,0.03252830979411155,0.998727475854551,0.3044685746631039,0.5047061623175959,0.8304317804689219
q5728,5728,74,5,1531,1027,0.6708033964728936,True,0.6706919060052219,0.3667486399149712,0.05906587082111605,0.9958164155275836,0.3101797044499994,0.5047061623175959,0.8304317804689219
q8427,8427,74,5,2100,1409,0.670952380952381,True,0.670871013802951,0.3676298346163393,0.05044302048108442,0.9969452931853365,0.3114098333552042,0.5047061623175959,0.8304317804689219
q5792,5792,74,5,2019,1355,0.671124318969787,True,0.6710396039603961,0.3684594843170454,0.0514498103756816,0.9968225301303285,0.31219850010837075,0.5047061623175959,0.8304317804689219
q5873,5873,74,5,1787,1200,0.6715165081141579,True,0.671420581655481,0.3703350342228216,0.05469887798493454,0.9964100287986878,0.3139381240407279,0.5047061623175959,0.8304317804689219
q6316,6316,74,5,2053,1379,0.671699951290794,True,0.671616358325219,0.3712992297285323,0.051040492677548246,0.9968727293423514,0.3150450869424773,0.5047061623175959,0.8304317804689219
q6284,6284,74,5,1950,1311,0.6723076923076923,True,0.6722193746796514,0.37427073496718766,0.0523901816849064,0.9967057026947541,0.3179540171586069,0.5047061623175959,0.8304317804689219
q8465,8465,74,5,2103,1417,0.6737993342843557,True,0.6737167300380228,0.38166024524315323,0.0504969268660855,0.9969387808142565,0.3253952595894533,0.5047061623175959,0.8304317804689219
q4935,4935,74,5,1408,949,0.6740056818181818,True,0.6738821859474805,0.3824777404060317,0.06171316808014675,0.9954347504733932,0.32571811556544444,0.5047061623175959,0.8304317804689219
q3638,3638,74,5,2766,1865,0.6742588575560376,True,0.6741958800144561,0.3840281896436986,0.04404688781915096,0.9976691568924275,0.3279960753627903,0.5047061623175959,0.8304317804689219
q5142,5142,74,5,2200,1484,0.6745454545454546,True,0.6744661517492049,0.3853645789829838,0.04939516700985288,0.9970705180253537,0.3291317398415616,0.5047061623175959,0.8304317804689219
q5822,5822,74,5,1493,1008,0.6751507032819826,True,0.6750334672021419,0.38817141824994755,0.05997585357219329,0.9956870762116757,0.3314698009999388,0.5047061623175959,0.8304317804689219
q8430,8430,74,5,3473,2347,0.6757846242441693,True,0.67573402417962,0.3916406421271452,0.03934884499358998,0.9981389800310552,0.33574882108815507,0.5047061623175959,0.8304317804689219
q4762,4762,74,5,2183,1478,0.6770499312872195,True,0.6769688644688645,0.39776425728985015,0.049666916494536424,0.9970382917629617,0.34148405606985266,0.5047061623175959,0.8304317804689219
q5827,5827,74,5,1466,993,0.6773533424283765,True,0.6772324471710974,0.3990727985798269,0.06061119974563194,0.9955956200463872,0.3422927212394788,0.5047061623175959,0.8304317804689219
q5749,5749,74,5,1463,991,0.6773752563226247,True,0.6772540983606558,0.3991803070689198,0.06067412460617586,0.9955865106723369,0.3423966233746406,0.5047061623175959,0.8304317804689219
q3653,3653,74,5,1597,1084,0.6787726988102692,True,0.6786608260325406,0.40617270436544656,0.05812801939680958,0.9959476811063572,0.34948489699176977,0.5047061623175959,0.8304317804689219
q4164,4164,74,5,1237,840,0.6790622473726758,True,0.6789176090468497,0.4074506559762049,0.06605216457856986,0.9947736987214019,0.35034421114230124,0.5047061623175959,0.8304317804689219
q5818,5818,74,5,1820,1236,0.6791208791208792,True,0.6790225151015925,0.40797288965785544,0.05446562090415925,0.9964404728012338,0.35145159847357377,0.5047061623175959,0.8304317804689219
q3646,3646,74,5,1364,927,0.6796187683284457,True,0.6794871794871795,0.41028701616160795,0.06292808647885365,0.9952540947477776,0.35333629842638153,0.5047061623175959,0.8304317804689219
q6248,6248,74,5,1583,1076,0.6797220467466835,True,0.6796085858585859,0.4108919086551496,0.05842089446740137,0.9959069109904056,0.3541704786439286,0.5047061623175959,0.8304317804689219
q4986,4986,74,5,1964,1335,0.679735234215886,True,0.6796437659033079,0.41106720936786556,0.05245352073828682,0.9966977586737988,0.3546264465391372,0.5047061623175959,0.8304317804689219
q17154,17154,74,5,1007,685,0.6802383316782522,True,0.6800595238095238,0.41313960984494497,0.07325640251041393,0.9935791917369222,0.35557595008356224,0.5047061623175959,0.8304317804689219
q5874,5874,74,5,2344,1594,0.6800341296928327,True,0.6799573560767591,0.41263022215937223,0.048025834736809186,0.9972302451929532,0.3563745896113709,0.5047061623175959,0.8304317804689219
q8406,8406,74,5,2109,1435,0.6804172593646278,True,0.6803317535545024,0.414497271912009,0.050642293409475875,0.9969211849979691,0.35812544395164886,0.5047061623175959,0.8304317804689219
q5801,5801,74,5,1350,919,0.6807407407407408,True,0.6806069578090304,0.4158703305173817,0.06330043392691478,0.9951980357414566,0.3588728997707386,0.5047061623175959,0.8304317804689219
q5195,5195,74,5,1768,1204,0.6809954751131222,True,0.6808931599773883,0.4172988612576246,0.05532909704089058,0.9963271333402576,0.36070334139411525,0.5047061623175959,0.8304317804689219
q17107,17107,74,5,1142,778,0.681260945709282,True,0.6811023622047244,0.4183434480668246,0.06884228404434493,0.9943254018130582,0.36101730764188855,0.5047061623175959,0.8304317804689219
q4784,4784,74,5,2035,1387,0.6815724815724816,True,0.681483300589391,0.42024639138488834,0.05159416909271687,0.9968047313759056,0.36381435963981684,0.5047061623175959,0.8304317804689219
q6561,6561,74,6,11266,7677,0.6814308538966802,True,0.6814147510428685,0.41990387769945714,0.02193134877659814,0.9994211377178278,0.3644269817022498,0.5047061623175959,0.8304317804689219
q3654,3654,74,5,1619,1104,0.6819024088943793,True,0.6817901234567901,0.42177989259830706,0.05785244845507265,0.9959858583010138,0.36504283239994184,0.5047061623175959,0.8304317804689219
q6757,6757,74,5,1720,1174,0.6825581395348838,True,0.6824520627542127,0.4250906927918016,0.0561543173574272,0.9962171739826831,0.36842588886469047,0.5047061623175959,0.8304317804689219
q4003,4003,74,5,1587,1085,0.6836798991808444,True,0.6835642317380353,0.4306609045794248,0.05850286042937895,0.9958954646980656,0.3738542614263832,0.5047061623175959,0.8304317804689219
q3854,3854,74,5,1890,1294,0.6846560846560846,True,0.6845584346906399,0.4356483320433099,0.05364791810644981,0.9965461838534952,0.37906874000464685,0.5047061623175959,0.8304317804689219
q5754,5754,74,5,15376,10529,0.6847684703433923,True,0.6847564544449503,0.4366426123480712,0.018815775151244305,0.9995738571980475,0.38121427059410073,0.5047061623175959,0.8304317804689219
q5189,5189,74,5,1627,1115,0.6853103872157345,True,0.6851965601965602,0.4388535255431471,0.05784459790929545,0.9959869432891224,0.3820483455509231,0.5047061623175959,0.8304317804689219
q5127,5127,74,5,1923,1320,0.6864274570982839,True,0.6863305613305614,0.4445572583538777,0.05325125846377949,0.9965968952272132,0.3879666380252512,0.5047061623175959,0.8304317804689219
q8448,8448,74,5,1661,1142,0.687537627934979,True,0.687424789410349,0.45007053920623386,0.05733900187665577,0.9960565142447287,0.393247811643592,0.5047061623175959,0.8304317804689219
q5797,5797,74,5,1396,961,0.6883954154727794,True,0.6882605583392984,0.4542879772606503,0.06257831165389008,0.9953064597647502,0.39714932993503765,0.5047061623175959,0.8304317804689219
q3649,3649,74,5,2302,1588,0.6898349261511729,True,0.6897524967433782,0.4618304968988724,0.04879068090803217,0.9971415761847041,0.4054025419667827,0.5047061623175959,0.8304317804689219
q5802,5802,74,5,4203,2899,0.6897454199381394,True,0.6897002854424358,0.46156623813631203,0.03611072802912244,0.9984322128091225,0.40566342476691997,0.5047061623175959,0.8304317804689219
q4995,4995,74,5,1906,1316,0.6904512067156349,True,0.6903513371788149,0.4648630122844333,0.05364081218487177,0.9965470955825875,0.40818289155311405,0.5047061623175959,0.8304317804689219
q9101,9101,74,5,4236,2929,0.6914542020774316,True,0.6914090158130752,0.47022623253738693,0.0360141818085819,0.9984405718683824,0.41431331081837214,0.5047061623175959,0.8304317804689219
q8416,8416,74,5,2547,1763,0.6921868865331763,True,0.6921114599686028,0.4737932354114135,0.04646491092208072,0.9974069038128965,0.4174421327889212,0.5047061623175959,0.8304317804689219
q5891,5891,74,5,1829,1267,0.6927282668124658,True,0.6926229508196722,0.47639315150970046,0.05484811421042956,0.9963904836754165,0.4196072647552894,0.5047061623175959,0.8304317804689219
q5199,5199,74,5,1625,1127,0.6935384615384615,True,0.6934194341943419,0.48044602989451246,0.058221200559195746,0.9959347315454925,0.42345173742350417,0.5047061623175959,0.8304317804689219
q8466,8466,74,5,1437,997,0.6938065414057063,True,0.6936717663421419,0.48173112121985634,0.06192169440678011,0.9954039887929511,0.4245052611402028,0.5047061623175959,0.8304317804689219
q5018,5018,74,5,2116,1468,0.6937618147448015,True,0.6936702881435994,0.4817235914102961,0.05103420710070031,0.9968734971263489,0.425124449185516,0.5047061623175959,0.8304317804689219
q11848,11848,74,6,1985,1378,0.6942065491183879,True,0.6941087613293051,0.48395794035254003,0.05270757463470331,0.9966657999051733,0.42726277426739606,0.5047061623175959,0.8304317804689219
q5877,5877,74,5,1577,1095,0.6943563728598605,True,0.694233206590621,0.48459237731447896,0.059135628474390634,0.9958065694069083,0.4275262054184663,0.5047061623175959,0.8304317804689219
q6342,6342,74,5,1566,1088,0.6947637292464879,True,0.694639438417358,0.48666430739795186,0.059360733096825644,0.995774718518506,0.4295757065818862,0.5047061623175959,0.8304317804689219
q17239,17239,74,5,1269,882,0.6950354609929078,True,0.6948818897637795,0.48790156374654803,0.06594931560189936,0.9947898769313214,0.43038165750236823,0.5047061623175959,0.8304317804689219
q6283,6283,74,5,1786,1243,0.6959686450167973,True,0.6958589815332961,0.49289284501035713,0.05563745949892772,0.9962862321700439,0.436001779066837,0.5047061623175959,0.8304317804689219
q3664,3664,74,5,2510,1747,0.69601593625498,True,0.6959378733572282,0.4932962043978566,0.0469387955999169,0.9973538820127213,0.4368713035413775,0.5047061623175959,0.8304317804689219
q5203,5203,74,5,1623,1130,0.696241528034504,True,0.6961206896551724,0.4942311157202405,0.05837433832005851,0.9959134053826256,0.43717142172930934,0.5047061623175959,0.8304317804689219
q5799,5799,74,5,1312,914,0.6966463414634146,True,0.6964965727341965,0.4961542611521382,0.06493899988848892,0.9949474875746601,0.43866084604955446,0.5047061623175959,0.8304317804689219
q5193,5193,74,5,1355,944,0.6966789667896679,True,0.6965339233038348,0.4963454257889046,0.06390286843968371,0.9951066489546847,0.43892124766325236,0.5047061623175959,0.8304317804689219
q5608,5608,74,5,1747,1217,0.6966227819118489,True,0.6965102974828375,0.49622450464284706,0.05628228767069225,0.9961999785325873,0.4392830313985122,0.5047061623175959,0.8304317804689219
q3645,3645,74,5,1916,1336,0.697286012526096,True,0.6971830985915493,0.4996699063801923,0.053771532139621964,0.9965303044318311,0.44286213871449537,0.5047061623175959,0.8304317804689219
q6303,6303,74,5,4305,3002,0.69732868757259,True,0.697282861124013,0.5001811220082946,0.03588056903406573,0.9984521034973588,0.44422661839013905,0.5047061623175959,0.8304317804689219
q5202,5202,74,5,1494,1043,0.6981258366800536,True,0.6979933110367893,0.5038242005528637,0.06092710089967401,0.9955497946346823,0.4465622028651259,0.5047061623175959,0.8304317804689219
q5803,5803,74,5,1522,1063,0.6984231274638634,True,0.6982928430728824,0.5053614745353325,0.06037824960267191,0.9956292624603214,0.44812840378560354,0.5047061623175959,0.8304317804689219
q6289,6289,74,5,1708,1193,0.6984777517564403,True,0.6983616149795202,0.5057145401413786,0.05700097486163676,0.9961026920877061,0.4486931820039148,0.5047061623175959,0.8304317804689219
q8379,8379,74,5,4149,2901,0.6992046276211136,True,0.6991566265060241,0.5097990362875915,0.03660110619838493,0.9983894121144244,0.45380114981769054,0.5047061623175959,0.8304317804689219
q5819,5819,74,5,4160,2914,0.7004807692307692,True,0.7004325883201153,0.5163661662333975,0.036588781803389606,0.9983904948268844,0.4603582020626521,0.5047061623175959,0.8304317804689219
q5886,5886,74,5,1482,1039,0.7010796221322537,True,0.700944032366824,0.5190025408161637,0.061312519551644004,0.99549356798517,0.46164692203512603,0.5047061623175959,0.8304317804689219
q5182,5182,74,5,3230,2267,0.7018575851393188,True,0.7017951098731043,0.5233948505320789,0.041566217111202786,0.9979237750204923,0.46715708856746196,0.5047061623175959,0.8304317804689219
q4588,4588,74,5,1890,1330,0.7037037037037037,True,0.7035959809624537,0.5327105667241393,0.054410329890031174,0.9964476704128841,0.47574870484749504,0.5047061623175959,0.8304317804689219
q5183,5183,74,5,1474,1038,0.7042062415196744,True,0.7040677966101695,0.5351561221076915,0.06163032290404169,0.9954469434689519,0.47770533365763035,0.5047061623175959,0.8304317804689219
q3884,3884,74,5,10720,7550,0.7042910447761194,True,0.7042719895532134,0.536215148299555,0.02286355033317889,0.9993709139071458,0.48064676898683273,0.5047061623175959,0.8304317804689219
q3623,3623,74,5,1701,1201,0.7060552616108172,True,0.7059341950646298,0.544850399292025,0.05745957917629252,0.9960399771634035,0.48764581240125776,0.5047061623175959,0.8304317804689219
q5164,5164,74,5,1702,1202,0.7062279670975323,True,0.7061068702290076,0.5457489349378767,0.05745074364673359,0.9960411901101556,0.4885413847553327,0.5047061623175959,0.8304317804689219
q4984,4984,74,5,2723,1923,0.7062063900110173,True,0.7061306901615272,0.5458729067362558,0.045426347068025126,0.997521243753612,0.4893909905780062,0.5047061623175959,0.8304317804689219
q10777,10777,74,6,4833,3415,0.7066004552038072,True,0.7065577161770791,0.5480962858566369,0.034112116413782693,0.9986007180144306,0.4921408562855028,0.5047061623175959,0.8304317804689219
q8418,8418,74,5,2042,1444,0.7071498530852106,True,0.7070484581497798,0.5506535354163871,0.052493012067825494,0.9966928008545187,0.49374936881044595,0.5047061623175959,0.8304317804689219
q3852,3852,74,5,2188,1548,0.7074954296160878,True,0.7074006395614436,0.5524901525386762,0.05072684309146359,0.996910927747846,0.495688369872931,0.5047061623175959,0.8304317804689219
q8429,8429,74,5,1614,1143,0.70817843866171,True,0.7080495356037152,0.5558772163922882,0.05908887191204484,0.9958131702430542,0.4985154209250582,0.5047061623175959,0.8304317804689219
q4964,4964,74,5,1936,1371,0.7081611570247934,True,0.7080536912751678,0.5558989208236012,0.053954619768132955,0.9965067188319744,0.4988842478637147,0.5047061623175959,0.8304317804689219
q17397,17397,74,5,1184,840,0.7094594594594594,True,0.709282700421941,0.5623251116455161,0.06905185255848499,0.9942909977357655,0.5041644882264485,0.5047061623175959,0.8304317804689219
q5126,5126,74,5,1374,975,0.7096069868995634,True,0.7094545454545454,0.5632248065290729,0.06411286041137867,0.9950745945784789,0.5054570818073394,0.5047061623175959,0.8304317804689219
q5825,5825,74,5,2117,1502,0.7094945677846008,True,0.709395656279509,0.5629164600290819,0.05165498878343727,0.9967972178520063,0.5060247448448637,0.5047061623175959,0.8304317804689219
q8459,8459,74,5,1498,1064,0.7102803738317757,True,0.710140093395597,0.566816840858274,0.06143895005791973,0.9954750478798052,0.5092362762059686,0.5047061623175959,0.8304317804689219
q8431,8431,74,5,1516,1077,0.7104221635883905,True,0.7102834541858932,0.5675685792081391,0.06108067859535385,0.9955274317446793,0.5100114493742658,0.5047061623175959,0.8304317804689219
q11738,11738,74,6,2179,1549,0.710876548875631,True,0.7107798165137614,0.5701728940833277,0.05097403486783627,0.996880842446495,0.5133009970168668,0.5047061623175959,0.8304317804689219
q4139,4139,74,5,8358,5958,0.7128499641062455,True,0.7128245005383419,0.580926492883836,0.02607661156884171,0.999181831258631,0.5252305929739414,0.5047061623175959,0.8304317804689219
q10861,10861,74,6,4200,2996,0.7133333333333334,True,0.7132825517733873,0.5833412072657475,0.03679779524885904,0.9983720837258516,0.5272157239706974,0.5047061623175959,0.8304317804689219
q5752,5752,74,5,1721,1230,0.7147007553747821,True,0.7145760743321719,0.5901716545106698,0.0575392568922346,0.9960290306673205,0.5327817390696398,0.5047061623175959,0.8304317804689219
q10805,10805,74,6,4173,2983,0.7148334531512102,True,0.7147819837086727,0.5912605174335244,0.036964246934686265,0.9983573471828325,0.5351142434556669,0.5047061623175959,0.8304317804689219
q8412,8412,74,5,1997,1428,0.7150726089133701,True,0.714964964964965,0.5922284958322754,0.05343540454058986,0.9965733990363542,0.5351227182330857,0.5047061623175959,0.8304317804689219
q3643,3643,74,5,2301,1650,0.7170795306388527,True,0.7169852302345786,0.602938523882271,0.04987002033672089,0.99701409197369,0.5460374027828735,0.5047061623175959,0.8304317804689219
q4742,4742,74,5,1242,892,0.7181964573268921,True,0.7180209171359614,0.6084453366345469,0.06792872313262004,0.994474183555599,0.5501227473897171,0.5047061623175959,0.8304317804689219
q5021,5021,74,5,2141,1537,0.7178888369920597,True,0.7177871148459384,0.6072012196781741,0.05173559386048685,0.9967872466225808,0.550162166581833,0.5047061623175959,0.8304317804689219
q5000,5000,74,5,1480,1063,0.7182432432432433,True,0.7180958811613775,0.6088443586613809,0.06223580703838027,0.9953574588139773,0.5510085267201538,0.5047061623175959,0.8304317804689219
q6282,6282,74,5,2081,1495,0.7184046131667468,True,0.718299711815562,0.6099296151056242,0.05249959928425003,0.9966919735241025,0.5528289518093595,0.5047061623175959,0.8304317804689219
q6302,6302,74,5,2212,1591,0.719258589511754,True,0.719159511974695,0.6145122502193607,0.05096101384139699,0.9968824308176306,0.5575029400061768,0.5047061623175959,0.8304317804689219
q4946,4946,74,5,1490,1073,0.7201342281879195,True,0.7199865861837693,0.6189278202775136,0.06213148040735154,0.9953729385050257,0.5610539007640439,0.5047061623175959,0.8304317804689219
q4959,4959,74,5,3106,2236,0.7198969735994849,True,0.7198261989056968,0.6180709806345371,0.043034558111394554,0.997774829577416,0.5615528224597381,0.5047061623175959,0.8304317804689219
q4782,4782,74,5,2416,1742,0.7210264900662252,True,0.7209350434422839,0.6240003830083866,0.04884089326332468,0.9971357065913186,0.567105539571093,0.5047061623175959,0.8304317804689219
q4994,4994,74,5,1437,1037,0.721642310368824,True,0.7214881780250347,0.6269631188270253,0.06335199261451548,0.9951902477219707,0.5689475756659857,0.5047061623175959,0.8304317804689219
q4956,4956,74,5,2111,1523,0.7214590241591663,True,0.7213541666666666,0.6262450163720917,0.05226848550755126,0.9967209393170008,0.5691069201616015,0.5047061623175959,0.8304317804689219
q3889,3889,74,5,1660,1198,0.7216867469879518,True,0.7215532811559302,0.6273120450431227,0.0589495642426506,0.9958328065045843,0.569662396958882,0.5047061623175959,0.8304317804689219
q4963,4963,74,5,1739,1255,0.721679125934445,True,0.721551724137931,0.6273036995286808,0.05759571533885572,0.9960212651063876,0.5697618916806213,0.5047061623175959,0.8304317804689219
q5209,5209,74,5,2093,1511,0.7219302436693741,True,0.7218242597898759,0.6287648712329439,0.05251509445600389,0.9966900269830072,0.5716007840712599,0.5047061623175959,0.8304317804689219
q5194,5194,74,5,1604,1160,0.7231920199501247,True,0.7230529595015577,0.6353624151547753,0.060051404148767154,0.9956762505431787,0.5775884020405292,0.5047061623175959,0.8304317804689219
q5876,5876,74,5,1617,1172,0.7247990105132962,True,0.7246600741656366,0.6440168046939992,0.059898600051479865,0.9956981320460223,0.5862182549240125,0.5047061623175959,0.8304317804689219
q6299,6299,74,5,1409,1022,0.7253371185237757,True,0.725177304964539,0.6468081897822562,0.06419565966932403,0.9950619272880681,0.5886212897725199,0.5047061623175959,0.8304317804689219
q5729,5729,74,5,1462,1061,0.725718194254446,True,0.7255639097744361,0.6488965598643992,0.06304490792630049,0.9952365415453611,0.5908030037219595,0.5047061623175959,0.8304317804689219
q6260,6260,74,5,1806,1311,0.7259136212624585,True,0.7257885998893193,0.6501110631621354,0.05673937235248914,0.9961382450851772,0.5925480958443932,0.5047061623175959,0.8304317804689219
q3635,3635,74,5,4449,3229,0.7257810743987413,True,0.7257303370786516,0.6497960845984713,0.036154293281281946,0.9984284336086443,0.5935959200377976,0.5047061623175959,0.8304317804689219
q17162,17162,74,5,1193,867,0.7267393126571668,True,0.7265494137353434,0.6542276490820804,0.06985092091940134,0.994158880282085,0.5954632205570914,0.5047061623175959,0.8304317804689219
q3619,3619,74,5,1866,1357,0.7272240085744909,True,0.72710230316015,0.6572232988189434,0.055889344723447386,0.9962526559648525,0.5997017362747877,0.5047061623175959,0.8304317804689219
q6313,6313,74,5,1763,1283,0.7277368122518435,True,0.7276077097505669,0.6599647100579058,0.05752545816591937,0.9960309274694414,0.6022987955277995,0.5047061623175959,0.8304317804689219
q5201,5201,74,5,1701,1238,0.7278071722516167,True,0.7276733254994124,0.6603208341232901,0.058567499926543864,0.9958864268605072,0.6025660752930715,0.5047061623175959,0.8304317804689219
q8474,8474,74,5,2218,1614,0.7276825969341749,True,0.727579990986931,0.6598142834893201,0.051288416059093005,0.996842370998662,0.6026395229513413,0.5047061623175959,0.8304317804689219
q8413,8413,74,5,1665,1212,0.7279279279279279,True,0.7277911164465787,0.6609602578976189,0.059203532835449275,0.9957969738986809,0.6031486875895755,0.5047061623175959,0.8304317804689219
q3661,3661,74,5,1489,1084,0.7280053727333781,True,0.7278523489932885,0.6612927190203755,0.06260619338808554,0.9953022960762914,0.6031799633032241,0.5047061623175959,0.8304317804689219
q17214,17214,74,5,1333,971,0.7284321080270068,True,0.7282608695652174,0.6635118713183523,0.06619141650369122,0.9947517549709308,0.6050538262277486,0.5047061623175959,0.8304317804689219
q8484,8484,74,5,1693,1233,0.7282929710572947,True,0.7281582054309327,0.6629540029051532,0.058732749024484304,0.9958632772546404,0.6051743446006556,0.5047061623175959,0.8304317804689219
q8397,8397,74,5,1723,1255,0.7283807312826466,True,0.7282482598607889,0.6634433447244692,0.058224494974484446,0.9959342733409621,0.6057048403725264,0.5047061623175959,0.8304317804689219
q11601,11601,74,6,2665,1942,0.7287054409005629,True,0.7286196549137285,0.6654624304255362,0.04683801697617396,0.9973652024557527,0.6085888651175207,0.5047061623175959,0.8304317804689219
q5177,5177,74,5,2202,1607,0.7297910990009082,True,0.7296867907399002,0.6712727459964956,0.05157826957047781,0.9968066941252721,0.614039826683915,0.5047061623175959,0.8304317804689219
q3650,3650,74,5,1701,1242,0.7301587301587301,True,0.7300235017626322,0.673108799351317,0.05869965027917307,0.9958679191672958,0.6152900014425273,0.5047061623175959,0.8304317804689219
q3870,3870,74,5,1853,1354,0.730706961683756,True,0.7305825242718447,0.6761600131867064,0.056272440503233045,0.9962013030715539,0.6185356035457069,0.5047061623175959,0.8304317804689219
q4955,4955,74,5,1450,1060,0.7310344827586207,True,0.7308752584424535,0.6777592501579048,0.06362686466909603,0.9951486229277213,0.6194734790275621,0.5047061623175959,0.8304317804689219
q4930,4930,74,5,2200,1608,0.730909090909091,True,0.730804179918219,0.6773708485183878,0.05165759333978931,0.996796895896018,0.6201123605715175,0.5047061623175959,0.8304317804689219
q3879,3879,74,5,1793,1312,0.7317345231455661,True,0.7316053511705686,0.6817522089921717,0.05726278515979134,0.9960669496705638,0.6240223857172124,0.5047061623175959,0.8304317804689219
q3876,3876,74,5,1664,1219,0.7325721153846154,True,0.7324324324324324,0.6862832177273234,0.059487969152613895,0.9957566627907647,0.6283397773477677,0.5047061623175959,0.8304317804689219
q5892,5892,74,5,1429,1047,0.7326801959412176,True,0.7325174825174825,0.6867496091888343,0.06419550510476472,0.9950619509495167,0.6283654904876718,0.5047061623175959,0.8304317804689219
q5192,5192,74,5,2371,1737,0.7326022775200337,True,0.732504215851602,0.686676852742915,0.04984362510718498,0.9970172424777357,0.6295276859582735,0.5047061623175959,0.8304317804689219
q6506,6506,74,5,1575,1156,0.7339682539682539,True,0.7338197969543148,0.6939019466139698,0.06122860933660237,0.9955058388456924,0.6357659921660949,0.5047061623175959,0.8304317804689219
q5129,5129,74,5,2297,1687,0.7344362211580322,True,0.7343342036553525,0.6967326975636645,0.050731781087429824,0.9969103281663928,0.6394849546428605,0.5047061623175959,0.8304317804689219
q17176,17176,74,5,632,465,0.7357594936708861,True,0.735387045813586,0.7025364366779896,0.0967634917222751,0.988850643495858,0.6400539650472691,0.5047061623175959,0.8304317804689219
q5165,5165,74,5,2864,2105,0.734986033519553,True,0.7349040139616055,0.6998720730764969,0.045461146870274735,0.9975174539247366,0.6430059875753548,0.5047061623175959,0.8304317804689219
q8433,8433,74,5,1402,1031,0.7353780313837375,True,0.7352102637205987,0.7015609909751463,0.06498413714685809,0.994940496966147,0.6430252378213647,0.5047061623175959,0.8304317804689219
q5204,5204,74,5,1843,1355,0.7352143244709712,True,0.7350867678958786,0.7008797938831766,0.05667634916486429,0.9961467861617763,0.6431262844084508,0.5047061623175959,0.8304317804689219
q4983,4983,74,5,2419,1780,0.7358412567176519,True,0.7357438016528925,0.7045061033782181,0.049506450636350174,0.9970573422338245,0.6473297906391029,0.5047061623175959,0.8304317804689219
q9755,9755,74,5,4255,3136,0.7370152761457109,True,0.7369595864661654,0.7112302705985252,0.03737693355034136,0.9983205256473742,0.6548627743494079,0.5047061623175959,0.8304317804689219
q5798,5798,74,5,1837,1355,0.7376156777354382,True,0.7374863982589771,0.7141496026411842,0.056906913633475595,0.9961154939836977,0.6563243438470864,0.5047061623175959,0.8304317804689219
q4979,4979,74,5,1368,1011,0.7390350877192983,True,0.7388604821037253,0.7217804242201842,0.06603114905692822,0.9947770064830047,0.6630334019880185,0.5047061623175959,0.8304317804689219
q5131,5131,74,5,1485,1098,0.7393939393939394,True,0.7392328398384926,0.7238523641375176,0.06340277967011348,0.9951825701788207,0.6653656746060933,0.5047061623175959,0.8304317804689219
q3642,3642,74,5,4176,3090,0.7399425287356322,True,0.7398850849892267,0.7274859410856531,0.0378424558088226,0.9982785025545355,0.6710628950863443,0.5047061623175959,0.8304317804689219
q11724,11724,74,6,1925,1427,0.7412987012987013,True,0.7411734164070612,0.7346790405286168,0.05580433894131934,0.9962640039054027,0.6768749346136042,0.5047061623175959,0.8304317804689219
q3994,3994,74,5,1619,1201,0.7418159357628166,True,0.7416666666666667,0.737438642635714,0.060878490005811664,0.9955568614855395,0.6791418335179943,0.5047061623175959,0.8304317804689219
q8470,8470,74,5,1426,1058,0.7419354838709677,True,0.7417659425367905,0.7379944450022466,0.06487163307957268,0.9949579121207035,0.6792862465017921,0.5047061623175959,0.8304317804689219
q8422,8422,74,5,2915,2162,0.7416809605488851,True,0.7415980795610425,0.7370547279007619,0.04537286954403577,0.997527062055772,0.680102885462976,0.5047061623175959,0.8304317804689219
q9901,9901,74,5,4995,3718,0.7443443443443444,True,0.7442954363490792,0.7521994283021857,0.034763586663637804,0.9985468393294658,0.6959208510143482,0.5047061623175959,0.8304317804689219
q4961,4961,74,5,1556,1159,0.7448586118251928,True,0.7447013487475915,0.7544867866657257,0.06229900369236312,0.995348069476647,0.695968238532539,0.5047061623175959,0.8304317804689219
q5015,5015,74,5,1775,1322,0.7447887323943662,True,0.7446509009009009,0.7542023884849683,0.058328435828796314,0.9959198036063481,0.696084769242613,0.5047061623175959,0.8304317804689219
q5179,5179,74,5,2220,1654,0.7450450450450451,True,0.744934714092751,0.7558028182773293,0.05217475242550715,0.996732651059918,0.6982480986816545,0.5047061623175959,0.8304317804689219
q4305,4305,74,5,1483,1106,0.7457855697909642,True,0.7456199460916442,0.7596712996309988,0.06387628578412786,0.9951106993315681,0.7009614286729908,0.5047061623175959,0.8304317804689219
q3881,3881,74,5,1893,1414,0.7469624933967248,True,0.746832101372756,0.7665300155476961,0.05661611726752008,0.9961549402207044,0.7085293414205277,0.5047061623175959,0.8304317804689219
q3606,3606,74,5,2225,1663,0.7474157303370786,True,0.7473045822102425,0.7692088443341804,0.05225073490177817,0.9967231588086258,0.7116035456468901,0.5047061623175959,0.8304317804689219
q5169,5169,74,5,2642,1975,0.7475397426192278,True,0.7474460839954598,0.7700117109503597,0.04795941888567466,0.9972378794452174,0.7127716758562603,0.5047061623175959,0.8304317804689219
q6344,6344,74,5,1615,1208,0.7479876160990712,True,0.7478341584158416,0.772215011829593,0.061360279131580465,0.9954865763513072,0.7137132956163841,0.5047061623175959,0.8304317804689219
q8475,8475,74,5,1510,1130,0.7483443708609272,True,0.7481800132362674,0.7741803518666176,0.06348067668094223,0.9951707826651329,0.7154427365713917,0.5047061623175959,0.8304317804689219
q3630,3630,74,5,1773,1328,0.7490129723632262,True,0.7488726042841037,0.7781209980898591,0.05863139303819089,0.9958774837352391,0.7198751950849184,0.5047061623175959,0.8304317804689219
q10813,10813,74,6,4428,3316,0.7488708220415538,True,0.7488146308421766,0.7777908913049512,0.03710446904995835,0.9983448815599819,0.7213292059579371,0.5047061623175959,0.8304317804689219
q5002,5002,74,5,2692,2017,0.7492570579494799,True,0.7491645005569997,0.779783794000626,0.04760250404947188,0.9972787265088178,0.7225463616668023,0.5047061623175959,0.8304317804689219
q5812,5812,74,5,4249,3183,0.7491174393975053,True,0.7490588235294118,0.7791816650409594,0.03788806664951854,0.9982743574383942,0.7226666242696691,0.5047061623175959,0.8304317804689219
q3648,3648,74,5,1422,1067,0.750351617440225,True,0.7501756851721715,0.7855532153487041,0.06555958017394241,0.9948509585357319,0.7265271144938228,0.5047061623175959,0.8304317804689219
q6285,6285,74,5,2625,1970,0.7504761904761905,True,0.7503808073115004,0.7867253075362229,0.04827154799198307,0.99720191055606,0.7294127976882472,0.5047061623175959,0.8304317804689219
q17153,17153,74,5,1106,831,0.7513562386980108,True,0.7511291779584462,0.7910066106862284,0.0744099137635405,0.9933767426646418,0.730867789323144,0.5047061623175959,0.8304317804689219
q4950,4950,74,5,1728,1298,0.7511574074074074,True,0.7510121457489879,0.7903365673569863,0.05953189981161867,0.9957504198826336,0.7319470045480608,0.5047061623175959,0.8304317804689219
q3888,3888,74,5,1257,948,0.7541766109785203,True,0.7539745627980922,0.807357455545894,0.07002844667864505,0.9941293267250547,0.7476763505059487,0.5047061623175959,0.8304317804689219
q8411,8411,74,5,1447,1093,0.7553559087767795,True,0.7551795580110497,0.814317208193073,0.0653637109369856,0.9948815224217832,0.7551661999064699,0.5047061623175959,0.8304317804689219
q17255,17255,74,5,1105,835,0.755656108597285,True,0.7554249547920434,0.8157371695367523,0.074811355677152,0.993305564573058,0.755380422419045,0.5047061623175959,0.8304317804689219
q5869,5869,74,5,1664,1257,0.7554086538461539,True,0.7552552552552553,0.8147551273244992,0.06096100551408409,0.9955448624423787,0.7561056772108866,0.5047061623175959,0.8304317804689219
q3858,3858,74,5,2189,1654,0.7555961626313386,True,0.7554794520547945,0.8160526323706033,0.0531680365738429,0.9966074877075464,0.7582058329809318,0.5047061623175959,0.8304317804689219
q5159,5159,74,5,1470,1114,0.7578231292517007,True,0.7576478585995922,0.8286404740876193,0.06503890884239386,0.9949320078383618,0.7694551966272318,0.5047061623175959,0.8304317804689219
q4932,4932,74,5,1302,987,0.7580645161290323,True,0.7578664620107445,0.8299133975899086,0.06912258170374767,0.9942793633334748,0.7702160994789597,0.5047061623175959,0.8304317804689219
q9895,9895,74,5,4021,3046,0.757523004227804,True,0.7574589756340129,0.8275411920079261,0.039324338484431176,0.9981412930929506,0.7708399376618678,0.5047061623175959,0.8304317804689219
q8489,8489,74,5,1458,1106,0.7585733882030178,True,0.7583961617546264,0.8330008241889102,0.06536391393648021,0.9948814907916455,0.7737541596328873,0.5047061623175959,0.8304317804689219
q10889,10889,74,6,5502,4171,0.7580879680116321,True,0.7580410685080865,0.830930646092735,0.03364204990161379,0.9986389645179891,0.774609117963924,0.5047061623175959,0.8304317804689219
q6729,6729,74,5,1554,1179,0.7586872586872587,True,0.7585209003215434,0.83372849835822,0.06332352310277489,0.995194548854642,0.7747218132132188,0.5047061623175959,0.8304317804689219
q8442,8442,74,5,1601,1215,0.7589006870705809,True,0.7587390761548065,0.8350018160994084,0.062403951666445016,0.9953324563461843,0.7760965435233891,0.5047061623175959,0.8304317804689219
q3993,3993,74,5,2187,1660,0.7590306355738454,True,0.7589122486288848,0.8360130010547359,0.05340840086399737,0.9965768495867083,0.7780745652424883,0.5047061623175959,0.8304317804689219
q4987,4987,74,5,1883,1430,0.7594264471587892,True,0.7592887473460722,0.8382130231955927,0.05758224651074341,0.9960231183532264,0.7798335140564993,0.5047061623175959,0.8304317804689219
q3887,3887,74,5,1453,1105,0.760495526496903,True,0.7603163686382394,0.8442288619160476,0.06562723473051656,0.9948403807514398,0.7848922922431847,0.5047061623175959,0.8304317804689219
q3869,3869,74,5,2445,1859,0.7603271983640082,True,0.7602207686017989,0.8436685197789655,0.05059270834027459,0.9969271926106369,0.7859800893602741,0.5047061623175959,0.8304317804689219
q6464,6464,74,5,1334,1018,0.7631184407796102,True,0.7629213483146068,0.8595522877677436,0.0687077978133424,0.9943474260769887,0.7997401782784027,0.5047061623175959,0.8304317804689219
q8446,8446,74,5,1411,1077,0.7632884479092842,True,0.7631019830028328,0.860618803080083,0.06682300787230368,0.9946516589785187,0.8010456799086603,0.5047061623175959,0.8304317804689219
q5001,5001,74,5,1393,1065,0.7645369705671213,True,0.7643472022955524,0.8679850559155701,0.06735691257116351,0.994566319090029,0.8083031781430328,0.5047061623175959,0.8304317804689219
q4278,4278,74,5,1400,1071,0.765,True,0.7648108493932905,0.8707341708430311,0.06722729178738847,0.9945870988890446,0.811054300525611,0.5047061623175959,0.8304317804689219
q3608,3608,74,5,1642,1256,0.7649208282582217,True,0.7647595861229458,0.8704300437996062,0.06207519522324965,0.9953812793560751,0.811399207195142,0.5047061623175959,0.8304317804689219
q9709,9709,74,5,4252,3251,0.7645813734713076,True,0.7645191629438044,0.869004262753277,0.03857082302573808,0.9982117159066374,0.8122832464619257,0.5047061623175959,0.8304317804689219
q5006,5006,74,5,1744,1335,0.7654816513761468,True,0.7653295128939828,0.8738136100131683,0.060276623572902255,0.9956438993080591,0.8149821126426886,0.5047061623175959,0.8304317804689219
q5149,5149,74,5,1932,1480,0.7660455486542443,True,0.7659079151577858,0.8772528836114456,0.05731211183273234,0.9960601975303227,0.8187485961718454,0.5047061623175959,0.8304317804689219
q5830,5830,74,5,1861,1426,0.7662547017732402,True,0.7661117078410311,0.8784659671643741,0.05840957666982214,0.9959084902454399,0.8198320149560729,0.5047061623175959,0.8304317804689219
q6910,6910,74,6,9138,6997,0.7657036550667542,True,0.7656745814640551,0.875864788344787,0.0263502947581375,0.9991645816219906,0.8199134241068956,0.5047061623175959,0.8304317804689219
q6734,6734,74,5,1598,1225,0.7665832290362954,True,0.7664165103189493,0.8802815832743743,0.06305460838977682,0.9952350825499213,0.8210846304916604,0.5047061623175959,0.8304317804689219
q3625,3625,74,5,5408,4143,0.7660872781065089,True,0.7660380846736919,0.8780276442223418,0.034266921102742605,0.9985880069665897,0.8216000894800727,0.5047061623175959,0.8304317804689219
q8454,8454,74,5,2173,1666,0.7666820064427059,True,0.766559337626495,0.8811328863732975,0.05408660953449915,0.9964896666936588,0.8229679969269211,0.5047061623175959,0.8304317804689219
q11712,11712,74,6,2102,1612,0.7668886774500476,True,0.7667617689015692,0.8823400250692397,0.055006149111309154,0.9963697289945946,0.8240717007866758,0.5047061623175959,0.8304317804689219
q5208,5208,74,5,2181,1675,0.7679963319578175,True,0.7678735105407882,0.8889816242879189,0.05407767726856791,0.996490821974781,0.8307901463315573,0.5047061623175959,0.8304317804689219
q6609,6609,74,6,4457,3423,0.768005384787974,True,0.7679452669358456,0.889411004631681,0.037836870576526474,0.9982790098000273,0.832709628165505,0.5047061623175959,0.8304317804689219
q4997,4997,74,5,1700,1307,0.7688235294117647,True,0.7686654908877131,0.8937254840439278,0.061310397215068646,0.9954938785548051,0.8346814621949489,0.5047061623175959,0.8304317804689219
q5210,5210,74,5,1920,1476,0.76875,True,0.7686100989068194,0.8933933520998638,0.057688823712955424,0.9960084421702491,0.8347820968104801,0.5047061623175959,0.8304317804689219
q4117,4117,74,5,1421,1093,0.7691766361717101,True,0.7689873417721519,0.8956563303119001,0.06708360641175662,0.9946100876487715,0.8358608783453039,0.5047061623175959,0.8304317804689219
q8483,8483,74,5,1325,1020,0.769811320754717,True,0.7696078431372549,0.8993837622581398,0.06952524318533382,0.9942129069032263,0.8392329523667336,0.5047061623175959,0.8304317804689219
q5141,5141,74,5,1730,1333,0.7705202312138728,True,0.770363951473137,0.9039346156083901,0.06091048743008132,0.995552210455402,0.8448940946365113,0.5047061623175959,0.8304317804689219
q3860,3860,74,5,2052,1583,0.7714424951267057,True,0.7713102776424744,0.9096440946564972,0.05599936690028665,0.9962379431721509,0.8511640542582801,0.5047061623175959,0.8304317804689219
q4585,4585,74,5,1690,1304,0.7715976331360946,True,0.7714370195150798,0.9104099350557592,0.06171318982842252,0.9954347472704121,0.8512401652744563,0.5047061623175959,0.8304317804689219
q5205,5205,74,5,1477,1140,0.7718348002708192,True,0.7716508795669824,0.9117028167775432,0.06602897809560797,0.9947773481251667,0.8519641237153052,0.5047061623175959,0.8304317804689219
q8449,8449,74,5,1516,1172,0.7730870712401056,True,0.7729070533948583,0.919312964516968,0.06528291270418676,0.9948941042662898,0.8596354091126222,0.5047061623175959,0.8304317804689219
q17157,17157,74,5,1107,857,0.7741644083107497,True,0.7739169675090253,0.9254512196652313,0.07649034702236147,0.9930038320636732,0.8640974356994747,0.5047061623175959,0.8304317804689219
q10767,10767,74,6,5038,3896,0.7733227471218738,True,0.7732685056558841,0.9215078112547234,0.035836757992517614,0.9984558753943574,0.8649044049033778,0.5047061623175959,0.8304317804689219
q5215,5215,74,5,1699,1315,0.773984696880518,True,0.7738235294117647,0.924882549490438,0.061744434115169534,0.9954301446182735,0.8656427060232867,0.5047061623175959,0.8304317804689219
q3657,3657,74,5,1667,1291,0.7744451109778044,True,0.7742805755395683,0.9276656305052192,0.06237203382590902,0.9953372074984959,0.8683319904347043,0.5047061623175959,0.8304317804689219
q6296,6296,74,5,1333,1033,0.7749437359339835,True,0.7747376311844077,0.9304524735970772,0.06978733020532354,0.9941694487090549,0.8700838321492614,0.5047061623175959,0.8304317804689219
q17344,17344,74,5,1124,873,0.7766903914590747,True,0.7764444444444445,0.9408926001099072,0.07616962602980251,0.9930619721782767,0.8794822760958373,0.5047061623175959,0.8304317804689219
q8421,8421,74,5,1549,1203,0.776630083925113,True,0.7764516129032258,0.940936558375659,0.06489279463235557,0.9949546386593526,0.8812022086962366,0.5047061623175959,0.8304317804689219
q3877,3877,74,5,1442,1120,0.7766990291262136,True,0.7765072765072765,0.941277929205131,0.06726081252954734,0.9945817288575285,0.8812114545867558,0.5047061623175959,0.8304317804689219
q5020,5020,74,5,1610,1252,0.7776397515527951,True,0.7774674115456238,0.9471750645994126,0.06374087186079602,0.995131306589757,0.8875668111620796,0.5047061623175959,0.8304317804689219
q5009,5009,74,5,1530,1191,0.7784313725490196,True,0.7782495101241019,0.9519911697429082,0.06545546865735752,0.9948672154882376,0.8921226509810319,0.5047061623175959,0.8304317804689219
q4977,4977,74,5,1559,1214,0.7787042976266838,True,0.778525641025641,0.9536942552220871,0.0648689759009235,0.9949583230833263,0.8938988485434624,0.5047061623175959,0.8304317804689219
q8485,8485,74,5,1641,1278,0.7787934186471663,True,0.7786236297198539,0.9542989566059188,0.06323706236012712,0.9952075995949466,0.8947246090622156,0.5047061623175959,0.8304317804689219
q3853,3853,74,5,1480,1153,0.779054054054054,True,0.7788656313301823,0.9557931435224035,0.06660800717552426,0.9946858372143159,0.8957417739569792,0.5047061623175959,0.8304317804689219
q8405,8405,74,5,3811,2968,0.7787982156914196,True,0.7787250786988458,0.9549251992856499,0.04150905689972068,0.9979294695633466,0.8977966063804202,0.5047061623175959,0.8304317804689219
q5207,5207,74,5,1744,1359,0.779243119266055,True,0.7790830945558739,0.9571367511672623,0.061381488070056466,0.9954834698123516,0.8977976031053913,0.5047061623175959,0.8304317804689219
q4970,4970,74,5,1747,1364,0.7807670291929021,True,0.7806064073226545,0.9665734041413437,0.061459528801249746,0.9954720298686722,0.9071812098440166,0.5047061623175959,0.8304317804689219
q5162,5162,74,5,1518,1186,0.7812911725955204,True,0.7811059907834101,0.9696777541019816,0.06597610553782701,0.9947856652347165,0.9096438833888558,0.5047061623175959,0.8304317804689219
q5013,5013,74,5,1697,1326,0.7813789039481438,True,0.7812131919905771,0.9703445063080463,0.06241118830475165,0.9953313787996472,0.9108065297773845,0.5047061623175959,0.8304317804689219
q5154,5154,74,5,1488,1166,0.7836021505376344,True,0.7834116856950973,0.9840668868887533,0.06685652426562437,0.9946463212322448,0.9238285635622436,0.5047061623175959,0.8304317804689219
q3883,3883,74,5,1577,1237,0.7844007609384908,True,0.7842205323193916,0.9891390308394495,0.06501950706785115,0.9949350157430519,0.929143156953098,0.5047061623175959,0.8304317804689219
q6277,6277,74,5,1588,1246,0.7846347607052897,True,0.7844556324732537,0.9906157079238914,0.06481609908411277,0.9949664976489732,0.9306418012885053,0.5047061623175959,0.8304317804689219
q5217,5217,74,5,1359,1067,0.7851361295069904,True,0.7849264705882353,0.9935763391938797,0.07010869950646614,0.994115942612615,0.9327894454769302,0.5047061623175959,0.8304317804689219
q5811,5811,74,5,1617,1270,0.7854050711193569,True,0.7852286773794809,0.9954789233406164,0.06430474077788366,0.9950452147277391,0.9355545485278476,0.5047061623175959,0.8304317804689219
q5017,5017,74,5,1478,1161,0.7855209742895806,True,0.7853279242731576,0.9961041403703287,0.0672683766578637,0.9945805167200624,0.9357394620487693,0.5047061623175959,0.8304317804689219
q6290,6290,74,5,2406,1891,0.78595178719867,True,0.7858329871208973,0.9992888735665229,0.05276880120559312,0.9966580751109333,0.9408681986511491,0.5047061623175959,0.8304317804689219
q6471,6471,74,5,1445,1137,0.7868512110726643,True,0.7866528354080221,1.0044693697164848,0.06816376736904273,0.99443609011521,0.9439222659284643,0.5047061623175959,0.8304317804689219
q6304,6304,74,5,1423,1121,0.7877723120168658,True,0.7875702247191011,1.0102822508579032,0.06878143587561168,0.9943353718844258,0.9496066171578336,0.5047061623175959,0.8304317804689219
q4958,4958,74,5,1581,1246,0.7881087919038583,True,0.7879266750948167,1.01254544068033,0.0652909168443007,0.9948928585474474,0.9523906574724385,0.5047061623175959,0.8304317804689219
q3652,3652,74,5,1637,1292,0.7892486255345144,True,0.789072039072039,1.0198352183645485,0.06427493244357653,0.9950497844908786,0.9597945711935868,0.5047061623175959,0.8304317804689219
q5185,5185,74,5,3441,2715,0.7890148212728858,True,0.7889308541545613,1.0189351773507058,0.044330360072174675,0.9976391302281115,0.9613942587172696,0.5047061623175959,0.8304317804689219
q5005,5005,74,5,1609,1272,0.7905531385954009,True,0.7903726708074534,1.0281460545998051,0.06495862166997556,0.994944449246589,0.967961788421324,0.5047061623175959,0.8304317804689219
q3637,3637,74,5,1829,1446,0.7905959540732641,True,0.7904371584699453,1.028559037645211,0.06093497223115955,0.9955486498118616,0.9689607479217898,0.5047061623175959,0.8304317804689219
q17414,17414,74,5,350,278,0.7942857142857143,True,0.7934472934472935,1.0479340170315976,0.1397791455867294,0.977013059554339,0.9698497915426352,0.5047061623175959,0.8304317804689219
q6341,6341,74,5,1693,1339,0.7909037212049616,True,0.7907319952774499,1.0304483008835765,0.06336211787993601,0.995188717554413,0.9704906017563956,0.5047061623175959,0.8304317804689219
q8479,8479,74,5,1205,954,0.791701244813278,True,0.7914593698175788,1.0351170097036562,0.07517852146026346,0.9932401375259857,0.9732275296421171,0.5047061623175959,0.8304317804689219
q4786,4786,74,5,1399,1108,0.7919942816297355,True,0.7917857142857143,1.037215309774449,0.06981039853717111,0.9941656159657557,0.9762204185740102,0.5047061623175959,0.8304317804689219
q8410,8410,74,5,1720,1363,0.7924418604651163,True,0.7922719349215572,1.0403457642350722,0.0630111742091565,0.9952416135411339,0.9803925523918204,0.5047061623175959,0.8304317804689219
q5816,5816,74,5,1226,973,0.7936378466557912,True,0.793398533007335,1.0476186228356723,0.07475510030176581,0.9933155614507005,0.9857194807316904,0.5047061623175959,0.8304317804689219
q4939,4939,74,5,1763,1400,0.7941009642654566,True,0.7939342403628118,1.0510865296116167,0.06239864840417808,0.9953332459322107,0.9911734584884735,0.5047061623175959,0.8304317804689219
q17076,17076,74,5,1087,864,0.7948482060717571,True,0.7945772058823529,1.0552570086488067,0.07953269818841761,0.9924405193642942,0.9924317738488198,0.5047061623175959,0.8304317804689219
q5011,5011,74,5,1818,1446,0.7953795379537953,True,0.7952171522814734,1.0594168844781457,0.061571482881615604,0.9954555936650021,0.9995877932435665,0.5047061623175959,0.8304317804689219
q4584,4584,74,5,1732,1378,0.7956120092378753,True,0.7954414310444317,1.0608769064820323,0.06310298805222764,0.9952278027330304,1.000812111227796,0.5047061623175959,0.8304317804689219
q6288,6288,74,5,1443,1149,0.7962577962577962,True,0.7960526315789473,1.0648613778642775,0.06919657147508602,0.9942671801278289,1.0038077276123538,0.5047061623175959,0.8304317804689219
q5026,5026,74,5,1925,1533,0.7963636363636364,True,0.7962097611630322,1.0658870591728424,0.05993052226102934,0.9956935653221346,1.0062690640462257,0.5047061623175959,0.8304317804689219
q10309,10309,74,5,4231,3368,0.7960293074923186,True,0.7959593572778828,1.0642527788121001,0.040413947937263266,0.9980370679513378,1.0070063851960838,0.5047061623175959,0.8304317804689219
q6270,6270,74,5,1517,1209,0.7969676994067239,True,0.796772068511199,1.0695620942411044,0.06756596707458981,0.9945327225933657,1.008750834362162,0.5047061623175959,0.8304317804689219
q3864,3864,74,5,1429,1139,0.7970608817354794,True,0.7968531468531469,1.0700925757914133,0.06962286694081182,0.9941967379988634,1.0089374494669034,0.5047061623175959,0.8304317804689219
q4779,4779,74,5,1472,1174,0.7975543478260869,True,0.7973523421588594,1.0733619759358035,0.06865376387349313,0.9943562631422245,1.012350288360776,0.5047061623175959,0.8304317804689219
q10710,10710,74,6,5368,4280,0.797317436661699,True,0.7972620599739244,1.0727702719928445,0.035954759128311524,0.9984457056815703,1.0159229498259346,0.5047061623175959,0.8304317804689219
q5870,5870,74,5,1684,1345,0.7986935866983373,True,0.7985163204747775,1.0810071353232202,0.0643098229612047,0.9950444353970024,1.020658187193623,0.5047061623175959,0.8304317804689219
q9881,9881,74,5,4189,3344,0.7982812126999284,True,0.7982100238663484,1.0789923575756928,0.04076204730077637,0.99800317530463,1.0216823343663004,0.5047061623175959,0.8304317804689219
q8464,8464,74,5,2298,1837,0.799390774586597,True,0.7992605480643759,1.0859115006967937,0.05512270622557179,0.9963543838738076,1.0268883414062844,0.5047061623175959,0.8304317804689219
q5156,5156,74,5,1432,1146,0.8002793296089385,True,0.8000697836706211,1.0912587275381709,0.069911526455377,0.9941487992262397,1.0299311042611219,0.5047061623175959,0.8304317804689219
q6306,6306,74,5,4214,3375,0.8009017560512577,True,0.8008303677342823,1.0962983335679573,0.04081444318543825,0.9979980488177638,1.038948416518822,0.5047061623175959,0.8304317804689219
q11654,11654,74,6,2021,1620,0.801583374567046,True,0.8014342235410484,1.1003091010586,0.0589866503916142,0.9958275834382375,1.0406829243887925,0.5047061623175959,0.8304317804689219
q8432,8432,74,5,1354,1088,0.8035450516986706,True,0.8033210332103321,1.112896788134323,0.07228307471150847,0.9937476198432439,1.0510182564814505,0.5047061623175959,0.8304317804689219
q8419,8419,74,5,1368,1102,0.8055555555555556,True,0.8053323593864135,1.1264095427843137,0.07215705341210438,0.9937692664346734,1.064469710862917,0.5047061623175959,0.8304317804689219
q3988,3988,74,5,1470,1189,0.808843537414966,True,0.8086335825968729,1.1488050574560025,0.07000761037507224,0.9941327992380309,1.0871232224339187,0.5047061623175959,0.8304317804689219
q5751,5751,74,5,1263,1023,0.8099762470308789,True,0.8097310126582279,1.156311149675461,0.07566829805630035,0.9931523767665273,1.093505785320794,0.5047061623175959,0.8304317804689219
q5755,5755,74,5,1719,1392,0.8097731239092496,True,0.809593023255814,1.155365640235913,0.06485116327734321,0.9949610775804056,1.09455650181245,0.5047061623175959,0.8304317804689219
q5631,5631,74,5,1643,1333,0.8113207547169812,True,0.8111313868613139,1.1659345554349647,0.0665141341664272,0.9947007262113149,1.1047829969420806,0.5047061623175959,0.8304317804689219
q3872,3872,74,5,1700,1380,0.8117647058823529,True,0.8115814226925337,1.1690381106396495,0.06544274168467115,0.9948692010617264,1.1080577481779441,0.5047061623175959,0.8304317804689219
q5821,5821,74,5,1937,1573,0.8120805369127517,True,0.8119195046439629,1.1713731210821772,0.06134788709798292,0.995488390962958,1.1110718605204108,0.5047061623175959,0.8304317804689219
q8467,8467,74,5,1836,1492,0.8126361655773421,True,0.8124659771366358,1.1751538214508572,0.06307369904645264,0.9952322105820695,1.1145486105125766,0.5047061623175959,0.8304317804689219
q10914,10914,74,6,4963,4035,0.8130163207737255,True,0.8129532634971797,1.1785317666208202,0.038403320594696956,0.9982271867530876,1.121274605092815,0.5047061623175959,0.8304317804689219
q5143,5143,74,5,2000,1629,0.8145,True,0.8143428285857072,1.18819954770117,0.060639845422224094,0.9955914742806276,1.127939159448279,0.5047061623175959,0.8304317804689219
q5172,5172,74,5,1391,1134,0.8152408339324227,True,0.8150143678160919,1.1928905361338173,0.07279416453947636,0.9936594528097272,1.1304115521618803,0.5047061623175959,0.8304317804689219
q6300,6300,74,5,1768,1445,0.8173076923076923,True,0.8171283210853589,1.2077387361065868,0.06482672553658987,0.9949648553620831,1.146670047507221,0.5047061623175959,0.8304317804689219
q5620,5620,74,5,1681,1374,0.8173706127305176,True,0.8171819262782402,1.208116876420894,0.06648880707343316,0.9947047397666156,1.1467464092915285,0.5047061623175959,0.8304317804689219
q5689,5689,74,5,1446,1183,0.818118948824343,True,0.8178991015894955,1.2131837626243713,0.07178133725459324,0.9938335843239536,1.1507777384967914,0.5047061623175959,0.8304317804689219
q4960,4960,74,5,1452,1188,0.8181818181818182,True,0.8179628355127323,1.2136347518229929,0.07164156948265003,0.99385742723932,1.1512535656009346,0.5047061623175959,0.8304317804689219
q5881,5881,74,5,1212,992,0.8184818481848185,True,0.8182192910140148,1.2154506312679185,0.07844718560174574,0.9926439567108175,1.1516504407991013,0.5047061623175959,0.8304317804689219
q8428,8428,74,5,1398,1144,0.8183118741058655,True,0.818084345961401,1.2144948950133247,0.07302783476797017,0.9936189411626504,1.15183196530526,0.5047061623175959,0.8304317804689219
q4962,4962,74,5,1066,873,0.8189493433395872,True,0.8186504217432052,1.2185075602917075,0.08371038929478791,0.9916323128958575,1.1535080966095783,0.5047061623175959,0.8304317804689219
q6286,6286,74,5,1563,1282,0.8202175303902751,True,0.8200127877237852,1.2282025550801132,0.06932173622610352,0.9942465414225875,1.1661882913859767,0.5047061623175959,0.8304317804689219
q5130,5130,74,5,1344,1104,0.8214285714285714,True,0.8211895910780669,1.2366205254027447,0.07492205162512365,0.9932858719486969,1.1734229378624823,0.5047061623175959,0.8304317804689219
q5147,5147,74,5,1723,1415,0.8212420197330238,True,0.8210556844547564,1.2356606055085264,0.06615913826578207,0.9947568455041237,1.1742057925066531,0.5047061623175959,0.8304317804689219
q3856,3856,74,5,1402,1155,0.8238231098430813,True,0.8235923022095509,1.2539353953133099,0.07370191457148792,0.9935013664678198,1.1908798602428279,0.5047061623175959,0.8304317804689219
q6576,6576,74,6,4258,3511,0.8245655237200563,True,0.824489316741019,1.260444364099525,0.04237645437334057,0.9978422200785851,1.202578033257617,0.5047061623175959,0.8304317804689219
q10910,10910,74,6,4107,3393,0.8261504747991234,True,0.8260710808179162,1.2719824858543216,0.043284911861662737,0.9977489228403816,1.2139777419804325,0.5047061623175959,0.8304317804689219
q5814,5814,74,5,1143,948,0.8293963254593176,True,0.8291083916083916,1.2943592077798658,0.08253291262705813,0.9918641566345224,1.2290123172886191,0.5047061623175959,0.8304317804689219
q8447,8447,74,5,1248,1035,0.8293269230769231,True,0.8290632506004804,1.2940244717846239,0.0789802502920236,0.9925443932875845,1.2295229536917147,0.5047061623175959,0.8304317804689219
q8451,8451,74,5,1600,1327,0.829375,True,0.8291692692067458,1.2948107409655238,0.0697748812602863,0.9941715165549021,1.232320253139352,0.5047061623175959,0.8304317804689219
q8420,8420,74,5,1613,1338,0.8295102293862369,True,0.8293060718711276,1.2958258557834954,0.06951295931258457,0.994214939846095,1.2333833205770544,0.5047061623175959,0.8304317804689219
q8437,8437,74,5,1310,1088,0.8305343511450382,True,0.830282227307399,1.303086985769244,0.07728520224501284,0.9928587179224989,1.2389101220683636,0.5047061623175959,0.8304317804689219
q3651,3651,74,5,2228,1853,0.8316876122082585,True,0.8315388066397488,1.312480413929536,0.05942735348430763,0.9957652693378852,1.2518906279636532,0.5047061623175959,0.8304317804689219
q5168,5168,74,5,1199,1002,0.835696413678065,True,0.8354166666666667,1.34180656017576,0.08166922664631447,0.9920321950907827,1.2762898337770778,0.5047061623175959,0.8304317804689219
q5180,5180,74,5,1579,1321,0.8366054464851171,True,0.8363924050632912,1.3492679420503655,0.07132590409175617,0.9939111096343072,1.2861230842215607,0.5047061623175959,0.8304317804689219
q4991,4991,74,5,1263,1059,0.838479809976247,True,0.8382120253164557,1.3632734698957827,0.0800666309732807,0.9923394595636337,1.2979876036292384,0.5047061623175959,0.8304317804689219
q8185,8185,74,5,4207,3526,0.838126931304968,True,0.8380465779467681,1.3619950743972713,0.04386589909449983,0.9976882282232828,1.303708393809535,0.5047061623175959,0.8304317804689219
q5170,5170,74,5,1362,1143,0.8392070484581498,True,0.838958180484226,1.3690513903225174,0.07723292398950571,0.9928683069742027,1.3044160541594019,0.5047061623175959,0.8304317804689219
q6429,6429,74,5,1237,1039,0.8399353274050121,True,0.8396607431340872,1.3745105137007037,0.08116659670194672,0.992129198801914,1.3088611802116783,0.5047061623175959,0.8304317804689219
q17124,17124,74,5,1035,870,0.8405797101449275,True,0.8402509652509652,1.3791109110636772,0.08884610726114212,0.9905840492610842,1.3113798301281931,0.5047061623175959,0.8304317804689219
q5145,5145,74,5,1342,1128,0.8405365126676602,True,0.840282948622487,1.3793605729651144,0.07803902312053405,0.9927197490574513,1.3144550101180787,0.5047061623175959,0.8304317804689219
q6281,6281,74,5,4266,3582,0.8396624472573839,True,0.8395828450902273,1.373904319914609,0.043711924676903144,0.997704391726349,1.3156114216866275,0.5047061623175959,0.8304317804689219
q5123,5123,74,5,1494,1259,0.8427041499330656,True,0.8424749163879599,1.3965633979382108,0.07433829846595966,0.9933894013062543,1.3324307971473086,0.5047061623175959,0.8304317804689219
q10330,10330,74,5,4157,3500,0.8419533317296127,True,0.8418710918710919,1.3918062150349995,0.044512840836324154,0.9976197000930866,1.333359027279555,0.5047061623175959,0.8304317804689219
q11896,11896,74,6,1957,1649,0.8426162493612672,True,0.84244126659857,1.3962979212198265,0.06495207533979888,0.9949454630108278,1.3342538040850713,0.5047061623175959,0.8304317804689219
q10772,10772,74,6,5627,4755,0.845032877199218,True,0.8449715707178393,1.4163838841402787,0.03853851428578449,0.9982147052077004,1.3586880663706438,0.5047061623175959,0.8304317804689219
q8450,8450,74,5,1502,1271,0.8462050599201065,True,0.8459747172322023,1.4244173432085947,0.07475298739597594,0.9933159367826212,1.3600000270990957,0.5047061623175959,0.8304317804689219
q8424,8424,74,5,1754,1485,0.8466362599771949,True,0.8464387464387464,1.428147161463791,0.06925511738169125,0.9942575308941213,1.3649976119994618,0.5047061623175959,0.8304317804689219
q5148,5148,74,5,1102,934,0.8475499092558983,True,0.8472348141432456,1.4345663408166047,0.08752556334088417,0.9908593333133116,1.3666927937227569,0.5047061623175959,0.8304317804689219
q17282,17282,74,5,1022,870,0.8512720156555773,True,0.8509286412512219,1.4646981491410773,0.09171187889489067,0.9899730101550497,1.3952999647180384,0.5047061623175959,0.8304317804689219
q9079,9079,74,5,4221,3599,0.8526415541340915,True,0.8525580293699668,1.47817589064115,0.045329932178231856,0.9975317286876447,1.4193979417562368,0.5047061623175959,0.8304317804689219
q5214,5214,74,5,1871,1598,0.8540887226082309,True,0.8538995726495726,1.489360969007398,0.06830894063737804,0.9944124977244042,1.4260821383238413,0.5047061623175959,0.8304317804689219
q3878,3878,74,5,1400,1199,0.8564285714285714,True,0.8561741613133476,1.508512079296726,0.07942804729820059,0.9924602502447613,1.4422891453953566,0.5047061623175959,0.8304317804689219
q3662,3662,74,5,3318,2840,0.8559373116335142,True,0.8558300692979813,1.505599642400331,0.05155825404685597,0.9968091641337932,1.4457060444449183,0.5047061623175959,0.8304317804689219
q4274,4274,74,5,1626,1394,0.8573185731857319,True,0.8570989551321451,1.5163671334235387,0.07388505819036632,0.9934692403129263,1.45155921109278,0.5047061623175959,0.8304317804689219
q8476,8476,74,5,1411,1211,0.8582565556343019,True,0.8580028328611898,1.524083654878415,0.07950152405383057,0.992446399570851,1.4577229710770112,0.5047061623175959,0.8304317804689219
q5008,5008,74,5,1417,1217,0.8588567395906845,True,0.8586036671368125,1.5292347093107135,0.07946072395577418,0.9924540920925288,1.4628464550399667,0.5047061623175959,0.8304317804689219
q5171,5171,74,5,1163,1003,0.8624247635425624,True,0.8621134020618557,1.5596784445788294,0.08854636305798781,0.9906468829013412,1.490341676364321,0.5047061623175959,0.8304317804689219
q8458,8458,74,5,1236,1067,0.8632686084142395,True,0.8629749393694423,1.5672462514870076,0.08610019534994309,0.9911520109017907,1.498602444339989,0.5047061623175959,0.8304317804689219
q17566,17566,74,5,384,334,0.8697916666666666,True,0.8688311688311688,1.6197302316301438,0.15695508977906208,0.971189498124212,1.5193914060073133,0.5047061623175959,0.8304317804689219
q5828,5828,74,5,1683,1457,0.8657159833630422,True,0.8654988123515439,1.5896386803050129,0.0743224646191352,0.9933921984778077,1.5242340282088171,0.5047061623175959,0.8304317804689219
q8488,8488,74,5,1657,1436,0.8666264333132166,True,0.8664053075995175,1.5977641084744452,0.07509858835194186,0.993254407735079,1.5320932231769038,0.5047061623175959,0.8304317804689219
q6271,6271,74,5,1284,1120,0.8722741433021807,True,0.8719844357976654,1.648782270407406,0.08673062412567159,0.9910231333389038,1.5792116649374202,0.5047061623175959,0.8304317804689219
q5176,5176,74,5,1340,1169,0.8723880597014926,True,0.872110365398956,1.6499545760543635,0.08493307185929513,0.9913882095767993,1.5809556299242888,0.5047061623175959,0.8304317804689219
q6630,6630,74,6,4406,3842,0.8719927371765774,True,0.87190832766054,1.6480742205463679,0.04682217362781859,0.997366979946076,1.588614503308311,0.5047061623175959,0.8304317804689219
q4971,4971,74,5,2030,1776,0.8748768472906404,True,0.8746922698178238,1.674201059944344,0.0695683077679463,0.9942057770768382,1.6095547674910482,0.5047061623175959,0.8304317804689219
q4942,4942,74,5,1014,889,0.8767258382642998,True,0.8763546798029557,1.6900306897387936,0.09892815516356387,0.9883521022435465,1.6157232949099007,0.5047061623175959,0.8304317804689219
q3880,3880,74,5,1063,932,0.8767638758231421,True,0.8764097744360902,1.6905582999772897,0.09664036645430757,0.9888786837584783,1.617105874389336,0.5047061623175959,0.8304317804689219
q5010,5010,74,5,1572,1382,0.8791348600508906,True,0.878893833439288,1.7145510000753,0.08012310286015546,0.992328732549695,1.646556358909182,0.5047061623175959,0.8304317804689219
q5865,5865,74,5,1426,1255,0.8800841514726507,True,0.8798177995795375,1.7235792607206875,0.08437865251536467,0.9914993207202247,1.6541316424501962,0.5047061623175959,0.8304317804689219
q3862,3862,74,5,1480,1303,0.8804054054054054,True,0.8801485482781904,1.7268250681730486,0.08291699790237962,0.9917888797452303,1.6578338734003153,0.5047061623175959,0.8304317804689219
q3849,3849,74,5,1071,947,0.8842203548085901,True,0.8838619402985075,1.7637876068784035,0.09869391221928087,0.9884065581891753,1.6887141381893267,0.5047061623175959,0.8304317804689219
q8189,8189,74,5,4264,3780,0.8864915572232646,True,0.8864009378663541,1.7896328255589247,0.04992222502733726,0.9970078560292546,1.729177529003102,0.5047061623175959,0.8304317804689219
q9892,9892,74,5,4203,3731,0.8876992624315965,True,0.8876070409134158,1.8020802960742253,0.05050058458161128,0.9969383386807529,1.7414663209839023,0.5047061623175959,0.8304317804689219
q8435,8435,74,5,1389,1236,0.8898488120950324,True,0.889568345323741,1.8225639853632183,0.08845497751947348,0.9906659988653779,1.7508022015103655,0.5047061623175959,0.8304317804689219
q17116,17116,74,5,1113,991,0.8903863432165319,True,0.8900359066427289,1.8274924287977605,0.0989775377432306,0.9883406062521993,1.7515635201851336,0.5047061623175959,0.8304317804689219
q5810,5810,74,5,1493,1329,0.8901540522438044,True,0.8898929049531459,1.8259832083985894,0.08542289254408143,0.9912894601140417,1.7552934831875608,0.5047061623175959,0.8304317804689219
q17221,17221,74,5,1173,1046,0.8917306052855924,True,0.891396933560477,1.8419402262358546,0.09690578923721513,0.9888181945013378,1.766696159765191,0.5047061623175959,0.8304317804689219
q5184,5184,74,5,1693,1511,0.8924985233313645,True,0.8922668240850059,1.8512549709914061,0.08093828666383508,0.9921730693246715,1.7819320676396428,0.5047061623175959,0.8304317804689219
q11798,11798,74,6,4583,4104,0.8954833078769365,True,0.8953970331588132,1.8853106719596249,0.049801527164866466,0.9970222638290579,1.8245954604324073,0.5047061623175959,0.8304317804689219
q6641,6641,74,6,15803,14163,0.8962222362842498,True,0.896197165274614,1.8941550885568283,0.026906392400728608,0.9991289791767769,1.837287556933581,0.5047061623175959,0.8304317804689219
q10740,10740,74,6,4220,3787,0.89739336492891,True,0.8972992181947406,1.9064327233950826,0.05229318404760737,0.9967178498351479,1.845091094861082,0.5047061623175959,0.8304317804689219
q4812,4812,74,5,1283,1154,0.8994544037412315,True,0.8991433021806854,1.927231802551662,0.09552766140522072,0.9891305406608168,1.8516187236490425,0.5047061623175959,0.8304317804689219
q3641,3641,74,5,1087,979,0.9006439742410304,True,0.9002757352941176,1.940166682219154,0.10426402467768106,0.9870783892976658,1.8605449062957233,0.5047061623175959,0.8304317804689219
q17249,17249,74,5,1086,979,0.9014732965009208,True,0.9011039558417663,1.949707040126164,0.10467475258815577,0.9869777127550059,1.8697712616196618,0.5047061623175959,0.8304317804689219
q10832,10832,74,6,5872,5306,0.9036103542234332,True,0.9035416311935979,1.9781923931462506,0.04550450280177902,0.9975127282814572,1.9181437314865561,0.5047061623175959,0.8304317804689219
q8472,8472,74,5,2789,2528,0.9064180709931876,True,0.9062724014336918,2.010852386983768,0.06682212540337443,0.9946517994831678,1.945127697120272,0.5047061623175959,0.8304317804689219
q5181,5181,74,5,1316,1195,0.9080547112462006,True,0.907744874715262,2.0288077538451628,0.09791069539136196,0.9885877433311152,1.9510193659787975,0.5047061623175959,0.8304317804689219
q6424,6424,74,5,1252,1138,0.9089456869009584,True,0.9086193136472466,2.0395892034660745,0.10078508089056161,0.9879160594066051,1.9603449368121926,0.5047061623175959,0.8304317804689219
q8436,8436,74,5,1501,1365,0.9093937375083276,True,0.9091211717709721,2.04581762736967,0.09226765166922814,0.9898523520258747,1.9703523875827211,0.5047061623175959,0.8304317804689219
q5186,5186,74,5,1243,1131,0.909895414320193,True,0.9095659163987139,2.0513623953690048,0.10159614007270666,0.9877231852280465,1.9715908666764255,0.5047061623175959,0.8304317804689219
q6236,6236,74,5,1186,1080,0.9106239460370996,True,0.9102780117944398,2.0602901600883823,0.10435633435441992,0.9870557952883305,1.9790708938090753,0.5047061623175959,0.8304317804689219
q17388,17388,74,5,1093,998,0.9130832570905764,True,0.9127056672760512,2.091200399056834,0.1099781834759068,0.9856441382780882,2.0067069829968127,0.5047061623175959,0.8304317804689219
q6287,6287,74,5,1154,1054,0.9133448873483536,True,0.912987012987013,2.0948312892224754,0.10718219222802425,0.9863549683798828,2.0117355331348588,0.5047061623175959,0.8304317804689219
q17195,17195,74,5,1060,974,0.918867924528302,True,0.9184731385485391,2.1677858969485295,0.11500049848222321,0.9843240602576033,2.0794043387504875,0.5047061623175959,0.8304317804689219
q5820,5820,74,5,1088,1003,0.921875,True,0.9214876033057852,2.209745378193771,0.11537948112564463,0.9842222031466127,2.120486616632699,0.5047061623175959,0.8304317804689219
q17321,17321,74,5,1048,975,0.9303435114503816,True,0.9299332697807435,2.3354846018259843,0.12356719697386205,0.9819453225187158,2.2390501663680094,0.5047061623175959,0.8304317804689219
q8438,8438,74,5,2426,2275,0.937757625721352,True,0.9375772558714462,2.4617129076733106,0.08552139864766081,0.9912695347608201,2.385437684251846,0.5047061623175959,0.8304317804689219
q6292,6292,74,5,4113,3890,0.9457816678823244,True,0.9456733106465727,2.611879956203166,0.06993934724011265,0.9941441686892228,2.5416430343199643,0.5047061623175959,0.8304317804689219
q9794,9794,74,5,4088,3943,0.9645303326810176,True,0.9644167278063096,3.0607219323515364,0.08534959337624369,0.9913042723441392,2.979321483744251,0.5047061623175959,0.8304317804689219
q6291,6291,74,5,1148,1116,0.9721254355400696,True,0.9717145343777197,3.300126774067097,0.1795086243869071,0.9626463168976761,3.1236534455274727,0.5047061623175959,0.8304317804689219
q10659,10659,76,6,5412,858,0.1585365853658536,True,0.15859966746720858,-2.229947338391565,0.038765777852555174,0.9982969858924708,-2.3070282606994486,0.5381313549088323,0.8809241573036057
q9873,9873,76,5,6218,1153,0.1854293985204246,True,0.1854799807042933,-2.0323827949214768,0.03420605710870458,0.998673549460505,-2.1105960016231444,0.5381313549088323,0.8809241573036057
q10304,10304,76,5,8871,1839,0.2073047007101792,True,0.20733769161406673,-1.8867024258799159,0.027593817047649346,0.9991364055849972,-1.9660196411540212,0.5381313549088323,0.8809241573036057
q8502,8502,76,5,4857,1087,0.2238007000205888,True,0.2238575545491972,-1.7835503463862215,0.03639842300456685,0.9984983318842368,-1.8617669121352576,0.5381313549088323,0.8809241573036057
q5107,5107,76,5,4349,978,0.2248792825936997,True,0.2249425287356322,-1.7769574286836025,0.038407965673685825,0.998328226486024,-1.854867843407449,0.5381313549088323,0.8809241573036057
q6926,6926,76,6,21892,5277,0.241046957792801,True,0.24105878591330562,-1.6813810966413232,0.016769459170739087,0.9996808748904694,-1.7618351976784077,0.5381313549088323,0.8809241573036057
q9202,9202,76,5,4714,1169,0.2479847263470513,True,0.24803817603393424,-1.6412560405961416,0.035839203970897425,0.998544053489438,-1.7197650302335932,0.5381313549088323,0.8809241573036057
q11576,11576,76,6,3290,861,0.2617021276595744,True,0.26177453661501066,-1.5642700420529414,0.04225921542956292,0.9979768652314236,-1.641957931963655,0.5381313549088323,0.8809241573036057
q9484,9484,76,5,5522,1449,0.2624049257515393,True,0.26244794495745066,-1.560559184611508,0.03259832142495454,0.9987951627504509,-1.6395978794185255,0.5381313549088323,0.8809241573036057
q10272,10272,76,5,6498,1710,0.2631578947368421,True,0.2631943375903985,-1.5564527333359952,0.030027960883020417,0.9989774869387478,-1.6357949260021103,0.5381313549088323,0.8809241573036057
q9867,9867,76,5,4983,1441,0.2891832229580574,True,0.2892255216693419,-1.417228266132373,0.03346653283804376,0.9987302123145128,-1.4963423397165712,0.5381313549088323,0.8809241573036057
q6650,6650,76,6,21517,6366,0.295859088162848,True,0.2958685751463891,-1.3828225961702636,0.016018463167983894,0.999708809840988,-1.4634128669949675,0.5381313549088323,0.8809241573036057
q9487,9487,76,5,5801,1753,0.3021892777107395,True,0.30222337125129267,-1.350289490361352,0.030695032555221238,0.9989316011073971,-1.4297768109696638,0.5381313549088323,0.8809241573036057
q8883,8883,76,5,4744,1434,0.3022765598650928,True,0.30231822971549,-1.349806569750974,0.03393964771478786,0.9986941038951518,-1.4289545898145857,0.5381313549088323,0.8809241573036057
q8624,8624,76,5,4746,1497,0.3154235145385587,True,0.3154623973035601,-1.28361542968555,0.03360971582880481,0.9987193377137239,-1.3628843233763455,0.5381313549088323,0.8809241573036057
q9865,9865,76,5,5219,1684,0.3226671776202338,True,0.3227011494252874,-1.2477411839220476,0.031895545312154536,0.9988464928453447,-1.3272249787679855,0.5381313549088323,0.8809241573036057
q9178,9178,76,5,5323,1723,0.3236896486943453,True,0.3237227648384673,-1.2427092069150083,0.031561548682999194,0.9988704972908786,-1.3222305814846924,0.5381313549088323,0.8809241573036057
q4151,4151,76,5,17905,5987,0.3343758726612678,True,0.3343851223053725,-1.1906239500197933,0.017096663821136428,0.9996683040667866,-1.2712186784168298,0.5381313549088323,0.8809241573036057
q8645,8645,76,5,4651,1554,0.334121694259299,True,0.3341573516766982,-1.191728637770478,0.03354667296179592,0.9987241314459714,-1.2711213086098223,0.5381313549088323,0.8809241573036057
q10257,10257,76,5,4661,1562,0.3351212186226132,True,0.33515658515658514,-1.1868848481783882,0.033490892225828295,0.998728365504732,-1.2662890674254779,0.5381313549088323,0.8809241573036057
q10214,10214,76,5,4563,1538,0.3370589524435678,True,0.33709465381244524,-1.1775083126352917,0.03381027348128062,0.9987040279087764,-1.256893825939392,0.5381313549088323,0.8809241573036057
q8392,8392,76,5,4533,1542,0.3401720714758438,True,0.3402073224525805,-1.1624984699534215,0.03386165378326617,0.9987000911521341,-1.2418985401788096,0.5381313549088323,0.8809241573036057
q9074,9074,76,5,4363,1491,0.3417373366949346,True,0.3417736021998167,-1.1549681987328502,0.03448461886805644,0.9986518864683986,-1.2343184773716493,0.5381313549088323,0.8809241573036057
q17304,17304,76,5,1380,478,0.3463768115942029,True,0.34648805213613326,-1.1323910526207568,0.06114404693616252,0.9957739890503899,-1.2082797052771603,0.5381313549088323,0.8809241573036057
q10063,10063,76,5,4818,1674,0.3474470734744707,True,0.34747873002697655,-1.1276633242534226,0.03271475034486658,0.9987865513938292,-1.20721317974494,0.5381313549088323,0.8809241573036057
q8889,8889,76,5,4404,1542,0.3501362397820163,True,0.35017026106696936,-1.1148470268244577,0.034169373768775754,0.9986763892016667,-1.194280695283679,0.5381313549088323,0.8809241573036057
q6755,6755,76,5,14905,5234,0.3511573297551157,True,0.35116731517509725,-1.110109677438013,0.018565486034490174,0.9996088852139393,-1.1906603367392037,0.5381313549088323,0.8809241573036057
q17067,17067,76,5,1541,551,0.3575600259571707,True,0.35765239948119326,-1.0794288217755592,0.05753618552675949,0.9962561827398784,-1.1561008528233032,0.5381313549088323,0.8809241573036057
q5108,5108,76,5,12679,4546,0.3585456266267056,True,0.35855678233438487,-1.0751678975666163,0.020055538661954572,0.9995436144437907,-1.1556567580667818,0.5381313549088323,0.8809241573036057
q8527,8527,76,5,4506,1625,0.3606302707501109,True,0.36066119369869093,-1.0652693997683935,0.03360591542836188,0.9987196269469394,-1.1448182525290262,0.5381313549088323,0.8809241573036057
q17352,17352,76,5,1624,585,0.3602216748768473,True,0.36030769230769233,-1.0669305847900297,0.055976432852598935,0.9964557045555246,-1.1438784474450059,0.5381313549088323,0.8809241573036057
q9968,9968,76,5,5059,1834,0.3625222375963629,True,0.3625494071146245,-1.0564068833919977,0.03168849072883506,0.9988614035580179,-1.1361283435161789,0.5381313549088323,0.8809241573036057
q9479,9479,76,5,6131,2231,0.3638884358179742,True,0.3639106327462492,-1.0500288201788084,0.02876762419341398,0.9990614407998457,-1.129983793534577,0.5381313549088323,0.8809241573036057
q9974,9974,76,5,4458,1624,0.3642889187976671,True,0.3643193541152725,-1.0481155188495321,0.03372915134539325,0.998710231376336,-1.1276757261371972,0.5381313549088323,0.8809241573036057
q10213,10213,76,5,4605,1680,0.3648208469055374,True,0.36485019539730784,-1.045631765661095,0.03317856127194955,0.998751943584097,-1.1252421714033225,0.5381313549088323,0.8809241573036057
q3956,3956,76,5,19292,7149,0.3705681111341489,True,0.37057481988285906,-1.018932098523567,0.01617052816838329,0.9997032566483157,-1.0996222224535002,0.5381313549088323,0.8809241573036057
q8789,8789,76,5,4684,1742,0.3719043552519214,True,0.371931696905016,-1.0126259232999668,0.03279581229941377,0.9987805378201277,-1.0923087940658545,0.5381313549088323,0.8809241573036057
q8494,8494,76,5,5085,1923,0.3781710914454277,True,0.3781950452221785,-0.9836224542236305,0.031395652722073855,0.9988823267863481,-1.0634490621243746,0.5381313549088323,0.8809241573036057
q3954,3954,76,5,4795,1844,0.3845672575599583,True,0.38459132610508756,-0.9541744736483201,0.03225150245261613,0.9988206332266066,-1.033970130150346,0.5381313549088323,0.8809241573036057
q10880,10880,76,6,4623,1788,0.3867618429591175,True,0.3867863321799308,-0.9441066141240045,0.032819373670622404,0.9987787871440914,-1.023871246937507,0.5381313549088323,0.8809241573036057
q6567,6567,76,6,14807,5762,0.3891402714932127,True,0.3891477579686656,-0.9332961447740744,0.01832412423282012,0.9996189846864107,-1.0139262024851652,0.5381313549088323,0.8809241573036057
q8854,8854,76,5,4423,1733,0.3918155098349536,True,0.39183996383363473,-0.9209968755959141,0.033493152241871986,0.9987281940935838,-1.0007390354045487,0.5381313549088323,0.8809241573036057
q9668,9668,76,5,4893,1928,0.3940322910279992,True,0.3940539436044136,-0.9109021723225065,0.031820372014218015,0.9988519175098112,-0.99077989420441,0.5381313549088323,0.8809241573036057
q10061,10061,76,5,4565,1814,0.3973713033953998,True,0.39739378011388526,-0.8957068605207675,0.03290730284294427,0.9987722427128046,-0.9755242076365014,0.5381313549088323,0.8809241573036057
q10147,10147,76,5,4562,1830,0.401139850942569,True,0.4011615165461319,-0.8786103443928688,0.03287901249217419,0.9987743502207461,-0.9584507043021153,0.5381313549088323,0.8809241573036057
q8894,8894,76,5,4497,1826,0.4060484767622859,True,0.4060693641618497,-0.8564095834342467,0.033067100435480036,0.9987603046208284,-0.9362639869891707,0.5381313549088323,0.8809241573036057
q9160,9160,76,5,4633,1882,0.406216274552126,True,0.406236512731981,-0.855654811278668,0.032576675957715656,0.9987967603319519,-0.9355442975408487,0.5381313549088323,0.8809241573036057
q9104,9104,76,5,4447,1818,0.4088149314144367,True,0.4088354316546763,-0.8439300936769265,0.033226199550609556,0.9987483615437366,-0.923788921288848,0.5381313549088323,0.8809241573036057
q9156,9156,76,5,4612,1889,0.4095836947094536,True,0.4096032950357685,-0.8404698294165539,0.03261957616179467,0.9987935929798719,-0.9203746681795439,0.5381313549088323,0.8809241573036057
q4325,4325,76,5,13042,5366,0.4114399631958289,True,0.41144675304761175,-0.8321695851945501,0.019389283276351997,0.9995734207844932,-0.9127965653510316,0.5381313549088323,0.8809241573036057
q3940,3940,76,5,4534,1869,0.4122187913542126,True,0.41223814773980155,-0.8286092990253515,0.03287526321817822,0.9987746293899712,-0.908511196644352,0.5381313549088323,0.8809241573036057
q9176,9176,76,5,4325,1790,0.4138728323699422,True,0.4138927415626445,-0.8211714108122479,0.03364527906616364,0.998716629561619,-0.9010300958553673,0.5381313549088323,0.8809241573036057
q10070,10070,76,5,4654,1930,0.4146970348087666,True,0.4147153598281418,-0.8174763341937512,0.032427571263322824,0.9988077365709098,-0.8974216203863656,0.5381313549088323,0.8809241573036057
q6981,6981,76,6,87246,36229,0.415251128991587,True,0.4152521003587516,-0.8150663786188459,0.0074892583837420455,0.9999363334292973,-0.896025854464785,0.5381313549088323,0.8809241573036057
q9481,9481,76,5,4569,1901,0.4160647844167214,True,0.41608315098468274,-0.8113365208060125,0.03271625870693131,0.998786439631351,-0.8912701228846798,0.5381313549088323,0.8809241573036057
q6582,6582,76,6,4493,1904,0.4237703093701313,True,0.42378727191811305,-0.7768451817202693,0.032930592127835626,0.9987705064088915,-0.8568069726196781,0.5381313549088323,0.8809241573036057
q9751,9751,76,5,4425,1883,0.4255367231638418,True,0.425553547220967,-0.7689583248008287,0.03316945462959723,0.9987526277529101,-0.848914616132317,0.5381313549088323,0.8809241573036057
q10789,10789,76,6,4294,1829,0.4259431765253842,True,0.4259604190919674,-0.767142585639701,0.03366847808463852,0.9987148614132021,-0.8470691100086761,0.5381313549088323,0.8809241573036057
q9048,9048,76,5,4373,1879,0.4296821404070432,True,0.42969821673525377,-0.750479746927066,0.03333644471791701,0.9987400523257188,-0.830448631502915,0.5381313549088323,0.8809241573036057
q9692,9692,76,5,4472,1932,0.4320214669051878,True,0.4320366644310306,-0.740070855833632,0.03294982109208463,0.9987690718959141,-0.8200766826705304,0.5381313549088323,0.8809241573036057
q9832,9832,76,5,4437,1922,0.433175569078206,True,0.43319062640829203,-0.7349386386924217,0.033071972780405634,0.9987599397156736,-0.81494333147,0.5381313549088323,0.8809241573036057
q8191,8191,76,5,4545,1972,0.4338833883388339,True,0.4338979322481302,-0.7317942843773027,0.03267228213588537,0.9987896959821221,-0.8118270625588437,0.5381313549088323,0.8809241573036057
q9971,9971,76,5,4549,1986,0.4365794680149483,True,0.4365934065934066,-0.7198207619024878,0.03264135800712676,0.9987919832232065,-0.799869863394336,0.5381313549088323,0.8809241573036057
q10217,10217,76,5,4352,1906,0.4379595588235294,True,0.437973811164714,-0.7136944444612848,0.033363445090356256,0.9987380131230156,-0.7937080560166633,0.5381313549088323,0.8809241573036057
q17305,17305,76,5,1195,523,0.4376569037656904,True,0.43770903010033446,-0.7148692733491956,0.06365320372383196,0.9954216488823483,-0.792241955080086,0.5381313549088323,0.8809241573036057
q3999,3999,76,5,6945,3045,0.4384449244060475,True,0.43845378635185717,-0.7115651443847931,0.02640953105805029,0.9992088858594413,-0.7919546481890752,0.5381313549088323,0.8809241573036057
q4818,4818,76,5,8220,3605,0.4385644768856447,True,0.43857194988444226,-0.7110410060515616,0.024274855992225643,0.9993315261956255,-0.7915280627111443,0.5381313549088323,0.8809241573036057
q8864,8864,76,5,4376,1927,0.4403564899451554,True,0.4403701165181631,-0.703068099178329,0.03325790135840626,0.9987459749723421,-0.7831013638056528,0.5381313549088323,0.8809241573036057
q9749,9749,76,5,4356,1926,0.4421487603305785,True,0.4421620380996098,-0.6951287698679399,0.03332411227515237,0.9987409831867832,-0.7751681162620403,0.5381313549088323,0.8809241573036057
q9482,9482,76,5,4807,2126,0.4422716871229457,True,0.442283693843594,-0.6945899672682759,0.03172206356552045,0.9988589924288124,-0.7747215207583357,0.5381313549088323,0.8809241573036057
q10073,10073,76,5,4866,2159,0.4436909165639128,True,0.4437024861310869,-0.6883081740824192,0.03152194449174584,0.9988733269750505,-0.7684579230665554,0.5381313549088323,0.8809241573036057
q10295,10295,76,5,4736,2112,0.4459459459459459,True,0.4459573569769897,-0.6783316643656405,0.03194030213251822,0.9988432570471729,-0.7584698200688283,0.5381313549088323,0.8809241573036057
q9142,9142,76,5,4466,2038,0.4563367666815943,True,0.4563465413028878,-0.6324673873937142,0.0328451643887476,0.9987768693870123,-0.7126112297484787,0.5381313549088323,0.8809241573036057
q9068,9068,76,5,4615,2120,0.4593716143011918,True,0.4593804159445407,-0.6191020653709431,0.03229956710505589,0.9988171195303833,-0.6992904351339205,0.5381313549088323,0.8809241573036057
q5618,5618,76,5,11091,5115,0.4611847443873411,True,0.4611882437793004,-0.6111432331524095,0.020832505980128202,0.9995075857582844,-0.6918189302008425,0.5381313549088323,0.8809241573036057
q17143,17143,76,5,1906,882,0.4627492130115425,True,0.46276874672260093,-0.6041882438044623,0.05023450513472842,0.9971435710202626,-0.6832475314134423,0.5381313549088323,0.8809241573036057
q11872,11872,76,6,2137,995,0.4656059897051942,True,0.465622076707203,-0.5916389976246398,0.04743052060081367,0.9974527615572987,-0.6709421099867864,0.5381313549088323,0.8809241573036057
q4025,4025,76,5,43934,20475,0.4660399690444758,True,0.466040742005235,-0.5897983649575209,0.010462618599343231,0.999875752315222,-0.6707315441319237,0.5381313549088323,0.8809241573036057
q8526,8526,76,5,4372,2055,0.4700365965233303,True,0.47004344843356965,-0.5722091211046885,0.033152394765388234,0.9987539089327774,-0.6524116688320527,0.5381313549088323,0.8809241573036057
q4327,4327,76,5,6830,3219,0.471303074670571,True,0.4713072756551017,-0.5666583857936743,0.02652299381741093,0.999202078995837,-0.6471581187489533,0.5381313549088323,0.8809241573036057
q9490,9490,76,5,4966,2341,0.4714055577929923,True,0.4714113146768673,-0.5662015048832956,0.031103869076966058,0.9989029823361418,-0.6465080216422066,0.5381313549088323,0.8809241573036057
q17307,17307,76,5,1696,799,0.4711084905660377,True,0.4711255156157926,-0.5674565949625023,0.05321442538242908,0.9967957498614122,-0.6463952512451623,0.5381313549088323,0.8809241573036057
q3944,3944,76,5,12591,5955,0.4729568739575887,True,0.4729590216010165,-0.5594058659470318,0.019532975911109637,0.9995670774053248,-0.6401451389948262,0.5381313549088323,0.8809241573036057
q8612,8612,76,5,4463,2143,0.4801702890432444,True,0.4801747311827957,-0.527745551681222,0.0327931975023786,0.9987807320297596,-0.6080198339495203,0.5381313549088323,0.8809241573036057
q8861,8861,76,5,4466,2150,0.4814151365875503,True,0.481419297067383,-0.5222879334691317,0.032780513535840806,0.9987816738912735,-0.6025694382657617,0.5381313549088323,0.8809241573036057
q4281,4281,76,5,7002,3399,0.4854327335047129,True,0.4854348136512923,-0.5046842044883607,0.026177285877102524,0.9992227280131262,-0.5852454820891368,0.5381313549088323,0.8809241573036057
q9045,9045,76,5,4670,2271,0.4862955032119914,True,0.4862984371654892,-0.5008989945736904,0.032051793270373795,0.9988351768988972,-0.5812376923035681,0.5381313549088323,0.8809241573036057
q17182,17182,76,5,1365,664,0.4864468864468864,True,0.4864568081991215,-0.5002048923313533,0.05926936856946043,0.9960281422083905,-0.578912889882393,0.5381313549088323,0.8809241573036057
q9688,9688,76,5,4481,2182,0.4869448783753626,True,0.48694779116465864,-0.49805308536573345,0.032720123078516405,0.9987861532763395,-0.5783667099863199,0.5381313549088323,0.8809241573036057
q9488,9488,76,5,4331,2122,0.4899561302239667,True,0.4899584487534626,-0.48485999445795835,0.033280079693442224,0.9987443039994796,-0.5651659519455294,0.5381313549088323,0.8809241573036057
q4133,4133,76,5,12798,6297,0.4920300046882325,True,0.49203062739276504,-0.47578070328912053,0.019361203478601558,0.9995746549191636,-0.5565603986980261,0.5381313549088323,0.8809241573036057
q9964,9964,76,5,4373,2160,0.4939400868968671,True,0.49394147233653407,-0.4674089353298351,0.03311910124100974,0.9987564073565084,-0.5477434438317248,0.5381313549088323,0.8809241573036057
q9870,9870,76,5,4320,2141,0.4956018518518518,True,0.4956028697060866,-0.46013036608905994,0.03332174084360668,0.9987411621447452,-0.540465676267142,0.5381313549088323,0.8809241573036057
q10761,10761,76,6,5681,2820,0.4963914803731737,True,0.49639211545230555,-0.4566727477692379,0.02905838001673323,0.9990423910534046,-0.5371743780813973,0.5381313549088323,0.8809241573036057
q8516,8516,76,5,4521,2247,0.4970139349701393,True,0.4970145953118089,-0.45394573041949393,0.03257309759028148,0.9987970243378859,-0.5343187102159898,0.5381313549088323,0.8809241573036057
q8868,8868,76,5,4511,2244,0.4974506761250277,True,0.49745124113475175,-0.4520328348574508,0.032609319569570056,0.9987943506085775,-0.532406690591052,0.5381313549088323,0.8809241573036057
q10130,10130,76,5,4563,2270,0.497479728248959,True,0.49748028045574055,-0.4519056169104219,0.03242303034721379,0.9988080700609813,-0.5322869374242432,0.5381313549088323,0.8809241573036057
q9118,9118,76,5,4414,2207,0.5,True,0.5,-0.4408669174432087,0.03296684546853556,0.9987678011534309,-0.5212403796372618,0.5381313549088323,0.8809241573036057
q8856,8856,76,5,4741,2371,0.5001054629824931,True,0.5001054407423028,-0.4404049816304045,0.031809939343515205,0.9988526693465958,-0.5208232651224945,0.5381313549088323,0.8809241573036057
q11714,11714,76,6,2103,1052,0.5002377555872562,True,0.5002376425855514,-0.4398258041031469,0.04775533097574535,0.9974178448530959,-0.5194974347703512,0.5381313549088323,0.8809241573036057
q9701,9701,76,5,4470,2238,0.5006711409395973,True,0.5006709908297919,-0.43792728994722613,0.0327601740050798,0.998783183467992,-0.5183123569039111,0.5381313549088323,0.8809241573036057
q11931,11931,76,6,1973,992,0.5027876330461226,True,0.5027862208713273,-0.42866006594996153,0.04930570504859409,0.9972479331946875,-0.5082739282903538,0.5381313549088323,0.8809241573036057
q9856,9856,76,5,4438,2242,0.5051825146462371,True,0.5051813471502591,-0.4181656342302032,0.03288217934107505,0.9987741143939466,-0.4985702203762879,0.5381313549088323,0.8809241573036057
q9980,9980,76,5,4304,2176,0.5055762081784386,True,0.5055749128919861,-0.4164410730698817,0.033390479323826654,0.9987359697172503,-0.4968287979713688,0.5381313549088323,0.8809241573036057
q9977,9977,76,5,4322,2194,0.5076353540027765,True,0.5076335877862596,-0.4074194999025675,0.03332358631097856,0.998741022879293,-0.48782109649212435,0.5381313549088323,0.8809241573036057
q11818,11818,76,6,3429,1744,0.5086030912802566,True,0.508600583090379,-0.40318145899425983,0.037412416159827974,0.9984136336233393,-0.4834298699621937,0.5381313549088323,0.8809241573036057
q11550,11550,76,6,2910,1480,0.5085910652920962,True,0.5085881140501546,-0.40323610895837375,0.04061079279853342,0.9981313321891189,-0.4833477280179634,0.5381313549088323,0.8809241573036057
q8530,8530,76,5,4728,2411,0.5099407783417935,True,0.5099386762529076,-0.397316465255835,0.03186440288925184,0.9988487416944186,-0.4777823067979554,0.5381313549088323,0.8809241573036057
q17055,17055,76,5,1258,642,0.5103338632750397,True,0.5103256552819698,-0.39562017069533134,0.06175697495303397,0.9956892056122163,-0.47458201426816865,0.5381313549088323,0.8809241573036057
q17145,17145,76,5,1207,616,0.5103562551781275,True,0.5103476821192053,-0.3955236158467704,0.0630472138247268,0.9955080176564844,-0.47439953231351434,0.5381313549088323,0.8809241573036057
q10062,10062,76,5,4817,2461,0.5108988997301225,True,0.5108966376089664,-0.39311720002789324,0.03157027030973304,0.9988698736632038,-0.47359789538809094,0.5381313549088323,0.8809241573036057
q9756,9756,76,5,5390,2780,0.5157699443413729,True,0.5157670191059173,-0.37176110906123083,0.029854115237586652,0.998989280329142,-0.45232000417013946,0.5381313549088323,0.8809241573036057
q9130,9130,76,5,4398,2269,0.5159163256025466,True,0.5159127074335076,-0.3711220900026427,0.03304959835091733,0.9987616149654647,-0.45157869467815437,0.5381313549088323,0.8809241573036057
q10260,10260,76,5,4442,2317,0.5216118865375957,True,0.5216070222822418,-0.3461350719310017,0.03289995781447821,0.9987727900587975,-0.42662739361472934,0.5381313549088323,0.8809241573036057
q4114,4114,76,5,11611,6058,0.5217466195848764,True,0.521744746813641,-0.345530447274186,0.020350970716827437,0.999530076021839,-0.42634652899502296,0.5381313549088323,0.8809241573036057
q10226,10226,76,5,6179,3232,0.5230619841398284,True,0.5230582524271845,-0.33976328723640736,0.027899393618871067,0.999117189602213,-0.42040834481334044,0.5381313549088323,0.8809241573036057
q4322,4322,76,5,6868,3599,0.5240244612696564,True,0.5240209637501819,-0.33553547134535067,0.02646553232784607,0.9992055298639226,-0.4162210595946063,0.5381313549088323,0.8809241573036057
q9743,9743,76,5,4352,2284,0.5248161764705882,True,0.5248104755341144,-0.332067698853873,0.0332479962829043,0.9987467208881975,-0.4125665153945479,0.5381313549088323,0.8809241573036057
q17334,17334,76,5,1271,667,0.5247836349331235,True,0.5247641509433962,-0.3322711849603897,0.06150555330635823,0.9957240841306597,-0.4115205278484671,0.5381313549088323,0.8809241573036057
q10219,10219,76,5,4613,2426,0.5259050509429872,True,0.525899436497616,-0.32728377527374575,0.032297366706146205,0.9988172805010826,-0.4078173969171411,0.5381313549088323,0.8809241573036057
q10320,10320,76,5,4395,2312,0.5260523321956769,True,0.5260464058234758,-0.3266380429680356,0.03308898247610179,0.9987586653869672,-0.40714853361251846,0.5381313549088323,0.8809241573036057
q11604,11604,76,6,3644,1919,0.5266190998902305,True,0.5266117969821673,-0.32415372859856645,0.03634027153906827,0.9985031191155911,-0.4045637633605356,0.5381313549088323,0.8809241573036057
q9059,9059,76,5,4439,2343,0.5278215814372607,True,0.5278153153153153,-0.31886451891071804,0.032930583565738705,0.9987705070474528,-0.39938939435525134,0.5381313549088323,0.8809241573036057
q10707,10707,76,6,4194,2223,0.5300429184549357,True,0.5300357568533969,-0.3091024833668103,0.03388673066820548,0.9986981676026928,-0.3896111401726925,0.5381313549088323,0.8809241573036057
q4902,4902,76,5,5788,3070,0.5304077401520387,True,0.5304024874762481,-0.3074896985163594,0.02884774177405597,0.9990562107027344,-0.38813955687095414,0.5381313549088323,0.8809241573036057
q5718,5718,76,5,11496,6104,0.5309672929714684,True,0.5309645994607289,-0.305017407127963,0.020471477497938588,0.9995244969581099,-0.38585037318987625,0.5381313549088323,0.8809241573036057
q9909,9909,76,5,4397,2335,0.5310438935637934,True,0.5310368349249659,-0.30469967576596985,0.03309919660180739,0.998757899853997,-0.3852371039865441,0.5381313549088323,0.8809241573036057
q3950,3950,76,5,33191,17732,0.5342412099665572,True,0.5342401783562304,-0.2906038975199932,0.012053013003891036,0.9998351150123641,-0.3715591492625596,0.5381313549088323,0.8809241573036057
q9064,9064,76,5,5087,2718,0.534303125614311,True,0.5342963836477987,-0.29035647258392094,0.030785190429020445,0.9989253224129276,-0.3709738927170647,0.5381313549088323,0.8809241573036057
q8536,8536,76,5,4394,2350,0.5348202093764224,True,0.5348122866894198,-0.2880852107995427,0.033125637235018386,0.9987559170773189,-0.3686425440031612,0.5381313549088323,0.8809241573036057
q10060,10060,76,5,4395,2364,0.5378839590443686,True,0.5378753412192903,-0.27459352905177226,0.033135250708290896,0.9987551957747617,-0.35516739052380913,0.5381313549088323,0.8809241573036057
q9877,9877,76,5,4504,2425,0.5384103019538188,True,0.5384017758046615,-0.27227359138075935,0.03273430659429812,0.9987851019707141,-0.35286090628450095,0.5381313549088323,0.8809241573036057
q8389,8389,76,5,4436,2393,0.5394499549143372,True,0.5394410637818345,-0.2676925121754205,0.03298898955326621,0.9987661472856587,-0.348278782953259,0.5381313549088323,0.8809241573036057
q8602,8602,76,5,4354,2354,0.5406522737712448,True,0.5406429391504018,-0.26239297787786015,0.03330385931163749,0.9987425111505642,-0.34297767062704126,0.5381313549088323,0.8809241573036057
q17590,17590,76,5,692,374,0.5404624277456648,True,0.5404040404040404,-0.26344653004336915,0.08348471651716817,0.9921503028192297,-0.3417591257321144,0.5381313549088323,0.8809241573036057
q6445,6445,76,5,5736,3110,0.5421896792189679,True,0.542182325257103,-0.25560234421039224,0.029023184822585535,0.9990447071250728,-0.3362973009733243,0.5381313549088323,0.8809241573036057
q17118,17118,76,5,1275,692,0.5427450980392157,True,0.5427115987460815,-0.2532668132445416,0.06154558361692811,0.9957185402780423,-0.3328521189618188,0.5381313549088323,0.8809241573036057
q17421,17421,76,5,299,162,0.5418060200668896,True,0.5416666666666666,-0.2578774158489997,0.12690928288570894,0.9820452338637559,-0.3328091807430047,0.5381313549088323,0.8809241573036057
q11739,11739,76,6,2131,1164,0.5462224307836696,True,0.5462007504690432,-0.23785994373432245,0.04763951187795993,0.9974303223150852,-0.318057060356412,0.5381313549088323,0.8809241573036057
q10262,10262,76,5,4358,2389,0.5481872418540615,True,0.5481761871988988,-0.22912886385558798,0.03332806144298749,0.9987406851382407,-0.3097548195279338,0.5381313549088323,0.8809241573036057
q10069,10069,76,5,4241,2340,0.5517566611648196,True,0.5517444601603018,-0.2133416452942337,0.033805661022840404,0.9987043810242571,-0.29397679563292356,0.5381313549088323,0.8809241573036057
q9486,9486,76,5,4748,2627,0.5532855939342881,True,0.5532743735523268,-0.2065661570137938,0.03195916478762815,0.998841891974948,-0.2872496315718643,0.5381313549088323,0.8809241573036057
q6903,6903,76,6,15315,8495,0.554684949396017,True,0.5546813789501175,-0.20033131855379813,0.017800765329766224,0.9996404306682304,-0.28124668086876853,0.5381313549088323,0.8809241573036057
q10074,10074,76,5,4392,2438,0.5551001821493625,True,0.5550876394263601,-0.1985303957208095,0.03324026128800622,0.9987473032293072,-0.2791967345658123,0.5381313549088323,0.8809241573036057
q9732,9732,76,5,4358,2424,0.5562184488297384,True,0.5562055517320487,-0.19357320000082875,0.033376858657774476,0.9987369994528261,-0.27424291939773715,0.5381313549088323,0.8809241573036057
q10211,10211,76,5,4415,2459,0.556964892412231,True,0.5569519927536232,-0.19026192967531363,0.03316561173366205,0.9987529164080318,-0.2709401491354882,0.5381313549088323,0.8809241573036057
q11765,11765,76,6,2585,1442,0.5578336557059961,True,0.5578112915699923,-0.1864487013530591,0.04334734759653157,0.9978715611243801,-0.26689594433605857,0.5381313549088323,0.8809241573036057
q17099,17099,76,5,1283,717,0.558846453624318,True,0.5588006230529595,-0.18205667373884085,0.061529168130002365,0.9957208141101654,-0.26194746098449984,0.5381313549088323,0.8809241573036057
q10112,10112,76,5,4346,2443,0.5621260929590428,True,0.562111801242236,-0.1673429026013188,0.03346333269108266,0.9987304548346676,-0.24804412546056662,0.5381313549088323,0.8809241573036057
q9848,9848,76,5,4322,2432,0.5627024525682555,True,0.5626879481841314,-0.16478040854819243,0.03356025559159626,0.9987230993897778,-0.2454830766635677,0.5381313549088323,0.8809241573036057
q9491,9491,76,5,4462,2515,0.5636485880770955,True,0.5636343266860856,-0.16056974550072722,0.03303649301404454,0.9987625956827909,-0.24128733197649907,0.5381313549088323,0.8809241573036057
q3957,3957,76,5,7231,4086,0.5650670723274789,True,0.565058075221239,-0.15423155094583124,0.025960630040775267,0.999235531130076,-0.23506823748557767,0.5381313549088323,0.8809241573036057
q6743,6743,76,5,8386,4756,0.567135702361078,True,0.5671276976272803,-0.14501018298938004,0.024118234171191372,0.9993401187050197,-0.22587755856327185,0.5381313549088323,0.8809241573036057
q10222,10222,76,5,5097,2910,0.5709240729841083,True,0.5709101608473911,-0.12813201689808573,0.03096266616913046,0.9989129092341191,-0.20892117981956493,0.5381313549088323,0.8809241573036057
q10066,10066,76,5,4289,2465,0.5747260433667521,True,0.5747086247086247,-0.11114818249932583,0.03378481285412933,0.9987059764973644,-0.19191604322123482,0.5381313549088323,0.8809241573036057
q10634,10634,76,6,28203,16268,0.5768180689997519,True,0.5768153453410864,-0.10171301942487265,0.013183548382002632,0.9998027393602191,-0.18269350044932703,0.5381313549088323,0.8809241573036057
q6810,6810,76,6,19141,11079,0.5788098845410375,True,0.5788057674224218,-0.09278815837011486,0.016011218521020432,0.9997090730971121,-0.17375412028304063,0.5381313549088323,0.8809241573036057
q10212,10212,76,5,4314,2498,0.579044969865554,True,0.579026651216686,-0.09179709200337186,0.033725124751621406,0.9987105389066384,-0.1725907819376394,0.5381313549088323,0.8809241573036057
q6461,6461,76,5,5683,3291,0.5790955481259898,True,0.5790816326530612,-0.09155037983420479,0.02938484432948227,0.99902077433337,-0.17239792426200223,0.5381313549088323,0.8809241573036057
q9485,9485,76,5,5782,3363,0.5816326530612245,True,0.581618537091475,-0.08015792666194207,0.02915257678490295,0.9990361785397964,-0.16101910963683688,0.5381313549088323,0.8809241573036057
q10802,10802,76,6,5953,3463,0.5817235007559214,True,0.581709774941216,-0.07974787796627032,0.028731626204028613,0.9990637860400051,-0.16061389445822405,0.5381313549088323,0.8809241573036057
q6249,6249,76,5,5936,3470,0.5845687331536388,True,0.5845544887990568,-0.06695123591439534,0.028796037729716836,0.9990595876148626,-0.14782861156970561,0.5381313549088323,0.8809241573036057
q10276,10276,76,5,4377,2559,0.5846470185058259,True,0.5846276838739151,-0.06662167270708576,0.033534171930662986,0.9987250809511573,-0.14744997232630863,0.5381313549088323,0.8809241573036057
q11954,11954,76,6,5893,3465,0.5879857458001018,True,0.5879708177807941,-0.051552461275728725,0.028930069663203547,0.9990508212203959,-0.1324431559773854,0.5381313549088323,0.8809241573036057
q9840,9840,76,5,4427,2619,0.591597018296815,True,0.591576332429991,-0.035262964387111136,0.033414302403276405,0.9987341676643825,-0.11613230041930472,0.5381313549088323,0.8809241573036057
q17089,17089,76,5,1174,695,0.5919931856899489,True,0.5919148936170213,-0.03373130027405637,0.06487293013431929,0.9952453487695377,-0.11420224075046795,0.5381313549088323,0.8809241573036057
q10057,10057,76,5,4407,2612,0.5926934422509643,True,0.5926724137931034,-0.030302940388547663,0.033501615901386526,0.9987275520642166,-0.11117781853442131,0.5381313549088323,0.8809241573036057
q8761,8761,76,5,4302,2557,0.594374709437471,True,0.5943527771322333,-0.02269147724205829,0.03392617749525595,0.9986951389246091,-0.10357267907650144,0.5381313549088323,0.8809241573036057
q6751,6751,76,5,5742,3413,0.5943921978404737,True,0.5943757617969703,-0.02258730165806933,0.02936665129253455,0.9990219853083598,-0.10350250196371125,0.5381313549088323,0.8809241573036057
q6168,6168,76,5,26077,15513,0.5948920504659279,True,0.5948884116880129,-0.0202633238181006,0.013783483194664607,0.9997843816141592,-0.10125801239184956,0.5381313549088323,0.8809241573036057
q10269,10269,76,5,4314,2574,0.5966620305980529,True,0.5966396292004635,-0.012318093859075282,0.03390437243551283,0.9986968135231157,-0.09321298781573065,0.5381313549088323,0.8809241573036057
q6607,6607,76,6,4598,2744,0.5967812092214007,True,0.596760165253316,-0.011770851611593086,0.032842165573472096,0.9987770924512007,-0.09267390759818925,0.5381313549088323,0.8809241573036057
q4579,4579,76,5,7094,4245,0.5983930081759233,True,0.5983791402396054,-0.004415867846740202,0.026455923483812826,0.9992061061980215,-0.08536456997004717,0.5381313549088323,0.8809241573036057
q4019,4019,76,5,8603,5170,0.6009531558758573,True,0.6009414225941423,0.00724281571135079,0.024045299805093172,0.9993441010640781,-0.07372532256189324,0.5381313549088323,0.8809241573036057
q9151,9151,76,5,4769,2881,0.6041098762843363,True,0.6040880503144654,0.021591834067122433,0.032329837973461104,0.9988149039500055,-0.059354268336320494,0.5381313549088323,0.8809241573036057
q10072,10072,76,5,4449,2692,0.6050797932119577,True,0.6050561797752809,0.026013787744176876,0.033483762858089676,0.9987289061569476,-0.0549328249849679,0.5381313549088323,0.8809241573036057
q9205,9205,76,5,5053,3065,0.6065703542450029,True,0.6065492679066087,0.03284024730561334,0.03143643475531061,0.9988794245068113,-0.048122293908277394,0.5381313549088323,0.8809241573036057
q6870,6870,76,6,22025,13371,0.6070828603859251,True,0.6070779987287751,0.03525960988316695,0.015061483147170214,0.9997425545982965,-0.045745136580652046,0.5381313549088323,0.8809241573036057
q4143,4143,76,5,8008,4879,0.6092657342657343,True,0.6092520913971782,0.045218879990311114,0.02499765131972711,0.9992911539310494,-0.03577227136033891,0.5381313549088323,0.8809241573036057
q11585,11585,76,6,4065,2481,0.6103321033210332,True,0.6103049680275455,0.05004847758299456,0.03509766743469312,0.9986035959009733,-0.030924804878303278,0.5381313549088323,0.8809241573036057
q17259,17259,76,5,1297,798,0.6152659984579799,True,0.6151771956856703,0.07245439735799858,0.062237387393825595,0.99562217147508,-0.008524645480936847,0.5381313549088323,0.8809241573036057
q17342,17342,76,5,1162,716,0.6161790017211703,True,0.616079105760963,0.07661250321295764,0.06577428774789545,0.9951129568998908,-0.004382500507617432,0.5381313549088323,0.8809241573036057
q8795,8795,76,5,4306,2655,0.6165815141662796,True,0.6165544462502902,0.07880532903444108,0.03418550699237885,0.9986751406653329,-0.0022082678116911,0.5381313549088323,0.8809241573036057
q9058,9058,76,5,4307,2670,0.6199210587415834,True,0.6198932219127206,0.09423431420030065,0.03422853724369531,0.9986718077240978,0.013200232065036947,0.5381313549088323,0.8809241573036057
q6458,6458,76,5,13468,8365,0.6211018711018711,True,0.6210928799465439,0.09978970675780989,0.01936767425530277,0.9995743706804991,0.018765189970252165,0.5381313549088323,0.8809241573036057
q4326,4326,76,5,6312,3940,0.6242078580481623,True,0.6241881831142088,0.1141525276531961,0.028327185661536386,0.9990899339323998,0.03310584533124866,0.5381313549088323,0.8809241573036057
q4107,4107,76,5,6993,4379,0.6261976261976262,True,0.6261795824992851,0.12341562399816457,0.026936292462903563,0.9991770384153285,0.04236420479802808,0.5381313549088323,0.8809241573036057
q6150,6150,76,5,6392,4003,0.6262515644555695,True,0.6262318160488034,0.1236588333926743,0.028174636467693363,0.9990997006192488,0.042603916178504335,0.5381313549088323,0.8809241573036057
q5716,5716,76,5,6876,4312,0.627108784176847,True,0.6270903010033445,0.12765789579458225,0.027175456953040755,0.9991623718551365,0.046602301299273494,0.5381313549088323,0.8809241573036057
q8881,8881,76,5,4553,2861,0.62837689435537,True,0.6283487044356609,0.13352604081103875,0.03341373576348371,0.9987342105416497,0.05244304844963311,0.5381313549088323,0.8809241573036057
q10142,10142,76,5,4324,2730,0.6313598519888992,True,0.6313294797687862,0.14745556357545767,0.034333669429045574,0.9986636470884059,0.06635025120308168,0.5381313549088323,0.8809241573036057
q5721,5721,76,5,6669,4213,0.6317288948867896,True,0.6317091454272864,0.1492328284051044,0.02765201889416346,0.9991327618584518,0.06815714225454049,0.5381313549088323,0.8809241573036057
q4128,4128,76,5,9173,5808,0.6331625422435408,True,0.6331480270329192,0.15597475808360248,0.023594053659817156,0.9993684725237996,0.07491089352914386,0.5381313549088323,0.8809241573036057
q9882,9882,76,5,4623,2930,0.6337875838200303,True,0.6337586505190311,0.15883890979848578,0.033242839406947756,0.9987471091465956,0.07772488047453499,0.5381313549088323,0.8809241573036057
q11766,11766,76,6,2585,1641,0.634816247582205,True,0.6347641144624904,0.1635590799461,0.04447338499548213,0.9977597945355557,0.08235764129496809,0.5381313549088323,0.8809241573036057
q10274,10274,76,5,4350,2762,0.6349425287356322,True,0.6349115145943461,0.1642514739595964,0.034288656086106345,0.9986671441894618,0.0831240074044988,0.5381313549088323,0.8809241573036057
q3951,3951,76,5,5879,3736,0.6354822248681748,True,0.6354591836734694,0.16682503091968182,0.02950327477057599,0.9990128730413306,0.0857238006599942,0.5381313549088323,0.8809241573036057
q9480,9480,76,5,4294,2731,0.636003726129483,True,0.6359720605355064,0.16923645633847212,0.034529034552292504,0.9986484162276897,0.08810069334116943,0.5381313549088323,0.8809241573036057
q9095,9095,76,5,4445,2828,0.6362204724409449,True,0.6361898335582546,0.17026077320194039,0.033941178851103475,0.9986939862192921,0.08912769261416595,0.5381313549088323,0.8809241573036057
q9972,9972,76,5,4323,2759,0.6382142030996992,True,0.6381822386679001,0.17964340656832345,0.03445008102858051,0.9986545818729781,0.09849418580433004,0.5381313549088323,0.8809241573036057
q9962,9962,76,5,4357,2788,0.639889832453523,True,0.6398577329050023,0.18754941184549045,0.03434388570473855,0.998662852747281,0.1063904353187897,0.5381313549088323,0.8809241573036057
q10206,10206,76,5,4527,2897,0.639938148884471,True,0.6399072438162544,0.18778325630627218,0.03369384302028559,0.9987129267985528,0.10662931333780201,0.5381313549088323,0.8809241573036057
q8642,8642,76,5,4408,2826,0.6411070780399274,True,0.6410750737128601,0.1933027462247648,0.0341654953150125,0.9986766892644688,0.11213763029301578,0.5381313549088323,0.8809241573036057
q9477,9477,76,5,8782,5631,0.6411979048052835,True,0.6411818285323921,0.19380765729612742,0.024208042533216,0.9993351984671528,0.11271614720783214,0.5381313549088323,0.8809241573036057
q10286,10286,76,5,4302,2769,0.6436541143654114,True,0.6436207297234487,0.2053592916033199,0.034628562639217264,0.9986406238700131,0.12417373664476221,0.5381313549088323,0.8809241573036057
q9759,9759,76,5,7228,4653,0.6437465412285556,True,0.6437266565223406,0.2058617278844249,0.02671804551783061,0.9991903094612802,0.1247441155343903,0.5381313549088323,0.8809241573036057
q8802,8802,76,5,4190,2705,0.6455847255369929,True,0.6455499880696731,0.21451980047149372,0.03512331393936996,0.9986015572544837,0.13331657741476094,0.5381313549088323,0.8809241573036057
q11619,11619,76,6,2280,1474,0.6464912280701754,True,0.6464270056992547,0.21869081174787894,0.047631179775462155,0.997431218795748,0.13732063025973038,0.5381313549088323,0.8809241573036057
q4013,4013,76,5,4697,3046,0.6484990419416649,True,0.6484674329501916,0.22841147152927807,0.03322519935523235,0.9987484368034645,0.14721047106899823,0.5381313549088323,0.8809241573036057
q10300,10300,76,5,4571,2969,0.6495296434040692,True,0.6494969378827646,0.2333249789916838,0.03369854710727804,0.9987125678527575,0.15211236582191884,0.5381313549088323,0.8809241573036057
q9835,9835,76,5,5165,3358,0.6501452081316553,True,0.6501161440185831,0.23628316982129355,0.03171264887702299,0.9988596688279926,0.1550895880562298,0.5381313549088323,0.8809241573036057
q4214,4214,76,5,5537,3619,0.6536030341340076,True,0.6535752979414952,0.252849787914623,0.03068733692869592,0.9989321361900226,0.1716497670217057,0.5381313549088323,0.8809241573036057
q3938,3938,76,5,6187,4061,0.6563762728301277,True,0.6563510019392372,0.26619443610966037,0.029076360657579868,0.999041206731657,0.1850003624047926,0.5381313549088323,0.8809241573036057
q10129,10129,76,5,4342,2860,0.6586826347305389,True,0.6586460971678563,0.27726382768413077,0.034753101826297934,0.9986308418977997,0.19597860772993866,0.5381313549088323,0.8809241573036057
q9717,9717,76,5,4308,2842,0.659702878365831,True,0.6596658157345092,0.28219245367972906,0.034910679779159154,0.9986184148340738,0.20089798563125358,0.5381313549088323,0.8809241573036057
q11800,11800,76,6,2093,1383,0.6607740086000956,True,0.6606972301814709,0.2871842414747207,0.05010964792402318,0.9971577123004345,0.20558172714247042,0.5381313549088323,0.8809241573036057
q9740,9740,76,5,4291,2852,0.664646935446283,True,0.6646085740913327,0.30617587288617837,0.03508303906171362,0.9986047580504682,0.22484519474902695,0.5381313549088323,0.8809241573036057
q9746,9746,76,5,4298,2858,0.6649604467194044,True,0.6649220749011397,0.30770237892650043,0.03506115616732423,0.9986064956352301,0.22636996482996846,0.5381313549088323,0.8809241573036057
q3941,3941,76,5,5422,3612,0.66617484323128,True,0.6661442006269592,0.3136593697387267,0.03124030180635877,0.9988933480768125,0.23238538871713357,0.5381313549088323,0.8809241573036057
q8609,8609,76,5,4295,2871,0.6684516880093132,True,0.6684124767225326,0.3247419900620186,0.03514911546245985,0.9985995047912933,0.24338412734631523,0.5381313549088323,0.8809241573036057
q9478,9478,76,5,4411,2951,0.669009294944457,True,0.668970988213962,0.3274761608088364,0.0346961270965771,0.9986353213311572,0.246123296231424,0.5381313549088323,0.8809241573036057
q17319,17319,76,5,1234,828,0.6709886547811994,True,0.6708502024291498,0.33669145445150284,0.06565718191705502,0.9951302587154146,0.2544298573272335,0.5381313549088323,0.8809241573036057
q5640,5640,76,5,9786,6604,0.6748416104639281,True,0.6748237457852253,0.3562580363523271,0.023383457429139425,0.9993796890465377,0.2750707746572735,0.5381313549088323,0.8809241573036057
q3918,3918,76,5,8007,5416,0.6764081428749844,True,0.6763861138861139,0.36398231043689755,0.0258773801583901,0.9992404225088487,0.2827508496249905,0.5381313549088323,0.8809241573036057
q17277,17277,76,5,1219,825,0.6767842493847416,True,0.6766393442622951,0.36523593696645273,0.06630948697175519,0.9950334991046674,0.28280783463769726,0.5381313549088323,0.8809241573036057
q8887,8887,76,5,4290,2905,0.6771561771561772,True,0.6771148916336518,0.3675914176683153,0.035368305466293985,0.9985820081886808,0.2861685304475618,0.5381313549088323,0.8809241573036057
q8801,8801,76,5,4288,2909,0.6784048507462687,True,0.6783632548379576,0.3737827132800851,0.03540624892299908,0.9985789684120701,0.29235015690904526,0.5381313549088323,0.8809241573036057
q10270,10270,76,5,4400,2986,0.6786363636363636,True,0.6785957736877982,0.3749371696912986,0.03495831686276389,0.9986146470270222,0.29351345948269103,0.5381313549088323,0.8809241573036057
q10737,10737,76,6,5450,3700,0.6788990825688074,True,0.6788662630709962,0.37628065508690095,0.03141721338095081,0.9988807928755289,0.29493366699887696,0.5381313549088323,0.8809241573036057
q9134,9134,76,5,5069,3464,0.6833695008877491,True,0.6833333333333333,0.3985477590268349,0.03267677266387705,0.9987893636700176,0.31714681780911325,0.5381313549088323,0.8809241573036057
q9475,9475,76,5,4203,2874,0.6837972876516774,True,0.6837535680304472,0.4006503703137384,0.03589549156116828,0.9985394832824729,0.3191670133696083,0.5381313549088323,0.8809241573036057
q9685,9685,76,5,4373,2994,0.6846558426709353,True,0.6846136259716507,0.40495788737561916,0.03521237659566411,0.9985944661436451,0.3234860504536892,0.5381313549088323,0.8809241573036057
q10285,10285,76,5,4297,2943,0.6848964393763091,True,0.6848534201954397,0.40615990443168826,0.03552836979786105,0.9985691629019738,0.3246781508526172,0.5381313549088323,0.8809241573036057
q3943,3943,76,5,6495,4469,0.6880677444187837,True,0.6880387931034483,0.42217041761889196,0.028965285535488532,0.9990485111893783,0.340829287137105,0.5381313549088323,0.8809241573036057
q10056,10056,76,5,4341,3012,0.6938493434692468,True,0.6938046982957162,0.4513612722701417,0.035580541431361405,0.9985649636259866,0.36981328771728744,0.5381313549088323,0.8809241573036057
q4324,4324,76,5,10933,7601,0.6952346108113052,True,0.69521675507591,0.45855254047649197,0.022445780823989,0.9994284126511425,0.3773202192955264,0.5381313549088323,0.8809241573036057
q10064,10064,76,5,4908,3415,0.6958027709861451,True,0.6957628844978611,0.4613384335034292,0.033512711673890624,0.9987267101256876,0.3798376470985339,0.5381313549088323,0.8809241573036057
q6596,6596,76,6,5762,4012,0.6962860118014579,True,0.696251952108277,0.46383543198515875,0.03094177531417142,0.9989143740916633,0.38240330749145846,0.5381313549088323,0.8809241573036057
q4578,4578,76,5,6366,4444,0.6980835689601005,True,0.6980524579864928,0.47304610487980675,0.029478739845363155,0.9990145125310697,0.3916432382711718,0.5381313549088323,0.8809241573036057
q3946,3946,76,5,6406,4474,0.6984077427411801,True,0.6983767754019041,0.47470820856366736,0.029394029585673862,0.9990201626554713,0.3933059283796601,0.5381313549088323,0.8809241573036057
q8773,8773,76,5,4923,3444,0.6995734308348568,True,0.6995329000812348,0.4806408503022447,0.03356002306168833,0.9987231170617186,0.39911405044973025,0.5381313549088323,0.8809241573036057
q10067,10067,76,5,5358,3753,0.700447928331467,True,0.7004105243515582,0.48515233489974185,0.032191506601795046,0.9988250118281128,0.40366095373332006,0.5381313549088323,0.8809241573036057
q6618,6618,76,6,4301,3013,0.7005347593582888,True,0.7004881450488145,0.4855516820689247,0.03593145245456856,0.9985365597457423,0.4039431426662497,0.5381313549088323,0.8809241573036057
q17240,17240,76,5,1202,843,0.7013311148086523,True,0.701163757273483,0.4890299044364263,0.06798467480149285,0.9947807165011965,0.40588384057343624,0.5381313549088323,0.8809241573036057
q11955,11955,76,6,2218,1555,0.7010820559062219,True,0.7009914375844976,0.4881423671982972,0.0500501553457339,0.9971644381688786,0.4059714103320206,0.5381313549088323,0.8809241573036057
q9966,9966,76,5,4298,3014,0.7012563983248022,True,0.7012095836240986,0.48926597957574236,0.03596466504752901,0.9985338570542955,0.40765090114827424,0.5381313549088323,0.8809241573036057
q5111,5111,76,5,7620,5345,0.7014435695538058,True,0.70141713685868,0.49033543168574445,0.027016299397979178,0.9991721464407571,0.4089800492015496,0.5381313549088323,0.8809241573036057
q17415,17415,76,5,288,203,0.7048611111111112,True,0.7041522491349481,0.5044653669499676,0.1390411143495523,0.9785256428884392,0.4143555489573455,0.5381313549088323,0.8809241573036057
q4577,4577,76,5,9086,6387,0.7029495927801013,True,0.7029272587212502,0.49812840619880394,0.024771336470066574,0.9993039219339989,0.4168215373966226,0.5381313549088323,0.8809241573036057
q6921,6921,76,6,14531,10241,0.7047691143073429,True,0.7047550233966419,0.5075886758287935,0.01961750068371098,0.9995633241785941,0.4263858757134753,0.5381313549088323,0.8809241573036057
q10223,10223,76,5,4515,3183,0.704983388704319,True,0.7049379982285208,0.5085374417863983,0.03519610574302385,0.9985957629515505,0.42692057470642064,0.5381313549088323,0.8809241573036057
q10218,10218,76,5,4193,2959,0.7056999761507274,True,0.7056509298998569,0.5122371505507981,0.036543679232239945,0.998486340647168,0.43056790304831005,0.5381313549088323,0.8809241573036057
q9147,9147,76,5,4352,3075,0.7065716911764706,True,0.7065242361589709,0.5167756448644094,0.035896010915989846,0.9985394410808496,0.43512266662572846,0.5381313549088323,0.8809241573036057
q10076,10076,76,5,4289,3033,0.7071578456516671,True,0.7071095571095571,0.5198215575215857,0.036176243474189115,0.9985165814778683,0.43815409963920804,0.5381313549088323,0.8809241573036057
q5717,5717,76,5,5771,4087,0.7081961531796915,True,0.7081600831600832,0.5252965369042882,0.03121554808167682,0.9988950991897738,0.4437891251891182,0.5381313549088323,0.8809241573036057
q9976,9976,76,5,4556,3236,0.7102721685689201,True,0.7102260258942287,0.5360946411305485,0.035192843968460265,0.9985960228474683,0.4544391954832446,0.5381313549088323,0.8809241573036057
q10225,10225,76,5,4402,3130,0.7110404361653794,True,0.7109925051101522,0.5401114288343342,0.03582649299548152,0.9985450845557463,0.45842695819879786,0.5381313549088323,0.8809241573036057
q8512,8512,76,5,4223,3024,0.7160786170968506,True,0.7160274621212122,0.5666436658822586,0.03673895589272893,0.998470145305706,0.48488420055163645,0.5381313549088323,0.8809241573036057
q4926,4926,76,5,4811,3454,0.7179380586156724,True,0.7178927680798005,0.5765389916089834,0.03447873462552325,0.9986523458767337,0.49485467234396996,0.5381313549088323,0.8809241573036057
q4323,4323,76,5,7308,5250,0.7183908045977011,True,0.7183609248871254,0.5790282490610053,0.027987797845497903,0.9991115910307874,0.49756928460822986,0.5381313549088323,0.8809241573036057
q4182,4182,76,5,5749,4134,0.719081579405114,True,0.7190434782608696,0.5826616308745451,0.031574213930093416,0.998869591623852,0.5010780406749963,0.5381313549088323,0.8809241573036057
q9196,9196,76,5,5329,3847,0.7218990429724151,True,0.7218574108818011,0.5976933775984989,0.0328794735457828,0.9987743158887181,0.5160435686197179,0.5381313549088323,0.8809241573036057
q6624,6624,76,6,4526,3273,0.7231551038444543,True,0.7231058095869229,0.6043896785920475,0.03571809338793607,0.9985538627490792,0.5226162828089246,0.5381313549088323,0.8809241573036057
q17201,17201,76,5,1231,892,0.7246141348497157,True,0.7244318181818182,0.6115210691699767,0.06855349184877518,0.9946934786861475,0.5276894091349563,0.5381313549088323,0.8809241573036057
q10911,10911,76,6,4107,2974,0.7241295349403457,True,0.7240749756572541,0.6096000217968736,0.0375295632527549,0.9984036993789394,0.5277397172632786,0.5381313549088323,0.8809241573036057
q4328,4328,76,5,8431,6110,0.7247064405171392,True,0.7246797912713473,0.6128568575585414,0.026210267695270604,0.9992207696737885,0.531425905072213,0.5381313549088323,0.8809241573036057
q8511,8511,76,5,4217,3065,0.7268200142281243,True,0.7267662399241347,0.624123542455464,0.037131917662130524,0.998437294888125,0.5422582999735694,0.5381313549088323,0.8809241573036057
q8870,8870,76,5,4442,3239,0.7291760468257542,True,0.7291244654512716,0.636917485577673,0.03626223740267374,0.998509531202178,0.5550724061717319,0.5381313549088323,0.8809241573036057
q11866,11866,76,6,2709,1976,0.7294204503506829,True,0.7293357933579335,0.6380671259169988,0.04644060099480665,0.9975577215482957,0.5556901268696549,0.5381313549088323,0.8809241573036057
q8633,8633,76,5,4208,3081,0.7321768060836502,True,0.7321216440959848,0.6532713674039264,0.037367028234400176,0.9984174742909531,0.5713492330343011,0.5381313549088323,0.8809241573036057
q11658,11658,76,6,2241,1643,0.7331548415885766,True,0.7330508474576272,0.6583631466352037,0.051246511919069794,0.9970276680357278,0.5756305544497645,0.5381313549088323,0.8809241573036057
q17486,17486,76,6,793,582,0.733921815889029,True,0.7336272040302267,0.6615266421630913,0.0861636050712703,0.9916427299550047,0.575658635990005,0.5381313549088323,0.8809241573036057
q9489,9489,76,5,4241,3124,0.7366187219995284,True,0.7365629420084866,0.6777031322306569,0.037389409061298035,0.9984155810332709,0.5957412042835755,0.5381313549088323,0.8809241573036057
q9761,9761,76,5,4330,3190,0.7367205542725174,True,0.7366658970214731,0.6782723629976924,0.03700717404750829,0.9984477607068425,0.5963287526484486,0.5381313549088323,0.8809241573036057
q3948,3948,76,5,6069,4471,0.7366946778711485,True,0.7366556836902801,0.6782158883406691,0.03125943298666513,0.9988919937637325,0.5965376613517474,0.5381313549088323,0.8809241573036057
q9973,9973,76,5,4286,3179,0.7417172188520765,True,0.7416608350828084,0.7060498780952809,0.03739212963178902,0.9984153508157039,0.6240428931327489,0.5381313549088323,0.8809241573036057
q11830,11830,76,6,996,740,0.7429718875502008,True,0.742728184553661,0.7120272076243315,0.07762588382151198,0.9932061804163709,0.6267237085289922,0.5381313549088323,0.8809241573036057
q9191,9191,76,5,4550,3380,0.7428571428571429,True,0.7428037793891452,0.7124511176996619,0.03633591303126439,0.9985034776166436,0.6304896353285487,0.5381313549088323,0.8809241573036057
q6145,6145,76,5,9449,7025,0.7434649169224257,True,0.7434391534391535,0.7160170584178145,0.02523315370940223,0.9992777446592065,0.6345418995205723,0.5381313549088323,0.8809241573036057
q9483,9483,76,5,4199,3136,0.7468444867825673,True,0.7467857142857143,0.7348881309319475,0.03798872066046078,0.9983644646655766,0.6528021744469478,0.5381313549088323,0.8809241573036057
q5715,5715,76,5,6040,4523,0.748841059602649,True,0.7487998675715941,0.746319300878108,0.03174691759301735,0.9988572058286364,0.6645424703736448,0.5381313549088323,0.8809241573036057
q10360,10360,76,6,4764,3569,0.7491603694374476,True,0.7491080797481637,0.7480734918994696,0.035758165755463756,0.9985506207724563,0.66609014701848,0.5381313549088323,0.8809241573036057
q17230,17230,76,5,1244,933,0.75,True,0.7497991967871486,0.7520118156072385,0.07001017344125411,0.9944668290388163,0.6672825575861836,0.5381313549088323,0.8809241573036057
q9970,9970,76,5,4290,3215,0.7494172494172494,True,0.7493591237473782,0.7495032900570632,0.037692107884179614,0.9983898642429332,0.6674104092441622,0.5381313549088323,0.8809241573036057
q10215,10215,76,5,4333,3253,0.7507500576967459,True,0.7506922011998154,0.7571105398880998,0.03756142769352653,0.9984009918893078,0.6750129337053313,0.5381313549088323,0.8809241573036057
q8793,8793,76,5,4304,3236,0.7518587360594795,True,0.7518002322880372,0.7634527095733566,0.03773555583669143,0.9983861560684142,0.6813348377088367,0.5381313549088323,0.8809241573036057
q6835,6835,76,6,16616,12496,0.7520462205103514,True,0.752031052536559,0.764776089756492,0.019212165100544604,0.9995811754126799,0.6834731880679661,0.5381313549088323,0.8809241573036057
q4895,4895,76,5,6018,4527,0.7522432701894317,True,0.7522013623525503,0.7657530307965354,0.031928288428669835,0.9988441260492144,0.6839450353363535,0.5381313549088323,0.8809241573036057
q17172,17172,76,5,1205,908,0.7535269709543568,True,0.7533167495854063,0.7721615178968928,0.07142079278985138,0.9942429060780761,0.6871660048954491,0.5381313549088323,0.8809241573036057
q8775,8775,76,5,4214,3178,0.7541528239202658,True,0.7540925266903915,0.7766294113771256,0.038237724760037284,0.9983429892027156,0.6944602469443761,0.5381313549088323,0.8809241573036057
q17138,17138,76,5,1161,883,0.7605512489233419,True,0.7603270223752151,0.8128608324424713,0.07337080010837345,0.9939261771744924,0.7273992134199749,0.5381313549088323,0.8809241573036057
q9056,9056,76,5,4460,3390,0.7600896860986547,True,0.7600313830979601,0.8111293875857748,0.03743289917873491,0.9984118988596644,0.7289533681467417,0.5381313549088323,0.8809241573036057
q4190,4190,76,5,12188,9266,0.7602559894978668,True,0.7602346377881697,0.8123196260349514,0.022651306871606904,0.999417903305776,0.7308774105465965,0.5381313549088323,0.8809241573036057
q9965,9965,76,5,4599,3502,0.761469884757556,True,0.7614130434782609,0.8192329188827765,0.03692547443641784,0.9984545962243743,0.7370755501109958,0.5381313549088323,0.8809241573036057
q5622,5622,76,5,8357,6368,0.7619959315543855,True,0.7619645848289064,0.8224760901749306,0.02741255093437813,0.9991477047292073,0.7408276213236519,0.5381313549088323,0.8809241573036057
q17109,17109,76,5,1200,917,0.7641666666666667,True,0.763946711074105,0.8341711798973863,0.07249389030523641,0.9940696393851706,0.7486881748316762,0.5381313549088323,0.8809241573036057
q10216,10216,76,5,4202,3211,0.7641599238457877,True,0.7640970735189151,0.8350609227671069,0.03875923428871928,0.9982975597940719,0.7527606808980631,0.5381313549088323,0.8809241573036057
q3945,3945,76,5,5688,4347,0.7642405063291139,True,0.7641940587097908,0.8356350084257776,0.03331883733319636,0.9987413812383081,0.7536687050747797,0.5381313549088323,0.8809241573036057
q3939,3939,76,5,5831,4458,0.7645343851826445,True,0.7644890260631001,0.8373819448439982,0.032920030598793906,0.9987712939621362,0.7554360677159246,0.5381313549088323,0.8809241573036057
q10059,10059,76,5,4149,3173,0.7647625933959991,True,0.7646987951807229,0.8386251525496459,0.0390355027281437,0.9982732460179518,0.7563004224659937,0.5381313549088323,0.8809241573036057
q9106,9106,76,5,4236,3243,0.7655807365439093,True,0.7655180552277555,0.8434873822222514,0.03867272521440436,0.9983051380053796,0.7611785729750993,0.5381313549088323,0.8809241573036057
q10221,10221,76,5,4646,3560,0.7662505380972879,True,0.7661932429524424,0.8475027909355295,0.036959042641364584,0.9984517895084566,0.7652995824875426,0.5381313549088323,0.8809241573036057
q3949,3949,76,5,5701,4374,0.7672338186283109,True,0.7671869519466854,0.853426120897269,0.03340764135617846,0.9987346716557804,0.7714322427724034,0.5381313549088323,0.8809241573036057
q9190,9190,76,5,4256,3267,0.7676221804511278,True,0.767559314070942,0.8556499207453014,0.03868259616279211,0.9983042741584518,0.7733198285091706,0.5381313549088323,0.8809241573036057
q4168,4168,76,5,11793,9055,0.7678283727635038,True,0.7678056638968968,0.8571224260698064,0.023247422575749827,0.99938688104271,0.7756300544582717,0.5381313549088323,0.8809241573036057
q9766,9766,76,5,4408,3390,0.7690562613430127,True,0.7689952370151962,0.8642471592679113,0.03808069577359652,0.9983565484669781,0.781943431312003,0.5381313549088323,0.8809241573036057
q17268,17268,76,5,624,481,0.7708333333333334,True,0.7704,0.8726915392208592,0.10132885202813845,0.9884788689935379,0.7825540213117148,0.5381313549088323,0.8809241573036057
q10287,10287,76,5,4330,3339,0.7711316397228637,True,0.7710690371738629,0.8767251422900995,0.03852672484023321,0.9983178895212457,0.7943701461176627,0.5381313549088323,0.8809241573036057
q10774,10774,76,6,5628,4353,0.773454157782516,True,0.7734055782554627,0.890872949945029,0.033899490155794715,0.9986971883287099,0.8088013331727631,0.5381313549088323,0.8809241573036057
q6854,6854,76,6,13171,10226,0.7764027029079037,True,0.7763817187974491,0.9090333586875942,0.022250500838795415,0.999438309530885,0.8275517431530504,0.5381313549088323,0.8809241573036057
q11941,11941,76,6,2189,1701,0.7770671539515761,True,0.7769406392694064,0.9124617065919445,0.05461071401262127,0.9966259665162326,0.8286398563423988,0.5381313549088323,0.8809241573036057
q17498,17498,76,6,1413,1103,0.7806086341118188,True,0.7804101838755304,0.9338724759306568,0.06829381232726967,0.9947333932508339,0.8483642926590773,0.5381313549088323,0.8809241573036057
q11804,11804,76,6,2610,2039,0.7812260536398468,True,0.781118345461509,0.9382703326403995,0.05030824940226444,0.9971352024307046,0.8547979476483663,0.5381313549088323,0.8809241573036057
q9864,9864,76,5,4346,3402,0.7827887712839392,True,0.7827237175063262,0.9482756094253241,0.03907923768267101,0.9982693812774697,0.8657581882473416,0.5381313549088323,0.8809241573036057
q10132,10132,76,5,4521,3539,0.7827914178279142,True,0.7827288810260946,0.9483078705734099,0.0383158844213129,0.998336219549536,0.8658483618185051,0.5381313549088323,0.8809241573036057
q9476,9476,76,5,4553,3581,0.7865143861190423,True,0.7864514712340799,0.9717024800247966,0.038389198316852814,0.9983298571226188,0.8891983808517541,0.5381313549088323,0.8809241573036057
q9978,9978,76,5,4332,3418,0.7890120036934442,True,0.7889453034848835,0.9875304692885102,0.039503031132078495,0.9982317092151919,0.904910962665385,0.5381313549088323,0.8809241573036057
q10795,10795,76,6,6572,5189,0.789561777236762,True,0.7895177240225164,0.9911815624107597,0.03210102650357854,0.9988315998762461,0.90910159909845,0.5381313549088323,0.8809241573036057
q10058,10058,76,5,4356,3443,0.7904040404040404,True,0.7903373881110856,0.9964215355977595,0.039477364577855674,0.9982340022575309,0.9137884060464561,0.5381313549088323,0.8809241573036057
q3953,3953,76,5,6135,4860,0.7921760391198044,True,0.7921284224250326,1.0079205279209267,0.033357503764028504,0.9987384619825513,0.9257346769128818,0.5381313549088323,0.8809241573036057
q9969,9969,76,5,4456,3547,0.7960053859964094,True,0.7959389724029616,1.0326152491266138,0.0393740847315031,0.9982432142901961,0.9499269677174451,0.5381313549088323,0.8809241573036057
q11582,11582,76,6,2114,1688,0.7984862819299905,True,0.7983451536643026,1.0483744945395865,0.05737925016478506,0.9962765021725801,0.9637560128752105,0.5381313549088323,0.8809241573036057
q4202,4202,76,5,8090,6459,0.7983930778739184,True,0.7983561982449635,1.0484471332188714,0.029337069436292766,0.9990239527573339,0.9664863488710222,0.5381313549088323,0.8809241573036057
q10209,10209,76,5,4467,3590,0.8036713678083726,True,0.8036034019695614,1.0832785725755396,0.03982271651461339,0.9982030246232632,1.0004610059859083,0.5381313549088323,0.8809241573036057
q11891,11891,76,6,4308,3466,0.8045496750232126,True,0.8044789974472035,1.0891547037291311,0.04061096302795757,0.9981313165524639,1.0062542862327088,0.5381313549088323,0.8809241573036057
q10207,10207,76,5,4665,3761,0.8062165058949625,True,0.8061508786969567,1.1004269076307325,0.039138234542584964,0.9982641610745591,1.0176408490383793,0.5381313549088323,0.8809241573036057
q10220,10220,76,5,4344,3518,0.8098526703499079,True,0.8097813578826237,1.125145805900506,0.04081618738317445,0.9981124180775867,1.0421583999762396,0.5381313549088323,0.8809241573036057
q8202,8202,76,5,4342,3517,0.8099953938277291,True,0.8099240156573797,1.1261240102063668,0.04083590918484798,0.9981105969786808,1.043132854597241,0.5381313549088323,0.8809241573036057
q9979,9979,76,5,4368,3544,0.8113553113553114,True,0.811284046692607,1.135476405319975,0.04081307432941115,0.9981127054552524,1.0524698025712156,0.5381313549088323,0.8809241573036057
q9869,9869,76,5,4373,3556,0.8131717356505831,True,0.8131001371742113,1.14804114918959,0.040923718600870254,0.9981024781145178,1.0649999202438796,0.5381313549088323,0.8809241573036057
q9963,9963,76,5,4499,3668,0.8152922871749277,True,0.8152222222222222,1.1628356098307446,0.04050406286773136,0.9981411232047838,1.0798081150683152,0.5381313549088323,0.8809241573036057
q17205,17205,76,5,1163,951,0.8177128116938951,True,0.8174398625429553,1.1784291149033386,0.07996975257748558,0.9927927171278411,1.089503225578757,0.5381313549088323,0.8809241573036057
q3947,3947,76,5,7513,6136,0.81671768933848,True,0.8166755389938781,1.173039167595348,0.03142993977287497,0.9988798869775002,1.0907994524424836,0.5381313549088323,0.8809241573036057
q10302,10302,76,5,4321,3534,0.817866234667901,True,0.8177926885701065,1.1809227880038424,0.04152874332957945,0.9980460670941859,1.097757118594363,0.5381313549088323,0.8809241573036057
q10075,10075,76,5,4378,3582,0.8181818181818182,True,0.8181091573418589,1.183162509912591,0.04128226836037986,0.9980691469775586,1.1000179016375342,0.5381313549088323,0.8809241573036057
q6419,6419,76,5,6581,5412,0.8223674213645342,True,0.8223184442418717,1.2132287108858102,0.033946294904638234,0.9986935929854314,1.1307330545744156,0.5381313549088323,0.8809241573036057
q10224,10224,76,5,4314,3554,0.8238293926750115,True,0.8237543453070684,1.2236053991501699,0.042044542607930786,0.9979973266307594,1.1403006404711005,0.5381313549088323,0.8809241573036057
q9796,9796,76,5,4288,3547,0.8271921641791045,True,0.8271158778269992,1.24814597712651,0.0424576348426341,0.997957861095901,1.1647460102974387,0.5381313549088323,0.8809241573036057
q9204,9204,76,5,4295,3556,0.8279394644935972,True,0.8278631284916201,1.2536495256290008,0.042487872893998226,0.9979549572147307,1.1702349146025357,0.5381313549088323,0.8809241573036057
q9153,9153,76,5,4445,3688,0.8296962879640045,True,0.8296221322537112,1.266675746625481,0.04191699606014029,0.998009434691818,1.1832990881427525,0.5381313549088323,0.8809241573036057
q17045,17045,76,5,1237,1028,0.8310428455941795,True,0.8307754442649434,1.275271498669689,0.07962724195660473,0.9928538822930298,1.185720685693947,0.5381313549088323,0.8809241573036057
q10210,10210,76,5,4155,3449,0.8300842358604091,True,0.830004812319538,1.269523032414219,0.043389379080519076,0.9978674402751025,1.185971944935089,0.5381313549088323,0.8809241573036057
q3952,3952,76,5,6406,5336,0.8329690914767406,True,0.8329171218979241,1.2913515467217942,0.03516140263052372,0.9985985268431096,1.208638768308364,0.5381313549088323,0.8809241573036057
q9975,9975,76,5,4715,3934,0.8343584305408271,True,0.8342875318066157,1.3017228002610943,0.041104278136619356,0.9980857291873096,1.2183695114985547,0.5381313549088323,0.8809241573036057
q10071,10071,76,5,4206,3512,0.8349976224441275,True,0.8349179938198241,1.3065160037139723,0.04357944754151599,0.9978487561519321,1.222863129130964,0.5381313549088323,0.8809241573036057
q9684,9684,76,5,4308,3598,0.8351903435468895,True,0.8351125551171966,1.3079980007579508,0.043078810025614075,0.9978977956037957,1.2244021085368695,0.5381313549088323,0.8809241573036057
q5714,5714,76,5,7211,6063,0.8407987796422133,True,0.8407515252357183,1.351542625073445,0.033720301867151914,0.9987109072054106,1.2688882726627055,0.5381313549088323,0.8809241573036057
q9124,9124,76,5,4324,3639,0.8415818686401481,True,0.8415028901734104,1.3574336257983808,0.04361893523249648,0.9978448642723285,1.2736662473324303,0.5381313549088323,0.8809241573036057
q3942,3942,76,5,6536,5505,0.8422582619339045,True,0.8422059048493192,1.3629650635176402,0.03553726023812433,0.9985684477466947,1.2801133608291024,0.5381313549088323,0.8809241573036057
q6960,6960,76,6,4723,3984,0.8435316536099936,True,0.843458933107536,1.3728714624900316,0.04192622147076034,0.9980085601430438,1.2892822847092746,0.5381313549088323,0.8809241573036057
q17494,17494,76,6,3031,2574,0.8492246783239855,True,0.8491094986807388,1.4183246821480326,0.05304803249770765,0.9968156931664813,1.3330497562775083,0.5381313549088323,0.8809241573036057
q9037,9037,76,5,4361,3708,0.8502637009860123,True,0.8501834021091242,1.4271128888853197,0.04434504179450067,0.9977726768836542,1.3430981709686989,0.5381313549088323,0.8809241573036057
q9112,9112,76,5,4298,3661,0.8517915309446255,True,0.8517096999302163,1.4396886718304678,0.04483980457832195,0.9977228124279819,1.3555781941348166,0.5381313549088323,0.8809241573036057
q11534,11534,76,6,2148,1832,0.8528864059590316,True,0.8527221963704048,1.448087317320318,0.06358326964803206,0.995431657646917,1.3608255435547991,0.5381313549088323,0.8809241573036057
q17219,17219,76,5,1167,997,0.8543273350471294,True,0.8540239726027398,1.4589526936706438,0.08653397448765951,0.9915713359008432,1.3663220061948353,0.5381313549088323,0.8809241573036057
q11915,11915,76,6,1893,1617,0.8541996830427893,True,0.854012671594509,1.4588580402799065,0.06795250154836452,0.9947856295554707,1.3706569378409723,0.5381313549088323,0.8809241573036057
q4922,4922,76,5,5333,4571,0.8571160697543596,True,0.8570491188601425,1.4845016055704714,0.04081425623994798,0.9981125963512206,1.400836136339419,0.5381313549088323,0.8809241573036057
q8632,8632,76,5,4205,3606,0.857550535077289,True,0.8574655254398479,1.4880518916586685,0.04601331346095491,0.9976023490426967,1.4036617855965634,0.5381313549088323,0.8809241573036057
q9960,9960,76,5,4206,3609,0.8580599144079886,True,0.8579748038982647,1.492405242191466,0.04607031405825354,0.9975964193027003,1.4079963291461697,0.5381313549088323,0.8809241573036057
q8375,8375,76,5,4293,3694,0.8604705334265083,True,0.8603865859338612,1.5131920350745136,0.0458992499985482,0.9976141931679655,1.4287586145896127,0.5381313549088323,0.8809241573036057
q9115,9115,76,5,4215,3643,0.8642941874258601,True,0.864207779886148,1.5467230254021955,0.0468169641113395,0.9975180744491566,1.4620687246206492,0.5381313549088323,0.8809241573036057
q9051,9051,76,5,4332,3765,0.8691135734072022,True,0.8690283867989845,1.5901273525536046,0.04683082076018768,0.9975166087052082,1.505363113493423,0.5381313549088323,0.8809241573036057
q10721,10721,76,6,5955,5196,0.872544080604534,True,0.8724815312290127,1.6220246198898651,0.04036262663838884,0.9981540586487864,1.5381634829559199,0.5381313549088323,0.8809241573036057
q3955,3955,76,5,6637,5796,0.8732861232484557,True,0.8732298885206388,1.629030255680017,0.03832135259515765,0.9983357454199228,1.545437440369428,0.5381313549088323,0.8809241573036057
q17583,17583,76,5,422,371,0.8791469194312796,True,0.8782505910165485,1.6769308159944365,0.1542472913571688,0.9737020050629425,1.5539449437143915,0.5381313549088323,0.8809241573036057
q9887,9887,76,5,4284,3752,0.8758169934640523,True,0.8757292882147024,1.6526767456323124,0.048071593358333095,0.9973836204459617,1.5675481595971783,0.5381313549088323,0.8809241573036057
q10759,10759,76,6,4439,3889,0.8760982203198918,True,0.8760135135135135,1.6553904773879846,0.04726777067049571,0.9974701682670338,1.5703910498355829,0.5381313549088323,0.8809241573036057
q9172,9172,76,5,4434,3890,0.8773116824537663,True,0.8772266065388952,1.6670308669911016,0.047478688495142723,0.9974475984646036,1.5819661951813786,0.5381313549088323,0.8809241573036057
q10261,10261,76,5,4319,3796,0.8789071544338968,True,0.8788194444444445,1.6824603307506338,0.04835637058969804,0.9973526119499979,1.5972041611886059,0.5381313549088323,0.8809241573036057
q9703,9703,76,5,4145,3645,0.879372738238842,True,0.8792812349252291,1.6869649808666638,0.049435650646673435,0.9972334480739365,1.6015055147051567,0.5381313549088323,0.8809241573036057
q11628,11628,76,6,2547,2248,0.8826069886140557,True,0.8824568288854003,1.7183357595983892,0.06373485860829996,0.995409949001481,1.6298038544454572,0.5381313549088323,0.8809241573036057
q9764,9764,76,5,4293,3801,0.8853948287910552,True,0.8853050768514206,1.74707984286169,0.04958226826769741,0.9972170592428471,1.6614267609826674,0.5381313549088323,0.8809241573036057
q10886,10886,76,6,4547,4030,0.8862986584561249,True,0.8862137203166227,1.7563754943729593,0.04833267014613102,0.9973551995300327,1.6709279778154602,0.5381313549088323,0.8809241573036057
q17378,17378,76,5,1160,1030,0.8879310344827587,True,0.8875968992248062,1.77064616239631,0.09613534651684287,0.9896176632601323,1.672087332177876,0.5381313549088323,0.8809241573036057
q9716,9716,76,5,4247,3780,0.890040028255239,True,0.8899482109227872,1.7952483575694662,0.05069147990161467,0.9970915175830488,1.709246018058284,0.5381313549088323,0.8809241573036057
q9762,9762,76,5,4299,3830,0.8909048615957199,True,0.8908139534883721,1.8044186729530343,0.050546430358889005,0.9971080904742026,1.7184182234969907,0.5381313549088323,0.8809241573036057
q6782,6782,76,6,12432,11080,0.8912483912483913,True,0.8912169227057025,1.808708098260237,0.029770895148314845,0.9989949016998363,1.7259550720265595,0.5381313549088323,0.8809241573036057
q10851,10851,76,6,4701,4195,0.8923633269517124,True,0.8922798809017439,1.8200877607867871,0.04860501760746333,0.9973253893774215,1.7344198960182347,0.5381313549088323,0.8809241573036057
q8892,8892,76,5,4530,4057,0.8955849889624724,True,0.8954976826307658,1.8551279327508212,0.05013392045013145,0.997154965927667,1.7690639989799926,0.5381313549088323,0.8809241573036057
q6480,6480,76,5,7480,6759,0.9036096256684492,True,0.9035556743750836,1.9471069721542664,0.040338915143324806,0.9981562228535369,1.8626497908655342,0.5381313549088323,0.8809241573036057
q11672,11672,76,6,2323,2109,0.9078777442961689,True,0.9077022375215146,1.9970552263496852,0.0737247153110796,0.9938678000256237,1.9042891675112104,0.5381313549088323,0.8809241573036057
q9961,9961,76,5,4302,3909,0.908647140864714,True,0.908552172902626,2.0075337446117683,0.054393110418700125,0.9966527116842618,1.9200686096655195,0.5381313549088323,0.8809241573036057
q9779,9779,76,5,4270,3894,0.911943793911007,True,0.91184734254273,2.0489804157345923,0.05545370649660912,0.9965213618771503,1.9611180551530976,0.5381313549088323,0.8809241573036057
q11567,11567,76,6,2179,2006,0.9206057824690224,True,0.9204128440366972,2.1634674509287235,0.08110357736804304,0.992588421602975,2.067016676271846,0.5381313549088323,0.8809241573036057
q9715,9715,76,5,4261,3925,0.9211452710631308,True,0.9210464570624121,2.1723640432231734,0.05820582173366898,0.9961688664222522,2.083335285157059,0.5381313549088323,0.8809241573036057
q10208,10208,76,5,4277,3944,0.9221416880991348,True,0.9220430107526881,2.1864862684749937,0.058418193022650715,0.9961409667541649,2.0973446643705516,0.5381313549088323,0.8809241573036057
q17348,17348,76,5,1144,1063,0.9291958041958042,True,0.9288209606986899,2.2870651502694015,0.11750360052021355,0.9845684432256641,2.1720058593112115,0.5381313549088323,0.8809241573036057
q10065,10065,76,5,4267,3971,0.9306304194984768,True,0.9305295220243673,2.313776484256497,0.061517210794430455,0.9957224700350351,2.2232092602605054,0.5381313549088323,0.8809241573036057
q9967,9967,76,5,4158,3890,0.9355459355459356,True,0.9354412118297668,2.394021583911236,0.06438031553075615,0.995316946915345,2.3021731320701373,0.5381313549088323,0.8809241573036057
q9857,9857,76,5,4316,4064,0.9416126042632068,True,0.9415103080843178,2.501251312501847,0.06605315041273331,0.9950716346087332,2.4083069847715772,0.5381313549088323,0.8809241573036057
q11715,11715,76,6,2005,1901,0.9481296758104738,True,0.9479062811565304,2.6259649674202334,0.10212927329957643,0.9882982719791831,2.515168146564515,0.5381313549088323,0.8809241573036057
q8896,8896,76,5,4166,3976,0.9543927028324533,True,0.9542836573074154,2.7653799406076893,0.07524119448629858,0.9936145605579805,2.6672225742141467,0.5381313549088323,0.8809241573036057
q6914,6914,76,6,27401,26222,0.9569723732710484,True,0.956955696664477,2.8292878022935066,0.030170987133468913,0.9989677331510736,2.7454343265919507,0.5381313549088323,0.8809241573036057
q4135,4135,77,5,31847,6812,0.2138976983703331,True,0.21390668173825672,-1.9691385404845738,0.014453232041232496,0.9998052155383559,-2.078520748304862,0.5822570235559829,1.0722376158561517
q10136,10136,77,5,5990,1305,0.2178631051752921,True,0.21791019863128025,-1.9441131903625672,0.033132817239474005,0.9989772222375196,-2.0517996570096013,0.5822570235559829,1.0722376158561517
q9792,9792,77,5,6365,1420,0.223095051060487,True,0.22313854853911405,-1.911889977869472,0.031910052986715474,0.9990512500209844,-2.019759061978355,0.5822570235559829,1.0722376158561517
q10197,10197,77,5,4597,1083,0.2355884272351533,True,0.23564593301435408,-1.8367621473311384,0.03694407966591056,0.9987287054131578,-1.9440746599878675,0.5822570235559829,1.0722376158561517
q6878,6878,77,6,15908,3794,0.2384963540357053,True,0.2385127915016657,-1.8199047877569474,0.019791990833309406,0.9996348012430839,-1.9289872169017142,0.5822570235559829,1.0722376158561517
q10140,10140,77,5,4881,1208,0.2474902683876254,True,0.2475419909873003,-1.767628485345554,0.03535433904674828,0.9988356368966881,-1.87522964209165,0.5822570235559829,1.0722376158561517
q6731,6731,77,5,43993,11130,0.2529947946264178,True,0.2530004091467018,-1.736594072787656,0.011706646499011857,0.9998722036456267,-1.8461452622403245,0.5822570235559829,1.0722376158561517
q8573,8573,77,5,7008,1836,0.261986301369863,True,0.2620202596661435,-1.6861812593902148,0.02905478664336512,0.9992133119491373,-1.7945555427443853,0.5822570235559829,1.0722376158561517
q8500,8500,77,5,5045,1331,0.2638255698711595,True,0.2638723741577487,-1.6759570829325166,0.03417969424308794,0.9989116404762813,-1.7838007014311705,0.5822570235559829,1.0722376158561517
q8386,8386,77,5,4555,1243,0.2728869374313941,True,0.2729367866549605,-1.6265076625553259,0.03565968611126357,0.9988154613121903,-1.7342381044178794,0.5822570235559829,1.0722376158561517
q10111,10111,77,5,4734,1299,0.2743979721166033,True,0.2744456177402323,-1.618367791144493,0.03493066251044767,0.9988633449578702,-1.7261906253585397,0.5822570235559829,1.0722376158561517
q10623,10623,77,6,5855,1688,0.2883005977796755,True,0.28833674863387976,-1.5445635367767734,0.031034231274261397,0.999102569094993,-1.6528660215842783,0.5822570235559829,1.0722376158561517
q10185,10185,77,5,6173,1783,0.2888384901992548,True,0.2888726919339164,-1.541755143160517,0.0302111918902577,0.9991494983617505,-1.6501376539760948,0.5822570235559829,1.0722376158561517
q11728,11728,77,6,2541,743,0.2924045651318379,True,0.29248623131392604,-1.5228915824022737,0.04694625265535395,0.9979487477894484,-1.629329696784572,0.5822570235559829,1.0722376158561517
q9460,9460,77,5,4685,1415,0.3020277481323372,True,0.3020699957319676,-1.4734424024048631,0.034325055222424905,0.9989023737229478,-1.5814917582870274,0.5822570235559829,1.0722376158561517
q9061,9061,77,5,4239,1310,0.309035149799481,True,0.3090801886792453,-1.4377740876407337,0.035905244968984555,0.998799110918038,-1.545702788488248,0.5822570235559829,1.0722376158561517
q9940,9940,77,5,5768,1793,0.3108529819694868,True,0.3108857687640839,-1.4286521111818968,0.030743354768578438,0.9991192983254151,-1.5370843553898688,0.5822570235559829,1.0722376158561517
q9040,9040,77,5,4649,1454,0.3127554312755431,True,0.3127956989247312,-1.4190309592532102,0.03419899373597267,0.9989104123889924,-1.5271523282233752,0.5822570235559829,1.0722376158561517
q10266,10266,77,5,6636,2108,0.3176612417118746,True,0.31768871478077443,-1.394510690233728,0.028533507808263022,0.9992412658127475,-1.5031564782761042,0.5822570235559829,1.0722376158561517
q11525,11525,77,6,2694,868,0.3221974758723088,True,0.3222634508348794,-1.37174624551855,0.04464833996135535,0.9981442780053156,-1.478784081651933,0.5822570235559829,1.0722376158561517
q8574,8574,77,5,4638,1526,0.3290211297973264,True,0.32905798663505065,-1.3382086604882326,0.033891861590139086,0.9989298742589499,-1.4464462731399925,0.5822570235559829,1.0722376158561517
q9710,9710,77,5,4868,1605,0.3297041906327033,True,0.3297391661532142,-1.3348637087092674,0.0330685610125542,0.9989811814071169,-1.4431790217956983,0.5822570235559829,1.0722376158561517
q8893,8893,77,5,4578,1511,0.3300567933595456,True,0.3300939069665866,-1.3331229637368,0.034092627649906206,0.9989171722160174,-1.4413476908173495,0.5822570235559829,1.0722376158561517
q11779,11779,77,6,3065,1015,0.33115823817292,True,0.3312133072407045,-1.3276354081917123,0.0416370049411587,0.9983857666853506,-1.4351022230524153,0.5822570235559829,1.0722376158561517
q8764,8764,77,5,4543,1520,0.3345806735637244,True,0.33461707746478875,-1.3109993559172164,0.0341358839000523,0.9989144257040852,-1.4192441368479025,0.5822570235559829,1.0722376158561517
q6722,6722,77,5,34554,11594,0.3355327892573942,True,0.33553754883519027,-1.3065132275527036,0.012372381900214807,0.9998572574015506,-1.4160982113983474,0.5822570235559829,1.0722376158561517
q8778,8778,77,5,4752,1618,0.3404882154882155,True,0.3405217757205975,-1.282312713066821,0.03327029592962945,0.9989687257335291,-1.390664226543188,0.5822570235559829,1.0722376158561517
q11923,11923,77,6,2152,738,0.3429368029739777,True,0.3430097538318625,-1.270288669337249,0.04936907825323025,0.9977320528857053,-1.3769458806064818,0.5822570235559829,1.0722376158561517
q17160,17160,77,5,1632,563,0.3449754901960784,True,0.34507042253521125,-1.2603572043767781,0.056627437766489284,0.9970182865258701,-1.3660589767348639,0.5822570235559829,1.0722376158561517
q10117,10117,77,5,4573,1585,0.346599606385305,True,0.34663314385658067,-1.2528418763070528,0.03380890807822795,0.9989351007428786,-1.3611779639107038,0.5822570235559829,1.0722376158561517
q8644,8644,77,5,4454,1548,0.3475527615626403,True,0.34758698092031426,-1.2482615437867233,0.034241266125874845,0.9989077200525953,-1.3565653246723917,0.5822570235559829,1.0722376158561517
q10271,10271,77,5,4537,1577,0.3475865109102931,True,0.3476200969590128,-1.2481026120585028,0.03392612984931449,0.9989277114657785,-1.3564337126774064,0.5822570235559829,1.0722376158561517
q8857,8857,77,5,4756,1662,0.3494533221194281,True,0.34948496951860414,-1.239162488666922,0.03310575864148141,0.9989788903953379,-1.3475722134761818,0.5822570235559829,1.0722376158561517
q9041,9041,77,5,7249,2561,0.353290108980549,True,0.3533103448275862,-1.220883209683704,0.026767614896449844,0.9993322126331604,-1.3297817550696727,0.5822570235559829,1.0722376158561517
q5730,5730,77,5,5517,1952,0.3538154794272249,True,0.35384197172888726,-1.2183490638879142,0.030674686695771544,0.99912322474028,-1.326971737155582,0.5822570235559829,1.0722376158561517
q3669,3669,77,5,19630,6954,0.354253693326541,True,0.35426111762009066,-1.2163521389014154,0.016259802078889423,0.9997534912155135,-1.3258123841589438,0.5822570235559829,1.0722376158561517
q9733,9733,77,5,4441,1604,0.3611799144336861,True,0.36121116614137777,-1.1833715802774025,0.03407575607251794,0.9989182425198235,-1.291759846389363,0.5822570235559829,1.0722376158561517
q5629,5629,77,5,16416,5946,0.3622076023391813,True,0.36221599561430223,-1.1786232272144561,0.017717405076019453,0.9997073274000348,-1.2880332950412188,0.5822570235559829,1.0722376158561517
q8630,8630,77,5,6763,2458,0.3634481738873281,True,0.363468361916026,-1.172711964699122,0.02758759656890084,0.999290702318101,-1.2815894412916118,0.5822570235559829,1.0722376158561517
q10617,10617,77,6,4961,1814,0.3656520862729288,True,0.36567916162837566,-1.1622950537344128,0.03218000258711702,0.9990351453879828,-1.2708548295947961,0.5822570235559829,1.0722376158561517
q9955,9955,77,5,4419,1622,0.367051369088029,True,0.3670814479638009,-1.155699583133917,0.03407638821319445,0.9989182024274199,-1.2641177328993738,0.5822570235559829,1.0722376158561517
q8787,8787,77,5,5022,1844,0.367184388689765,True,0.3672108301811666,-1.1550915088306704,0.03196393524010923,0.9990480463132677,-1.2636745531696523,0.5822570235559829,1.0722376158561517
q10925,10925,77,6,5027,1873,0.3725880246667993,True,0.37261336515513127,-1.1297679565316987,0.0318799056333407,0.999053040160117,-1.2383812978680173,0.5822570235559829,1.0722376158561517
q10288,10288,77,5,5259,1962,0.3730747290359384,True,0.37309885931558934,-1.1274985930038008,0.03116312986829896,0.9990951055353497,-1.2361661302253022,0.5822570235559829,1.0722376158561517
q8190,8190,77,5,4565,1723,0.3774370208105148,True,0.37746386333771353,-1.1071401955819904,0.03339329054090047,0.9989610946855012,-1.2156630735368101,0.5822570235559829,1.0722376158561517
q17190,17190,77,5,1668,636,0.381294964028777,True,0.3813660874775315,-1.0890067992905013,0.05515637462427459,0.9971707591417328,-1.195402272709596,0.5822570235559829,1.0722376158561517
q9890,9890,77,5,4263,1630,0.3823598404879193,True,0.3823874296435272,-1.0842707175327393,0.03449544688687757,0.9988914614181205,-1.1927342085590693,0.5822570235559829,1.0722376158561517
q9180,9180,77,5,4361,1677,0.3845448291676221,True,0.38457129756992203,-1.0741574702274723,0.03408045345354736,0.9989179445790511,-1.1826635267745453,0.5822570235559829,1.0722376158561517
q4566,4566,77,5,10229,3936,0.3847883468569752,True,0.3847996089931574,-1.0731012420306538,0.02225241601841291,0.9995384032023849,-1.1823423747785997,0.5822570235559829,1.0722376158561517
q8647,8647,77,5,4415,1706,0.386409966024915,True,0.3864356884057971,-1.0655380739662759,0.03385050106704922,0.9989324817718148,-1.1740705431071428,0.5822570235559829,1.0722376158561517
q8619,8619,77,5,4500,1739,0.3864444444444444,True,0.3864696734059098,-1.0653810766256824,0.033528975788860445,0.998952643732063,-1.1739374070591473,0.5822570235559829,1.0722376158561517
q9951,9951,77,5,4696,1822,0.3879897785349233,True,0.38801362571854375,-1.0582531371266695,0.032805502048490316,0.9989973100618036,-1.166869105124872,0.5822570235559829,1.0722376158561517
q9187,9187,77,5,4549,1780,0.3912947900637503,True,0.3913186813186813,-1.0430238770583649,0.033296495923888905,0.9989671025379065,-1.151620291715748,0.5822570235559829,1.0722376158561517
q8798,8798,77,5,4750,1883,0.3964210526315789,True,0.39644285413597136,-1.0194878880451679,0.03253462700015653,0.999013783860321,-1.1281613290180277,0.5822570235559829,1.0722376158561517
q4814,4814,77,5,5773,2305,0.3992724753161268,True,0.39928992033252514,-1.0064488714803048,0.029488226559386776,0.9991896843774567,-1.1153315182352128,0.5822570235559829,1.0722376158561517
q17068,17068,77,5,1356,550,0.4056047197640118,True,0.40567428150331614,-0.9773025418756937,0.06072352688376335,0.9965728588466022,-1.083364082296158,0.5822570235559829,1.0722376158561517
q6406,6406,77,5,8434,3428,0.4064500829973915,True,0.4064611736810907,-0.9737186817214072,0.024351047719290465,0.9994472813034077,-1.0829069580319692,0.5822570235559829,1.0722376158561517
q17151,17151,77,5,1409,579,0.410929737402413,True,0.41099290780141845,-0.9531136723568213,0.05949359685941451,0.9967098313820197,-1.059403699668037,0.5822570235559829,1.0722376158561517
q9092,9092,77,5,5449,2255,0.4138374013580473,True,0.4138532110091743,-0.9401375689024083,0.030240907062569024,0.9991478258898839,-1.0490300004809376,0.5822570235559829,1.0722376158561517
q17327,17327,77,5,1277,528,0.413469068128426,True,0.4135367762128325,-0.9415720370478504,0.06245378068723367,0.9963754886512444,-1.0475485239836557,0.5822570235559829,1.0722376158561517
q8898,8898,77,5,4569,1894,0.4145327205077697,True,0.41455142231947484,-0.9369733552283382,0.033019226677151355,0.9989842159647536,-1.0456972228599102,0.5822570235559829,1.0722376158561517
q8613,8613,77,5,4286,1778,0.4148390107326178,True,0.4148588756706321,-0.9355804156069287,0.03408933437330834,0.9989173811772457,-1.044235831245199,0.5822570235559829,1.0722376158561517
q11586,11586,77,6,4065,1687,0.4150061500615006,True,0.41502705361534675,-0.9348185771441825,0.03500220245617188,0.9988586896434747,-1.043413508050786,0.5822570235559829,1.0722376158561517
q9765,9765,77,5,4377,1817,0.4151245145076536,True,0.41514390132480583,-0.9342893054422448,0.0337310568604371,0.9989399941559441,-1.0429697285393336,0.5822570235559829,1.0722376158561517
q9458,9458,77,5,4678,1946,0.4159897392047884,True,0.41600769395169906,-0.9303777735475329,0.03262187511012559,0.9990084925478269,-1.0391335925158616,0.5822570235559829,1.0722376158561517
q9143,9143,77,5,4676,1950,0.4170230966638152,True,0.41704083814410947,-0.9257018622325927,0.03262155989042229,0.9990085116902762,-1.0344623372236317,0.5822570235559829,1.0722376158561517
q10882,10882,77,6,4621,1934,0.418524128976412,True,0.4185417568152315,-0.9189136189401157,0.03280464740660535,0.9989973622524674,-1.027669354959773,0.5822570235559829,1.0722376158561517
q6713,6713,77,6,10797,4610,0.4269704547559507,True,0.42697721800333394,-0.8808618612005304,0.021427228417914182,0.999571988895176,-0.9902250026644049,0.5822570235559829,1.0722376158561517
q8576,8576,77,5,4459,1918,0.4301412872841444,True,0.43015695067264575,-0.8665592529050002,0.03332184934992836,0.9989655305791542,-0.9753364026485469,0.5822570235559829,1.0722376158561517
q3668,3668,77,5,9664,4174,0.4319122516556291,True,0.43191929643041904,-0.858641089387441,0.022629155795666756,0.9995226484848917,-0.9679659589417352,0.5822570235559829,1.0722376158561517
q3670,3670,77,5,9056,3946,0.4357332155477031,True,0.4357403113613779,-0.8414942510980274,0.023362363137389465,0.9994912300066442,-0.9507974179075432,0.5822570235559829,1.0722376158561517
q9861,9861,77,5,5724,2509,0.4383298392732355,True,0.4383406113537118,-0.8298409175163602,0.029373529467971265,0.9991959706498542,-0.9388725792134167,0.5822570235559829,1.0722376158561517
q10335,10335,77,5,4371,1922,0.4397163120567376,True,0.43973010064043916,-0.8236187829760881,0.03360621319263828,0.9989478178739695,-0.9324238201785804,0.5822570235559829,1.0722376158561517
q17418,17418,77,5,352,154,0.4375,True,0.4376770538243626,-0.8328135201827298,0.11830353605782268,0.9871153590152428,-0.9304555991940738,0.5822570235559829,1.0722376158561517
q10194,10194,77,5,4296,1895,0.4411080074487896,True,0.4411217128228997,-0.8173904506529839,0.033891859214614614,0.9989298744088024,-0.9261854044164362,0.5822570235559829,1.0722376158561517
q8885,8885,77,5,4524,1996,0.4412024756852343,True,0.4412154696132597,-0.8169709473287817,0.03302656312180805,0.998983764985253,-0.925816293541585,0.5822570235559829,1.0722376158561517
q10807,10807,77,6,4171,1894,0.454087748741309,True,0.45409875359539786,-0.7594529717179789,0.03434605166886382,0.9989010319645745,-0.8682848548505905,0.5822570235559829,1.0722376158561517
q17184,17184,77,5,624,285,0.4567307692307692,True,0.4568,-0.7474213829643075,0.08871713846317333,0.9927130174648666,-0.8509620695956225,0.5822570235559829,1.0722376158561517
q9131,9131,77,5,7113,3260,0.4583157598762828,True,0.4583216193421423,-0.7406476641325718,0.02629286354573818,0.9993556752420744,-0.8498868581684232,0.5822570235559829,1.0722376158561517
q10190,10190,77,5,5205,2387,0.4585975024015369,True,0.4586054552439493,-0.7393844087737421,0.030735002604288388,0.9991197763664168,-0.8484240981402847,0.5822570235559829,1.0722376158561517
q8865,8865,77,5,4272,1964,0.4597378277153558,True,0.4597472501755207,-0.7343035480708914,0.033922032166459504,0.9989279701998517,-0.843185807930027,0.5822570235559829,1.0722376158561517
q5113,5113,77,5,6344,2922,0.460592686002522,True,0.46059889676910953,-0.7305147052300083,0.02783594930949107,0.9992778834302638,-0.8396950595783469,0.5822570235559829,1.0722376158561517
q10290,10290,77,5,4313,2013,0.4667284952469279,True,0.4667362076958739,-0.7032313748453105,0.03374584364483922,0.9989390655825716,-0.8121559657517937,0.5822570235559829,1.0722376158561517
q9032,9032,77,5,4397,2054,0.4671366841027973,True,0.46714415643474305,-0.7014190214397659,0.033421337150153656,0.9989593506421784,-0.8103619904998994,0.5822570235559829,1.0722376158561517
q9954,9954,77,5,5199,2431,0.4675899211386805,True,0.46759615384615383,-0.6994111341855335,0.03073548950244079,0.9991197485020694,-0.8084859864252982,0.5822570235559829,1.0722376158561517
q9752,9752,77,5,4419,2069,0.4682054763521158,True,0.4682126696832579,-0.6966726749192539,0.03333634505572088,0.9989646312835141,-0.8056248418869343,0.5822570235559829,1.0722376158561517
q5698,5698,77,5,9458,4432,0.4685980122647494,True,0.4686013320647003,-0.6949464537596113,0.02278760949924936,0.99951594331293,-0.8043440673190394,0.5822570235559829,1.0722376158561517
q8521,8521,77,5,4357,2045,0.4693596511361028,True,0.4693666819642038,-0.6915475313449901,0.03357091113042813,0.9989500249485582,-0.800493300163224,0.5822570235559829,1.0722376158561517
q6398,6398,77,5,5742,2703,0.4707419017763845,True,0.4707469963433745,-0.6854186298729221,0.029242393630034714,0.9992031279696849,-0.7945721028701588,0.5822570235559829,1.0722376158561517
q9949,9949,77,5,4333,2040,0.4708054465728133,True,0.47081218274111675,-0.6851292211221882,0.0336617572433282,0.9989443405998547,-0.7940772104241833,0.5822570235559829,1.0722376158561517
q9459,9459,77,5,6085,2886,0.4742810188989318,True,0.47428524482418666,-0.6697138517924048,0.028403078973706,0.9992481812195165,-0.7789149585414248,0.5822570235559829,1.0722376158561517
q8374,8374,77,5,4468,2125,0.475604297224709,True,0.47560975609756095,-0.6638368552397657,0.033144498355314314,0.9989765016793267,-0.7728322026110775,0.5822570235559829,1.0722376158561517
q9053,9053,77,5,4429,2110,0.4764055091442764,True,0.47641083521444694,-0.660282845901796,0.033289476524077766,0.9989675375429073,-0.7692749277831992,0.5822570235559829,1.0722376158561517
q9073,9073,77,5,4564,2176,0.4767747589833479,True,0.47677984665936474,-0.6586458284137582,0.03279330080536921,0.9989980550303168,-0.7676630510980105,0.5822570235559829,1.0722376158561517
q8575,8575,77,5,4505,2157,0.4788013318534961,True,0.47880603639591657,-0.6496583722996413,0.03300616004164258,0.9989850189384025,-0.7586746997187016,0.5822570235559829,1.0722376158561517
q8523,8523,77,5,4409,2128,0.4826491267861193,True,0.4826530612244898,-0.632599075603486,0.03336244781851741,0.9989630109182233,-0.741616379434578,0.5822570235559829,1.0722376158561517
q6481,6481,77,5,9685,4690,0.4842540010325245,True,0.48425562667767913,-0.6254941279241163,0.02251153719249373,0.9995275954702927,-0.7349339279594566,0.5822570235559829,1.0722376158561517
q8533,8533,77,5,4472,2169,0.4850178890876565,True,0.4850212385423653,-0.6221000507152511,0.03312677932952817,0.9989775945912538,-0.7311389155241553,0.5822570235559829,1.0722376158561517
q11809,11809,77,6,2338,1139,0.4871685201026518,True,0.4871740059854639,-0.6125572158042665,0.04581115884993846,0.9980465499323689,-0.7209333023953158,0.5822570235559829,1.0722376158561517
q11719,11719,77,6,3129,1525,0.4873761585170981,True,0.4873801916932907,-0.6116432791059467,0.03960183218007425,0.9985394892304145,-0.7203767724361326,0.5822570235559829,1.0722376158561517
q9450,9450,77,5,4474,2182,0.4877067501117568,True,0.4877094972067039,-0.6101836176782196,0.033120183544983216,0.9989780012714897,-0.7192349587105957,0.5822570235559829,1.0722376158561517
q10753,10753,77,6,6512,3190,0.4898648648648648,True,0.48986642100414557,-0.6006233341298077,0.02745453308709418,0.9992975233445103,-0.7099114375904765,0.5822570235559829,1.0722376158561517
q6173,6173,77,5,16102,7907,0.49105701155136,True,0.49105756691299757,-0.5953439400229195,0.017460725625992577,0.9997157437197741,-0.7049306523238841,0.5822570235559829,1.0722376158561517
q9055,9055,77,5,4328,2126,0.4912199630314233,True,0.4912219912219912,-0.5946151863779153,0.033676237760497475,0.9989434331233238,-0.7036580884429444,0.5822570235559829,1.0722376158561517
q8540,8540,77,5,4258,2097,0.4924847346171911,True,0.49248649917821086,-0.589010729425679,0.03395295711436975,0.9989260167817411,-0.6980473824717162,0.5822570235559829,1.0722376158561517
q10191,10191,77,5,4309,2127,0.4936180088187514,True,0.49361948955916474,-0.5839891919675455,0.03375259463787727,0.998938641502215,-0.6930399967929344,0.5822570235559829,1.0722376158561517
q4819,4819,77,5,17960,8880,0.4944320712694877,True,0.4944323812705306,-0.5803863506114606,0.016534531194860237,0.9997450928520482,-0.6899975706945211,0.5822570235559829,1.0722376158561517
q17575,17575,77,5,523,258,0.4933078393881453,True,0.4933206106870229,-0.5853138569922182,0.09680018804678066,0.9913367159458357,-0.6890791497619694,0.5822570235559829,1.0722376158561517
q6444,6444,77,5,23240,11534,0.4962994836488812,True,0.49629964287250977,-0.5721102552002898,0.014536473179377668,0.9998029658591782,-0.6817630483726347,0.5822570235559829,1.0722376158561517
q8786,8786,77,5,4331,2152,0.4968829369660586,True,0.4968836565096953,-0.5695217170579999,0.03367071449658377,0.9989437793054541,-0.6785913672161241,0.5822570235559829,1.0722376158561517
q8797,8797,77,5,5636,2805,0.4976933995741661,True,0.4976938087635267,-0.5659307871338096,0.029518024106971383,0.9991880472493117,-0.6751692863376229,0.5822570235559829,1.0722376158561517
q8606,8606,77,5,4806,2393,0.4979192675821889,True,0.4979197004368629,-0.5649295249203448,0.03196527923135658,0.9990479663339888,-0.6740743221723262,0.5822570235559829,1.0722376158561517
q8538,8538,77,5,4395,2189,0.49806598407281,True,0.49806642402183804,-0.5642791700617023,0.033426393870618853,0.9989590360411961,-0.6733646415581777,0.5822570235559829,1.0722376158561517
q4008,4008,77,5,5297,2648,0.4999056069473286,True,0.4999056247640619,-0.5561265532073205,0.030450884853427913,0.9991359609205086,-0.6653383279857266,0.5822570235559829,1.0722376158561517
q17237,17237,77,5,1145,574,0.5013100436681223,True,0.5013089005235603,-0.549905771606113,0.06547796417547845,0.9960174042650043,-0.6570656316309096,0.5822570235559829,1.0722376158561517
q8631,8631,77,5,4204,2114,0.5028544243577545,True,0.5028537455410226,-0.5430568069193262,0.03418552050923319,0.9989112698054178,-0.6521331862325693,0.5822570235559829,1.0722376158561517
q6654,6654,77,6,14482,7294,0.5036597155089076,True,0.5036594628184768,-0.5394844280828062,0.018421153902732693,0.9996836227838013,-0.6490661635900538,0.5822570235559829,1.0722376158561517
q9950,9950,77,5,4872,2454,0.5036945812807881,True,0.5036938231069157,-0.5393320771599015,0.03175768235774164,0.9990602804645798,-0.6485092373828503,0.5822570235559829,1.0722376158561517
q9120,9120,77,5,4462,2260,0.5064993276557598,True,0.5064978713869595,-0.5268976875333129,0.033190436950254316,0.9989736654699318,-0.6360313861412884,0.5822570235559829,1.0722376158561517
q9836,9836,77,5,4382,2244,0.5120949338201735,True,0.5120921743098334,-0.5020794610690615,0.033506530552153045,0.998954044055814,-0.611226625791667,0.5822570235559829,1.0722376158561517
q10662,10662,77,6,4788,2466,0.5150375939849624,True,0.5150344539569848,-0.4890193629996499,0.0320633044739185,0.9990421239388995,-0.5982329308171397,0.5822570235559829,1.0722376158561517
q17491,17491,77,6,954,495,0.5188679245283019,True,0.518848167539267,-0.47208219217612374,0.0718282594499467,0.9952113294690572,-0.579082961844983,0.5822570235559829,1.0722376158561517
q11855,11855,77,6,2295,1196,0.5211328976034858,True,0.5211236933797909,-0.46197082375801546,0.046336077764922094,0.9980016169193072,-0.5706153825382779,0.5822570235559829,1.0722376158561517
q10199,10199,77,5,4378,2289,0.5228414801279123,True,0.5228362639872117,-0.4543579865379324,0.03355857904692744,0.9989507954024012,-0.563553233108465,0.5822570235559829,1.0722376158561517
q8888,8888,77,5,4875,2552,0.5234871794871795,True,0.5234823625922888,-0.4514852031970171,0.03180479130104688,0.9990574930902977,-0.5607433503674311,0.5822570235559829,1.0722376158561517
q11828,11828,77,6,996,522,0.5240963855421686,True,0.5240722166499499,-0.44886215639657134,0.07034087207084068,0.9954066978302847,-0.5560832615660345,0.5822570235559829,1.0722376158561517
q8577,8577,77,5,4478,2351,0.5250111656989728,True,0.5250055816030363,-0.44471084443509595,0.033190565720063125,0.9989736575142959,-0.5539288898266762,0.5822570235559829,1.0722376158561517
q9116,9116,77,5,4653,2444,0.5252525252525253,True,0.5252470992694457,-0.44363650952467865,0.03256155083795218,0.9990121525233914,-0.5528769616006377,0.5822570235559829,1.0722376158561517
q6575,6575,77,6,4257,2252,0.5290110406389477,True,0.5290042273367779,-0.4269159629715509,0.03405874938385796,0.9989193208609971,-0.5361231093550183,0.5822570235559829,1.0722376158561517
q8610,8610,77,5,4478,2370,0.5292541313086199,True,0.5292475999106944,-0.4258323393354916,0.033208972410885336,0.9989725199988174,-0.5350691512634621,0.5822570235559829,1.0722376158561517
q6405,6405,77,5,4767,2529,0.5305223410950283,True,0.5305159395973155,-0.4201839227867684,0.03219247419303722,0.9990343980917924,-0.529459331949112,0.5822570235559829,1.0722376158561517
q8629,8629,77,5,4413,2353,0.5331973714026739,True,0.533189850475759,-0.40826968409723713,0.03347144323178188,0.9989562312288247,-0.517516102793615,0.5822570235559829,1.0722376158561517
q9063,9063,77,5,4246,2277,0.5362694300518135,True,0.5362608900400283,-0.39457481499321645,0.0341392520047918,0.9989142117041707,-0.5038143349162577,0.5822570235559829,1.0722376158561517
q11537,11537,77,6,2968,1594,0.5370619946091644,True,0.5370495116200741,-0.3910560424102469,0.04083612554203057,0.9984471728589153,-0.5000654697490242,0.5822570235559829,1.0722376158561517
q9744,9744,77,5,6622,3577,0.540169133192389,True,0.540163068096029,-0.37715504243945636,0.02735554118118638,0.9993025764789827,-0.4866025877426596,0.5822570235559829,1.0722376158561517
q9036,9036,77,5,4614,2509,0.5437798006068487,True,0.5437703141928494,-0.3610318767084829,0.03279148303911561,0.9989981659936318,-0.4703473444381938,0.5822570235559829,1.0722376158561517
q6403,6403,77,5,4965,2705,0.5448136958710977,True,0.5448046717680226,-0.35640488407429904,0.03161733937689,0.9990685599770446,-0.4657578043969089,0.5822570235559829,1.0722376158561517
q9181,9181,77,5,4591,2521,0.5491178392507079,True,0.5491071428571429,-0.3371395198686552,0.03290659112943987,0.9989911272723081,-0.4464757779816575,0.5822570235559829,1.0722376158561517
q10186,10186,77,5,4352,2393,0.5498621323529411,True,0.5498506776935447,-0.33380691380014343,0.0338028517693835,0.9989354818209237,-0.4431218500965953,0.5822570235559829,1.0722376158561517
q6476,6476,77,5,5034,2774,0.5510528406833533,True,0.5510427010923535,-0.3284620565585679,0.031437775087854454,0.9990791000693927,-0.43784562313619163,0.5822570235559829,1.0722376158561517
q8539,8539,77,5,4333,2393,0.5522732517885991,True,0.5522611905860637,-0.3229958364801587,0.03389340442764589,0.9989297769317085,-0.4323198123859597,0.5822570235559829,1.0722376158561517
q9750,9750,77,5,4651,2569,0.552354332401634,True,0.5523430782459158,-0.3226283842375143,0.032715015453231314,0.9990028283142431,-0.43198434195180496,0.5822570235559829,1.0722376158561517
q4928,4928,77,5,5815,3217,0.5532244196044712,True,0.5532152682255846,-0.31871384594711916,0.029263984923059733,0.9992019517244204,-0.4281590317077813,0.5822570235559829,1.0722376158561517
q17381,17381,77,5,1546,857,0.5543337645536869,True,0.5542986425339367,-0.3138494558360741,0.05675441327155191,0.9970049398569654,-0.42236778896383476,0.5822570235559829,1.0722376158561517
q9454,9454,77,5,8742,4851,0.5549073438572409,True,0.5549010637081093,-0.31114358004968945,0.023876482754475882,0.9994686033410176,-0.4207070491077044,0.5822570235559829,1.0722376158561517
q6616,6616,77,6,4630,2575,0.5561555075593952,True,0.5561433815590585,-0.3055612461144259,0.03281555698949811,0.9989966959321136,-0.4149316756205265,0.5822570235559829,1.0722376158561517
q10279,10279,77,5,4362,2429,0.5568546538285191,True,0.5568416227366491,-0.30242235911313614,0.03381356697046946,0.998934807547508,-0.4117704268966807,0.5822570235559829,1.0722376158561517
q9456,9456,77,5,4292,2391,0.5570829450139795,True,0.5570696482646168,-0.30139707537838223,0.034089841410030707,0.9989173490066392,-0.41073905660981513,0.5822570235559829,1.0722376158561517
q8763,8763,77,5,4219,2351,0.5572410523820811,True,0.5572274881516588,-0.30068730932175763,0.03438462974701867,0.9988985645390663,-0.41002234843794166,0.5822570235559829,1.0722376158561517
q9723,9723,77,5,5146,2869,0.5575204041974349,True,0.5575092286768991,-0.2994202671311006,0.03113655952891584,0.9990966465482592,-0.40883775843989373,0.5822570235559829,1.0722376158561517
q8611,8611,77,5,4411,2461,0.55792337338472,True,0.5579102447869447,-0.2976165388379383,0.03363324354011367,0.9989461263831101,-0.40697433708034847,0.5822570235559829,1.0722376158561517
q17130,17130,77,5,1325,740,0.5584905660377358,True,0.558446455505279,-0.29520420115724055,0.061357400631290644,0.9965011873583872,-0.4035743625389767,0.5822570235559829,1.0722376158561517
q4567,4567,77,5,6257,3507,0.5604922486814767,True,0.5604825822946629,-0.28603846070811173,0.028256780873044313,0.9992559004362117,-0.3955310772854225,0.5822570235559829,1.0722376158561517
q9790,9790,77,5,4530,2558,0.5646799116997793,True,0.5646656367247849,-0.26717995602721295,0.033241094151706015,0.9989705334022773,-0.37657903122462366,0.5822570235559829,1.0722376158561517
q17331,17331,77,5,1274,721,0.5659340659340659,True,0.5658823529411765,-0.26168721283208374,0.0626826404369615,0.9963489733465178,-0.37011810027317066,0.5822570235559829,1.0722376158561517
q6154,6154,77,5,5470,3107,0.5680073126142596,True,0.567994882105648,-0.25214217931349764,0.030276072344345914,0.9991458445501915,-0.3616201856459673,0.5822570235559829,1.0722376158561517
q6488,6488,77,5,6888,3920,0.5691056910569106,True,0.5690956597474234,-0.2471643091373324,0.02698841058544794,0.9993211580678165,-0.3567091457607066,0.5822570235559829,1.0722376158561517
q6778,6778,77,6,14331,8173,0.5703021422091968,True,0.5702972369522746,-0.2417272304539295,0.018717058870085613,0.9996733803557487,-0.3513995691937123,0.5822570235559829,1.0722376158561517
q6425,6425,77,5,7024,4008,0.570615034168565,True,0.5706049822064057,-0.24033412377201865,0.026736397438067723,0.999333768288212,-0.34988801211805387,0.5822570235559829,1.0722376158561517
q11710,11710,77,6,2421,1384,0.5716646014043784,True,0.5716350123864574,-0.23566964084614073,0.04554673219850298,0.9980689924519626,-0.34478971141678405,0.5822570235559829,1.0722376158561517
q6399,6399,77,5,8572,4903,0.571978534764349,True,0.5719701388078853,-0.2341514468469721,0.024211219388732278,0.9994536072514094,-0.34375067153331723,0.5822570235559829,1.0722376158561517
q9150,9150,77,5,4294,2457,0.572193758733116,True,0.5721769499417928,-0.23321440606290764,0.03420782803234839,0.998909850004709,-0.3426276331596721,0.5822570235559829,1.0722376158561517
q6450,6450,77,5,4711,2697,0.5724899172150286,True,0.572474533106961,-0.23186589482514675,0.032661723161479916,0.9990060711985477,-0.3413134662653057,0.5822570235559829,1.0722376158561517
q17059,17059,77,5,1476,847,0.5738482384823849,True,0.573798239675017,-0.22586470114105398,0.058358898175321895,0.9968337452081899,-0.3345890920999881,0.5822570235559829,1.0722376158561517
q10362,10362,77,6,4764,2738,0.5747271200671704,True,0.5747114375655824,-0.22172194485996385,0.03249934598844172,0.999015919530419,-0.3311828634757406,0.5822570235559829,1.0722376158561517
q8794,8794,77,5,4582,2636,0.5752946311654299,True,0.5752782020510583,-0.2191496920664127,0.03314356425646896,0.9989765593092038,-0.32860019495904735,0.5822570235559829,1.0722376158561517
q6593,6593,77,6,5762,3333,0.5784449843804235,True,0.5784313725490197,-0.2048233043744869,0.029582616700413157,0.9991844927634721,-0.3143538875138148,0.5822570235559829,1.0722376158561517
q8206,8206,77,5,4149,2401,0.5786936611231622,True,0.5786746987951807,-0.2037166245168557,0.034863201364250355,0.9988677261669222,-0.3131488026378803,0.5822570235559829,1.0722376158561517
q10183,10183,77,5,4192,2433,0.5803912213740458,True,0.5803720486525161,-0.19599224837989224,0.03470110778707875,0.9988782187343413,-0.3054363810208489,0.5822570235559829,1.0722376158561517
q5703,5703,77,5,5573,3245,0.5822716669657276,True,0.5822569070685325,-0.18740495547794936,0.03011377035722472,0.9991549700873126,-0.2969409695005565,0.5822570235559829,1.0722376158561517
q8882,8882,77,5,4335,2529,0.5833910034602076,True,0.5833717712177122,-0.1823208597966517,0.03415465904861381,0.998913232515857,-0.29179055655123903,0.5822570235559829,1.0722376158561517
q9952,9952,77,5,4386,2559,0.5834473324213406,True,0.5834283109186232,-0.18206292556489645,0.03395613278868114,0.9989258160854305,-0.2915365751497539,0.5822570235559829,1.0722376158561517
q9754,9754,77,5,7012,4098,0.5844266970907016,True,0.5844146584913732,-0.17756168258805707,0.02686462598015333,0.9993273667389617,-0.2871555524473301,0.5822570235559829,1.0722376158561517
q6180,6180,77,5,8928,5230,0.5857974910394266,True,0.5857878821816552,-0.17129006629490734,0.023818560818368143,0.9994711770812509,-0.2809285764626194,0.5822570235559829,1.0722376158561517
q9953,9953,77,5,4276,2507,0.5862956033676333,True,0.5862754267009587,-0.16906204100730954,0.03442019635121097,0.9988962872820311,-0.2785414218502874,0.5822570235559829,1.0722376158561517
q5636,5636,77,5,4861,2856,0.5875334293355277,True,0.5875154257507199,-0.1633920985854702,0.032295719808922575,0.9990282005568435,-0.27291377338533285,0.5822570235559829,1.0722376158561517
q6572,6572,77,6,18146,10676,0.5883390278849333,True,0.5883341599162396,-0.15964579682834926,0.016721033622795298,0.9997393114412384,-0.26936270898344955,0.5822570235559829,1.0722376158561517
q10303,10303,77,5,4608,2711,0.5883246527777778,True,0.5883054892601431,-0.15977702118869586,0.03317861166214485,0.9989743959269747,-0.26928770531828994,0.5822570235559829,1.0722376158561517
q9109,9109,77,5,4651,2746,0.5904106643732531,True,0.5903912295786758,-0.15022390605891578,0.03304715204246623,0.998982498828201,-0.259746494746204,0.5822570235559829,1.0722376158561517
q6629,6629,77,6,4406,2602,0.5905583295506128,True,0.5905377808032676,-0.14955215082774986,0.033954953446246515,0.9989258906197122,-0.25906074229354864,0.5822570235559829,1.0722376158561517
q6467,6467,77,5,8795,5195,0.5906765207504264,True,0.5906662119145066,-0.14896339705422024,0.024035340781652027,0.9994615125276077,-0.25861121336778153,0.5822570235559829,1.0722376158561517
q9462,9462,77,5,7466,4417,0.5916153227966783,True,0.5916030534351145,-0.14466711803140972,0.02609477218117333,0.9993653412616561,-0.2542927766482961,0.5822570235559829,1.0722376158561517
q17353,17353,77,5,1189,704,0.592094196804037,True,0.5920168067226891,-0.14276877182776698,0.06537512748261798,0.9960298545798519,-0.25155323833218624,0.5822570235559829,1.0722376158561517
q9121,9121,77,5,4382,2607,0.5949338201734368,True,0.5949121606205795,-0.12946875316456444,0.034097548585169245,0.998916859940995,-0.23899675575298646,0.5822570235559829,1.0722376158561517
q10604,10604,77,6,7263,4325,0.5954839597962275,True,0.5954708149779736,-0.12689930186351486,0.026491341863038052,0.999345917216673,-0.2365316395719009,0.5822570235559829,1.0722376158561517
q4905,4905,77,5,5847,3486,0.5962031811185223,True,0.596186730506156,-0.12360499757874947,0.029532158872997344,0.9991872700848098,-0.2332024630400001,0.5822570235559829,1.0722376158561517
q9947,9947,77,5,5682,3391,0.59679690249912,True,0.5967798697870843,-0.12087432102833896,0.029963963966441902,0.9991633496662468,-0.23046848827317165,0.5822570235559829,1.0722376158561517
q3667,3667,77,5,8399,5015,0.5970948922490773,True,0.5970833333333333,-0.11947677577009824,0.024648715596799785,0.9994336935144895,-0.22913409236365898,0.5822570235559829,1.0722376158561517
q10144,10144,77,5,4383,2619,0.5975359342915811,True,0.5975136861313869,-0.11749431843800215,0.034124312089767565,0.9989151607842202,-0.22703490482951316,0.5822570235559829,1.0722376158561517
q9453,9453,77,5,4361,2609,0.598257280440266,True,0.598234754699679,-0.11417120769228789,0.034218917425979906,0.9989091438580165,-0.22371405158374186,0.5822570235559829,1.0722376158561517
q9108,9108,77,5,4296,2576,0.5996275605214153,True,0.5996043751454503,-0.10785415179986473,0.0344935024399027,0.9988915862487762,-0.21740006542960238,0.5822570235559829,1.0722376158561517
q9463,9463,77,5,4251,2560,0.6022112444130793,True,0.6021872060206962,-0.09592318633099309,0.034707913558590694,0.9988777791652553,-0.20547948414712364,0.5822570235559829,1.0722376158561517
q8614,8614,77,5,4337,2614,0.6027207747290754,True,0.6026970954356846,-0.09356496883754899,0.03436857375604652,0.9988995918034707,-0.20312834874068736,0.5822570235559829,1.0722376158561517
q9700,9700,77,5,4351,2625,0.6033095840036773,True,0.6032858455882353,-0.09084083216876078,0.0343206906566197,0.9989026525339109,-0.20040782380239086,0.5822570235559829,1.0722376158561517
q10193,10193,77,5,4639,2799,0.60336279370554,True,0.6033405172413793,-0.09058780231635379,0.03323917556965862,0.9989706521123355,-0.20016869702395204,0.5822570235559829,1.0722376158561517
q10121,10121,77,5,4246,2562,0.6033914272256241,True,0.603367082646574,-0.09046484903179902,0.034743404049149725,0.9988754855257533,-0.20002681300187392,0.5822570235559829,1.0722376158561517
q8649,8649,77,5,4366,2639,0.6044434264773247,True,0.6044195099610716,-0.08559176102471534,0.03427612046611626,0.9989054976824716,-0.19516506859529284,0.5822570235559829,1.0722376158561517
q11844,11844,77,6,3008,1821,0.6053856382978723,True,0.6053506148222001,-0.08127697311819924,0.04130700690123798,0.9984112123142683,-0.1907605630335747,0.5822570235559829,1.0722376158561517
q8603,8603,77,5,4653,2819,0.605845690952074,True,0.605822948001719,-0.0790869029236708,0.033219952918126676,0.9989718411151217,-0.18867986062954062,0.5822570235559829,1.0722376158561517
q10137,10137,77,5,4709,2854,0.6060734763219368,True,0.6060509554140128,-0.07802939573638429,0.03302472590197424,0.9989838779305867,-0.18762570144076976,0.5822570235559829,1.0722376158561517
q3672,3672,77,5,5709,3462,0.6064109301103521,True,0.6063922942206655,-0.07644588206695557,0.029997693683798784,0.9991614665919059,-0.18607686968942888,0.5822570235559829,1.0722376158561517
q3673,3673,77,5,5165,3144,0.6087124878993223,True,0.6086914440572977,-0.06576812657976122,0.0315654603805908,0.9990716113219724,-0.17539229329014697,0.5822570235559829,1.0722376158561517
q6587,6587,77,6,4520,2761,0.6108407079646018,True,0.6108161911081619,-0.05588190027304073,0.033770189705175424,0.9989375358274922,-0.16549303308413024,0.5822570235559829,1.0722376158561517
q9747,9747,77,5,4253,2599,0.6110980484363978,True,0.6110719322990127,-0.05469074968594893,0.03481737103491536,0.9988706977707082,-0.16429215466864622,0.5822570235559829,1.0722376158561517
q9030,9030,77,5,4309,2635,0.6115107913669064,True,0.6114849187935035,-0.052766651146509136,0.03459611168445989,0.9988849893159742,-0.16237255216298707,0.5822570235559829,1.0722376158561517
q9831,9831,77,5,4256,2607,0.612546992481203,True,0.6125205543810195,-0.04793860178992979,0.034825215301289875,0.9988701894304437,-0.157547551809948,0.5822570235559829,1.0722376158561517
q6794,6794,77,6,8148,4998,0.6134020618556701,True,0.6133881457847589,-0.043890591581254794,0.025179394948335765,0.9994090607678927,-0.15358692761626477,0.5822570235559829,1.0722376158561517
q11826,11826,77,6,3456,2120,0.6134259259259259,True,0.6133931154179925,-0.043867395347999195,0.03865882340781095,0.9986081215241998,-0.15344067713503878,0.5822570235559829,1.0722376158561517
q8517,8517,77,5,4248,2606,0.6134651600753296,True,0.6134384561073194,-0.04365575869179367,0.0348708811924562,0.9988672278320221,-0.153269093076935,0.5822570235559829,1.0722376158561517
q8572,8572,77,5,4311,2649,0.6144745998608212,True,0.614448051948052,-0.038941067848368476,0.034629411241189914,0.9988828442349573,-0.14856206550385942,0.5822570235559829,1.0722376158561517
q8781,8781,77,5,4418,2715,0.6145314622000906,True,0.6145055442407784,-0.03867245844969216,0.03420839339784972,0.9989098140090669,-0.14829776010583218,0.5822570235559829,1.0722376158561517
q6775,6775,77,6,18238,11250,0.6168439521877399,True,0.6168375459180876,-0.02776542908977213,0.016854349571827694,0.9997351390620124,-0.13751614702634263,0.5822570235559829,1.0722376158561517
q17296,17296,77,5,1137,702,0.6174142480211082,True,0.617311072056239,-0.025547879141166543,0.067488107797119,0.995770173262846,-0.13476258565716398,0.5822570235559829,1.0722376158561517
q6392,6392,77,5,7019,4338,0.6180367573728451,True,0.618019943019943,-0.02222639835694919,0.027180599640771637,0.9993114620263367,-0.13192265225745578,0.5822570235559829,1.0722376158561517
q3989,3989,77,5,4982,3080,0.6182256122039341,True,0.6182018864138069,-0.021373536491614595,0.03226379397358448,0.9990301190833804,-0.131033476486296,0.5822570235559829,1.0722376158561517
q10131,10131,77,5,4318,2671,0.6185734136174155,True,0.6185459597128965,-0.019760297202445827,0.03466030442933092,0.9988808523295436,-0.1294024647201799,0.5822570235559829,1.0722376158561517
q10200,10200,77,5,4291,2655,0.61873689116756,True,0.6187092264678472,-0.018994616926430175,0.034771555779577065,0.9988736645077049,-0.128636715693063,0.5822570235559829,1.0722376158561517
q11695,11695,77,6,1923,1190,0.6188247529901196,True,0.6187629937629938,-0.018742436401190988,0.05193514347729124,0.997490769728681,-0.12820707631338124,0.5822570235559829,1.0722376158561517
q9690,9690,77,5,4267,2652,0.6215139442231076,True,0.621485473289597,-0.005956825159144283,0.03491068694063844,0.9988646431335735,-0.11561256468368021,0.5822570235559829,1.0722376158561517
q4571,4571,77,5,5554,3452,0.6215340295282679,True,0.6215121512151215,-0.005831374949163178,0.030600857160489405,0.9991274365254378,-0.11551764068885367,0.5822570235559829,1.0722376158561517
q9466,9466,77,5,4350,2704,0.6216091954022989,True,0.6215812456906459,-0.005506450475252579,0.03457754038426018,0.9988861847441012,-0.11516518494562131,0.5822570235559829,1.0722376158561517
q4103,4103,77,5,13637,8482,0.621984307398988,True,0.6219753629564452,-0.0036526615311697074,0.019533842498000133,0.9996442623743717,-0.11339945696363272,0.5822570235559829,1.0722376158561517
q9904,9904,77,5,4267,2657,0.6226857276775252,True,0.6226569821930646,-0.00044491733925500947,0.03492850925202658,0.9988634849297391,-0.11010678717497802,0.5822570235559829,1.0722376158561517
q10188,10188,77,5,5293,3304,0.6242206688078594,True,0.6241972043823196,0.006811221141259671,0.03138304138836208,0.9990823009426677,-0.10288142818743172,0.5822570235559829,1.0722376158561517
q11928,11928,77,6,2650,1657,0.6252830188679245,True,0.6252357600905318,0.011710091855280418,0.04436934503569669,0.9981673549465923,-0.09789731795056966,0.5822570235559829,1.0722376158561517
q10629,10629,77,6,6347,3972,0.6258074680951631,True,0.6257876496534341,0.014315387040011979,0.02867985012315459,0.9992334690619648,-0.09539858114153994,0.5822570235559829,1.0722376158561517
q6482,6482,77,5,15340,9604,0.6260756192959582,True,0.6260674010820677,0.0156365459978641,0.01845113801413091,0.9996825923384025,-0.0941207201207597,0.5822570235559829,1.0722376158561517
q9944,9944,77,5,4330,2713,0.6265588914549653,True,0.6265296698222119,0.01782046592070703,0.034733335549793534,0.9988761364585144,-0.09186332631750806,0.5822570235559829,1.0722376158561517
q10113,10113,77,5,4335,2722,0.6279123414071511,True,0.6278828413284133,0.024219102752150192,0.034734665196140095,0.9988760505070771,-0.0854718733260183,0.5822570235559829,1.0722376158561517
q4129,4129,77,5,5565,3501,0.6291105121293801,True,0.6290873158462091,0.02992192544263554,0.030674427530642662,0.9991232395426732,-0.07979520212809992,0.5822570235559829,1.0722376158561517
q17337,17337,77,5,624,394,0.6314102564102564,True,0.6312,0.03994174306947209,0.09162949744563759,0.992230516474395,-0.06930274443191851,0.5822570235559829,1.0722376158561517
q8529,8529,77,5,4363,2757,0.6319046527618611,True,0.6318744271310724,0.04314493536186649,0.03468733033818596,0.9988791083252887,-0.06656751617604516,0.5822570235559829,1.0722376158561517
q9698,9698,77,5,4305,2726,0.6332171893147502,True,0.6331862517417557,0.049381892676921925,0.03494191343015304,0.998862613455774,-0.060336553437678166,0.5822570235559829,1.0722376158561517
q9943,9943,77,5,4295,2722,0.6337601862630966,True,0.6337290502793296,0.05196509161964663,0.03499164017683188,0.9988593775585871,-0.05775610548443514,0.5822570235559829,1.0722376158561517
q8581,8581,77,5,4321,2739,0.6338810460541542,True,0.6338500694123091,0.05254122783200733,0.03488825577323741,0.9988661000129532,-0.05718101125906862,0.5822570235559829,1.0722376158561517
q8605,8605,77,5,4325,2745,0.6346820809248555,True,0.6346509477577439,0.056355833018723295,0.03488556675561253,0.9988662745990879,-0.0533707407814916,0.5822570235559829,1.0722376158561517
q9465,9465,77,5,4611,2934,0.6363044892648015,True,0.6362749349522984,0.06410093216809792,0.033813267273800136,0.9989348264093558,-0.04563755432070844,0.5822570235559829,1.0722376158561517
q17386,17386,77,5,1196,764,0.6387959866220736,True,0.6386800334168755,0.07559628881975647,0.06645084095312596,0.9958986665996868,-0.034050633300062846,0.5822570235559829,1.0722376158561517
q4301,4301,77,5,4871,3135,0.6436050092383494,True,0.6435755336617406,0.09908947485625187,0.03301978807363257,0.9989841814586066,-0.010686808488496565,0.5822570235559829,1.0722376158561517
q10196,10196,77,5,4781,3080,0.6442166910688141,True,0.6441865328314513,0.10203075936852447,0.033339638222837274,0.9989644269252073,-0.00774835856368448,0.5822570235559829,1.0722376158561517
q8570,8570,77,5,4389,2838,0.6466165413533834,True,0.6465831435079726,0.11358784349185187,0.03484015061648893,0.9988692212463142,0.0037963955069205474,0.5822570235559829,1.0722376158561517
q11759,11759,77,6,2211,1432,0.6476707372229761,True,0.6476039783001808,0.11852040306357613,0.049108382034735824,0.9977558880832803,0.008713654425092114,0.5822570235559829,1.0722376158561517
q17265,17265,77,5,1235,800,0.6477732793522267,True,0.6476537216828478,0.11876090911502928,0.0656977496611513,0.9959907305424233,0.00893778065590416,0.5822570235559829,1.0722376158561517
q10256,10256,77,5,4114,2668,0.6485172581429266,True,0.6484811664641555,0.12276362926994319,0.036021969300613105,0.9987912997407478,0.012960794354622801,0.5822570235559829,1.0722376158561517
q6653,6653,77,6,14483,9395,0.6486915694262239,True,0.6486813035073185,0.12373237226438828,0.01920237256046965,0.9996562288550749,0.013940428057692487,0.5822570235559829,1.0722376158561517
q3671,3671,77,5,6326,4107,0.6492254189061017,True,0.6492018334123597,0.12625302678246225,0.02906178132093898,0.9992129334256099,0.01645291679966419,0.5822570235559829,1.0722376158561517
q9875,9875,77,5,4414,2872,0.6506570004531037,True,0.6506228765571914,0.1331424097700803,0.0348169976168426,0.9988707219668708,0.023328884946782084,0.5822570235559829,1.0722376158561517
q8753,8753,77,5,4191,2736,0.6528274874731568,True,0.6527910305343512,0.14367675510058892,0.0357737915824151,0.9988078775546625,0.03384920430021824,0.5822570235559829,1.0722376158561517
q9188,9188,77,5,4440,2903,0.6538288288288289,True,0.6537941904976357,0.14856026244742604,0.03477588677065259,0.9988733842236327,0.03872942980576143,0.5822570235559829,1.0722376158561517
q10891,10891,77,6,5501,3597,0.6538811125249955,True,0.6538531443111596,0.14884744540687195,0.031244432719186643,0.9990903820391965,0.03902476521908063,0.5822570235559829,1.0722376158561517
q6230,6230,77,5,7976,5227,0.6553410230692076,True,0.6553215494546822,0.15600732026052597,0.025970021229832715,0.9993713911613373,0.04619111561137284,0.5822570235559829,1.0722376158561517
q17580,17580,77,5,523,343,0.655831739961759,True,0.6555343511450382,0.1570460220025312,0.10133951843707288,0.9905130451631753,0.04681052897874259,0.5822570235559829,1.0722376158561517
q9939,9939,77,5,4169,2739,0.6569920844327177,True,0.6569544364508393,0.1639847042647165,0.03595242053083695,0.9987959569733771,0.0541322978359803,0.5822570235559829,1.0722376158561517
q10119,10119,77,5,4336,2853,0.6579797047970479,True,0.6579432787641226,0.16882367536179982,0.035273499504548195,0.9988409493984827,0.0589680988000931,0.5822570235559829,1.0722376158561517
q17367,17367,77,5,1097,722,0.658158614402917,True,0.6580145719489982,0.16917278978624892,0.0701067726619911,0.9954370813520809,0.0591146677023979,0.5822570235559829,1.0722376158561517
q11793,11793,77,6,1046,689,0.6586998087954111,True,0.6585482330468004,0.1717870792553931,0.0718161281829765,0.9952129391326033,0.061703131579675705,0.5822570235559829,1.0722376158561517
q17306,17306,77,5,1102,726,0.6588021778584392,True,0.6586582048957389,0.17232603000205005,0.0699737726138226,0.9954542989960926,0.06225459671178559,0.5822570235559829,1.0722376158561517
q17361,17361,77,5,1240,820,0.6612903225806451,True,0.66116035455278,0.18460932954736078,0.0660653818559801,0.9959459171875186,0.07451884399449069,0.5822570235559829,1.0722376158561517
q3675,3675,77,5,5276,3490,0.6614859742228961,True,0.6614553723706651,0.18606024335971466,0.03204366297710547,0.999043296017901,0.07620012234604687,0.5822570235559829,1.0722376158561517
q6395,6395,77,5,8610,5715,0.6637630662020906,True,0.6637440483103008,0.1973352964780205,0.02511904185698915,0.9994118885813896,0.08749665817178595,0.5822570235559829,1.0722376158561517
q9138,9138,77,5,4142,2755,0.6651376146788991,True,0.665097755249819,0.20402048195070455,0.036243369761769215,0.9987764143391643,0.09411802915549787,0.5822570235559829,1.0722376158561517
q9937,9937,77,5,4664,3103,0.6653087478559176,True,0.6652733118971061,0.20488834866895334,0.034159119108200735,0.9989129489765088,0.09499781857211298,0.5822570235559829,1.0722376158561517
q6410,6410,77,5,5392,3588,0.6654302670623146,True,0.6653995920637864,0.20551274377840442,0.03177245152094556,0.9990594070355389,0.09563555471685015,0.5822570235559829,1.0722376158561517
q10187,10187,77,5,4486,2993,0.6671868033883193,True,0.6671495431245821,0.21417645260286078,0.03487021511765195,0.9988672710571498,0.10427105757699758,0.5822570235559829,1.0722376158561517
q8578,8578,77,5,4700,3136,0.6672340425531915,True,0.6671984684109764,0.21441897085394387,0.03406831628426374,0.9989187143195819,0.10451868372284501,0.5822570235559829,1.0722376158561517
q8569,8569,77,5,4444,2969,0.668091809180918,True,0.6680539932508437,0.21866236675095185,0.03505422354773001,0.9988552985244816,0.10875058688821156,0.5822570235559829,1.0722376158561517
q9834,9834,77,5,4903,3278,0.6685702631042219,True,0.6685358890701468,0.22105477047513256,0.03338346704457195,0.998961705202542,0.11115209164216387,0.5822570235559829,1.0722376158561517
q9194,9194,77,5,4283,2876,0.6714919448984357,True,0.6714519140989729,0.23556588706115514,0.03578335408324178,0.9988072409100086,0.12562871308773133,0.5822570235559829,1.0722376158561517
q11946,11946,77,6,2214,1488,0.6720867208672087,True,0.6720090293453724,0.2383450582867143,0.049782134850205405,0.9976940315075568,0.12826145755955337,0.5822570235559829,1.0722376158561517
q10283,10283,77,5,4222,2844,0.6736144007579347,True,0.6735732891309496,0.2461601713633014,0.03609003358628258,0.998786733242179,0.13620756426835617,0.5822570235559829,1.0722376158561517
q5117,5117,77,5,5545,3742,0.6748422001803427,True,0.674810674359899,0.2523546507722447,0.031517912602410755,0.999074403534984,0.1424355405559727,0.5822570235559829,1.0722376158561517
q6772,6772,77,6,9907,6691,0.6753810437064701,True,0.6753633427533307,0.25512495301602606,0.023589107841484065,0.9994813114384787,0.14526241771841558,0.5822570235559829,1.0722376158561517
q6397,6397,77,5,5694,3867,0.6791359325605901,True,0.6791044776119403,0.273936925538896,0.031191618652565395,0.9990934518024991,0.16400096561422534,0.5822570235559829,1.0722376158561517
q8501,8501,77,5,4300,2921,0.6793023255813954,True,0.6792606370611486,0.27472443115350753,0.03589597717520479,0.9987997300364541,0.16473931164760539,0.5822570235559829,1.0722376158561517
q9461,9461,77,5,5508,3747,0.6802832244008714,True,0.6802504991831548,0.27972055870147694,0.03173840867403325,0.9990614196766037,0.16977391230625413,0.5822570235559829,1.0722376158561517
q6583,6583,77,6,4493,3062,0.6815045626530158,True,0.6814641744548287,0.28585653021577784,0.03516937572945949,0.998847774224515,0.17586650829614325,0.5822570235559829,1.0722376158561517
q6394,6394,77,5,7969,5433,0.681766846530305,True,0.6817440401505647,0.2872730502506338,0.026414075283610183,0.9993497246659852,0.17737048530596777,0.5822570235559829,1.0722376158561517
q5697,5697,77,5,6172,4210,0.6821127673363577,True,0.6820832658350883,0.2889908270493893,0.030020486105344985,0.9991601929332548,0.17905318029346465,0.5822570235559829,1.0722376158561517
q10655,10655,77,6,5337,3648,0.6835300730747611,True,0.6834956912701386,0.2961526951468874,0.03231476062158455,0.9990270554331276,0.18618422156076492,0.5822570235559829,1.0722376158561517
q8534,8534,77,5,4382,2997,0.6839342765860338,True,0.6838923112023728,0.29816660547383594,0.03567175107207943,0.9988146605823455,0.18815616163831822,0.5822570235559829,1.0722376158561517
q9132,9132,77,5,4206,2877,0.6840228245363766,True,0.6839790824815783,0.2986073672717657,0.03641247441549,0.9987649838014847,0.1885870210033716,0.5822570235559829,1.0722376158561517
q10184,10184,77,5,4251,2910,0.68454481298518,True,0.6845014111006585,0.30126183134173146,0.03623250709647707,0.9987771467853339,0.19124053567066635,0.5822570235559829,1.0722376158561517
q11688,11688,77,6,2899,1986,0.6850638151086581,True,0.685,0.30379766207600073,0.04388821564580765,0.9982068139997622,0.19366261490052575,0.5822570235559829,1.0722376158561517
q8784,8784,77,5,4172,2882,0.6907957813998082,True,0.6907500599089385,0.3331873557800738,0.036737876673825144,0.9987428394520941,0.2231193556135221,0.5822570235559829,1.0722376158561517
q9696,9696,77,5,4406,3049,0.692010894235134,True,0.6919673247106876,0.3394439625489583,0.03578123917752385,0.9988073817291219,0.22938291939681427,0.5822570235559829,1.0722376158561517
q10902,10902,77,6,4219,2927,0.693766295330647,True,0.6937203791469194,0.34847645797979176,0.036613083629686495,0.998751355070736,0.2383912695442603,0.5822570235559829,1.0722376158561517
q9693,9693,77,5,4340,3015,0.6947004608294931,True,0.6946556093066114,0.35330590619885516,0.03612453529457935,0.9987844152129648,0.24322273826200114,0.5822570235559829,1.0722376158561517
q10134,10134,77,5,4327,3020,0.6979431476773746,True,0.6978974121996303,0.3701051309376012,0.036268128125223044,0.9987747441194645,0.25999902455918966,0.5822570235559829,1.0722376158561517
q5092,5092,77,5,8563,5977,0.698003036319047,True,0.6979799159271368,0.37053387679346067,0.025784459408019163,0.9993803366332519,0.26058515135726223,0.5822570235559829,1.0722376158561517
q8617,8617,77,5,4394,3071,0.6989076012744652,True,0.6988623435722412,0.375123366141066,0.03601745657073769,0.998791602200906,0.2650155841999985,0.5822570235559829,1.0722376158561517
q9938,9938,77,5,4160,2909,0.6992788461538462,True,0.6992309540975727,0.3770425635967051,0.037026943578479424,0.9987230033948366,0.26691412909938445,0.5822570235559829,1.0722376158561517
q10181,10181,77,5,4496,3146,0.6997330960854092,True,0.6996886813431177,0.3794274526838777,0.035629522757270986,0.9988174620204727,0.2693214425436738,0.5822570235559829,1.0722376158561517
q8579,8579,77,5,4204,2945,0.700523311132255,True,0.7004756242568371,0.3835320692442235,0.036868513401663465,0.9987338941864704,0.27339832896909544,0.5822570235559829,1.0722376158561517
q5102,5102,77,5,7247,5086,0.7018076445425694,True,0.7017798013245033,0.39034692670972404,0.028110953820713172,0.9992635552461098,0.28035315969243674,0.5822570235559829,1.0722376158561517
q10812,10812,77,6,4429,3119,0.7042221720478663,True,0.704176072234763,0.4029092619557352,0.036025754092221356,0.998791046040678,0.2927677405764589,0.5822570235559829,1.0722376158561517
q8880,8880,77,5,4397,3106,0.7063907209460996,True,0.706343792633015,0.4143197833316087,0.03622017251185972,0.9987779782149623,0.30416048757796316,0.5822570235559829,1.0722376158561517
q8568,8568,77,5,4298,3038,0.7068403908794788,True,0.7067922772737846,0.41668610982673293,0.03664829313601017,0.998748955366642,0.30651501528860614,0.5822570235559829,1.0722376158561517
q5702,5702,77,5,7227,5110,0.7070707070707071,True,0.7070420586607638,0.4180048601370945,0.028269450607920188,0.9992552335071019,0.3079881596724918,0.5822570235559829,1.0722376158561517
q9718,9718,77,5,4363,3098,0.7100618840247536,True,0.7100137488542622,0.4337406305447025,0.03647157500384239,0.9987609764435745,0.3235520943096663,0.5822570235559829,1.0722376158561517
q8785,8785,77,5,4338,3084,0.710926694329184,True,0.7108780825074902,0.4383337285111363,0.036603078241283914,0.9987520365692786,0.3281365641544126,0.5822570235559829,1.0722376158561517
q17197,17197,77,5,1138,810,0.7117750439367311,True,0.7115891132572432,0.44211773479785005,0.0714844508735216,0.9952568451308014,0.3307542891257743,0.5822570235559829,1.0722376158561517
q6421,6421,77,5,5420,3856,0.7114391143911439,True,0.7114001106806862,0.44111139732324206,0.032761534571815645,0.9989999932792107,0.3309929206076453,0.5822570235559829,1.0722376158561517
q9060,9060,77,5,4178,2978,0.7127812350406894,True,0.7127303182579564,0.44820165370001636,0.03735587453259881,0.9987002436943254,0.3379746470734599,0.5822570235559829,1.0722376158561517
q9128,9128,77,5,4221,3018,0.7149964463397299,True,0.7149455234486025,0.46004889274094735,0.03723609270779824,0.9987085549352759,0.3498093987004803,0.5822570235559829,1.0722376158561517
q8566,8566,77,5,4162,2989,0.7181643440653532,True,0.7181119385058852,0.4770713635210304,0.037603321765410966,0.9986829901115097,0.3668004963385004,0.5822570235559829,1.0722376158561517
q10817,10817,77,6,4184,3010,0.7194072657743786,True,0.7193548387096774,0.48378198963050534,0.03754589754825484,0.9986870041873082,0.37350378573066473,0.5822570235559829,1.0722376158561517
q6724,6724,77,5,6543,4711,0.7200061134036375,True,0.7199724938875306,0.4871229556826328,0.030042015709805376,0.9991589889563577,0.3770184618613405,0.5822570235559829,1.0722376158561517
q10744,10744,77,6,4638,3342,0.720569210866753,True,0.7205216641517569,0.4900969285591357,0.035698767978132886,0.9988128665409263,0.3798582998547274,0.5822570235559829,1.0722376158561517
q4303,4303,77,5,5593,4034,0.7212587162524584,True,0.7212191633893458,0.4938788677732383,0.03252955062911179,0.9990140912911092,0.38371303816215635,0.5822570235559829,1.0722376158561517
q4198,4198,77,5,6681,4823,0.7218979194731328,True,0.721864711164322,0.4973838379186678,0.029781099851951848,0.9991735219130751,0.3872763475079833,0.5822570235559829,1.0722376158561517
q4120,4120,77,5,5091,3677,0.7222549597328619,True,0.7222113118617439,0.49926757058021354,0.034126125399850334,0.9989150456130881,0.3890578518477962,0.5822570235559829,1.0722376158561517
q4191,4191,77,5,6371,4618,0.7248469628001883,True,0.7248116760828626,0.5134426010805619,0.030579712210675,0.9991286409273262,0.4033037219994845,0.5822570235559829,1.0722376158561517
q10653,10653,77,6,5031,3647,0.7249055853707016,True,0.7248608903020668,0.5137116035486395,0.03441286485393775,0.9988967568946139,0.403478826438677,0.5822570235559829,1.0722376158561517
q4896,4896,77,5,10160,7370,0.7253937007874016,True,0.7253715185513236,0.5165042816139034,0.024228663769437053,0.9994528200378942,0.40649458390761656,0.5822570235559829,1.0722376158561517
q10324,10324,77,5,4066,2954,0.7265125430398426,True,0.7264568477993607,0.5224498582118715,0.03833558230836662,0.9986312685375239,0.4120978835383274,0.5822570235559829,1.0722376158561517
q8627,8627,77,5,4297,3128,0.7279497323714219,True,0.7278966961377384,0.530358294415746,0.03734193394274826,0.998701212348388,0.4200249115653137,0.5822570235559829,1.0722376158561517
q4169,4169,77,5,5938,4324,0.7281913102054564,True,0.7281528876915305,0.5317679400589778,0.03177452787726174,0.9990592842100986,0.4215838258252068,0.5822570235559829,1.0722376158561517
q9152,9152,77,5,4186,3064,0.7319636884854276,True,0.7319082875567232,0.5525194622205811,0.03798013527799575,0.9986564986470744,0.4421375005186989,0.5822570235559829,1.0722376158561517
q9452,9452,77,5,4338,3177,0.7323651452282157,True,0.7323115925328416,0.5547579811587244,0.03732368208893993,0.9987024800244828,0.44439347237533233,0.5822570235559829,1.0722376158561517
q6807,6807,77,6,12449,9125,0.7329906016547514,True,0.7329718875502008,0.5584271310383797,0.022048353535575816,0.9995468265752894,0.44843666908006513,0.5822570235559829,1.0722376158561517
q8586,8586,77,5,4537,3327,0.7333039453383293,True,0.7332525341560159,0.5599882323247461,0.03652991401138326,0.9987570143828818,0.4496414886131511,0.5822570235559829,1.0722376158561517
q8650,8650,77,5,4195,3081,0.734445768772348,True,0.7343898951382268,0.5663246212999042,0.038032259478321825,0.9986528134268683,0.4559224299070084,0.5822570235559829,1.0722376158561517
q11758,11758,77,6,2533,1861,0.7347019344650612,True,0.7346093133385951,0.5675488471237587,0.04895097466955201,0.9977702191291778,0.4567409886069013,0.5822570235559829,1.0722376158561517
q10278,10278,77,5,4279,3146,0.7352185089974294,True,0.7351635514018692,0.5706438063464495,0.037686241642742195,0.9986771830667802,0.46024702711621235,0.5822570235559829,1.0722376158561517
q10835,10835,77,6,5868,4317,0.7356850715746421,True,0.7356449139546771,0.5733348895784373,0.032198223916388345,0.9990340534723482,0.4630999770074693,0.5822570235559829,1.0722376158561517
q17093,17093,77,5,1249,920,0.7365892714171337,True,0.7364,0.5775620255717607,0.06982141473798267,0.9954739831762559,0.4656577183745375,0.5822570235559829,1.0722376158561517
q6404,6404,77,5,5798,4277,0.7376681614349776,True,0.7376271770994999,0.5844472204106439,0.032456870496373885,0.9990184876428588,0.4741941854445768,0.5822570235559829,1.0722376158561517
q9706,9706,77,5,4486,3310,0.7378510922871154,True,0.7377980833519056,0.5854076081450189,0.03690461454343888,0.9987314166126876,0.4750170936917021,0.5822570235559829,1.0722376158561517
q9676,9676,77,5,4543,3353,0.7380585516178737,True,0.738006161971831,0.586577379718757,0.03668019238141063,0.99874677929186,0.47619270608798275,0.5822570235559829,1.0722376158561517
q6396,6396,77,5,7967,5904,0.7410568595456257,True,0.7410266064257028,0.6036198731565027,0.027786106450362752,0.9992804652898343,0.49347739312959504,0.5822570235559829,1.0722376158561517
q6391,6391,77,5,5632,4174,0.7411221590909091,True,0.7410793538079177,0.6039185386926849,0.03304884924997437,0.9989823944199537,0.49362855759276636,0.5822570235559829,1.0722376158561517
q9673,9673,77,5,4344,3239,0.7456261510128913,True,0.7455696202531645,0.6294778142942773,0.03780901467706018,0.9986685616603211,0.5189987279776298,0.5822570235559829,1.0722376158561517
q10268,10268,77,5,4369,3266,0.7475394827191577,True,0.7474828375286041,0.6404505571615022,0.03777887945866727,0.9986706804079454,0.5299579856561425,0.5822570235559829,1.0722376158561517
q10138,10138,77,5,4537,3400,0.7493938726030417,True,0.749338915821948,0.6511438694669229,0.03714855706619458,0.9987146119325327,0.5406608657580327,0.5822570235559829,1.0722376158561517
q10120,10120,77,5,4186,3138,0.749641662685141,True,0.7495820396465249,0.6525481296391601,0.038684717155949094,0.9986062589340282,0.5420045111314121,0.5822570235559829,1.0722376158561517
q17392,17392,77,5,1258,945,0.7511923688394276,True,0.7509928514694202,0.6607133246272828,0.07065766635939472,0.9953654231209124,0.5483728646756366,0.5822570235559829,1.0722376158561517
q3674,3674,77,5,9786,7366,0.7527079501328429,True,0.7526821293552672,0.6705275382641475,0.02539055025185244,0.9993991139153321,0.5604034469261188,0.5822570235559829,1.0722376158561517
q11625,11625,77,6,2287,1723,0.7533887188456493,True,0.753277972027972,0.6739990400704858,0.05254872431757935,0.9974312827567503,0.5627625890184814,0.5822570235559829,1.0722376158561517
q10640,10640,77,6,24847,18737,0.7540950617780818,True,0.7540848358016742,0.6787082436262001,0.01596039390945178,0.9997624839247219,0.5687859654792017,0.5822570235559829,1.0722376158561517
q11771,11771,77,6,2518,1900,0.7545671167593329,True,0.7544660579595077,0.6809365396572136,0.0501492709002361,0.9976599736039785,0.569812884768155,0.5822570235559829,1.0722376158561517
q8522,8522,77,5,4287,3242,0.7562397947282482,True,0.7561800373134329,0.6909815475124713,0.0385131621862009,0.9986185761217133,0.5803915214524004,0.5822570235559829,1.0722376158561517
q9726,9726,77,5,4215,3191,0.7570581257413997,True,0.7569971537001897,0.6957858070821458,0.03887755563432825,0.9985923486594881,0.5851737750455515,0.5822570235559829,1.0722376158561517
q10110,10110,77,5,4208,3187,0.7573669201520913,True,0.7573057733428368,0.6976029619242127,0.038923894530967305,0.9985889957845713,0.5869864010942782,0.5822570235559829,1.0722376158561517
q8204,8204,77,5,4544,3445,0.7581426056338029,True,0.7580858085808581,0.7022022497947644,0.03749176596808809,0.9986907825131505,0.591639499345201,0.5822570235559829,1.0722376158561517
q8580,8580,77,5,4285,3255,0.7596266044340724,True,0.7595660289314046,0.7109555660386024,0.03867554302885437,0.9986069189895821,0.600330939492738,0.5822570235559829,1.0722376158561517
q10263,10263,77,5,4777,3631,0.7601004814737283,True,0.7600460443700293,0.7138013985388997,0.03665114240967882,0.9987487610740028,0.6032584821578185,0.5822570235559829,1.0722376158561517
q9941,9941,77,5,4368,3321,0.7603021978021978,True,0.7602426184481574,0.7149678447933459,0.03833728984868723,0.9986311467698731,0.6043522910030436,0.5822570235559829,1.0722376158561517
q10728,10728,77,6,4674,3555,0.7605905006418485,True,0.7605347593582887,0.7167024839096459,0.037074324134765094,0.9987197373402412,0.6061383226285609,0.5822570235559829,1.0722376158561517
q9935,9935,77,5,4305,3275,0.7607433217189314,True,0.7606827682303762,0.7175818211808707,0.038637051317560296,0.9986096866753023,0.6069496459094288,0.5822570235559829,1.0722376158561517
q8518,8518,77,5,4289,3266,0.7614828631382606,True,0.7614219114219114,0.7219782862847405,0.03874340504318631,0.9986020328036355,0.6113353129168925,0.5822570235559829,1.0722376158561517
q10797,10797,77,6,4745,3619,0.7626975763962065,True,0.7626422250316056,0.7292556228558758,0.036889556422531326,0.9987324503249583,0.6186832655529603,0.5822570235559829,1.0722376158561517
q10349,10349,77,6,5179,3957,0.7640471133423441,True,0.763996138996139,0.7373574421915177,0.03536877957832782,0.998834686639443,0.6268389759038651,0.5822570235559829,1.0722376158561517
q11735,11735,77,6,2180,1669,0.7655963302752293,True,0.765474552957359,0.7462380544936899,0.054607063159669,0.9972266767706364,0.6346858201748237,0.5822570235559829,1.0722376158561517
q9946,9946,77,5,4634,3552,0.7665084160552439,True,0.7664509169363538,0.7521225036884791,0.03750414692621499,0.9986899188139465,0.6414938419850367,0.5822570235559829,1.0722376158561517
q9145,9145,77,5,4394,3372,0.7674101046882112,True,0.767349260523322,0.7575506370177543,0.03855790080419078,0.9986153692561017,0.6468665735374346,0.5822570235559829,1.0722376158561517
q10153,10153,77,5,4388,3368,0.7675478577939836,True,0.7674868990658464,0.7583834864092123,0.03859092443075989,0.9986129997463292,0.6476967328846632,0.5822570235559829,1.0722376158561517
q8762,8762,77,5,4974,3831,0.770205066344994,True,0.7701507537688442,0.7745652139958072,0.03636979027278008,0.9987678740085718,0.6639589734231697,0.5822570235559829,1.0722376158561517
q6408,6408,77,5,7122,5487,0.7704296545914069,True,0.7703916888951284,0.7760347325561342,0.030404661642174508,0.9991385798243992,0.6656736632050286,0.5822570235559829,1.0722376158561517
q11884,11884,77,6,1059,817,0.7714825306893296,True,0.7712264150943396,0.7811336399268878,0.07890160810674632,0.9942274669578528,0.667471119890696,0.5822570235559829,1.0722376158561517
q9455,9455,77,5,4177,3225,0.7720852286329902,True,0.7720201053135471,0.7859930621053666,0.039783353671615014,0.9985260893433068,0.6752092447639969,0.5822570235559829,1.0722376158561517
q9163,9163,77,5,4246,3283,0.7731983042863871,True,0.7731339769248882,0.7928313662293673,0.03951626921765557,0.9985457843481602,0.6820509223978246,0.5822570235559829,1.0722376158561517
q5699,5699,77,5,7377,5704,0.7732140436491799,True,0.7731770127405801,0.7930960100756488,0.029982803678366872,0.9991622981365963,0.6827364507287308,0.5822570235559829,1.0722376158561517
q10869,10869,77,6,6140,4749,0.7734527687296417,True,0.7734082397003745,0.794518473679731,0.032874093697737215,0.9989931169398638,0.6840418790676618,0.5822570235559829,1.0722376158561517
q9457,9457,77,5,4203,3252,0.7737330478229836,True,0.7736679352997146,0.7961171981449227,0.03974570860767967,0.9985288733027604,0.6853203694465797,0.5822570235559829,1.0722376158561517
q4909,4909,77,5,6262,4854,0.775151708719259,True,0.7751077758262813,0.8050028449484058,0.03262552711622696,0.9990082707578352,0.6945262289725985,0.5822570235559829,1.0722376158561517
q11751,11751,77,6,2642,2053,0.7770628311884936,True,0.7769580022701476,0.816475906626158,0.05034727616167641,0.9976415024559768,0.7050220326880817,0.5822570235559829,1.0722376158561517
q11616,11616,77,6,2249,1749,0.7776789684304135,True,0.7775555555555556,0.8201946138350014,0.05461147313832093,0.9972262300568239,0.7084369567233235,0.5822570235559829,1.0722376158561517
q6430,6430,77,5,4366,3400,0.7787448465414567,True,0.7786810167162812,0.8272165092023908,0.03925979987938375,0.9985645724477934,0.716399541092022,0.5822570235559829,1.0722376158561517
q17275,17275,77,5,1055,823,0.7800947867298578,True,0.7798295454545454,0.8344066671940665,0.07996346122575262,0.9940719759020733,0.7203239549939905,0.5822570235559829,1.0722376158561517
q6401,6401,77,5,7839,6111,0.7795637198622273,True,0.7795280612244898,0.832516883483088,0.02933495574809009,0.9991980792955947,0.7221501613045576,0.5822570235559829,1.0722376158561517
q6752,6752,77,5,6947,5419,0.7800489419893479,True,0.7800086355785838,0.8355300630020325,0.031181772478743965,0.9990940235289556,0.7250854067572896,0.5822570235559829,1.0722376158561517
q10195,10195,77,5,4524,3531,0.7805039787798409,True,0.7804419889502763,0.8382509090757936,0.03866173147601203,0.9986079124027373,0.7274496734703105,0.5822570235559829,1.0722376158561517
q10790,10790,77,6,4294,3368,0.784350256171402,True,0.7842840512223516,0.86253126228505,0.03989790524662553,0.9985176018126779,0.7516282455360848,0.5822570235559829,1.0722376158561517
q9464,9464,77,5,4179,3279,0.7846374730796841,True,0.7845693779904306,0.8643458953080939,0.04045946003989797,0.9984756433093107,0.7534085283947791,0.5822570235559829,1.0722376158561517
q17168,17168,77,5,1121,881,0.7859054415700267,True,0.785650623885918,0.8712371064880441,0.07821395316666668,0.9943270794380917,0.7571303111326356,0.5822570235559829,1.0722376158561517
q10192,10192,77,5,4324,3399,0.7860777058279371,True,0.7860115606936416,0.8735426953528882,0.03985779734220741,0.9985205763088975,0.7626256270634849,0.5822570235559829,1.0722376158561517
q10189,10189,77,5,4308,3398,0.7887650882079852,True,0.7886980737990253,0.8907864516720024,0.04008826416650459,0.9985034437971702,0.7798304920812864,0.5822570235559829,1.0722376158561517
q6717,6717,77,6,872,690,0.7912844036697247,True,0.790950744558992,0.9053602434763351,0.08936137807174595,0.9926075862479341,0.7896918877593795,0.5822570235559829,1.0722376158561517
q6402,6402,77,5,6224,4926,0.791452442159383,True,0.7914056224899598,0.9083160419015202,0.03348755242626541,0.9989552273432798,0.797694610508158,0.5822570235559829,1.0722376158561517
q17110,17110,77,5,1055,836,0.7924170616113744,True,0.7921401515151515,0.9130983026146396,0.08139569383879201,0.9938590351655838,0.7983780468350686,0.5822570235559829,1.0722376158561517
q6490,6490,77,5,5212,4143,0.7948963929393706,True,0.7948398235181278,0.9307748483814292,0.036785615750532095,0.9987395742125909,0.8199529040737935,0.5822570235559829,1.0722376158561517
q8877,8877,77,5,4296,3416,0.7951582867783985,True,0.7950895973935304,0.9324183280715721,0.04053279519984163,0.9984701207899757,0.8213726514933375,0.5822570235559829,1.0722376158561517
q10947,10947,77,6,4322,3445,0.7970846830171217,True,0.7970159611380986,0.9451401237983702,0.04053199610438862,0.9984701810195871,0.8340750347223241,0.5822570235559829,1.0722376158561517
q6393,6393,77,5,7526,6009,0.7984321020462397,True,0.7983924538328684,0.9542816992030925,0.03078374128892452,0.9991169849532541,0.8437488475677098,0.5822570235559829,1.0722376158561517
q9135,9135,77,5,4456,3559,0.7986983842010772,True,0.7986313663899484,0.9558727651585257,0.040019855328538106,0.9985085394409683,0.8448237115925583,0.5822570235559829,1.0722376158561517
q8567,8567,77,5,4729,3786,0.8005920913512371,True,0.8005285412262156,0.9685539879051784,0.038965757826265615,0.9985859633295308,0.8575525098635847,0.5822570235559829,1.0722376158561517
q9035,9035,77,5,4246,3400,0.8007536504945831,True,0.8006828349423122,0.969589011363317,0.04113206523079274,0.9984246201924835,0.858447346631086,0.5822570235559829,1.0722376158561517
q11608,11608,77,6,4055,3254,0.802466091245376,True,0.8023915187376726,0.9810886455179211,0.0422062521674702,0.9983414001528267,0.8698563547492593,0.5822570235559829,1.0722376158561517
q8583,8583,77,5,4427,3554,0.8028009939010616,True,0.8027326106594399,0.9833925460598834,0.04041701566691686,0.9984788350502936,0.8722764979101355,0.5822570235559829,1.0722376158561517
q8634,8634,77,5,4321,3472,0.8035177042351308,True,0.8034474780194355,0.9882301744582169,0.04095769860873112,0.9984379277292134,0.8770708327268676,0.5822570235559829,1.0722376158561517
q10201,10201,77,5,4252,3427,0.8059736594543744,True,0.8059017164354573,1.004933055963461,0.041457443123103,0.998399637365526,0.8937133476617867,0.5822570235559829,1.0722376158561517
q6685,6685,77,6,15222,12274,0.8063329391669951,True,0.8063128161334823,1.0077454119026914,0.02192806401588693,0.9995517556457953,0.8975557569398356,0.5822570235559829,1.0722376158561517
q9043,9043,77,5,4335,3504,0.8083044982698961,True,0.8082333948339483,1.0209403970310889,0.04122125549235214,0.9984177915384899,0.9097116124125314,0.5822570235559829,1.0722376158561517
q6821,6821,77,6,11349,9186,0.809410520750727,True,0.8093832599118943,1.0288852221363005,0.02552852159156691,0.9993925697630403,0.9185397839349455,0.5822570235559829,1.0722376158561517
q8378,8378,77,5,4257,3447,0.8097251585623678,True,0.8096524189760451,1.0307498543998426,0.04169871530579298,0.9983809859693051,0.9194716526183091,0.5822570235559829,1.0722376158561517
q8531,8531,77,5,5213,4223,0.8100901592173413,True,0.8100306866129651,1.0333735237101662,0.03770721643084108,0.9986757121441754,0.922363279250222,0.5822570235559829,1.0722376158561517
q10182,10182,77,5,4182,3393,0.8113342898134863,True,0.8112598613435333,1.0419248861074244,0.04218872439460474,0.9983427751792862,0.9305929740734689,0.5822570235559829,1.0722376158561517
q6698,6698,77,6,11670,9506,0.8145672664952871,True,0.8145403135978065,1.0649436993222472,0.025404711907317416,0.9993984438397064,0.9545819687743482,0.5822570235559829,1.0722376158561517
q11546,11546,77,6,2603,2128,0.8175182481751825,True,0.8173963133640553,1.0852238708389221,0.05406342365766967,0.9972814720591574,0.9727849686176999,0.5822570235559829,1.0722376158561517
q9691,9691,77,5,4229,3466,0.819579096713171,True,0.8195035460992908,1.1003348095068461,0.04258453513064652,0.9983115861969863,0.9888752049246452,0.5822570235559829,1.0722376158561517
q8571,8571,77,5,4172,3420,0.8197507190795782,True,0.81967409537503,1.1015634125703617,0.042888080704306365,0.9982874715119969,0.9900778172256439,0.5822570235559829,1.0722376158561517
q5616,5616,77,5,7032,5774,0.821103526734926,True,0.8210578700412342,1.111563284423249,0.033122499217941914,0.998977858501843,1.0007521772228838,0.5822570235559829,1.0722376158561517
q6032,6032,77,5,6935,5716,0.82422494592646,True,0.8241782006920415,1.1343216651535812,0.03355370457009609,0.9989510998603482,1.0234598805160573,0.5822570235559829,1.0722376158561517
q9141,9141,77,5,4189,3456,0.8250179040343757,True,0.8249403341288782,1.1399253375883067,0.04323482254618681,0.9982597170354012,1.0283454554079299,0.5822570235559829,1.0722376158561517
q9745,9745,77,5,4647,3835,0.8252636109317839,True,0.8251936316695353,1.1417917126318577,0.04106985109557184,0.9984293747773493,1.0303836699945224,0.5822570235559829,1.0722376158561517
q8608,8608,77,5,4582,3794,0.8280226975120035,True,0.8279511237180885,1.1622400971828941,0.041586927271873235,0.9983896410433477,1.0507581199115774,0.5822570235559829,1.0722376158561517
q9686,9686,77,5,4218,3493,0.828117591275486,True,0.8280398198625266,1.1629018430586946,0.04335151921256265,0.9982503262955549,1.051272085731153,0.5822570235559829,1.0722376158561517
q8873,8873,77,5,4204,3486,0.8292102759276879,True,0.8291319857312723,1.1710711295464065,0.04351940301877127,0.9982367723659762,1.0594126940647948,0.5822570235559829,1.0722376158561517
q8503,8503,77,5,4332,3596,0.830101569713758,True,0.8300253865681976,1.177782577211928,0.04294977046138446,0.9982825498706911,1.0661611980860217,0.5822570235559829,1.0722376158561517
q10326,10326,77,5,4230,3512,0.8302600472813239,True,0.8301819900732688,1.1789617243598258,0.04347830861848743,0.9982400948890897,1.0672929283206252,0.5822570235559829,1.0722376158561517
q8872,8872,77,5,4315,3591,0.8322132097334878,True,0.8321362372567191,1.1937449014976604,0.04322182411953391,0.99826076148066,1.0820724901815841,0.5822570235559829,1.0722376158561517
q8891,8891,77,5,4276,3567,0.8341908325537886,True,0.8341126958148235,1.2088276374539055,0.043598696960637916,0.9982303525630074,1.0970955730308045,0.5822570235559829,1.0722376158561517
q9730,9730,77,5,4252,3564,0.8381937911571026,True,0.8381142722783917,1.2397832826763897,0.04409944211351746,0.9981895431939716,1.1279503232458827,0.5822570235559829,1.0722376158561517
q4570,4570,77,5,6126,5136,0.8383937316356513,True,0.8383385017137261,1.2415349254866144,0.03675954562475042,0.9987413578701799,1.1303233098146062,0.5822570235559829,1.0722376158561517
q10277,10277,77,5,4119,3455,0.8387958242291819,True,0.8387135922330097,1.24446919169988,0.044864536422299324,0.9981262966727455,1.1325559839416692,0.5822570235559829,1.0722376158561517
q10155,10155,77,5,4295,3605,0.8393480791618161,True,0.8392690875232774,1.2488242582558866,0.043989758015271614,0.998198521723908,1.1369851574083816,0.5822570235559829,1.0722376158561517
q6912,6912,77,6,9140,7687,0.8410284463894967,True,0.8409911388250738,1.2623982044078919,0.030272779876957492,0.9991460301571319,1.1516267590853226,0.5822570235559829,1.0722376158561517
q10716,10716,77,6,4862,4090,0.8412176059234883,True,0.8411474398519433,1.263635767632613,0.041519243640321474,0.9983948701595596,1.1519965405437333,0.5822570235559829,1.0722376158561517
q11656,11656,77,6,2240,1887,0.8424107142857142,True,0.8422579205711735,1.2724552073059747,0.06131539522728849,0.9965059595745955,1.158605647871511,0.5822570235559829,1.0722376158561517
q6407,6407,77,5,4838,4076,0.8424968995452666,True,0.8424261210994007,1.2737951879887228,0.04174250527127272,0.9983775892838048,1.1621195386327898,0.5822570235559829,1.0722376158561517
q11591,11591,77,6,2919,2462,0.8434395340870161,True,0.8433219178082192,1.280950099461053,0.05384587011502919,0.9973032481016417,1.168004613312704,0.5822570235559829,1.0722376158561517
q9066,9066,77,5,4278,3609,0.8436185133239832,True,0.8435382098621174,1.282682360512095,0.044502870848041366,0.9981563283337728,1.170732776603711,0.5822570235559829,1.0722376158561517
q11746,11746,77,6,2721,2300,0.8452774715178243,True,0.8451506245407788,1.2956542485872808,0.05600587393887181,0.9970831942030236,1.1824081543186282,0.5822570235559829,1.0722376158561517
q8754,8754,77,5,4314,3647,0.8453871117292536,True,0.8453070683661645,1.296918353265763,0.044498514234263944,0.9981566886236605,1.1849429505722664,0.5822570235559829,1.0722376158561517
q8780,8780,77,5,4350,3681,0.8462068965517241,True,0.8461273270512526,1.303562392712692,0.04439916908075981,0.9981648949182408,1.1915845394570004,0.5822570235559829,1.0722376158561517
q9897,9897,77,5,4206,3562,0.8468854018069425,True,0.8468029474685048,1.3090553941046077,0.04522454933130786,0.9980961626509665,1.1969850321886768,0.5822570235559829,1.0722376158561517
q10906,10906,77,6,5608,4773,0.8511055634807418,True,0.8510429666607239,1.3439625207506676,0.039568781687910795,0.9985419224564341,1.2323758471163515,0.5822570235559829,1.0722376158561517
q8537,8537,77,5,4189,3581,0.8548579613272858,True,0.8547732696897374,1.3753183847303885,0.04620988404298303,0.9980124654618054,1.2630159474509235,0.5822570235559829,1.0722376158561517
q9844,9844,77,5,4219,3611,0.8558900213320693,True,0.8558056872037915,1.3841078648277076,0.046166879910378,0.9980161557088005,1.2717926607111643,0.5822570235559829,1.0722376158561517
q9948,9948,77,5,4109,3524,0.8576295935750791,True,0.8575425790754257,1.399007148021442,0.04699125354705746,0.99794482148589,1.2865704205402895,0.5822570235559829,1.0722376158561517
q11747,11747,77,6,2328,2004,0.8608247422680413,True,0.8606698153714041,1.4261983199018162,0.06294307984024881,0.9963186830189832,1.3115650428671914,0.5822570235559829,1.0722376158561517
q11851,11851,77,6,2689,2321,0.8631461509854965,True,0.8630111524163568,1.4468747176829895,0.05894122697921004,0.9967704466827086,1.3327693718522957,0.5822570235559829,1.0722376158561517
q9942,9942,77,5,4223,3653,0.8650248638408714,True,0.864938446969697,1.4641070657824515,0.04728842033800195,0.9979188001828447,1.3515013051801037,0.5822570235559829,1.0722376158561517
q6409,6409,77,5,5334,4618,0.8657667791526059,True,0.8656982193064667,1.470954403370988,0.042167394018057434,0.9983444477487259,1.3589137696189544,0.5822570235559829,1.0722376158561517
q11901,11901,77,6,2556,2220,0.8685446009389671,True,0.8684004692999608,1.4955626576460224,0.061380884964006815,0.9964985179088458,1.3809232392827313,0.5822570235559829,1.0722376158561517
q10829,10829,77,6,4391,3825,0.8710999772261444,True,0.8710154826958105,1.5197670736306972,0.04719549927030231,0.9979269542636633,1.4070569705204405,0.5822570235559829,1.0722376158561517
q8535,8535,77,5,4570,3985,0.8719912472647703,True,0.871909866549989,1.5281365247232208,0.04638594868487432,0.997997321556267,1.4155088767635096,0.5822570235559829,1.0722376158561517
q11683,11683,77,6,2141,1868,0.8724894908921065,True,0.8723155929038282,1.531948852631769,0.06784411079380046,0.9957256217339759,1.4160828453185466,0.5822570235559829,1.0722376158561517
q8853,8853,77,5,4247,3717,0.8752060277843183,True,0.875117702448211,1.5585505950096326,0.04859028193097548,0.9978028861853693,1.445580346589246,0.5822570235559829,1.0722376158561517
q9851,9851,77,5,4280,3748,0.8757009345794392,True,0.8756131744919411,1.5633048384418047,0.04847725470007258,0.9978130735066489,1.4503389518591707,0.5822570235559829,1.0722376158561517
q11532,11532,77,6,2148,1882,0.8761638733705773,True,0.8759888320148906,1.566919733801076,0.0685017879882628,0.9956427117131648,1.4507834368206123,0.5822570235559829,1.0722376158561517
q9722,9722,77,5,4162,3649,0.8767419509851033,True,0.8766514532788854,1.5733179138890787,0.0493197021554859,0.9977365768933003,1.4602181742995186,0.5822570235559829,1.0722376158561517
q10289,10289,77,5,4334,3804,0.8777111213659436,True,0.8776239907727797,1.5827597351891334,0.04848044350343502,0.9978127864171867,1.46975087930247,0.5822570235559829,1.0722376158561517
q8585,8585,77,5,4150,3646,0.8785542168674699,True,0.8784630209588051,1.5909549592889354,0.04967634629753245,0.997703799120898,1.4777667502219487,0.5822570235559829,1.0722376158561517
q4359,4359,77,5,5076,4460,0.8786446020488574,True,0.8785700216663384,1.5920034238034722,0.04493365297255678,0.9981205299764359,1.479430492507119,0.5822570235559829,1.0722376158561517
q9769,9769,77,5,4282,3766,0.8794955628211116,True,0.879406957739902,1.6002305776669028,0.04905404962789639,0.9977608398932211,1.4871060859610465,0.5822570235559829,1.0722376158561517
q9936,9936,77,5,4161,3669,0.8817591925018025,True,0.8816674675636713,1.6226889135704132,0.05013260925315566,0.9976615246158874,1.5093638797965336,0.5822570235559829,1.0722376158561517
q8869,8869,77,5,4255,3754,0.8822561692126909,True,0.8821663533834586,1.6276930109284167,0.049658349192429334,0.9977054587710618,1.5144229631076693,0.5822570235559829,1.0722376158561517
q4920,4920,77,5,4206,3713,0.8827864954826439,True,0.8826955074875208,1.6330198958700992,0.05003531206014161,0.9976705716935707,1.5196844841533976,0.5822570235559829,1.0722376158561517
q10933,10933,77,6,5284,4676,0.8849356548069645,True,0.8848628192999054,1.6550477058178845,0.044971746658276426,0.9981173478874245,1.5423513675266947,0.5822570235559829,1.0722376158561517
q17272,17272,77,5,1097,973,0.886964448495898,True,0.8866120218579235,1.6730786204599026,0.09926569602770052,0.9908938566827988,1.5490559140437832,0.5822570235559829,1.0722376158561517
q8582,8582,77,5,4405,3903,0.886038592508513,True,0.8859509759418974,1.666237468662065,0.049439623476246655,0.9977255815072765,1.5529102990330894,0.5822570235559829,1.0722376158561517
q11530,11530,77,6,2224,1976,0.8884892086330936,True,0.888314606741573,1.6908530806186406,0.07015404999531541,0.9954309532883818,1.5738419662868457,0.5822570235559829,1.0722376158561517
q9852,9852,77,5,4398,3908,0.8885857207821737,True,0.8884973857694931,1.692774667113353,0.049925765523705465,0.9976807369254592,1.5793161523762589,0.5822570235559829,1.0722376158561517
q17049,17049,77,5,1172,1044,0.8907849829351536,True,0.8904518329070759,1.7134887460398136,0.09737016553165499,0.9912352903587878,1.58964561695974,0.5822570235559829,1.0722376158561517
q11784,11784,77,6,3458,3080,0.8906882591093117,True,0.8905753107834634,1.7148077979352478,0.056727818966466136,0.9970077376869264,1.6002180048976948,0.5822570235559829,1.0722376158561517
q4311,4311,77,5,4627,4121,0.8906418845904474,True,0.8905574762316335,1.7146172032155504,0.0490395301448646,0.9977621622668609,1.6012387037259752,0.5822570235559829,1.0722376158561517
q9069,9069,77,5,4261,3805,0.8929828678713917,True,0.8928906616611919,1.7397762874965321,0.0515466254201009,0.997528079108354,1.625959933053241,0.5822570235559829,1.0722376158561517
q11789,11789,77,6,2021,1807,0.8941118258287977,True,0.8939169139465876,1.750988999298071,0.07512843330462138,0.9947635436640142,1.6326077672351935,0.5822570235559829,1.0722376158561517
q6400,6400,77,5,4306,3853,0.8947979563399907,True,0.8947062920826562,1.7596761671026024,0.05163207973808334,0.9975198967265007,1.6457971217092204,0.5822570235559829,1.0722376158561517
q8584,8584,77,5,4281,3831,0.8948843728100911,True,0.8947921531994395,1.7606243934033752,0.051799692135918694,0.9975038086103055,1.6467164374494532,0.5822570235559829,1.0722376158561517
q17204,17204,77,5,1123,1007,0.8967052537845058,True,0.8963523131672598,1.777969552997325,0.1017183875526604,0.9904426557079355,1.6522390091904717,0.5822570235559829,1.0722376158561517
q9133,9133,77,5,4133,3702,0.8957173965642391,True,0.8956216739235607,1.7698192866453446,0.05288819018256585,0.9973980742559325,1.6557128560519019,0.5822570235559829,1.0722376158561517
q8874,8874,77,5,4121,3696,0.8968696918223732,True,0.8967734109655507,1.782689057865456,0.053204384464985155,0.9973669519719222,1.6684970765546647,0.5822570235559829,1.0722376158561517
q10824,10824,77,6,4077,3673,0.9009075300466028,True,0.9008092202059833,1.828771842987334,0.054369382112199674,0.997250700166013,1.7142586884151876,0.5822570235559829,1.0722376158561517
q9886,9886,77,5,4143,3735,0.9015206372194062,True,0.9014237451737451,1.8359286527296306,0.05407250673202064,0.9972805609992067,1.7214473659651222,0.5822570235559829,1.0722376158561517
q11559,11559,77,6,2619,2365,0.903016418480336,True,0.9028625954198474,1.8528363233233585,0.068417005944235,0.9956534438852589,1.7354729120400514,0.5822570235559829,1.0722376158561517
q11833,11833,77,6,2110,1906,0.9033175355450236,True,0.9031264803410706,1.8559604759596622,0.07630583668373445,0.994599020787021,1.7367422798834464,0.5822570235559829,1.0722376158561517
q10198,10198,77,5,4164,3761,0.9032180595581172,True,0.9031212484993998,1.8558984648406356,0.0543231191124618,0.997255364107189,1.7413188748119892,0.5822570235559829,1.0722376158561517
q8902,8902,77,5,4144,3764,0.9083011583011584,True,0.9082026537997587,1.9175317510280776,0.055684626379855065,0.9971164633999028,1.8025319030663272,0.5822570235559829,1.0722376158561517
q11917,11917,77,6,1892,1720,0.9090909090909092,True,0.9088748019017433,1.9259039300964578,0.08265218901564775,0.9936691867269107,1.8046192836393187,0.5822570235559829,1.0722376158561517
q9117,9117,77,5,4293,3922,0.9135802469135802,True,0.9134839310666045,1.9848064285884268,0.0560868534307514,0.9970747779153504,1.8695344305445085,0.5822570235559829,1.0722376158561517
q10635,10635,77,6,28209,25843,0.9161260590591656,True,0.916111308046792,2.019621214569082,0.022169526821951124,0.9995418340774205,1.9089590434412707,0.5822570235559829,1.0722376158561517
q6666,6666,77,6,17395,15969,0.9180224202357,True,0.9179983904345826,2.045222299644018,0.02850581502771226,0.9992427367401792,1.9339695154718548,0.5822570235559829,1.0722376158561517
q10282,10282,77,5,4159,3822,0.9189709064679008,True,0.9188701923076923,2.057225254385738,0.058558568919905296,0.9968121111081234,1.9412298878441654,0.5822570235559829,1.0722376158561517
q10860,10860,77,6,4200,3860,0.919047619047619,True,0.9189478695548678,2.058300226534859,0.058295940440554916,0.9968405514792381,1.9423568495365247,0.5822570235559829,1.0722376158561517
q9945,9945,77,5,4110,3782,0.9201946472019464,True,0.9200924349306738,2.074246225573105,0.05928982728171013,0.9967322573605799,1.9580397286474942,0.5822570235559829,1.0722376158561517
q8495,8495,77,5,4052,3730,0.920533070088845,True,0.9204293116210215,2.0789780255954984,0.0598206135404525,0.9966736826746629,1.9626407216281587,0.5822570235559829,1.0722376158561517
q11961,11961,77,6,2820,2614,0.926950354609929,True,0.9267990074441688,2.1719716212917017,0.07432882743261107,0.9948738473002081,2.051613398556205,0.5822570235559829,1.0722376158561517
q11839,11839,77,6,1990,1847,0.928140703517588,True,0.9279256654947262,2.189166921818594,0.08907370344677833,0.9926547563241767,2.0641062204600296,0.5822570235559829,1.0722376158561517
q9758,9758,77,5,4156,3878,0.9331087584215592,True,0.9330045706038008,2.269810921995036,0.06364602949438071,0.9962363090167335,2.1518941097598923,0.5822570235559829,1.0722376158561517
q10630,10630,77,6,5886,5494,0.9334012911994564,True,0.9333276711397995,2.2751256724064945,0.053596620661006546,0.9973280899856263,2.1595529324828586,0.5822570235559829,1.0722376158561517
q10258,10258,77,5,4206,3943,0.937470280551593,True,0.9373662942714523,2.3436039274058276,0.06517540055813786,0.996053980252992,2.2250020920501856,0.5822570235559829,1.0722376158561517
q9868,9868,77,5,4213,3954,0.9385236173747924,True,0.9384195538680589,2.3621219600165513,0.06561339376166443,0.9960009785884317,2.2433276746444863,0.5822570235559829,1.0722376158561517
q10923,10923,77,6,4825,4531,0.9390673575129532,True,0.9389763779527559,2.3720287963295292,0.06156023814317746,0.9964780977257806,2.254274252089584,0.5822570235559829,1.0722376158561517
q11895,11895,77,6,1957,1843,0.941747572815534,True,0.9415219611848825,2.418397651632048,0.09850144040947315,0.9910322823622373,2.287907534278251,0.5822570235559829,1.0722376158561517
q8875,8875,77,5,4218,3976,0.9426268373636796,True,0.9425219246266888,2.437119523871094,0.06762349517934825,0.9957532575366055,2.3174487924118146,0.5822570235559829,1.0722376158561517
q9171,9171,77,5,4094,3868,0.9447972642892036,True,0.9446886446886447,2.4787342993722374,0.06983456641613067,0.9954722856802493,2.3582212332006316,0.5822570235559829,1.0722376158561517
q11869,11869,77,6,2052,1942,0.946393762183236,True,0.9461763273258645,2.5081852220835072,0.09984828192405634,0.9907876435070633,2.376303173791974,0.5822570235559829,1.0722376158561517
q9144,9144,77,5,4043,3832,0.9478110314123176,True,0.9477002967359051,2.5391441060549163,0.07207250133298708,0.9951788649744615,2.4176446979039548,0.5822570235559829,1.0722376158561517
q10275,10275,77,5,4071,3863,0.9489069024809628,True,0.9487966601178782,2.5619367912313975,0.07251741909477534,0.9951194490194478,2.44018179965485,0.5822570235559829,1.0722376158561517
q8638,8638,77,5,4228,4014,0.9493850520340588,True,0.949278789311894,2.572103417364131,0.07146491762708024,0.9952594246401353,2.4506434712982617,0.5822570235559829,1.0722376158561517
q10264,10264,77,5,4158,3959,0.9521404521404522,True,0.9520317383986535,2.6319333388516166,0.07391916751638038,0.9949299110011024,2.5093586829653796,0.5822570235559829,1.0722376158561517
q9708,9708,77,5,4051,3865,0.9540854110096272,True,0.9539733464955578,2.6760849366137993,0.07631834443616103,0.9945972595943482,2.5524327456286775,0.5822570235559829,1.0722376158561517
q9126,9126,77,5,4221,4036,0.9561715233357024,True,0.9560634770251066,2.7256031963368663,0.07637975258635149,0.9945886087332232,2.6016608419877776,0.5822570235559829,1.0722376158561517
q11786,11786,77,6,3457,3313,0.9583453861729824,True,0.9582128397917872,2.778883522930494,0.08637242467716426,0.9930904780351905,2.6506541926754528,0.5822570235559829,1.0722376158561517
q9729,9729,77,5,4151,3984,0.9597687304264032,True,0.9596579961464354,2.816176010191827,0.08011911761486595,0.9940490120038584,2.690283172331618,0.5822570235559829,1.0722376158561517
q11887,11887,77,6,3582,3459,0.9656616415410384,True,0.9655316773653363,2.982020367773652,0.09281382516422561,0.9920299856351352,2.849341477528926,0.5822570235559829,1.0722376158561517
q9034,9034,77,5,3997,3862,0.966224668501376,True,0.9661080540270135,2.999714441471396,0.0885627596754373,0.9927381718970896,2.8689411360108217,0.5822570235559829,1.0722376158561517
q17074,17074,77,5,1024,1004,0.98046875,True,0.98,3.547046782372899,0.22486246541044294,0.9549669622046865,3.2824693892050765,0.5822570235559829,1.0722376158561517
q8929,8929,78,5,6174,1354,0.2193067703271785,True,0.21935222672064777,-1.846732448391316,0.032325584758080145,0.9985790197822346,-1.9094353233213575,0.5583251857332096,0.7343230911758556
q3922,3922,78,5,16114,3585,0.2224773488891647,True,0.22249457027614025,-1.827535337450752,0.019920793701203542,0.9994598785116401,-1.891932917334103,0.5583251857332096,0.7343230911758556
q10148,10148,78,5,6875,1740,0.2530909090909091,True,0.25312681791739383,-1.6490691602152832,0.029343531003999748,0.9988288065914693,-1.712481167545833,0.5583251857332096,0.7343230911758556
q10020,10020,78,5,24072,6773,0.2813642406114988,True,0.2813733228097869,-1.4959715073868127,0.015240478659069571,0.9996837921260376,-1.5608977888367384,0.5583251857332096,0.7343230911758556
q8910,8910,78,5,6575,1901,0.2891254752851711,True,0.28915754257907544,-1.4553472663362494,0.028959755106550328,0.9988592069622365,-1.51903239136092,0.5583251857332096,0.7343230911758556
q5029,5029,78,5,6340,1941,0.3061514195583596,True,0.3061819902223624,-1.368506904707026,0.029090062469511558,0.9988489294804495,-1.432276359453934,0.5583251857332096,0.7343230911758556
q5418,5418,78,5,17535,5432,0.3097804391217565,True,0.30979128649635035,-1.3504210171710846,0.017445898471495636,0.9995856956158524,-1.415254433768751,0.5583251857332096,0.7343230911758556
q5404,5404,78,5,7797,2490,0.3193535975375144,True,0.31937676327263403,-1.3028925914219314,0.025985353958717906,0.9990813059118827,-1.3670555364689363,0.5583251857332096,0.7343230911758556
q5335,5335,78,5,8008,2727,0.3405344655344655,True,0.34055437632663255,-1.200227315120194,0.02530416638355306,0.9991287990077798,-1.264544687659174,0.5583251857332096,0.7343230911758556
q8909,8909,78,5,5111,1807,0.3535511641557425,True,0.35357981220657275,-1.1384828038532093,0.031450952934635616,0.9986547722608567,-1.2022832861392256,0.5583251857332096,0.7343230911758556
q6256,6256,78,5,12931,4683,0.3621529657412419,True,0.3621636251159913,-1.0983019955690565,0.0196911465739589,0.9994722532508264,-1.1631078508066381,0.5583251857332096,0.7343230911758556
q8935,8935,78,5,6090,2224,0.3651888341543514,True,0.36521096700049255,-1.0841271501803778,0.028651394222147925,0.9988833447623096,-1.148263508068461,0.5583251857332096,0.7343230911758556
q9026,9026,78,5,4703,1732,0.3682755687858813,True,0.36830357142857145,-1.0697875504353915,0.032557530292675205,0.998558584223806,-1.1335712500953792,0.5583251857332096,0.7343230911758556
q5367,5367,78,5,5556,2067,0.3720302375809935,True,0.3720532661508008,-1.0524610338585274,0.029905795757833347,0.998783548156276,-1.1165211911475574,0.5583251857332096,0.7343230911758556
q9648,9648,78,5,5720,2153,0.3763986013986014,True,0.37642020625764727,-1.0323619270662814,0.029420212783873058,0.9988226845831905,-1.0964894972132073,0.5583251857332096,0.7343230911758556
q3741,3741,78,5,15367,5810,0.3780829049261404,True,0.3780908381051536,-1.0246946280517244,0.01793818861196133,0.9995619943405147,-1.08963715741335,0.5583251857332096,0.7343230911758556
q5421,5421,78,5,21153,8151,0.3853354134165366,True,0.38534083388484447,-0.9915549612670232,0.01524651394700576,0.9996835417166604,-1.0566404785241454,0.5583251857332096,0.7343230911758556
q9640,9640,78,5,804,310,0.3855721393034826,True,0.38571428571428573,-0.9898536166470049,0.07814631575580053,0.99175229639687,-1.0465700383300642,0.5583251857332096,0.7343230911758556
q5116,5116,78,5,9040,3541,0.3917035398230089,True,0.3917155181948899,-0.9625864939786799,0.023268128334340655,0.9992632576503366,-1.027249123795322,0.5583251857332096,0.7343230911758556
q10334,10334,78,5,4546,1800,0.3959524857017158,True,0.39597536837475256,-0.9433114761435288,0.032762699472506526,0.9985403867197253,-1.007259124017054,0.5583251857332096,0.7343230911758556
q4607,4607,78,5,16879,6786,0.4020380354286391,True,0.40204383886255923,-0.9159604534863055,0.016971280867591424,0.9996079226570497,-0.980995682184143,0.5583251857332096,0.7343230911758556
q6718,6718,78,6,876,356,0.4063926940639269,True,0.4064994298745724,-0.8959546970171526,0.07435703941405265,0.9925269258467848,-0.9541902783151325,0.5583251857332096,0.7343230911758556
q9625,9625,78,5,12997,5335,0.4104793413864738,True,0.4104862286505616,-0.8781051207831274,0.01929269823768963,0.9994933842565699,-0.9430471218404232,0.5583251857332096,0.7343230911758556
q8973,8973,78,5,4928,2022,0.4103084415584415,True,0.4103266382633394,-0.8788187359813076,0.03133076335390095,0.9986650204714035,-0.9429782023317155,0.5583251857332096,0.7343230911758556
q6483,6483,78,5,7893,3256,0.4125174204991765,True,0.41252850266024826,-0.8689794453384502,0.024742367417407596,0.9991670222324672,-0.9336211171104211,0.5583251857332096,0.7343230911758556
q9652,9652,78,5,5722,2428,0.424327158336246,True,0.42434038091909837,-0.8164193859511459,0.02897417787009408,0.9988580716838455,-0.8808323943201872,0.5583251857332096,0.7343230911758556
q3743,3743,78,5,350,149,0.4257142857142857,True,0.42592592592592593,-0.809390627852839,0.11695423724113384,0.9817135450723852,-0.8588134483721469,0.5583251857332096,0.7343230911758556
q9011,9011,78,5,4691,2021,0.4308249840119377,True,0.4308397271952259,-0.7876440072530045,0.031955042298112794,0.9986113649822911,-0.8518794184329288,0.5583251857332096,0.7343230911758556
q8986,8986,78,5,4778,2059,0.4309334449560486,True,0.43094789704959197,-0.787165885941197,0.031662147464103584,0.9986366697888046,-0.8514235355781427,0.5583251857332096,0.7343230911758556
q5365,5365,78,5,14359,6417,0.4468974162546138,True,0.44690111420612816,-0.7169016163211436,0.018214644825221216,0.9995483957132006,-0.7819683222636792,0.5583251857332096,0.7343230911758556
q3707,3707,78,5,6976,3125,0.4479644495412844,True,0.4479719076967178,-0.7122014533386793,0.02612737691955363,0.9990712455755044,-0.7768992397086912,0.5583251857332096,0.7343230911758556
q8941,8941,78,5,4577,2054,0.4487655669652611,True,0.4487767584097859,-0.7086698008653637,0.03225094591844048,0.9985855649400756,-0.7729949068440846,0.5583251857332096,0.7343230911758556
q17127,17127,78,5,2012,903,0.448807157057654,True,0.44883258817685046,-0.7084248590073295,0.0486356856715034,0.9967891044138759,-0.7713601296874799,0.5583251857332096,0.7343230911758556
q10032,10032,78,5,7999,3608,0.4510563820477559,True,0.4510625,-0.6986453973574993,0.02438928299600316,0.9991906074104977,-0.7634469742230511,0.5583251857332096,0.7343230911758556
q3703,3703,78,5,8083,3676,0.4547816404800198,True,0.45478723404255317,-0.6823261856200638,0.02425074163156585,0.9991997693354422,-0.7471478219291452,0.5583251857332096,0.7343230911758556
q4918,4918,78,5,14139,6441,0.4555484829195841,True,0.45555162659123055,-0.6789794805575329,0.018334696105285656,0.9995424258522023,-0.7440588683376835,0.5583251857332096,0.7343230911758556
q3706,3706,78,5,4825,2240,0.4642487046632124,True,0.46425611272275175,-0.6409191619131687,0.03135532955771883,0.9986629289571191,-0.7053947420063607,0.5583251857332096,0.7343230911758556
q4612,4612,78,5,5330,2502,0.4694183864915572,True,0.4694241230538361,-0.6183599858092416,0.029820735534372922,0.998790449797651,-0.6829529253228147,0.5583251857332096,0.7343230911758556
q10042,10042,78,5,14547,6881,0.4730184917852478,True,0.47302034643937313,-0.6026756174499615,0.018047477397715287,0.9995566433386115,-0.6677994185456899,0.5583251857332096,0.7343230911758556
q9665,9665,78,5,204,96,0.4705882352941176,True,0.47073170731707314,-0.6126559623168742,0.1520567262228769,0.9694746573522576,-0.6573774667914313,0.5583251857332096,0.7343230911758556
q9660,9660,78,5,482,229,0.475103734439834,True,0.4751552795031056,-0.5933690508585835,0.09903555982426193,0.9868194708284821,-0.6501058682209143,0.5583251857332096,0.7343230911758556
q3714,3714,78,5,12221,5943,0.4862940839538499,True,0.4862952053673703,-0.5448505896155061,0.019679703592728883,0.9994728661210814,-0.6099489010501007,0.5583251857332096,0.7343230911758556
q8943,8943,78,5,6377,3102,0.4864356280382625,True,0.48643775478206336,-0.5442300834873105,0.027242459824465652,0.9989903595299002,-0.6090345618253405,0.5583251857332096,0.7343230911758556
q9641,9641,78,5,19674,9606,0.488258615431534,True,0.4882592121982211,-0.5363019557893662,0.015510272754034564,0.9996725014126199,-0.6015248984376841,0.5583251857332096,0.7343230911758556
q8977,8977,78,5,4725,2331,0.4933333333333333,True,0.49333474396953025,-0.5142139461656795,0.03164619369213539,0.9986380414686084,-0.5788445145005109,0.5583251857332096,0.7343230911758556
q10026,10026,78,5,13359,6601,0.4941238116625496,True,0.494124251497006,-0.5107784482612111,0.018822053728776888,0.999517788725457,-0.5759206046110318,0.5583251857332096,0.7343230911758556
q10027,10027,78,5,13855,6907,0.4985203897509924,True,0.4985204965357968,-0.49164883358656053,0.018483221308527736,0.99953498587813,-0.5568097944501342,0.5583251857332096,0.7343230911758556
q5419,5419,78,5,5117,2558,0.4999022864959937,True,0.4999023055881204,-0.4856359610815128,0.03041307089666452,0.9987419825372871,-0.5503627287930328,0.5583251857332096,0.7343230911758556
q9654,9654,78,5,608,310,0.5098684210526315,True,0.5098522167487685,-0.4423282968481757,0.08820215510343338,0.9895167878435119,-0.5024254694107542,0.5583251857332096,0.7343230911758556
q9639,9639,78,5,4524,2319,0.5125994694960212,True,0.5125966850828729,-0.43037681626069624,0.032363208182895314,0.9985757148418809,-0.4950906659463916,0.5583251857332096,0.7343230911758556
q8903,8903,78,5,5022,2587,0.5151334129828753,True,0.5151304001592674,-0.41933974900687077,0.030722455328662662,0.9987162903921858,-0.4841374639929342,0.5583251857332096,0.7343230911758556
q10038,10038,78,5,4020,2079,0.5171641791044777,True,0.5171599104700323,-0.41049635398758955,0.034343003624959664,0.9983964135472724,-0.47515318670121237,0.5583251857332096,0.7343230911758556
q3716,3716,78,5,698,364,0.5214899713467048,True,0.5214592274678111,-0.39175334431767583,0.08240037428215691,0.9908383438420223,-0.45298488502056466,0.5583251857332096,0.7343230911758556
q3734,3734,78,5,3740,1957,0.5232620320855615,True,0.5232558139534884,-0.3839169171055709,0.035624550417361366,0.9982747117318007,-0.44856168712483,0.5583251857332096,0.7343230911758556
q8701,8701,78,5,10791,5683,0.5266425725141322,True,0.5266401037805782,-0.3691476562365245,0.02098198697089374,0.9994008359477071,-0.4343072846558934,0.5583251857332096,0.7343230911758556
q9024,9024,78,5,5734,3020,0.5266829438437391,True,0.5266782911944202,-0.3689809442075126,0.028782777630602652,0.99887309181351,-0.4339114199615115,0.5583251857332096,0.7343230911758556
q8949,8949,78,5,4431,2340,0.5280974949221394,True,0.528091155234657,-0.3628119173962397,0.032746791218199144,0.9985418017686258,-0.42760747610401806,0.5583251857332096,0.7343230911758556
q3713,3713,78,5,5243,2770,0.52832347892428,True,0.5283180778032036,-0.36182091646387654,0.030105695200983055,0.9987672516506816,-0.42671424166298216,0.5583251857332096,0.7343230911758556
q8937,8937,78,5,4494,2393,0.5324877614597241,True,0.5324805339265851,-0.3436333834807331,0.03253392989430862,0.9985606701751258,-0.4084646264783754,0.5583251857332096,0.7343230911758556
q9666,9666,78,5,3615,1933,0.534716459197787,True,0.5347068584070797,-0.3338977046467833,0.03628402717633032,0.9982103592722423,-0.3986030751496735,0.5583251857332096,0.7343230911758556
q11610,11610,78,6,4053,2172,0.535899333826795,True,0.5358904785397138,-0.3287193420140626,0.03427353206550428,0.9984028843400132,-0.3935098616302611,0.5583251857332096,0.7343230911758556
q10022,10022,78,5,12180,6568,0.5392446633825945,True,0.5392414415893605,-0.31404917660350523,0.019782037720274374,0.9994673726204203,-0.3792670666679966,0.5583251857332096,0.7343230911758556
q10045,10045,78,5,4097,2217,0.5411276543812545,True,0.5411176183504148,-0.30582891547971586,0.03411551752210514,0.998417553811889,-0.3706614397802049,0.5583251857332096,0.7343230911758556
q3710,3710,78,5,9430,5126,0.5435843054082715,True,0.5435796840207825,-0.29503406250209613,0.022497341367709953,0.9993112272160987,-0.3602057972907586,0.5583251857332096,0.7343230911758556
q8946,8946,78,5,4486,2450,0.5461435577351761,True,0.5461332739023846,-0.2838283496824185,0.03263018956715544,0.9985521526987743,-0.3487426971342762,0.5583251857332096,0.7343230911758556
q10029,10029,78,5,4974,2720,0.5468435866505831,True,0.5468341708542713,-0.28075088360646455,0.030992326756272483,0.9986936682695932,-0.3457186753302818,0.5583251857332096,0.7343230911758556
q10039,10039,78,5,8911,4883,0.5479744136460555,True,0.5479690305206463,-0.2757663214599489,0.02316064111572049,0.9992700437401076,-0.3409372761053337,0.5583251857332096,0.7343230911758556
q10034,10034,78,5,4866,2699,0.5546650226058364,True,0.5546537908362441,-0.24636090911508196,0.03138048935827662,0.998660785215172,-0.31136337324499447,0.5583251857332096,0.7343230911758556
q9015,9015,78,5,4483,2499,0.5574392148115102,True,0.5574264049955397,-0.23414070484689806,0.0327118690431568,0.9985449057210997,-0.29912482151145325,0.5583251857332096,0.7343230911758556
q3907,3907,78,5,3216,1801,0.5600124378109452,True,0.5599937830276656,-0.22281169115455854,0.03864131710941981,0.9979707550586977,-0.2876468041824254,0.5583251857332096,0.7343230911758556
q5366,5366,78,5,9327,5266,0.5645974053822237,True,0.5645904802744426,-0.20249394973111157,0.022716186276004673,0.9992977712978481,-0.2677258186025868,0.5583251857332096,0.7343230911758556
q10028,10028,78,5,5316,3029,0.5697893152746426,True,0.5697761895805905,-0.1795167757321637,0.030126140299196073,0.9987655788046341,-0.24463442631830346,0.5583251857332096,0.7343230911758556
q4606,4606,78,5,3594,2070,0.5759599332220368,True,0.5759388038942976,-0.15212744519895338,0.0366968725342366,0.9981694769279137,-0.21714922531144937,0.5583251857332096,0.7343230911758556
q8957,8957,78,5,4617,2686,0.5817630495993069,True,0.5817453443048939,-0.12623050134605543,0.032431306944640866,0.9985697231472912,-0.1913763938026739,0.5583251857332096,0.7343230911758556
q11943,11943,78,6,2216,1291,0.5825812274368231,True,0.5825439783491204,-0.12266137614290755,0.04681775574638452,0.9970239543353716,-0.18752164310247008,0.5583251857332096,0.7343230911758556
q5409,5409,78,5,4942,2891,0.5849858356940509,True,0.5849686425247825,-0.11181429209354495,0.031377172080505805,0.9986610679618569,-0.17699699315463147,0.5583251857332096,0.7343230911758556
q8999,8999,78,5,4402,2582,0.5865515674693321,True,0.5865319100613218,-0.10481169589772622,0.033261591608237946,0.9984956632965339,-0.1699756158415726,0.5583251857332096,0.7343230911758556
q9007,9007,78,5,4514,2669,0.5912715994683208,True,0.5912513842746401,-0.08362613407831815,0.03289576344799811,0.9985285238398867,-0.14882682197753214,0.5583251857332096,0.7343230911758556
q8993,8993,78,5,4474,2651,0.5925346446133214,True,0.592513966480447,-0.07794665928718043,0.03305616315912961,0.9985141603958325,-0.14315364515907916,0.5583251857332096,0.7343230911758556
q3720,3720,78,5,3835,2280,0.5945241199478487,True,0.5944994786235662,-0.06900483815544961,0.03572711303962843,0.9982647805289554,-0.13419158728964345,0.5583251857332096,0.7343230911758556
q6158,6158,78,5,5876,3496,0.5949625595643295,True,0.5949464012251149,-0.06699032993624815,0.028868559314160717,0.9988663723520078,-0.1322602316595594,0.5583251857332096,0.7343230911758556
q17065,17065,78,5,1420,846,0.5957746478873239,True,0.595707248416608,-0.06355928226298581,0.058724393624918825,0.9953257157180502,-0.1283764021450876,0.5583251857332096,0.7343230911758556
q9659,9659,78,5,377,226,0.5994694960212201,True,0.5992063492063492,-0.04775492363494596,0.11399855510921995,0.9826102712359553,-0.11120684805092791,0.5583251857332096,0.7343230911758556
q4350,4350,78,5,7718,4644,0.6017102876392848,True,0.6016971110247441,-0.03647910867022766,0.025249545366917633,0.999132552799986,-0.10181072230946257,0.5583251857332096,0.7343230911758556
q3709,3709,78,5,307,185,0.6026058631921825,True,0.6022727272727273,-0.03387013210727207,0.1264299572422573,0.9786960260697711,-0.09717486333974432,0.5583251857332096,0.7343230911758556
q9650,9650,78,5,2958,1787,0.6041244083840432,True,0.604089219330855,-0.02562904687290894,0.0408173077834327,0.9977363081660324,-0.09084294561673159,0.5583251857332096,0.7343230911758556
q5360,5360,78,5,3694,2242,0.6069301570113698,True,0.6069012178619756,-0.012847571833590577,0.03656548423242223,0.9981825375737554,-0.07812532919287069,0.5583251857332096,0.7343230911758556
q4929,4929,78,5,2866,1740,0.6071179344033496,True,0.6070805720265086,-0.01203134181739036,0.04151400055277822,0.9976585552218594,-0.07726999950480508,0.5583251857332096,0.7343230911758556
q8994,8994,78,5,4629,2816,0.6083387340678332,True,0.6083153347732182,-0.006408688705413679,0.03268323859345277,0.9985474479962355,-0.07172435953208275,0.5583251857332096,0.7343230911758556
q4289,4289,78,5,4568,2786,0.6098949211908932,True,0.6098708688991027,0.0006829853927591832,0.03292073321951496,0.9985262924157561,-0.06464161691008727,0.5583251857332096,0.7343230911758556
q4899,4899,78,5,3377,2071,0.6132662126147468,True,0.6132326820603907,0.016041974092264495,0.0383385301079243,0.9980023688421246,-0.04927939255391459,0.5583251857332096,0.7343230911758556
q10033,10033,78,5,4321,2656,0.6146725295070585,True,0.6146459972235077,0.0225124990175102,0.03391364731155531,0.9984361966795017,-0.04284040782171634,0.5583251857332096,0.7343230911758556
q5042,5042,78,5,4164,2560,0.6147934678194045,True,0.614765906362545,0.02306185018919761,0.03454863370226829,0.9983771842408422,-0.04228941606915912,0.5583251857332096,0.7343230911758556
q10010,10010,78,5,4657,2870,0.6162765729010092,True,0.6162516101331044,0.029873375262789322,0.032689404436759335,0.9985469006797661,-0.03549497769334119,0.5583251857332096,0.7343230911758556
q4054,4054,78,5,3941,2431,0.6168485156051764,True,0.6168188736681888,0.03247653994939241,0.03554282001366177,0.9982826054378878,-0.032886888862315035,0.5583251857332096,0.7343230911758556
q6927,6927,78,6,21902,13514,0.6170212765957447,True,0.6170159338903347,0.0333811626193519,0.015079760757413796,0.9996904240246449,-0.032028924665254144,0.5583251857332096,0.7343230911758556
q9628,9628,78,5,2899,1791,0.6177992411176267,True,0.6177586206896551,0.03679200492727724,0.04145565173950917,0.9976651171403472,-0.028561157785031932,0.5583251857332096,0.7343230911758556
q9661,9661,78,5,3952,2443,0.618168016194332,True,0.618138122944599,0.03853579832841758,0.035513170253108524,0.9982854646274731,-0.026838113487726276,0.5583251857332096,0.7343230911758556
q9655,9655,78,5,326,202,0.6196319018404908,True,0.6192660550458715,0.04372221793849511,0.12353464415315231,0.9796409603826951,-0.02125604168074622,0.5583251857332096,0.7343230911758556
q3749,3749,78,5,2812,1742,0.6194879089615932,True,0.6194454319232137,0.04454752613609172,0.04212222862470213,0.9975896094611658,-0.02082216877726188,0.5583251857332096,0.7343230911758556
q5358,5358,78,5,8450,5246,0.6208284023668639,True,0.6208141048396639,0.050849343717162744,0.024316442502840475,0.9991954309350295,-0.014558938919631555,0.5583251857332096,0.7343230911758556
q9667,9667,78,5,2938,1828,0.6221919673247107,True,0.6221503912895543,0.05700995095290093,0.04125809314048374,0.9976872667284161,-0.008390604574290042,0.5583251857332096,0.7343230911758556
q3737,3737,78,5,4537,2825,0.6226581441481155,True,0.622631115028647,0.05922813635913676,0.03321001938686567,0.9985003176487782,-0.0061825835443452045,0.5583251857332096,0.7343230911758556
q9656,9656,78,5,4076,2539,0.6229146221786065,True,0.6228844738778514,0.06039761464675159,0.0350412743988748,0.9983306515232803,-0.0050140069730408,0.5583251857332096,0.7343230911758556
q9663,9663,78,5,247,154,0.6234817813765182,True,0.6229838709677419,0.06085649963824965,0.14208348852330077,0.9732439648668048,-0.004441404772856838,0.5583251857332096,0.7343230911758556
q8970,8970,78,5,5213,3251,0.6236332246307309,True,0.6236095128500192,0.06374590687168276,0.030995968048533742,0.9986933616905231,-0.0016719114273157027,0.5583251857332096,0.7343230911758556
q9771,9771,78,5,4496,2813,0.6256672597864769,True,0.6256393150989549,0.07313234526786729,0.03340622082639525,0.9984825723294664,0.007700636609749643,0.5583251857332096,0.7343230911758556
q17211,17211,78,5,2711,1698,0.6263371449649576,True,0.6262905604719764,0.07614789766407987,0.04303018152064444,0.9974848408229158,0.010700909567543456,0.5583251857332096,0.7343230911758556
q8906,8906,78,5,4530,2838,0.6264900662251656,True,0.626462149635842,0.07694275668845632,0.0332931710003168,0.9984928097376169,0.011505383969717429,0.5583251857332096,0.7343230911758556
q3739,3739,78,5,5122,3215,0.6276844982428739,True,0.6276595744680851,0.0824934408271408,0.03132780071130483,0.9986652725943083,0.01705064670470706,0.5583251857332096,0.7343230911758556
q8387,8387,78,5,4224,2664,0.6306818181818182,True,0.6306508875739645,0.09638924717695457,0.034545301018257965,0.9983774968029372,0.030918993742999074,0.5583251857332096,0.7343230911758556
q4207,4207,78,5,2917,1840,0.6307850531367843,True,0.6307402330363262,0.09680494899307693,0.04156982189574314,0.9976522689857308,0.03131125984770769,0.5583251857332096,0.7343230911758556
q9643,9643,78,5,4515,2848,0.6307862679955704,True,0.6307573073516386,0.09688439584427985,0.03341545447045141,0.9984817346383351,0.03141661880994511,0.5583251857332096,0.7343230911758556
q9646,9646,78,5,3042,1922,0.6318211702827088,True,0.6317778508051265,0.10163555299184615,0.04072727601222641,0.997746260836278,0.03613392685395606,0.5583251857332096,0.7343230911758556
q5355,5355,78,5,3597,2277,0.6330275229357798,True,0.6329905503057254,0.10728790309639558,0.0374765914514152,0.9980910123075656,0.04178797205492088,0.5583251857332096,0.7343230911758556
q9657,9657,78,5,2883,1827,0.6337148803329865,True,0.6336685159500693,0.11045103395286095,0.041873220069583855,0.9976179559330134,0.04492376231856331,0.5583251857332096,0.7343230911758556
q10047,10047,78,5,4245,2699,0.6358068315665489,True,0.6357748469147433,0.12029300504192154,0.03454574272072193,0.9983774553787554,0.054783965411339224,0.5583251857332096,0.7343230911758556
q9632,9632,78,5,3147,2004,0.6367969494756911,True,0.6367534942820838,0.12487342158981332,0.04014017109207353,0.9978106289085359,0.05932325025914992,0.5583251857332096,0.7343230911758556
q4749,4749,78,5,5891,3777,0.6411475131556612,True,0.6411235573659199,0.14538728833278958,0.029405826659920038,0.9988238343334519,0.07987322781984303,0.5583251857332096,0.7343230911758556
q10355,10355,78,6,5734,3691,0.6437042204394838,True,0.6436791630340017,0.15743066980700846,0.029845615366387218,0.998788433114723,0.0918991869926188,0.5583251857332096,0.7343230911758556
q9014,9014,78,5,4304,2778,0.6454460966542751,True,0.6454123112659698,0.16561842949895947,0.03447963254608341,0.9983836495345048,0.10003646798936135,0.5583251857332096,0.7343230911758556
q3936,3936,78,5,2892,1869,0.6462655601659751,True,0.6462150017283097,0.16941613954989315,0.04207877272013467,0.9975945683555499,0.1037459782180135,0.5583251857332096,0.7343230911758556
q5364,5364,78,5,2177,1408,0.6467615985300873,True,0.6466942148760331,0.17168512034601027,0.0485088753056975,0.9968057730431273,0.10592567971164829,0.5583251857332096,0.7343230911758556
q4046,4046,78,5,3930,2542,0.6468193384223918,True,0.6467819893156957,0.1721008547303078,0.03610932253664244,0.9982275212580295,0.1064917594525838,0.5583251857332096,0.7343230911758556
q8908,8908,78,5,4377,2832,0.6470185058259081,True,0.6469849246231156,0.17306220222644852,0.034220073867851704,0.9984078547358199,0.10747081447237324,0.5583251857332096,0.7343230911758556
q9637,9637,78,5,3016,1958,0.6492042440318302,True,0.6491547895260192,0.18335589107788644,0.041271366874742636,0.9976857818080977,0.11766295596584647,0.5583251857332096,0.7343230911758556
q3722,3722,78,5,3429,2231,0.6506270049577136,True,0.6505830903790087,0.19014637543806392,0.03873781510020008,0.997960627933873,0.12447200622307912,0.5583251857332096,0.7343230911758556
q8907,8907,78,5,4375,2849,0.6512,True,0.6511654478976234,0.1929184404339611,0.03430722509285196,0.9983997476946823,0.12729440502920425,0.5583251857332096,0.7343230911758556
q3728,3728,78,5,3435,2242,0.6526928675400291,True,0.6526484284051223,0.19998652099093694,0.03874917018565661,0.9979594346101279,0.13429192347656704,0.5583251857332096,0.7343230911758556
q10055,10055,78,5,3559,2327,0.6538353470075864,True,0.6537921348314607,0.20544647426595194,0.03809326477796513,0.9980277959663223,0.13975030775919026,0.5583251857332096,0.7343230911758556
q4763,4763,78,5,2878,1882,0.6539263377345379,True,0.6538728725251823,0.20583220408786415,0.042361616249124844,0.9975622012884521,0.14006990167093328,0.5583251857332096,0.7343230911758556
q4048,4048,78,5,2733,1788,0.6542261251372119,True,0.6541697147037308,0.2072507240319244,0.043477876867926875,0.9974323671188082,0.14146654907536224,0.5583251857332096,0.7343230911758556
q4628,4628,78,5,2464,1614,0.6550324675324676,True,0.6549695740365111,0.21107565351420632,0.045809968830336334,0.9971503373642842,0.1452405783163506,0.5583251857332096,0.7343230911758556
q6748,6748,78,5,2670,1749,0.6550561797752809,True,0.6549981280419319,0.21121227030678194,0.044008717065589065,0.9973694516198535,0.1454087509606752,0.5583251857332096,0.7343230911758556
q5359,5359,78,5,2720,1783,0.6555147058823529,True,0.655457552370452,0.21341106841277074,0.04361414409444962,0.997416288730479,0.14760869649564196,0.5583251857332096,0.7343230911758556
q9653,9653,78,5,3597,2365,0.6574923547400612,True,0.6574485825458588,0.22295501820999108,0.03797243601998262,0.9980402629874654,0.15722628527457033,0.5583251857332096,0.7343230911758556
q8942,8942,78,5,5218,3434,0.6581065542353393,True,0.6580762598198888,0.22596884194707778,0.03154038456489933,0.9986471213660886,0.16033163311616025,0.5583251857332096,0.7343230911758556
q10021,10021,78,5,257,170,0.6614785992217899,True,0.6608527131782945,0.23932974892278713,0.14209376779965982,0.9732401969055241,0.1692559526983094,0.5583251857332096,0.7343230911758556
q10012,10012,78,5,3551,2344,0.6600957476767108,True,0.6600506756756757,0.23546516432377743,0.03827697408615445,0.998008765688948,0.16970655882886398,0.5583251857332096,0.7343230911758556
q6611,6611,78,6,4457,2962,0.6645725824545659,True,0.664535666218035,0.25712911219974155,0.034260969686313994,0.9984040530483321,0.19140314889496668,0.5583251857332096,0.7343230911758556
q3702,3702,78,5,6089,4056,0.6661192314008868,True,0.6660919540229885,0.26467724608963494,0.029341718272416897,0.9988289511212857,0.199023900381034,0.5583251857332096,0.7343230911758556
q3712,3712,78,5,3092,2066,0.6681759379042691,True,0.6681215648237957,0.2745454298754397,0.04122544960431364,0.9976909165174922,0.20864253607208313,0.5583251857332096,0.7343230911758556
q9019,9019,78,5,4440,2976,0.6702702702702703,True,0.6702319297455528,0.2848360288000015,0.034451460221615236,0.9983862855425211,0.21906194825067357,0.5583251857332096,0.7343230911758556
q5412,5412,78,5,3175,2140,0.6740157480314961,True,0.6739609571788413,0.3030955513222574,0.040839286915510635,0.9977338751492036,0.2371369431212739,0.5583251857332096,0.7343230911758556
q8960,8960,78,5,4360,2941,0.6745412844036697,True,0.6745012611786287,0.30574939999351664,0.03486445825395475,0.9983474281110406,0.23993223265176922,0.5583251857332096,0.7343230911758556
q9651,9651,78,5,2437,1645,0.6750102585145671,True,0.6749384741591469,0.30789842995245675,0.046643064923173834,0.9970460564236582,0.24176215662814038,0.5583251857332096,0.7343230911758556
q4356,4356,78,5,2762,1867,0.6759594496741491,True,0.6758957654723127,0.31260863699397223,0.04384248137073377,0.9973892352291712,0.24654327988303223,0.5583251857332096,0.7343230911758556
q10018,10018,78,5,4354,2943,0.6759301791456133,True,0.6758897818599311,0.3125791748139579,0.03492124529556479,0.9983420492591316,0.2467493913457659,0.5583251857332096,0.7343230911758556
q5363,5363,78,5,3754,2539,0.676345231752797,True,0.6762982689747004,0.31459108931034047,0.03761833871728304,0.99807657214343,0.24869182096643633,0.5583251857332096,0.7343230911758556
q10014,10014,78,5,3943,2670,0.6771493786457012,True,0.6771044624746451,0.31856541188913995,0.03672616467640642,0.9981665588049046,0.25268127893244363,0.5583251857332096,0.7343230911758556
q9623,9623,78,5,2639,1789,0.6779082985979538,True,0.6778409090909091,0.322200091432987,0.04491196397790976,0.9972606621572988,0.2560766782862835,0.5583251857332096,0.7343230911758556
q8975,8975,78,5,4379,2983,0.6812057547385247,True,0.6811643835616439,0.3386533532248979,0.034948991690814134,0.9983394179663015,0.2727796210963438,0.5583251857332096,0.7343230911758556
q10809,10809,78,6,4551,3114,0.6842452208305867,True,0.6842047451669596,0.35377895862457126,0.034356915151146535,0.9983951162208113,0.2878961702777895,0.5583251857332096,0.7343230911758556
q10030,10030,78,5,3032,2076,0.6846965699208444,True,0.6846356742499176,0.3559286336156306,0.04210314374891782,0.9975917879225943,0.28980902148867704,0.5583251857332096,0.7343230911758556
q3730,3730,78,5,4163,2856,0.6860437184722555,True,0.6859990393852066,0.3627394040807689,0.035968860726720044,0.9982412597784147,0.2967964907555361,0.5583251857332096,0.7343230911758556
q3717,3717,78,5,3346,2297,0.6864913329348475,True,0.6864356139826711,0.36492346470365505,0.0401322220244415,0.9978114940593997,0.2988479938637697,0.5583251857332096,0.7343230911758556
q3731,3731,78,5,3429,2358,0.6876640419947506,True,0.6876093294460641,0.3708028207415194,0.03967801545890507,0.9978606462890681,0.304729493142278,0.5583251857332096,0.7343230911758556
q8971,8971,78,5,4312,2966,0.687847866419295,True,0.6878043125434732,0.371780603629378,0.035389142247209314,0.9982973992218632,0.3058389880963077,0.5583251857332096,0.7343230911758556
q4006,4006,78,5,3298,2274,0.6895087932080048,True,0.6894513488936042,0.3800523560999727,0.04051373855586967,0.9977697795016676,0.31393065084204835,0.5583251857332096,0.7343230911758556
q10046,10046,78,5,3913,2698,0.6894965499616662,True,0.6894481349003577,0.38003619314879955,0.037194782254274736,0.9981195602511617,0.3140245706236548,0.5583251857332096,0.7343230911758556
q5425,5425,78,5,3233,2230,0.6897618311166099,True,0.6897031539888683,0.38131893088038415,0.040926596399857365,0.9977241974617143,0.31518000156399495,0.5583251857332096,0.7343230911758556
q8954,8954,78,5,4433,3058,0.6898263027295285,True,0.6897834912043301,0.38172313544318065,0.03495457575907773,0.998338888157607,0.3157777148279313,0.5583251857332096,0.7343230911758556
q10037,10037,78,5,215,150,0.6976744186046512,True,0.6967592592592593,0.4170278120765218,0.15922549032063957,0.9666268753489095,0.3398735551866658,0.5583251857332096,0.7343230911758556
q4355,4355,78,5,2818,1959,0.6951738821859474,True,0.6951046470379567,0.4086161024301091,0.04401764786831696,0.9973683866734779,0.34229293726773635,0.5583251857332096,0.7343230911758556
q9627,9627,78,5,2914,2026,0.6952642415923129,True,0.6951972555746141,0.40908627699845207,0.04328989597693187,0.9974544655531321,0.34279145692602425,0.5583251857332096,0.7343230911758556
q4051,4051,78,5,3347,2330,0.6961458022109351,True,0.6960872162485066,0.4136084076545344,0.04042187128470577,0.9977798599153228,0.3474153748857112,0.5583251857332096,0.7343230911758556
q10052,10052,78,5,4195,2926,0.6974970202622169,True,0.6974499523355576,0.4205462361687713,0.03614594725578282,0.9982239302683161,0.35449550147926645,0.5583251857332096,0.7343230911758556
q5420,5420,78,5,3827,2672,0.6981970211654037,True,0.6981452455590387,0.4240923442356371,0.03786448367317676,0.9980513681915465,0.35797341816731887,0.5583251857332096,0.7343230911758556
q3735,3735,78,5,3142,2194,0.6982813494589434,True,0.6982182628062361,0.4244649925294787,0.04178988298906619,0.997627405625893,0.3581931186730578,0.5583251857332096,0.7343230911758556
q10025,10025,78,5,3136,2194,0.6996173469387755,True,0.6995537137392414,0.4312889370519398,0.041874720122804014,0.9976177856693171,0.364997353099904,0.5583251857332096,0.7343230911758556
q4609,4609,78,5,6907,4832,0.6995801360938179,True,0.6995512449334106,0.43127630711401077,0.028218384512480477,0.9989168055438032,0.36546000785588395,0.5583251857332096,0.7343230911758556
q9091,9091,78,5,4600,3223,0.7006521739130435,True,0.7006085633557922,0.43669037214087064,0.034606219777027096,0.9983717786906915,0.3706658560780685,0.5583251857332096,0.7343230911758556
q8966,8966,78,5,4221,2960,0.701255626628761,True,0.7012079583135955,0.43976410847758407,0.03614375585658637,0.9982241452328442,0.37367932197746756,0.5583251857332096,0.7343230911758556
q4611,4611,78,5,4613,3238,0.7019293301539129,True,0.701885565669701,0.4432428685351272,0.03459349860137325,0.9983729735850302,0.37720813501646655,0.5583251857332096,0.7343230911758556
q3705,3705,78,5,600,422,0.7033333333333334,True,0.7029950083194676,0.4489477258366803,0.09593850889482038,0.987620901573781,0.37877999269971435,0.5583251857332096,0.7343230911758556
q17150,17150,78,5,1292,908,0.7027863777089783,True,0.7026295436968291,0.44706721912154884,0.065388269165103,0.9942111654861302,0.379437920819893,0.5583251857332096,0.7343230911758556
q10756,10756,78,6,4438,3125,0.7041460117169897,True,0.7041000225275963,0.4546411427439462,0.03533345333816202,0.9983027443967718,0.388560529247558,0.5583251857332096,0.7343230911758556
q4016,4016,78,5,2773,1953,0.7042913811756221,True,0.7042177361211247,0.4552483151007763,0.04470108460224215,0.9972862566600504,0.388770415381812,0.5583251857332096,0.7343230911758556
q9634,9634,78,5,2663,1879,0.7055951933909125,True,0.7055180180180181,0.46196389146766387,0.04566436941685571,0.9971683717291692,0.3954210208494997,0.5583251857332096,0.7343230911758556
q10016,10016,78,5,3424,2418,0.7061915887850467,True,0.7061313868613138,0.4651373084096743,0.04029387782971347,0.9977938665700318,0.398835472965005,0.5583251857332096,0.7343230911758556
q6909,6909,78,6,9141,6455,0.7061590635597855,True,0.7061365127980748,0.4651638437880389,0.024663268295982213,0.999172335228101,0.3994129841547888,0.5583251857332096,0.7343230911758556
q8991,8991,78,5,4310,3046,0.7067285382830626,True,0.7066805845511482,0.467981758432557,0.03593208633153234,0.9982448478868423,0.40185519558092886,0.5583251857332096,0.7343230911758556
q5356,5356,78,5,3072,2172,0.70703125,True,0.7069638789456557,0.46945014730181567,0.04256912463564429,0.9975383186142974,0.4030355480823573,0.5583251857332096,0.7343230911758556
q3746,3746,78,5,2606,1845,0.7079815809669993,True,0.7079018028385117,0.47431715465394364,0.04625440935555576,0.9970949366654872,0.4077092767983344,0.5583251857332096,0.7343230911758556
q4608,4608,78,5,2931,2078,0.7089730467417263,True,0.7089017735334243,0.4795155014050261,0.043653078569661496,0.9974116856432679,0.41302368634782544,0.5583251857332096,0.7343230911758556
q8951,8951,78,5,4244,3018,0.7111215834118756,True,0.7110718492343934,0.49083030704868746,0.03634771000424486,0.9982040829822512,0.42464629970832823,0.5583251857332096,0.7343230911758556
q9644,9644,78,5,2370,1688,0.7122362869198312,True,0.7121467735132855,0.4964522637671697,0.04868111339077823,0.9967831227015604,0.4296456801407147,0.5583251857332096,0.7343230911758556
q4772,4772,78,5,3830,2728,0.7122715404699739,True,0.7122161315583398,0.4968154101292001,0.03829982500448473,0.9980063922319878,0.43053537115921187,0.5583251857332096,0.7343230911758556
q3704,3704,78,5,2854,2050,0.7182901191310441,True,0.7182136602451838,0.5284033701084756,0.044606550695051914,0.9972976915940234,0.4617322405304027,0.5583251857332096,0.7343230911758556
q5361,5361,78,5,3436,2469,0.7185681024447031,True,0.7185045097468723,0.5299447495991227,0.04066571197006593,0.9977530539691365,0.4634809818289576,0.5583251857332096,0.7343230911758556
q10043,10043,78,5,3800,2748,0.7231578947368421,True,0.7230991844251513,0.5544153052580738,0.03883656006197981,0.9979502390631669,0.4879929760541135,0.5583251857332096,0.7343230911758556
q17232,17232,78,5,1127,817,0.7249334516415262,True,0.7247340425531915,0.5631781596076905,0.0714028883316508,0.9931049168670082,0.49432607001593853,0.5583251857332096,0.7343230911758556
q9773,9773,78,5,4284,3106,0.7250233426704015,True,0.7249708284714119,0.5644498113094012,0.036643263638543234,0.9981748115330648,0.4981189821229057,0.5583251857332096,0.7343230911758556
q6953,6953,78,6,5017,3649,0.7273270879011361,True,0.727281785571941,0.576894058573342,0.0339376219630921,0.9984339883556217,0.5106730785100941,0.5583251857332096,0.7343230911758556
q10024,10024,78,5,4310,3136,0.7276102088167054,True,0.7275574112734864,0.5783823412898321,0.036624806071371196,0.9981766464484149,0.5120270238527647,0.5583251857332096,0.7343230911758556
q10031,10031,78,5,2871,2091,0.7283176593521421,True,0.7282381615598886,0.5820619077715293,0.044901782286956654,0.997261900650005,0.515227285174684,0.5583251857332096,0.7343230911758556
q10747,10747,78,6,4637,3381,0.729135216734958,True,0.7290858128503666,0.5866511085481894,0.03536350369366673,0.9982998611193842,0.5203449375438055,0.5583251857332096,0.7343230911758556
q4923,4923,78,5,3310,2419,0.7308157099697885,True,0.7307459981878587,0.5956637418716401,0.04192393114893332,0.997612196616704,0.5289776183438205,0.5583251857332096,0.7343230911758556
q10017,10017,78,5,3406,2495,0.7325308279506753,True,0.7324625770472557,0.6050168620501141,0.04140090485920674,0.9976712656707339,0.5383402785861477,0.5583251857332096,0.7343230911758556
q9647,9647,78,5,2383,1748,0.7335291649181703,True,0.7334312080536913,0.61031025343083,0.049541875954215726,0.9966687398693957,0.5430750765324303,0.5583251857332096,0.7343230911758556
q11925,11925,78,6,2152,1581,0.7346654275092936,True,0.7345564328843475,0.6164737078952358,0.05219229318970756,0.9963041230744596,0.5490170754919947,0.5583251857332096,0.7343230911758556
q4050,4050,78,5,2661,1957,0.7354378053363397,True,0.7353493613824192,0.6208263151591916,0.046976547272550295,0.9970037930135722,0.5537421971538913,0.5583251857332096,0.7343230911758556
q9624,9624,78,5,5557,4103,0.7383480295123268,True,0.7383051457358762,0.6371203275861245,0.03261168653819415,0.9985537918699261,0.5708735241919912,0.5583251857332096,0.7343230911758556
q9630,9630,78,5,2552,1889,0.7402037617554859,True,0.7401096748922836,0.647122257560508,0.04821071812487416,0.9968447951434172,0.5798668620497665,0.5583251857332096,0.7343230911758556
q3745,3745,78,5,5628,4181,0.7428926794598436,True,0.7428495292236632,0.6623889354500531,0.03256446182567302,0.998557971285703,0.5961080833711544,0.5583251857332096,0.7343230911758556
q3725,3725,78,5,2911,2164,0.743387152181381,True,0.7433035714285714,0.6649284180222793,0.04529811410611333,0.9972134861818763,0.5978378738066608,0.5583251857332096,0.7343230911758556
q5357,5357,78,5,5081,3789,0.7457193465853178,True,0.7456709956709957,0.678214176297176,0.034379333089534524,0.9983930245261111,0.611809425353835,0.5583251857332096,0.7343230911758556
q3718,3718,78,5,284,213,0.75,True,0.7491228070175439,0.6977222387784668,0.14574292457475502,0.9718872292769258,0.6145264653326741,0.5583251857332096,0.7343230911758556
q6239,6239,78,5,2853,2131,0.7469330529267437,True,0.7468465311843028,0.6848393394732819,0.045936769419686205,0.9971345852396007,0.6176444404308133,0.5583251857332096,0.7343230911758556
q5422,5422,78,5,3539,2657,0.7507770556654422,True,0.7507062146892656,0.7067265031308945,0.041428556790690435,0.9976681611347178,0.6398110739750075,0.5583251857332096,0.7343230911758556
q9636,9636,78,5,3154,2374,0.7526949904882688,True,0.7526148969889065,0.7176279530583165,0.04398126754643365,0.9973727234770992,0.650494416689565,0.5583251857332096,0.7343230911758556
q9642,9642,78,5,428,324,0.7570093457943925,True,0.7564102564102564,0.7394629043478796,0.1198116044487122,0.9808264404017462,0.6611190969189408,0.5583251857332096,0.7343230911758556
q3742,3742,78,5,5635,4256,0.7552795031055901,True,0.7552342086586231,0.7326742599976387,0.03300874525514533,0.9985184137966626,0.6662656595596989,0.5583251857332096,0.7343230911758556
q8963,8963,78,5,4408,3332,0.7558983666061706,True,0.7558403266046723,0.7361704499383201,0.03734734744427852,0.9981041315813199,0.6694787896136357,0.5583251857332096,0.7343230911758556
q4615,4615,78,5,4055,3066,0.7561035758323058,True,0.7560404339250493,0.7373259054979648,0.03894800638757689,0.9979384823841447,0.6705207539087036,0.5583251857332096,0.7343230911758556
q9018,9018,78,5,4521,3426,0.7577969475779694,True,0.7577399380804953,0.7471634115323251,0.03696251846888624,0.9981429283579684,0.6804773594455729,0.5583251857332096,0.7343230911758556
q9662,9662,78,5,3793,2878,0.7587661481676773,True,0.7586979441222984,0.7527280965405612,0.04040044215557478,0.9977822080289195,0.685783784434412,0.5583251857332096,0.7343230911758556
q8939,8939,78,5,4251,3227,0.7591155022347683,True,0.7590545625587959,0.7548031442326991,0.03817931429284919,0.9980188934849632,0.6880173970649616,0.5583251857332096,0.7343230911758556
q3934,3934,78,5,3686,2808,0.7618014107433533,True,0.7617304041225929,0.7704359293583046,0.04113666830821878,0.9977008284458123,0.7033949710607591,0.5583251857332096,0.7343230911758556
q10035,10035,78,5,211,162,0.7677725118483413,True,0.7665094339622641,0.7986392467495509,0.17260001049239265,0.9610126639702716,0.7046329760761624,0.5583251857332096,0.7343230911758556
q10328,10328,78,5,4391,3355,0.7640628558414939,True,0.7640027322404371,0.7837999974119865,0.037798969929758994,0.9980580923835455,0.7169849640939369,0.5583251857332096,0.7343230911758556
q3721,3721,78,5,5024,3839,0.7641321656050956,True,0.7640796019900498,0.7842535329687927,0.035341549320308946,0.998301967841482,0.7176129247822239,0.5583251857332096,0.7343230911758556
q10049,10049,78,5,3339,2554,0.7648996705600479,True,0.7648203592814371,0.7886289428941703,0.04339013588737798,0.9974426934629729,0.7213594702108367,0.5583251857332096,0.7343230911758556
q3715,3715,78,5,3208,2454,0.7649625935162094,True,0.7648800249298847,0.7889817559835353,0.044270309138632495,0.9973381696976982,0.7216357516504378,0.5583251857332096,0.7343230911758556
q3711,3711,78,5,3140,2405,0.7659235668789809,True,0.7658389048073861,0.794659749110297,0.044802109184486204,0.9972740101386377,0.7272518432226545,0.5583251857332096,0.7343230911758556
q3748,3748,78,5,5010,3839,0.7662674650698603,True,0.7662143284773498,0.7968869231563797,0.03548793280623693,0.9982878964612252,0.730214570317861,0.5583251857332096,0.7343230911758556
q10036,10036,78,5,3732,2861,0.7666130760986066,True,0.7665416555049558,0.7988306640296096,0.04113371006520489,0.9977011583523839,0.7317246633228149,0.5583251857332096,0.7343230911758556
q10051,10051,78,5,4305,3302,0.7670150987224158,True,0.7669530887134232,0.8012763614571949,0.038319666862710905,0.9980043301773278,0.7343878293935554,0.5583251857332096,0.7343230911758556
q4910,4910,78,5,4452,3419,0.7679694519317161,True,0.7679092746463059,0.8069711337581367,0.037728878532417444,0.9980652736230587,0.7401164294901962,0.5583251857332096,0.7343230911758556
q10312,10312,78,5,4353,3345,0.7684355616815989,True,0.7683739090491503,0.8097438905491683,0.03817864493050307,0.9980189628125306,0.7428493515131264,0.5583251857332096,0.7343230911758556
q6958,6958,78,6,4721,3630,0.7689048930311375,True,0.768847945785684,0.8125765045042376,0.036683644355055924,0.9981707939795263,0.7457897955977487,0.5583251857332096,0.7343230911758556
q9649,9649,78,5,3725,2867,0.7696644295302013,True,0.7695920558239399,0.8170306221645831,0.0413371854439137,0.9976784117549246,0.749865686051905,0.5583251857332096,0.7343230911758556
q3708,3708,78,5,3045,2344,0.7697865353037767,True,0.7696979645436638,0.8176653396696065,0.04572548496646123,0.9971608086922892,0.750109565515535,0.5583251857332096,0.7343230911758556
q4165,4165,78,5,3870,2982,0.7705426356589147,True,0.7704727460604495,0.8223144877925121,0.040603074759860636,0.9977599550661557,0.7551990044018226,0.5583251857332096,0.7343230911758556
q9006,9006,78,5,4374,3371,0.7706904435299498,True,0.7706285714285714,0.8232507765096058,0.03820073609199059,0.9980166741377173,0.7563277454019917,0.5583251857332096,0.7343230911758556
q5410,5410,78,5,15295,11806,0.7718862373324615,True,0.7718684623430963,0.8307157104112605,0.020464143797602443,0.9994300295149569,0.7648595087065534,0.5583251857332096,0.7343230911758556
q10054,10054,78,5,2914,2252,0.7728208647906658,True,0.7727272727272727,0.8359019872187421,0.04693177354360665,0.9970094846382802,0.7681778432764892,0.5583251857332096,0.7343230911758556
q9086,9086,78,5,4280,3309,0.7731308411214953,True,0.7730670404111188,0.8379573867388865,0.038744832383238975,0.9979598905175361,0.7709613201616398,0.5583251857332096,0.7343230911758556
q10023,10023,78,5,221,173,0.7828054298642534,True,0.7815315315315315,0.8898381495953126,0.17217070086126587,0.961198853890752,0.7924297749997807,0.5583251857332096,0.7343230911758556
q10013,10013,78,5,3869,3012,0.7784957353321271,True,0.7784237726098191,0.8706362272866717,0.04105373221974646,0.9977100686623454,0.8033723316866511,0.5583251857332096,0.7343230911758556
q6435,6435,78,5,4906,3823,0.7792498980839788,True,0.7791929896066844,0.8753720329541046,0.036498342147889024,0.9981891938736424,0.8084853611204562,0.5583251857332096,0.7343230911758556
q5039,5039,78,5,4527,3531,0.7799867461895295,True,0.7799249116607774,0.8798885283354353,0.038034747527801366,0.9980338386396773,0.8128671460563959,0.5583251857332096,0.7343230911758556
q4613,4613,78,5,3255,2542,0.780952380952381,True,0.7808660933660934,0.8857111959287087,0.04491352035441429,0.99726047281644,0.8180439801740393,0.5583251857332096,0.7343230911758556
q4052,4052,78,5,3590,2806,0.7816155988857939,True,0.7815371762740184,0.8898731937853005,0.042808654041806116,0.9975106068859039,0.8224007999553731,0.5583251857332096,0.7343230911758556
q9002,9002,78,5,4267,3353,0.7857979845324584,True,0.7857310215557638,0.9160813557713908,0.03950928207650345,0.9978787645714936,0.84885689703733,0.5583251857332096,0.7343230911758556
q6149,6149,78,5,4324,3405,0.7874653098982424,True,0.7873988439306359,0.9266010682490405,0.039346319747568234,0.9978961904922032,0.8593693016010864,0.5583251857332096,0.7343230911758556
q5408,5408,78,5,3084,2431,0.7882619974059663,True,0.7881685575364668,0.9314750769723268,0.04664179435222843,0.997046216878714,0.863496932380104,0.5583251857332096,0.7343230911758556
q3724,3724,78,5,3840,3027,0.78828125,True,0.7882061963030461,0.9317137261601279,0.04180281048111734,0.9976259409837781,0.8642370880017552,0.5583251857332096,0.7343230911758556
q10044,10044,78,5,3216,2549,0.7925995024875622,True,0.7925085483369599,0.9591877726013837,0.04598151522567127,0.9971290163040036,0.891201774174005,0.5583251857332096,0.7343230911758556
q9645,9645,78,5,292,233,0.797945205479452,True,0.7969283276450512,0.9878267095417304,0.15343804307363113,0.9689348473348075,0.8937519987280402,0.5583251857332096,0.7343230911758556
q10011,10011,78,5,3448,2741,0.794953596287703,True,0.7948680777036822,0.974423291963752,0.04457405263169121,0.9973016170674267,0.9065504472698401,0.5583251857332096,0.7343230911758556
q4830,4830,78,5,3059,2434,0.7956848643347499,True,0.7955882352941176,0.9790976863474162,0.04737706682931204,0.9969526405658345,0.9108933763069184,0.5583251857332096,0.7343230911758556
q3738,3738,78,5,5661,4518,0.7980922098569158,True,0.7980395619922289,0.9950957039689272,0.03496769092866033,0.9983376434777554,0.9281302457676907,0.5583251857332096,0.7343230911758556
q10048,10048,78,5,5233,4204,0.8033632715459583,True,0.8033053114252962,1.0299299937218818,0.03668989354493587,0.9981701718433693,0.9627451004478077,0.5583251857332096,0.7343230911758556
q9004,9004,78,5,4278,3440,0.80411407199626,True,0.8040430007010984,1.034862653931743,0.04062921830041549,0.9977570759657116,0.9672682619755365,0.5583251857332096,0.7343230911758556
q11645,11645,78,6,2165,1748,0.8073903002309469,True,0.8072483841181902,1.0564513137276295,0.05742360996592637,0.995529583703748,0.9866009854775942,0.5583251857332096,0.7343230911758556
q5034,5034,78,5,3322,2696,0.8115593016255268,True,0.81146554318387,1.0852512312914706,0.0467108711815496,0.9970374871909532,1.016809962481996,0.5583251857332096,0.7343230911758556
q9005,9005,78,5,4549,3710,0.8155638601890526,True,0.8154945054945055,1.1132056616941637,0.040215868935700796,0.9978023816898317,1.045483023010794,0.5583251857332096,0.7343230911758556
q4778,4778,78,5,3269,2673,0.8176812480881004,True,0.8175840978593272,1.1278800569373102,0.0476255627384634,0.9969206882146082,1.059188405439438,0.5583251857332096,0.7343230911758556
q3729,3729,78,5,3404,2790,0.8196239717978848,True,0.8195301027900147,1.1416576425597142,0.04684621606727126,0.997020345768224,1.0730308207900552,0.5583251857332096,0.7343230911758556
q3727,3727,78,5,4473,3667,0.8198077353006931,True,0.8197362539114886,1.1431235859048623,0.040884442821340336,0.9977288724682075,1.0752559778921256,0.5583251857332096,0.7343230911758556
q5362,5362,78,5,4867,3993,0.8204232586809123,True,0.8203574363188167,1.1475483251178615,0.03924224140115784,0.9979072824470432,1.0798637304486347,0.5583251857332096,0.7343230911758556
q8203,8203,78,5,4328,3566,0.8239371534195934,True,0.8238623238623238,1.1727287510417452,0.041902103828036795,0.9976146764172557,1.104667455637485,0.5583251857332096,0.7343230911758556
q17246,17246,78,5,1354,1117,0.8249630723781388,True,0.8247232472324724,1.1789708935340812,0.07502571152540628,0.99239294200008,1.10508004160406,0.5583251857332096,0.7343230911758556
q4594,4594,78,5,3654,3035,0.8305966064586754,True,0.8305061559507524,1.2215064950134902,0.04622896842800929,0.9970981222112505,1.1527316675676815,0.5583251857332096,0.7343230911758556
q4155,4155,78,5,3511,2919,0.831387069211051,True,0.8312927107061503,1.227376005887187,0.04723938249508209,0.9969702733433281,1.1584355910789488,0.5583251857332096,0.7343230911758556
q9633,9633,78,5,3161,2652,0.8389750079088896,True,0.8388678051865908,1.2849971562268092,0.05061962145861053,0.9965227348145638,1.2153363573197558,0.5583251857332096,0.7343230911758556
q5152,5152,78,5,3993,3355,0.8402203856749312,True,0.8401352028042063,1.294839384643474,0.045169934232631444,0.9972291902076931,1.2260128916488438,0.5583251857332096,0.7343230911758556
q6781,6781,78,6,12408,10444,0.8417150225660864,True,0.8416874848899992,1.3069762546265253,0.02571812350612667,0.9991000873284671,1.2404389566850176,0.5583251857332096,0.7343230911758556
q8947,8947,78,5,4385,3693,0.8421892816419613,True,0.8421112631098951,1.310305634824961,0.0433013347456704,0.9974531235560217,1.2417150592000847,0.5583251857332096,0.7343230911758556
q8934,8934,78,5,4269,3600,0.8432888264230499,True,0.843208430913349,1.3189577130204486,0.043998401450333936,0.9973706814309637,1.2502417573089963,0.5583251857332096,0.7343230911758556
q8201,8201,78,5,4444,3818,0.8591359135913591,True,0.8590551181102363,1.4495468694248288,0.044884406554673136,0.9972640135787153,1.380339911379739,0.5583251857332096,0.7343230911758556
q9000,9000,78,5,4347,3748,0.8622038187255578,True,0.8621205151793928,1.4761420452809528,0.04576667570038337,0.9971557057059136,1.406709530892632,0.5583251857332096,0.7343230911758556
q10050,10050,78,5,4713,4064,0.862295777636325,True,0.8622189223589308,1.4770036575818561,0.04396617577387176,0.9973745214868469,1.4078775692937144,0.5583251857332096,0.7343230911758556
q3736,3736,78,5,3180,2745,0.8632075471698113,True,0.8630933668657654,1.4846817807481831,0.05365337537371159,0.9960951197036723,1.4137197276669107,0.5583251857332096,0.7343230911758556
q8936,8936,78,5,4445,3863,0.8690663667041619,True,0.868983355825461,1.5374590938598858,0.04616448507874541,0.9971061886327609,1.4677792846729516,0.5583251857332096,0.7343230911758556
q8980,8980,78,5,4421,3845,0.8697127346754128,True,0.8696291270918136,1.5433621535493574,0.046379099681927397,0.9970792987125098,1.473625520274702,0.5583251857332096,0.7343230911758556
q10660,10660,78,6,5411,4709,0.8702642764738495,True,0.8701958610495196,1.5485624217317286,0.04199460207173165,0.997604158922808,1.479589042467457,0.5583251857332096,0.7343230911758556
q4049,4049,78,5,4414,3899,0.8833257816039873,True,0.8832389580973953,1.6737461851532818,0.04849323830258802,0.996807825478629,1.6031921215605924,0.5583251857332096,0.7343230911758556
q6714,6714,78,6,10798,9591,0.8882200407482868,True,0.8881840911195481,1.7242691808340438,0.03155472035958072,0.9986458929264289,1.6566029156913478,0.5583251857332096,0.7343230911758556
q10778,10778,78,6,4835,4335,0.8965873836608066,True,0.896505376344086,1.8137193203635775,0.04867442144827066,0.9967840042118767,1.7426767913906571,0.5583251857332096,0.7343230911758556
q6663,6663,78,6,15210,13637,0.8965811965811966,True,0.8965551245808954,1.8142722574126207,0.027450579132888373,0.9989748901425771,1.747059485989541,0.5583251857332096,0.7343230911758556
q8996,8996,78,5,4389,3941,0.89792663476874,True,0.8978359908883827,1.8285877740065029,0.0513619430999884,0.9964203686538146,1.7568562776539203,0.5583251857332096,0.7343230911758556
q3740,3740,78,5,4284,3857,0.9003267973856209,True,0.9002333722287048,1.8558012924774534,0.05250367870491839,0.9962600568501953,1.783685362507869,0.5583251857332096,0.7343230911758556
q8983,8983,78,5,4491,4072,0.9067022934758404,True,0.9066117542297417,1.9310563942631487,0.05272205723222894,0.9962289986262334,1.858601071138367,0.5583251857332096,0.7343230911758556
q8945,8945,78,5,4210,4013,0.953206650831354,True,0.9530990263595346,2.6850574252693344,0.07394205874288276,0.9926094915938516,2.600276967158533,0.5583251857332096,0.7343230911758556
q10862,10862,78,6,4200,4059,0.9664285714285714,True,0.9663175434420376,3.034157135326427,0.08641315627587813,0.9899334982833032,2.9388523321743163,0.5583251857332096,0.7343230911758556
q4486,4486,80,5,27921,6942,0.2486300633931449,True,0.24863906596948643,-1.6789681300584938,0.014486696514985868,0.999560101853412,-1.7150774733283491,0.6479939853059042,0.47686506204766843
q6365,6365,80,5,18821,4805,0.2552999309282184,True,0.25531293167569863,-1.6418990142062224,0.017509441664622514,0.999357504679575,-1.6776845514419259,0.6479939853059042,0.47686506204766843
q11885,11885,80,6,1059,355,0.3352219074598678,True,0.33537735849056605,-1.234569923585671,0.06898085220722955,0.9901201690502325,-1.258872504728982,0.6479939853059042,0.47686506204766843
q4024,4024,80,5,13080,4736,0.3620795107033639,True,0.3620900542771959,-1.1095876126737343,0.01935940892292699,0.9992146785000923,-1.1455514141708922,0.6479939853059042,0.47686506204766843
q6487,6487,80,5,7498,2816,0.3755668178180848,True,0.37558341112148286,-1.047849280718606,0.025418610303206614,0.9986469305990758,-1.0832457228904067,0.6479939853059042,0.47686506204766843
q9492,9492,80,5,6585,2741,0.4162490508731966,True,0.4162617673853629,-0.8659895553324166,0.026771219274148564,0.998499318355289,-0.9014987940749005,0.6479939853059042,0.47686506204766843
q6758,6758,80,5,11234,4838,0.4306569343065693,True,0.4306631063640409,-0.8027650020865935,0.020434552762009464,0.9991251076035101,-0.8388945516419245,0.6479939853059042,0.47686506204766843
q9362,9362,80,5,5236,2254,0.4304812834224599,True,0.43049455795302655,-0.8035022948723156,0.029931188883967414,0.9981248444639674,-0.8387906118125811,0.6479939853059042,0.47686506204766843
q5540,5540,80,5,16072,7358,0.4578148332503733,True,0.4578174578485659,-0.6846245323881075,0.017021629545667397,0.9993927843256467,-0.721050567863561,0.6479939853059042,0.47686506204766843
q5296,5296,80,5,6523,2998,0.4596044764678829,True,0.4596106683016554,-0.6768591385524444,0.026713266559696282,0.9985057987948911,-0.7126568270804114,0.6479939853059042,0.47686506204766843
q5557,5557,80,5,9029,4179,0.4628419537047292,True,0.46284606866002215,-0.6628568810651051,0.022700426751263623,0.9989205476271383,-0.6989657002572727,0.6479939853059042,0.47686506204766843
q6959,6959,80,6,4720,2210,0.4682203389830508,True,0.4682270705359034,-0.6395902804580795,0.03138480593712981,0.9979386713333628,-0.6750600202834143,0.6479939853059042,0.47686506204766843
q8383,8383,80,5,6210,2950,0.4750402576489533,True,0.47504427628401225,-0.6101452539794228,0.027355126931200482,0.9984332453314088,-0.6459956837020618,0.6479939853059042,0.47686506204766843
q5928,5928,80,5,5317,2561,0.4816625916870415,True,0.48166603986461076,-0.5815690516298921,0.02955954889324065,0.9981710363952616,-0.6173020945431065,0.6479939853059042,0.47686506204766843
q5912,5912,80,5,11206,5493,0.4901838300910227,True,0.4901847059873293,-0.5448273730373538,0.020363906356794952,0.9991311412615469,-0.5811860999907492,0.6479939853059042,0.47686506204766843
q17187,17187,80,5,634,320,0.5047318611987381,True,0.5047244094488189,-0.48211722393363443,0.08560936843389451,0.9848635803625571,-0.5111258390082799,0.6479939853059042,0.47686506204766843
q10769,10769,80,6,5751,2922,0.5080855503390714,True,0.5080841446453408,-0.46761832438718076,0.02845196240725699,0.9983053019667854,-0.503627513658949,0.6479939853059042,0.47686506204766843
q6360,6360,80,5,6344,3242,0.5110340479192939,True,0.5110323089046493,-0.45489094999493074,0.02709685636278023,0.9984626451040148,-0.4909990826108244,0.6479939853059042,0.47686506204766843
q5950,5950,80,5,7497,3837,0.5118047218887555,True,0.5118031475060016,-0.4515623836040142,0.024928355953594696,0.998698553885609,-0.48779085751257767,0.6479939853059042,0.47686506204766843
q17324,17324,80,5,1854,962,0.5188781014023732,True,0.5188679245283019,-0.4210369545894918,0.05015616377794031,0.9947523111586262,-0.4554981668557384,0.6479939853059042,0.47686506204766843
q5692,5692,80,5,9988,5225,0.5231277533039648,True,0.5231254379817799,-0.40262153881724466,0.021625636585651673,0.9990202470349488,-0.4390550861284953,0.6479939853059042,0.47686506204766843
q5927,5927,80,5,4665,2476,0.5307609860664523,True,0.5307543934847836,-0.36957730507178244,0.03167683109241974,0.9979002138405542,-0.4055879996648978,0.6479939853059042,0.47686506204766843
q5291,5291,80,5,4940,2660,0.5384615384615384,True,0.5384537543007488,-0.33615582367081176,0.03082341704799454,0.9980116096187297,-0.37227824907653906,0.6479939853059042,0.47686506204766843
q5953,5953,80,5,11359,6137,0.5402764327845762,True,0.5402728873239436,-0.32824709524508816,0.02033514438387219,0.999133591754762,-0.3647948945680118,0.6479939853059042,0.47686506204766843
q5951,5951,80,5,6869,3731,0.5431649439510846,True,0.5431586608442504,-0.31569062414901716,0.02616393502475839,0.9985665332426926,-0.3520493833250519,0.6479939853059042,0.47686506204766843
q4547,4547,80,5,5793,3173,0.5477300189884343,True,0.5477217811529168,-0.2958077374056801,0.028517036572332427,0.9982975542261603,-0.332105516285913,0.6479939853059042,0.47686506204766843
q5531,5531,80,5,9068,5033,0.5550286722540803,True,0.5550226044767891,-0.2639174025441587,0.022831629608509044,0.9989080472961811,-0.3004530980342825,0.6479939853059042,0.47686506204766843
q6181,6181,80,5,9215,5125,0.5561584373304395,True,0.55615234375,-0.2589733297771413,0.0226550100951527,0.9989248579794787,-0.2955193971908139,0.6479939853059042,0.47686506204766843
q5922,5922,80,5,6731,3764,0.5592036844451047,True,0.559194890077243,-0.24564500430722278,0.026527296113016553,0.9985265002680996,-0.2820928618696114,0.6479939853059042,0.47686506204766843
q6162,6162,80,5,14531,8132,0.5596311334388548,True,0.5596270300027526,-0.24375034532876697,0.01805719392389777,0.9993167051191837,-0.28042273759405795,0.6479939853059042,0.47686506204766843
q5554,5554,80,5,546,311,0.5695970695970696,True,0.5694698354661791,-0.20047998452735258,0.0933224287050949,0.982064374886552,-0.23308720408493544,0.6479939853059042,0.47686506204766843
q4549,4549,80,5,4315,2461,0.5703360370799536,True,0.5703197405004634,-0.19673267862972876,0.03323123854414726,0.9976895691069122,-0.23305710403865762,0.6479939853059042,0.47686506204766843
q5858,5858,80,5,9562,5507,0.5759255385902531,True,0.5759175990797867,-0.17200406336371382,0.022362780475577004,0.9989523869844394,-0.20864938502386207,0.6479939853059042,0.47686506204766843
q5547,5547,80,5,12142,7028,0.5788173282819964,True,0.5788108375195586,-0.159189667938612,0.0198636358648145,0.999173271720022,-0.19589171941855058,0.6479939853059042,0.47686506204766843
q6727,6727,80,5,8711,5102,0.5856962461255883,True,0.5856864095500459,-0.12863939348121123,0.023505103904838898,0.9988427532517138,-0.16531199976436978,0.6479939853059042,0.47686506204766843
q6505,6505,80,5,4881,2866,0.5871747592706412,True,0.587156902908644,-0.12208682150016836,0.03141560573723916,0.9979346318964403,-0.15862266396817568,0.6479939853059042,0.47686506204766843
q4816,4816,80,5,7729,4574,0.5917971277008669,True,0.5917852522639069,-0.10141738009082063,0.025008011260192572,0.9986902343060708,-0.13810039840961877,0.6479939853059042,0.47686506204766843
q6347,6347,80,5,4215,2517,0.5971530249110321,True,0.597129981024668,-0.0774591809900726,0.033931046366007384,0.9975914718394856,-0.11404796476780212,0.6479939853059042,0.47686506204766843
q5851,5851,80,5,7351,4449,0.6052237790776765,True,0.6052094668117519,-0.041047270610494284,0.025778616662114676,0.9986083855781288,-0.07780298267821141,0.6479939853059042,0.47686506204766843
q5081,5081,80,5,4342,2637,0.6073238139106403,True,0.6072991020032236,-0.031589497679025184,0.033569939019763885,0.9976423438068771,-0.0682922422516776,0.6479939853059042,0.47686506204766843
q4287,4287,80,5,4719,2871,0.6083916083916084,True,0.6083686440677966,-0.026742026585578203,0.03221612615989094,0.9978282644945807,-0.06346802552972403,0.6479939853059042,0.47686506204766843
q6982,6982,80,6,87238,53380,0.6118893142896444,True,0.6118880317289286,-0.01075847402540983,0.007505101833931076,0.9998818955180373,-0.047616984284855855,0.6479939853059042,0.47686506204766843
q6350,6350,80,5,4514,2773,0.6143110323438192,True,0.6142857142857143,0.00016017584980898027,0.033025517618546815,0.9977180213416522,-0.03662020120239082,0.6479939853059042,0.47686506204766843
q5930,5930,80,5,5047,3104,0.6150188230632059,True,0.6149960380348652,0.003399551531555935,0.031243444327807207,0.9979571606987722,-0.033396220405721884,0.6479939853059042,0.47686506204766843
q5290,5290,80,5,7017,4374,0.6233433091064557,True,0.6233257338273013,0.04155227803744523,0.026602225301489958,0.9985181767486536,0.0046811963346669715,0.6479939853059042,0.47686506204766843
q5293,5293,80,5,6072,3822,0.6294466403162056,True,0.6294253252099457,0.06969404520472752,0.028684536407044225,0.9982775308109529,0.03277336199242949,0.6479939853059042,0.47686506204766843
q5295,5295,80,5,4903,3105,0.6332857434223944,True,0.6332585644371941,0.08747289420304874,0.0319845454926377,0.9978593080519365,0.050500421736105854,0.6479939853059042,0.47686506204766843
q3995,3995,80,5,6191,3964,0.6402842836375383,True,0.6402616279069767,0.12014987668499745,0.0285726045138935,0.9982909243831112,0.0831434003511619,0.6479939853059042,0.47686506204766843
q10865,10865,80,6,5567,3565,0.6403808155200288,True,0.6403556034482759,0.12059015958821492,0.030132726905398106,0.9980995553358875,0.08356690820799481,0.6479939853059042,0.47686506204766843
q5906,5906,80,5,7814,5012,0.6414128487330433,True,0.6413947536788228,0.12546188951595091,0.025449317752704443,0.9986436638572549,0.0884775864759524,0.6479939853059042,0.47686506204766843
q4212,4212,80,5,5937,3821,0.6435910392454102,True,0.6435668575277871,0.1356644338227177,0.029231757931594254,0.9982113027236094,0.09862357529379603,0.6479939853059042,0.47686506204766843
q9093,9093,80,5,4759,3069,0.6448833788611052,True,0.6448529411764706,0.141717756509969,0.03267323100255557,0.9977663377231044,0.10461941422736325,0.6479939853059042,0.47686506204766843
q5838,5838,80,5,7610,4925,0.6471747700394218,True,0.6471554329260281,0.152578698805642,0.0258735641855634,0.9985981299383849,0.11555234731955404,0.6479939853059042,0.47686506204766843
q6519,6519,80,5,4158,2696,0.6483886483886484,True,0.6483529694638134,0.1582396709386402,0.03502588112981786,0.9974339401804966,0.12106407934905557,0.6479939853059042,0.47686506204766843
q4787,4787,80,5,3967,2606,0.6569195865893622,True,0.6568800403225806,0.19879778940355972,0.036046138108824496,0.9972826832983046,0.16149362967609565,0.6479939853059042,0.47686506204766843
q5954,5954,80,5,5250,3464,0.6598095238095238,True,0.6597790896972006,0.21269011654574482,0.03139240030862271,0.9979376756859053,0.1754633716453613,0.6479939853059042,0.47686506204766843
q5862,5862,80,5,3779,2496,0.6604921937020376,True,0.6604497354497354,0.21591160474351576,0.03701581311952443,0.9971349446300162,0.1785344891250145,0.6479939853059042,0.47686506204766843
q5965,5965,80,5,5307,3509,0.6612021857923497,True,0.6611718161266014,0.21938345388940123,0.031251494686183406,0.9979561099765961,0.18214626977085802,0.6479939853059042,0.47686506204766843
q5570,5570,80,5,7396,4899,0.6623850730124392,True,0.6623631201838583,0.22511889829124612,0.02649389017240122,0.9985302036495055,0.1879780674237813,0.6479939853059042,0.47686506204766843
q4298,4298,80,5,5071,3360,0.6625912048905541,True,0.6625591482649842,0.22606356284596768,0.03199924213781415,0.9978573445541286,0.18879403895792174,0.6479939853059042,0.47686506204766843
q5978,5978,80,5,5048,3346,0.6628367670364501,True,0.6628045157456922,0.22724635620949368,0.03207720732779012,0.9978469133113734,0.18997231207963725,0.6479939853059042,0.47686506204766843
q5925,5925,80,5,5994,3991,0.6658324991658325,True,0.6658048373644704,0.24174217918989446,0.029496432723661516,0.9981788243306305,0.20450492557710728,0.6479939853059042,0.47686506204766843
q6822,6822,80,6,11349,7576,0.6675478015684201,True,0.667533039647577,0.25011976365151134,0.021462122136642708,0.9990349928752219,0.21304983574719735,0.6479939853059042,0.47686506204766843
q3900,3900,80,5,4700,3143,0.6687234042553192,True,0.6686875132950436,0.2557277182227583,0.03337469082400394,0.9976696253475966,0.21835354937241003,0.6479939853059042,0.47686506204766843
q5955,5955,80,5,5390,3647,0.6766233766233766,True,0.6765906139862734,0.294374278221127,0.031339533672518315,0.9979446017212206,0.2569808576123919,0.6479939853059042,0.47686506204766843
q4789,4789,80,5,6277,4277,0.6813764537199299,True,0.6813475629181268,0.31786063432310885,0.029143030171646368,0.9982221255079501,0.2804969231110993,0.6479939853059042,0.47686506204766843
q5299,5299,80,5,5063,3453,0.6820067153861347,True,0.6819707740916272,0.3209505886292772,0.03246392993475766,0.9977948003414319,0.2834599865750955,0.6479939853059042,0.47686506204766843
q5952,5952,80,5,4413,3019,0.684115114434625,True,0.6840734028092433,0.3313983549833388,0.034827446265947526,0.99746285965832,0.29378694562808066,0.6479939853059042,0.47686506204766843
q5114,5114,80,5,6446,4421,0.6858516909711448,True,0.6858228633472934,0.3401182800885463,0.028856290733516105,0.9982568778706914,0.3027255363739405,0.6479939853059042,0.47686506204766843
q5853,5853,80,5,5618,3855,0.686187255250979,True,0.6861541199501691,0.34177217583330094,0.03091724001935219,0.9979995105805552,0.3042980758201365,0.6479939853059042,0.47686506204766843
q5970,5970,80,5,4587,3155,0.6878133856551123,True,0.687772449869224,0.3498651004285839,0.03425814809024137,0.9975449252269686,0.31223252495071685,0.6479939853059042,0.47686506204766843
q17217,17217,80,5,1958,1349,0.6889683350357507,True,0.6888718734047984,0.35537544425602774,0.05247256312848227,0.9942592492323554,0.31668281550822797,0.6479939853059042,0.47686506204766843
q5552,5552,80,5,3688,2545,0.6900759219088937,True,0.6900243968555164,0.36116278212915887,0.03827279066153834,0.9969376645672282,0.32330553618736607,0.6479939853059042,0.47686506204766843
q5298,5298,80,5,4822,3336,0.6918291165491497,True,0.691789342732739,0.3700471541305496,0.03351943122701326,0.9976494162494083,0.3323998448361305,0.6479939853059042,0.47686506204766843
q5977,5977,80,5,5021,3474,0.691894045010954,True,0.6918558343289526,0.37038237869623786,0.03285035530520587,0.9977421091711952,0.33276519620890677,0.6479939853059042,0.47686506204766843
q5545,5545,80,5,3960,2751,0.6946969696969697,True,0.6946478162080283,0.3844929665733145,0.037072991522492486,0.9971261119371334,0.3466297855201145,0.6479939853059042,0.47686506204766843
q6362,6362,80,5,4904,3439,0.7012642740619902,True,0.7012232415902141,0.41799862138036564,0.03349857221930172,0.9976523339908322,0.3802397101980919,0.6479939853059042,0.47686506204766843
q5972,5972,80,5,7615,5349,0.7024294156270519,True,0.7024028361344538,0.42405123676162937,0.026910485307219463,0.9984836881477266,0.38660000566675085,0.6479939853059042,0.47686506204766843
q4551,4551,80,5,6510,4585,0.7043010752688172,True,0.7042696974351098,0.43365705390167086,0.02915166289866766,0.9982210739445803,0.39608705393612265,0.6479939853059042,0.47686506204766843
q4017,4017,80,5,3531,2493,0.7060322854715378,True,0.705973952434881,0.44245522968696704,0.03963925898260401,0.9967158203826941,0.40425906097688025,0.6479939853059042,0.47686506204766843
q4548,4548,80,5,4199,2968,0.7068349607049298,True,0.7067857142857142,0.4466557994194038,0.03637665903422119,0.9972327611156082,0.4086576732873213,0.6479939853059042,0.47686506204766843
q3899,3899,80,5,8630,6119,0.7090382387022016,True,0.7090140192329973,0.45821964160481726,0.025426166712547497,0.9986461270916176,0.42078504509624554,0.6479939853059042,0.47686506204766843
q5908,5908,80,5,5298,3811,0.7193280483201208,True,0.7192866578599736,0.5121835739449115,0.03276175664994561,0.9977542446671195,0.4742519880764326,0.6479939853059042,0.47686506204766843
q6833,6833,80,6,16605,11955,0.7199638663053297,True,0.7199506202577381,0.5157098879186909,0.01851867429827456,0.9992813588721031,0.4785016349635317,0.6479939853059042,0.47686506204766843
q5909,5909,80,5,4497,3273,0.7278185456971314,True,0.7277678968430413,0.5575978582247676,0.035859383023075904,0.9973106916740437,0.5193333099835147,0.6479939853059042,0.47686506204766843
q6014,6014,80,5,6027,4393,0.7288866766218682,True,0.7288487060384871,0.5634444889280924,0.031010286615186722,0.9979874756347652,0.5255205984319808,0.6479939853059042,0.47686506204766843
q6348,6348,80,5,5765,4207,0.7297484822202949,True,0.7297086368366286,0.5681061428724739,0.031735061804895145,0.9978925030626837,0.5301224172643033,0.6479939853059042,0.47686506204766843
q10799,10799,80,6,4746,3476,0.7324062368310156,True,0.7323572782810196,0.5825200067435216,0.03507232102685462,0.9974271486453873,0.5442519805910101,0.6479939853059042,0.47686506204766843
q9100,9100,80,5,4831,3540,0.7327675429517698,True,0.7327193708609272,0.5844971150661925,0.03477571022299192,0.9974703728311263,0.5462476730975149,0.6479939853059042,0.47686506204766843
q5297,5297,80,5,5613,4121,0.7341884910030286,True,0.7341467759173494,0.5923067573487545,0.032311638254661997,0.997815396363178,0.554229200672297,0.6479939853059042,0.47686506204766843
q6356,6356,80,5,4885,3589,0.7346980552712384,True,0.7346500204666394,0.5950661238324905,0.03465382015053864,0.9974880301498412,0.5567998025625189,0.6479939853059042,0.47686506204766843
q17091,17091,80,5,1789,1317,0.7361654555617664,True,0.7360335195530726,0.6026683573413272,0.05733832509220826,0.9931528382276293,0.5619300695944525,0.6479939853059042,0.47686506204766843
q5863,5863,80,5,3847,2832,0.7361580452300494,True,0.7360966735966736,0.6030159582614438,0.03910961228170176,0.9968027195610815,0.5643416774075427,0.6479939853059042,0.47686506204766843
q5979,5979,80,5,5395,3985,0.7386468952734013,True,0.7386026686434396,0.6168499092702759,0.03311667286177701,0.9977054357140154,0.5786549599225952,0.6479939853059042,0.47686506204766843
q5934,5934,80,5,5558,4118,0.74091399784095,True,0.7408706601906818,0.6294398078671117,0.03270927394208623,0.9977614179869962,0.5912491439208434,0.6479939853059042,0.47686506204766843
q5535,5535,80,5,5264,3930,0.746580547112462,True,0.7465337132003799,0.6611749534159149,0.03382643641049873,0.9976062645129814,0.6228163837512526,0.6479939853059042,0.47686506204766843
q17389,17389,80,5,1654,1250,0.7557436517533253,True,0.7555891238670694,0.7128546020864204,0.060987111392367406,0.992260616322627,0.6707587177941137,0.6479939853059042,0.47686506204766843
q4903,4903,80,5,6588,4978,0.7556162720097146,True,0.7555774776142055,0.712787364276081,0.030564767898075988,0.9980447750739259,0.6746016476265276,0.6479939853059042,0.47686506204766843
q5991,5991,80,5,5002,3794,0.7584966013594562,True,0.7584449330401759,0.7294044452299271,0.03520130200341651,0.9974082392937839,0.690745411762653,0.6479939853059042,0.47686506204766843
q5594,5594,80,5,5672,4307,0.7593441466854725,True,0.7592984311651684,0.7343749539057391,0.03309274064693235,0.9977087433160139,0.6959126428761087,0.6479939853059042,0.47686506204766843
q5644,5644,80,5,3776,2869,0.7597987288135594,True,0.7597299444003177,0.7368922753307746,0.040579046376937475,0.9965587906577509,0.6976191972504294,0.6479939853059042,0.47686506204766843
q11813,11813,80,6,4891,3765,0.7697812308321407,True,0.7697260834014718,0.7960490129304114,0.03612465365158834,0.9972708650526786,0.7571129602447835,0.6479939853059042,0.47686506204766843
q5591,5591,80,5,7299,5705,0.7816139197150295,True,0.7815753424657534,0.8684207028535175,0.030070275254886182,0.9981074098207453,0.8299827723561615,0.6479939853059042,0.47686506204766843
q5582,5582,80,5,5928,4643,0.7832321187584346,True,0.7831843481194131,0.8784510064013894,0.033445692675589764,0.9976597226772252,0.8396173250274291,0.6479939853059042,0.47686506204766843
q5537,5537,80,5,4503,3533,0.7845880524095048,True,0.7845248667850799,0.8868465244496958,0.03845037959779434,0.9969092676903398,0.8473553217120839,0.6479939853059042,0.47686506204766843
q5556,5556,80,5,460,363,0.7891304347826087,True,0.7885032537960954,0.911975984947578,0.12091424973137262,0.9702529144665394,0.8490798231840274,0.6479939853059042,0.47686506204766843
q6737,6737,80,5,4766,3753,0.7874527906000839,True,0.7873924900356618,0.9049272862153208,0.037537389567627304,0.9970538744131999,0.8655057284507124,0.6479939853059042,0.47686506204766843
q5861,5861,80,5,588,468,0.7959183673469388,True,0.7954159592529711,0.9564315230553875,0.10814824644931136,0.9760602244341758,0.8975531514576002,0.6479939853059042,0.47686506204766843
q17493,17493,80,6,954,765,0.8018867924528302,True,0.8015706806282723,0.996909905728951,0.08580447911926171,0.9847955577024184,0.9454488104973698,0.6479939853059042,0.47686506204766843
q11937,11937,80,6,3269,2624,0.802691954726216,True,0.8025993883792049,1.003762178874205,0.046451397730620694,0.9954955539144303,0.9625427040610135,0.6479939853059042,0.47686506204766843
q5532,5532,80,5,6416,5163,0.8047069825436409,True,0.8046594982078853,1.0175618220223914,0.03327731525021425,0.9976831724728955,0.9784255799216626,0.6479939853059042,0.47686506204766843
q5576,5576,80,5,4540,3674,0.809251101321586,True,0.8091829993393526,1.0482337870887477,0.03987568900628366,0.9966766568789553,1.0080085240086785,0.6479939853059042,0.47686506204766843
q5946,5946,80,5,4413,3596,0.8148651710854294,True,0.8147938377888536,1.0870203861672296,0.04086391561951177,0.9965104749429575,1.0464917049109557,0.6479939853059042,0.47686506204766843
q6518,6518,80,5,4318,3551,0.8223714682723483,True,0.8222968279694374,1.1402597779804817,0.04191365408497902,0.996329556367074,1.0993456917640358,0.6479939853059042,0.47686506204766843
q5292,5292,80,5,5026,4137,0.8231197771587744,True,0.8230555002983887,1.1457353797092986,0.03890895962695486,0.9968353392670563,1.105362043719357,0.6479939853059042,0.47686506204766843
q17163,17163,80,5,1813,1501,0.8279095421952565,True,0.827728776185226,1.1798571995439486,0.06539138013923294,0.9911127262998063,1.132834972636304,0.6479939853059042,0.47686506204766843
q5573,5573,80,5,4727,3953,0.8362597842183203,True,0.8361886632825719,1.2434484008313393,0.04124724810251881,0.9964449332739738,1.2022947785517,0.6479939853059042,0.47686506204766843
q6852,6852,80,6,18049,15086,0.8358357803756441,True,0.8358171745152354,1.240604081803322,0.02109292531234647,0.9990678772225793,1.2026179136775588,0.6479939853059042,0.47686506204766843
q5093,5093,80,5,6021,5061,0.8405580468360737,True,0.840501494520093,1.2768381262539068,0.036906710984587414,0.9971517609022306,1.2364422491479745,0.6479939853059042,0.47686506204766843
q17360,17360,80,5,1754,1499,0.854618015963512,True,0.8544159544159544,1.389587164028054,0.07073642349027182,0.9896161722680199,1.3386765864194805,0.6479939853059042,0.47686506204766843
q5864,5864,80,5,5108,4377,0.8568911511354738,True,0.8568212957525935,1.4099312434713134,0.04172178663614742,0.9963629617715856,1.3680732112035647,0.6479939853059042,0.47686506204766843
q3961,3961,80,5,6714,5989,0.8920166815609175,True,0.8919583023082651,1.744440753188904,0.0406830362713672,0.9965411919102367,1.7016704386640145,0.6479939853059042,0.47686506204766843
q9506,9506,83,5,5740,1224,0.2132404181184669,True,0.2132903675317889,-1.8579674400739916,0.03402102240195,0.9986691834063174,-1.9301659463465026,0.5388330695754685,0.8685566769735511
q10082,10082,83,5,5506,1228,0.2230294224482382,True,0.22307971672416924,-1.7972958647888153,0.03425282419430399,0.9986510111692701,-1.8695410941644388,0.5388330695754685,0.8685566769735511
q6760,6760,83,5,25017,6245,0.2496302514290282,True,0.24964025901351028,-1.6410072579131332,0.015545393791996818,0.9997218465343827,-1.7153006345107482,0.5388330695754685,0.8685566769735511
q10128,10128,83,5,8204,2096,0.2554851292052657,True,0.25551492992078,-1.6078698612073963,0.026969049068186354,0.9991633003688832,-1.6812326226946122,0.5388330695754685,0.8685566769735511
q5035,5035,83,5,15492,4188,0.2703330751355538,True,0.2703478990511844,-1.5261837478698168,0.019330101359918077,0.9995699852959741,-1.6002659401108086,0.5388330695754685,0.8685566769735511
q9519,9519,83,5,6480,1757,0.271141975308642,True,0.27117728745563957,-1.5216946718694344,0.029862953026705708,0.9989742969350872,-1.5948277986825166,0.5388330695754685,0.8685566769735511
q9672,9672,83,5,6038,1643,0.2721099701888042,True,0.27214770657393605,-1.51645227871156,0.030907696971028947,0.9989013541238921,-1.5894747143914523,0.5388330695754685,0.8685566769735511
q9516,9516,83,5,5058,1411,0.2789640173981811,True,0.2790077090334058,-1.47969319898197,0.033553577038999645,0.9987054557187696,-1.55245150288905,0.5388330695754685,0.8685566769735511
q9155,9155,83,5,5111,1480,0.2895715124241831,True,0.289612676056338,-1.4238454117821795,0.033071446300974854,0.9987423445518572,-1.4967312953196847,0.5388330695754685,0.8685566769735511
q10150,10150,83,5,6579,1908,0.2900136798905608,True,0.29004559270516717,-1.4215895020691693,0.029139238751431425,0.9990233614013673,-1.4948987251727837,0.5388330695754685,0.8685566769735511
q9741,9741,83,5,6560,1914,0.2917682926829268,True,0.29180003048315806,-1.4124656777251272,0.02913890788552165,0.9990233835583637,-1.4857838444604525,0.5388330695754685,0.8685566769735511
q4125,4125,83,5,11572,3378,0.2919115105426892,True,0.2919294910567701,-1.4117935935055406,0.021937591608223034,0.9994462175858583,-1.4857409865454965,0.5388330695754685,0.8685566769735511
q4203,4203,83,5,19389,5690,0.2934653669606478,True,0.29347601856627126,-1.4037771838249413,0.016926714059366,0.9996702354902013,-1.4780602373934673,0.5388330695754685,0.8685566769735511
q9697,9697,83,5,4697,1387,0.2952948690653608,True,0.295338441890166,-1.394153055438466,0.03433608933166245,0.9986444535891801,-1.466932487376404,0.5388330695754685,0.8685566769735511
q6591,6591,83,6,5227,1549,0.2963458963076334,True,0.29638485080336646,-1.3887597672524983,0.0325219090397373,0.998783742970991,-1.4617503642866396,0.5388330695754685,0.8685566769735511
q5720,5720,83,5,25643,7641,0.2979760558437,True,0.29798393386367183,-1.3805372256773092,0.014665639958543829,0.9997524309539061,-1.4549475626629564,0.5388330695754685,0.8685566769735511
q4134,4134,83,5,10202,3063,0.3002352479905901,True,0.30025482701166323,-1.368899681071663,0.023209218441201725,0.9993801970935894,-1.442775516181641,0.5388330695754685,0.8685566769735511
q4314,4314,83,5,24072,7327,0.3043785310734463,True,0.30438665725086195,-1.3478414753103127,0.015062374790771715,0.9997388588517966,-1.4222405989149864,0.5388330695754685,0.8685566769735511
q6883,6883,83,6,15005,4760,0.3172275908030656,True,0.31723977075836335,-1.2832385214354938,0.018903746793215347,0.9995887376298999,-1.3574506495371352,0.5388330695754685,0.8685566769735511
q10322,10322,83,5,5277,1688,0.3198787189691112,True,0.31991284577491474,-1.2699649757085165,0.03181763429407478,0.9988357889864171,-1.3431700458727618,0.5388330695754685,0.8685566769735511
q9136,9136,83,5,4644,1498,0.3225667527993109,True,0.3226049515608181,-1.256650275409194,0.033856578412406,0.9986820006663774,-1.3296660897104517,0.5388330695754685,0.8685566769735511
q3963,3963,83,5,9849,3243,0.3292720073103868,True,0.32928934010152283,-1.2238136396873835,0.023151812533594343,0.9993832574662859,-1.2977833736993223,0.5388330695754685,0.8685566769735511
q10133,10133,83,5,5954,2056,0.3453140745717165,True,0.3453400503778338,-1.1461690672509803,0.029502259520409996,0.9989989001302547,-1.2197174108452378,0.5388330695754685,0.8685566769735511
q9052,9052,83,5,5003,1751,0.3499900059964022,True,0.3500199840127898,-1.1238240591066444,0.03210474316444667,0.9988147085115061,-1.1971740011903413,0.5388330695754685,0.8685566769735511
q4599,4599,83,5,17108,6030,0.3524666822539163,True,0.3524753053948214,-1.1121500993515783,0.017340931949649654,0.9996539041664256,-1.186509937195995,0.5388330695754685,0.8685566769735511
q9731,9731,83,5,5527,2002,0.3622218201555998,True,0.3622467438494935,-1.0660099578489624,0.030363709169727252,0.9989396463572352,-1.1395709531634108,0.5388330695754685,0.8685566769735511
q10239,10239,83,5,6074,2303,0.3791570628910108,True,0.3791769547325103,-0.9871634615735089,0.02875672731310726,0.9990488095925587,-1.0609239862182198,0.5388330695754685,0.8685566769735511
q9670,9670,83,5,4506,1724,0.38260097647581,True,0.3826270246283559,-0.9712499398852942,0.033342190511203136,0.9987216947340067,-1.0446834324496783,0.5388330695754685,0.8685566769735511
q4306,4306,83,5,7034,2729,0.3879727040090986,True,0.38798862828713576,-0.9466138208560987,0.026635033334551205,0.9991838805181504,-1.020550875272729,0.5388330695754685,0.8685566769735511
q10085,10085,83,5,4539,1768,0.3895131086142322,True,0.38953744493392073,-0.9395177279999165,0.03313752943962712,0.9987373198058953,-1.013007632346305,0.5388330695754685,0.8685566769735511
q10081,10081,83,5,4518,1778,0.3935369632580788,True,0.3935605222394335,-0.9211269078389915,0.03316876842896027,0.9987349410213167,-0.9946376648840548,0.5388330695754685,0.8685566769735511
q8788,8788,83,5,7674,3044,0.396664060463904,True,0.39667752442996745,-0.9069178271915743,0.025425338479156956,0.9992562752959261,-0.9809583473994111,0.5388330695754685,0.8685566769735511
q6472,6472,83,5,24748,9895,0.3998302893163084,True,0.3998343367408784,-0.8925612741735347,0.014144676017083567,0.9997697032455898,-0.9671091269387502,0.5388330695754685,0.8685566769735511
q17357,17357,83,5,1828,735,0.4020787746170678,True,0.40213231273920175,-0.8821313406088296,0.051994703145595365,0.9968970815097314,-0.9539327779650614,0.5388330695754685,0.8685566769735511
q9675,9675,83,5,4473,1824,0.4077800134138162,True,0.4078006258381761,-0.8564759329209254,0.03318940745910811,0.9987333681783466,-0.9300670125576855,0.5388330695754685,0.8685566769735511
q6157,6157,83,5,5736,2358,0.4110878661087866,True,0.4111033641275928,-0.841572221031021,0.02928261030086428,0.9990137367010089,-0.9154390918738415,0.5388330695754685,0.8685566769735511
q11636,11636,83,6,4350,1797,0.4131034482758621,True,0.41312341990347046,-0.8324721756284619,0.0336065773972091,0.998701368146964,-0.906064627389919,0.5388330695754685,0.8685566769735511
q11874,11874,83,6,2137,888,0.4155357978474497,True,0.4155753040224509,-0.821442100713787,0.04791154468603775,0.9973640577213648,-0.8938503618586636,0.5388330695754685,0.8685566769735511
q9522,9522,83,5,5224,2195,0.4201761102603369,True,0.4201913875598086,-0.8007197962906374,0.030613184130246503,0.9989221694333525,-0.8745467921148108,0.5388330695754685,0.8685566769735511
q10100,10100,83,5,4501,1924,0.4274605643190402,True,0.42747667703243003,-0.7681234645207067,0.03292587600392647,0.9987533780352326,-0.8418433203955888,0.5388330695754685,0.8685566769735511
q10099,10099,83,5,5597,2395,0.427907807754154,True,0.4279206859592712,-0.7661408875990043,0.02952451916672613,0.9989973904028346,-0.8400684078072407,0.5388330695754685,0.8685566769735511
q10236,10236,83,5,6191,2679,0.4327249232757228,True,0.43273578811369506,-0.7446685336786211,0.028045295892758792,0.999095249600385,-0.818697771933595,0.5388330695754685,0.8685566769735511
q9512,9512,83,5,4410,1929,0.4374149659863945,True,0.4374291543867604,-0.7237856468918005,0.033199123179061915,0.9987326274334302,-0.7975442047407697,0.5388330695754685,0.8685566769735511
q8496,8496,83,5,4770,2093,0.4387840670859538,True,0.43879689792496335,-0.7177080798059404,0.031914321354440674,0.9988287109539433,-0.7915504843407069,0.5388330695754685,0.8685566769735511
q10251,10251,83,5,5073,2234,0.4403705893948354,True,0.4403823413480489,-0.7106675538227856,0.030938337167809665,0.9988991771686507,-0.7845735517039448,0.5388330695754685,0.8685566769735511
q10243,10243,83,5,4583,2044,0.4459960724416321,True,0.44600785340314136,-0.6857222412027213,0.03252070023437562,0.998783833273359,-0.7595679812438844,0.5388330695754685,0.8685566769735511
q9711,9711,83,5,4350,1941,0.4462068965517241,True,0.44621925994024364,-0.6847858428580449,0.033379042594538944,0.9987188710526564,-0.7585833792407412,0.5388330695754685,0.8685566769735511
q9997,9997,83,5,4622,2084,0.4508870618779749,True,0.4508976854856154,-0.6640813946467573,0.032360695076808305,0.9987957567853378,-0.7379622632763588,0.5388330695754685,0.8685566769735511
q8646,8646,83,5,4734,2141,0.4522602450359104,True,0.4522703273495248,-0.6580130084770951,0.031969877913824614,0.9988246342338223,-0.731922345841225,0.5388330695754685,0.8685566769735511
q10091,10091,83,5,4359,1973,0.4526267492544161,True,0.45263761467889907,-0.6563897074213381,0.03331479032156568,0.9987237921806619,-0.730227221048729,0.5388330695754685,0.8685566769735511
q17180,17180,83,5,1438,657,0.456884561891516,True,0.4569145239749826,-0.6375006559437275,0.057959348983709275,0.9961472363430067,-0.7095270691964096,0.5388330695754685,0.8685566769735511
q6571,6571,83,6,18142,8373,0.4615257413736082,True,0.4615278619853387,-0.6171518145743107,0.016314872630259842,0.9996936371225552,-0.6917104613866982,0.5388330695754685,0.8685566769735511
q6949,6949,83,6,105708,49683,0.4700022704052673,True,0.4700025541817631,-0.5798311048191738,0.00675402559886408,0.9999474824530007,-0.6545673529043013,0.5388330695754685,0.8685566769735511
q9514,9514,83,5,4444,2119,0.4768226822682268,True,0.4768278965129359,-0.5498192348636483,0.03292281125661735,0.9987536098068512,-0.6238113783484256,0.5388330695754685,0.8685566769735511
q10245,10245,83,5,4478,2142,0.4783385439928539,True,0.47834338021879885,-0.5431598448417475,0.032795147039324464,0.9987632453455503,-0.6171662426179072,0.5388330695754685,0.8685566769735511
q9085,9085,83,5,4406,2111,0.4791193826600091,True,0.4791241207170411,-0.5397296233808946,0.03306077018485576,0.9987431553924522,-0.6137279182182197,0.5388330695754685,0.8685566769735511
q8636,8636,83,5,4523,2173,0.4804333407030732,True,0.48043766578249336,-0.5339592679263087,0.03262862505574506,0.9987757577143614,-0.6079846612117333,0.5388330695754685,0.8685566769735511
q8497,8497,83,5,4445,2145,0.4825646794150731,True,0.4825686009896536,-0.5246000365978507,0.03291097035471004,0.9987545050737675,-0.5986241496407506,0.5388330695754685,0.8685566769735511
q10648,10648,83,6,13494,6521,0.4832518156217578,True,0.4832530566876621,-0.521594308905007,0.01888987751894077,0.9995893406295854,-0.5961200322185352,0.5388330695754685,0.8685566769735511
q4687,4687,83,5,7280,3556,0.4884615384615384,True,0.488463123197363,-0.4987207105495441,0.025713780726065644,0.9992393178535895,-0.5730550920908865,0.5388330695754685,0.8685566769735511
q9872,9872,83,5,4505,2201,0.4885682574916759,True,0.48857079449622726,-0.49824809762431344,0.03268625198410411,0.9987714348309054,-0.5723147329413304,0.5388330695754685,0.8685566769735511
q3974,3974,83,5,12058,5900,0.4893017084093548,True,0.48930259557177214,-0.4950360070115803,0.01998023066566535,0.9995405870152749,-0.569544856607818,0.5388330695754685,0.8685566769735511
q4302,4302,83,5,360,176,0.4888888888888889,True,0.4889196675900277,-0.49671677357696437,0.11547948739493817,0.9848785235025349,-0.5628456664555098,0.5388330695754685,0.8685566769735511
q11634,11634,83,6,2824,1386,0.4907932011331444,True,0.49079646017699113,-0.4884793908897905,0.04128001222857815,0.9980419207973978,-0.5621471289078357,0.5388330695754685,0.8685566769735511
q10092,10092,83,5,4434,2191,0.4941362201172756,True,0.49413754227733936,-0.47381673915715244,0.032945582052468336,0.9987518872518752,-0.5479026664353372,0.5388330695754685,0.8685566769735511
q9503,9503,83,5,4451,2205,0.4953942934172096,True,0.49539532794249774,-0.46829716780718805,0.03288277007147095,0.9987566359504317,-0.5423925629979882,0.5388330695754685,0.8685566769735511
q6265,6265,83,5,4760,2360,0.4957983193277311,True,0.4957992018483512,-0.46652486005612237,0.03179786542688792,0.9988372335457406,-0.5406660859852058,0.5388330695754685,0.8685566769735511
q6879,6879,83,6,15909,7955,0.5000314287510215,True,0.5000314267756129,-0.44795275573539384,0.017395481732159164,0.9996517240573433,-0.522541329919115,0.5388330695754685,0.8685566769735511
q10241,10241,83,5,4683,2364,0.5048046124279308,True,0.5048035866780529,-0.4270092733210966,0.03206412968954091,0.9988177019308232,-0.5011866460770859,0.5388330695754685,0.8685566769735511
q4829,4829,83,5,29475,14914,0.5059881255301103,True,0.5059879223775274,-0.4218109019725197,0.012782397669586196,0.9998119190560304,-0.49648813061225044,0.5388330695754685,0.8685566769735511
q17058,17058,83,5,1200,608,0.5066666666666667,True,0.5066611157368859,-0.4188559061042315,0.06332665652914367,0.9954040598694622,-0.4913578542773898,0.5388330695754685,0.8685566769735511
q10109,10109,83,5,4390,2226,0.5070615034168565,True,0.5070598952402642,-0.4171053932502617,0.03311947325108559,0.9987386937303625,-0.49125561310539245,0.5388330695754685,0.8685566769735511
q6462,6462,83,5,4138,2100,0.5074915418076366,True,0.50748973181928,-0.4152184953330564,0.034113422419736916,0.9986619543640021,-0.48933349368965323,0.5388330695754685,0.8685566769735511
q5101,5101,83,5,460,233,0.5065217391304347,True,0.5065075921908894,-0.41952981218703755,0.10221271689852093,0.9881144589655153,-0.48842541020597297,0.5388330695754685,0.8685566769735511
q8757,8757,83,5,4549,2316,0.5091228841503627,True,0.5091208791208791,-0.4080575221190261,0.03253864039469423,0.9987824927319335,-0.48224030150156666,0.5388330695754685,0.8685566769735511
q9129,9129,83,5,4571,2370,0.5184861080726318,True,0.5184820647419073,-0.36693738350461913,0.03247917390008212,0.9987869334204806,-0.4411721884424864,0.5388330695754685,0.8685566769735511
q4292,4292,83,5,4096,2132,0.5205078125,True,0.5205028069319014,-0.35805429253169035,0.03431587726653196,0.9986460468540843,-0.4322388940336941,0.5388330695754685,0.8685566769735511
q8628,8628,83,5,4555,2374,0.521185510428101,True,0.521180860403863,-0.35507294917931076,0.03254325173881548,0.9987821480399107,-0.42932008950084943,0.5388330695754685,0.8685566769735511
q9776,9776,83,5,4486,2349,0.5236290682122158,True,0.523623802094941,-0.34432862499450057,0.03279962890733742,0.9987629077046034,-0.41858078670218823,0.5388330695754685,0.8685566769735511
q5427,5427,83,5,5852,3071,0.5247778537252221,True,0.5247736203656245,-0.3392699254687873,0.028721346413033103,0.9990511465314064,-0.41364768781753397,0.5388330695754685,0.8685566769735511
q6172,6172,83,5,5676,2983,0.5255461592670895,True,0.5255416593271094,-0.33589025826231794,0.029165340813453955,0.9990216126428215,-0.41025909900720936,0.5388330695754685,0.8685566769735511
q9047,9047,83,5,4401,2321,0.5273801408770734,True,0.527373920945025,-0.32782546877580465,0.03312699875262904,0.9987381211933819,-0.4020880674582753,0.5388330695754685,0.8685566769735511
q9838,9838,83,5,4396,2319,0.5275250227479527,True,0.5275187627928133,-0.3271878079436156,0.03314632943735351,0.9987366499298522,-0.4014506198899916,0.5388330695754685,0.8685566769735511
q4330,4330,83,5,5459,2881,0.5277523355925994,True,0.5277472527472528,-0.32618184903383046,0.029745944779280643,0.9989823107907324,-0.4005444301886944,0.5388330695754685,0.8685566769735511
q10002,10002,83,5,4345,2302,0.5298043728423475,True,0.5297975149562817,-0.3171530106549151,0.0333484625130671,0.9987212143796385,-0.39142245050617364,0.5388330695754685,0.8685566769735511
q10087,10087,83,5,4214,2248,0.5334598955861415,True,0.5334519572953736,-0.3010489710915416,0.03387724739380917,0.998680393057988,-0.3753236631043615,0.5388330695754685,0.8685566769735511
q8510,8510,83,5,4459,2438,0.5467593630858937,True,0.5467488789237668,-0.24231385529380672,0.03299666911984852,0.9987480183285529,-0.3166874974970235,0.5388330695754685,0.8685566769735511
q9735,9735,83,5,4318,2363,0.547244094488189,True,0.5472331558231072,-0.2401699520682546,0.03353364341178519,0.9987069914084997,-0.3145333573570906,0.5388330695754685,0.8685566769735511
q5709,5709,83,5,7876,4332,0.5500253936008126,True,0.5500190427827854,-0.22782946347440355,0.02484268078324982,0.9992899478066348,-0.30238522777934473,0.5388330695754685,0.8685566769735511
q9876,9876,83,5,4479,2467,0.5507925876311677,True,0.55078125,-0.2244509259097906,0.03294566271515368,0.9987518811478341,-0.29884808801197527,0.5388330695754685,0.8685566769735511
q10094,10094,83,5,4330,2385,0.5508083140877598,True,0.5507965827753406,-0.2243829522285218,0.03350767894672564,0.9987089903534663,-0.2987673682353244,0.5388330695754685,0.8685566769735511
q6562,6562,83,6,11268,6233,0.5531593894213702,True,0.5531546721093265,-0.21392418309066225,0.020781719662780574,0.9995030085623796,-0.28855133040467823,0.5388330695754685,0.8685566769735511
q9524,9524,83,5,4386,2445,0.5574555403556771,True,0.5574424435833143,-0.19488114112758395,0.033334801518110455,0.998722260520155,-0.2693072225810079,0.5388330695754685,0.8685566769735511
q6479,6479,83,5,7647,4264,0.5576042892637636,True,0.5575967573221757,-0.19419515415647504,0.02524765784310515,0.9992666261643804,-0.26876852785281247,0.5388330695754685,0.8685566769735511
q10123,10123,83,5,4339,2421,0.557962664208343,True,0.5579493087557603,-0.19262774833781043,0.03351820740548563,0.9987081799770955,-0.2670529439258392,0.5388330695754685,0.8685566769735511
q9502,9502,83,5,4498,2523,0.5609159626500667,True,0.5609024227606134,-0.1794889273093098,0.0329405556153181,0.9987522675914652,-0.2539423055865639,0.5388330695754685,0.8685566769735511
q6477,6477,83,5,16938,9544,0.5634667611288228,True,0.563463014345593,-0.16808215193156859,0.016985691681985188,0.9996679342591693,-0.24277213500619826,0.5388330695754685,0.8685566769735511
q3979,3979,83,5,4358,2456,0.5635612666360716,True,0.5635466850194999,-0.16770918887380948,0.033484330966548195,0.9987107865458907,-0.2421672067962152,0.5388330695754685,0.8685566769735511
q8759,8759,83,5,6960,3927,0.5642241379310344,True,0.5642149116506249,-0.16473002461590758,0.026501045580997723,0.9991920642396415,-0.23930714963781494,0.5388330695754685,0.8685566769735511
q3969,3969,83,5,5431,3067,0.5647210458479102,True,0.5647091310751104,-0.16252602237256242,0.030003126485725184,0.9989646552513436,-0.2370509646959283,0.5388330695754685,0.8685566769735511
q10000,10000,83,5,4436,2527,0.5696573489630298,True,0.5696416497633536,-0.14049947438933771,0.033234982268437074,0.9987298916011389,-0.2149966841889036,0.5388330695754685,0.8685566769735511
q6233,6233,83,5,4871,2775,0.5696982139191131,True,0.569683908045977,-0.14031052703223562,0.03171691265924581,0.9988431396395008,-0.2148323343341146,0.5388330695754685,0.8685566769735511
q8513,8513,83,5,4376,2495,0.5701553930530164,True,0.5701393648617775,-0.1382738000268234,0.03346598759505803,0.9987121968531465,-0.21277006690665767,0.5388330695754685,0.8685566769735511
q3975,3975,83,5,7710,4403,0.5710765239948119,True,0.5710673064453379,-0.13412268511043388,0.02521935674807115,0.99926826817579,-0.2087404573890112,0.5388330695754685,0.8685566769735511
q10247,10247,83,5,4289,2461,0.573793425040802,True,0.5737762237762237,-0.12199257522938238,0.033833914293024944,0.9986837623323768,-0.1965042142544087,0.5388330695754685,0.8685566769735511
q9681,9681,83,5,4439,2562,0.5771570173462491,True,0.5771396396396397,-0.10690629228020809,0.03328634791538825,0.9987259675928649,-0.1814454561607841,0.5388330695754685,0.8685566769735511
q9520,9520,83,5,4506,2605,0.5781180648024856,True,0.5781007321943643,-0.10259005420693887,0.03304642855461143,0.9987442442152814,-0.17713795866888377,0.5388330695754685,0.8685566769735511
q17122,17122,83,5,1636,947,0.5788508557457213,True,0.5788026878436163,-0.09943605494192888,0.05484356245974154,0.9965489457563501,-0.1736054843981322,0.5388330695754685,0.8685566769735511
q3902,3902,83,5,4667,2703,0.57917291622027,True,0.5791559554413025,-0.09784827157180793,0.03248074307967223,0.9987868163450937,-0.1724094793088492,0.5388330695754685,0.8685566769735511
q4714,4714,83,5,4987,2900,0.5815119310206537,True,0.581495589414595,-0.08732413776557213,0.03144176020492609,0.9988631019811971,-0.16191047871190442,0.5388330695754685,0.8685566769735511
q10090,10090,83,5,4418,2582,0.5844273426889995,True,0.5844082371577279,-0.07420131088681149,0.03343230335942001,0.9987147846214521,-0.14878047602464414,0.5388330695754685,0.8685566769735511
q17298,17298,83,5,1225,717,0.5853061224489796,True,0.585236541598695,-0.0704650138942596,0.06348735497223823,0.9953808127354417,-0.14456476943765056,0.5388330695754685,0.8685566769735511
q4574,4574,83,5,11250,6588,0.5856,True,0.5855923917873966,-0.06885924367064193,0.02095955087722838,0.9994944708799421,-0.14355726075123146,0.5388330695754685,0.8685566769735511
q17299,17299,83,5,1251,734,0.586730615507594,True,0.5866613418530351,-0.06403339462373618,0.06285095484531313,0.9954725373098038,-0.13817559076067837,0.5388330695754685,0.8685566769735511
q11938,11938,83,6,3267,1917,0.5867768595041323,True,0.5867503059975521,-0.06363160850559946,0.038903122299703614,0.9982605391535017,-0.13816148939962697,0.5388330695754685,0.8685566769735511
q17069,17069,83,5,1230,728,0.591869918699187,True,0.5917952883834281,-0.04080805377759075,0.06348403527652748,0.9953812935578822,-0.11504485594628111,0.5388330695754685,0.8685566769735511
q9891,9891,83,5,4370,2588,0.5922196796338672,True,0.5921985815602837,-0.03898016187607513,0.03369443749853587,0.9986945779325713,-0.11360229524948263,0.5388330695754685,0.8685566769735511
q6252,6252,83,5,4789,2839,0.5928168719983296,True,0.5927974947807934,-0.03626469003482949,0.03219312118772837,0.9988081815704783,-0.1109029822609582,0.5388330695754685,0.8685566769735511
q4826,4826,83,5,5332,3164,0.5933983495873969,True,0.5933808363022689,-0.033618723157818,0.03051586346040548,0.9989290041549742,-0.10827326477735132,0.5388330695754685,0.8685566769735511
q5613,5613,83,5,4993,2963,0.5934308031243741,True,0.5934120945134161,-0.033476908967377185,0.03153490450235169,0.9988563637365377,-0.10812373932307268,0.5388330695754685,0.8685566769735511
q4307,4307,83,5,4343,2592,0.5968224729449689,True,0.5968001841620626,-0.018086797503606252,0.03384928730598228,0.9986825675269634,-0.09273509028060647,0.5388330695754685,0.8685566769735511
q4618,4618,83,5,5692,3414,0.5997891777933942,True,0.5997716493939926,-0.0045576944785962895,0.029597714120583013,0.9989924180681305,-0.07924839085833318,0.5388330695754685,0.8685566769735511
q10089,10089,83,5,4446,2667,0.5998650472334683,True,0.5998425905104565,-0.0042343305572229975,0.03348927413765465,0.9987104063648342,-0.07890307243019117,0.5388330695754685,0.8685566769735511
q5098,5098,83,5,8358,5016,0.6001435750179469,True,0.6001315946883599,-0.002916811326728207,0.02442896913325164,0.9993133841534207,-0.07763409606336831,0.5388330695754685,0.8685566769735511
q3905,3905,83,5,4667,2813,0.602742661238483,True,0.6027206512425022,0.008899272453679954,0.03271959675587337,0.9987689300063722,-0.06579026146162993,0.5388330695754685,0.8685566769735511
q10246,10246,83,5,4400,2662,0.605,True,0.6049761417859577,0.019212489113381463,0.03372460931730634,0.9986922420537798,-0.05548548045371583,0.5388330695754685,0.8685566769735511
q5712,5712,83,5,5124,3105,0.6059718969555035,True,0.6059512195121951,0.02367676477258589,0.03126289162857561,0.9988759860546138,-0.05103643117698865,0.5388330695754685,0.8685566769735511
q11729,11729,83,6,2541,1541,0.6064541519086973,True,0.6064122738001574,0.02578886894496307,0.044397794558466666,0.9977356678689503,-0.04887084625063464,0.5388330695754685,0.8685566769735511
q17188,17188,83,5,1252,763,0.6094249201277955,True,0.6093375897845171,0.03920842135931166,0.06330605757356442,0.9954070355963334,-0.035398868862212524,0.5388330695754685,0.8685566769735511
q4343,4343,83,5,4292,2620,0.6104380242311277,True,0.6104122990915444,0.04414672520806339,0.03421504138822169,0.9986539815465841,-0.030582680618436834,0.5388330695754685,0.8685566769735511
q9879,9879,83,5,4712,2878,0.6107809847198642,True,0.6107574793125398,0.04573378234103037,0.03265923026802157,0.9987734628098345,-0.029001229052438023,0.5388330695754685,0.8685566769735511
q4598,4598,83,5,13462,8228,0.6112019016490863,True,0.6111936418331724,0.047739819087554425,0.01932663439130185,0.9995701394672286,-0.02701918759761539,0.5388330695754685,0.8685566769735511
q9993,9993,83,5,4536,2777,0.6122134038800705,True,0.612188670927926,0.05231903810860711,0.0333049883625592,0.9987245420904501,-0.022422951998128063,0.5388330695754685,0.8685566769735511
q4336,4336,83,5,4803,2941,0.6123256298146992,True,0.6123022481265612,0.052841979659213535,0.032367658695814934,0.9987952390777233,-0.021902227726701334,0.5388330695754685,0.8685566769735511
q6174,6174,83,5,4930,3020,0.6125760649087221,True,0.6125532346380045,0.05399777395636566,0.0319512304044643,0.9988260033681271,-0.020748464947410387,0.5388330695754685,0.8685566769735511
q3976,3976,83,5,4654,2857,0.6138805328749463,True,0.6138560687432868,0.06000136938653424,0.032901559075901504,0.9987552164131785,-0.014750872247341942,0.5388330695754685,0.8685566769735511
q4116,4116,83,5,5486,3368,0.6139263580021874,True,0.6139055950428285,0.060229726063925036,0.03030521050268455,0.9989437238607233,-0.014525540892557651,0.5388330695754685,0.8685566769735511
q6447,6447,83,5,9499,5846,0.6154332034951048,True,0.615421052631579,0.0672220273620573,0.023045382703618913,0.9993889113570071,-0.0075439859372455655,0.5388330695754685,0.8685566769735511
q10124,10124,83,5,4460,2748,0.6161434977578475,True,0.616117462452365,0.07043839828154443,0.03363959742294763,0.9986988182830059,-0.00432659086504349,0.5388330695754685,0.8685566769735511
q10005,10005,83,5,4707,2910,0.6182281708094327,True,0.6182030586236194,0.08008275600357886,0.032773010800975624,0.9987649123028296,0.005305568895065922,0.5388330695754685,0.8685566769735511
q3982,3982,83,5,6682,4146,0.6204729123017061,True,0.6204548855304504,0.09051640696286054,0.027533023189606497,0.9991279713465169,0.015732050028530776,0.5388330695754685,0.8685566769735511
q5762,5762,83,5,8570,5324,0.6212368728121354,True,0.6212227278030569,0.0940791154289264,0.024320020563614778,0.9993194906912413,0.019295349659942184,0.5388330695754685,0.8685566769735511
q3980,3980,83,5,11498,7153,0.6221081927291703,True,0.6220975737020611,0.09814143464589162,0.021004406970145148,0.9994923058716064,0.02335894326134848,0.5388330695754685,0.8685566769735511
q4331,4331,83,5,4736,2947,0.6222550675675675,True,0.6222292590246992,0.09875320122915993,0.032727518795621156,0.9987683345373779,0.023953036557445125,0.5388330695754685,0.8685566769735511
q9521,9521,83,5,4465,2779,0.6223964165733482,True,0.6223690103000448,0.0994025228737937,0.033707865083519535,0.9986935386361984,0.02459971609012277,0.5388330695754685,0.8685566769735511
q17082,17082,83,5,2278,1425,0.625548726953468,True,0.6254936375603335,0.11394303114149694,0.0472503086185998,0.9974361286421861,0.039071971972053886,0.5388330695754685,0.8685566769735511
q3978,3978,83,5,5799,3629,0.6257975513019486,True,0.6257758620689655,0.11525852922743977,0.029622150159487607,0.9989907553305456,0.040447040864793685,0.5388330695754685,0.8685566769735511
q9998,9998,83,5,4384,2751,0.6275091240875912,True,0.6274800456100342,0.12320976849555274,0.034093635806320986,0.9986635040378654,0.04837440361511487,0.5388330695754685,0.8685566769735511
q9517,9517,83,5,4270,2685,0.6288056206088993,True,0.6287754624209787,0.12926279901844726,0.034565722817047485,0.9986262866573484,0.054417316231224484,0.5388330695754685,0.8685566769735511
q17399,17399,83,5,1194,751,0.6289782244556114,True,0.6288702928870293,0.12970621652785863,0.06534991998342851,0.9951071510989785,0.054666798822611336,0.5388330695754685,0.8685566769735511
q9501,9501,83,5,4573,2877,0.6291274874261973,True,0.6290992566681242,0.1307770016638845,0.03340610694329407,0.9987167953510082,0.05593450786016749,0.5388330695754685,0.8685566769735511
q9986,9986,83,5,4379,2756,0.6293674354875542,True,0.629337899543379,0.13189331504852803,0.0341415962695667,0.9986597462643367,0.05704612998905692,0.5388330695754685,0.8685566769735511
q3981,3981,83,5,6478,4082,0.6301327570237728,True,0.630112671708597,0.1355193650868858,0.028081475991807783,0.9990929158498718,0.06069363470636683,0.5388330695754685,0.8685566769735511
q10086,10086,83,5,4310,2716,0.6301624129930394,True,0.6301322199025748,0.13561089036004664,0.034426175980922145,0.9986373409440401,0.06075735966077039,0.5388330695754685,0.8685566769735511
q5766,5766,83,5,5060,3189,0.6302371541501977,True,0.6302114206678522,0.13598172947610937,0.03177425183885132,0.9988389578769583,0.06114003464446397,0.5388330695754685,0.8685566769735511
q6756,6756,83,5,5487,3461,0.6307636231091671,True,0.6307397959183674,0.1384564877699412,0.030520490627672394,0.9989286796848428,0.06361763365031245,0.5388330695754685,0.8685566769735511
q10152,10152,83,5,4350,2744,0.6308045977011494,True,0.6307745345897495,0.13861924042945303,0.034277642486003894,0.9986490582510664,0.06376235850852777,0.5388330695754685,0.8685566769735511
q10705,10705,83,6,4194,2646,0.630901287553648,True,0.6308700834326579,0.13906692198297463,0.03491070024610405,0.9985987682060448,0.06420620180673695,0.5388330695754685,0.8685566769735511
q9513,9513,83,5,4398,2777,0.6314233742610278,True,0.6313934985223915,0.14152009096871937,0.03409983155016832,0.9986630188876695,0.06666022203271481,0.5388330695754685,0.8685566769735511
q9985,9985,83,5,4774,3046,0.6380393799748638,True,0.6380104712041885,0.17264877596336708,0.0328327591813716,0.998760410415652,0.09775682106603822,0.5388330695754685,0.8685566769735511
q9854,9854,83,5,4444,2842,0.6395139513951396,True,0.6394825646794151,0.17960408147940518,0.03405433808943907,0.9986665791559673,0.10469366820263318,0.5388330695754685,0.8685566769735511
q5030,5030,83,5,4809,3088,0.6421293408192972,True,0.6420997920997921,0.19199780997612048,0.03277964103455149,0.99876441313422,0.11708233944518755,0.5388330695754685,0.8685566769735511
q17227,17227,83,5,1298,835,0.6432973805855162,True,0.6431870669745958,0.1971572197535526,0.0631120029893234,0.9954350220899101,0.12182790149501718,0.5388330695754685,0.8685566769735511
q4921,4921,83,5,5406,3481,0.6439141694413615,True,0.6438875531718143,0.20048458151891957,0.03094525050075196,0.9988986856863411,0.12557550477815843,0.5388330695754685,0.8685566769735511
q10235,10235,83,5,4570,2945,0.6444201312910285,True,0.6443885364252899,0.20286591966037942,0.03366498692816694,0.9986968559670301,0.12792836688070566,0.5388330695754685,0.8685566769735511
q9049,9049,83,5,4414,2845,0.6445400996828273,True,0.6445073612684031,0.2034309335108534,0.03425668303860824,0.9986507076143358,0.12848670697551057,0.5388330695754685,0.8685566769735511
q3968,3968,83,5,5083,3282,0.6456816840448554,True,0.6456530291109362,0.2088825623899001,0.031942266292886205,0.998826661246657,0.13395457749553819,0.5388330695754685,0.8685566769735511
q17155,17155,83,5,1432,925,0.645949720670391,True,0.645847871598046,0.2098104325190292,0.06017131372055962,0.9958487945691403,0.1344792283791987,0.5388330695754685,0.8685566769735511
q17095,17095,83,5,1227,794,0.6471067644661777,True,0.6469869706840391,0.21523920552162884,0.0650388110089691,0.9951534013733557,0.13978778453551904,0.5388330695754685,0.8685566769735511
q10096,10096,83,5,4386,2842,0.6479708162334701,True,0.647937086847504,0.21977284904467925,0.03442754085083113,0.998637233040414,0.1448046186439684,0.5388330695754685,0.8685566769735511
q6848,6848,83,6,12958,8402,0.6484025312548233,True,0.6483910795586079,0.22194094509366016,0.02003590020955802,0.9995380245714787,0.14710232986020602,0.5388330695754685,0.8685566769735511
q9518,9518,83,5,4308,2795,0.6487929433611885,True,0.6487584126247389,0.22369604020614117,0.034752929989322175,0.9986113870802591,0.14871861428982192,0.5388330695754685,0.8685566769735511
q10760,10760,83,6,5683,3693,0.6498328347703678,True,0.6498064743138635,0.2287078311949169,0.030275878238829997,0.9989457654455376,0.15377491911185392,0.5388330695754685,0.8685566769735511
q8886,8886,83,5,5016,3270,0.6519138755980861,True,0.6518835957743672,0.23865919467450777,0.03226203021906907,0.9988030800741455,0.16369240701893553,0.5388330695754685,0.8685566769735511
q9899,9899,83,5,5078,3332,0.6561638440330839,True,0.6561330970663516,0.25909730293824956,0.03214051617792964,0.9988120687349958,0.18410770935363288,0.5388330695754685,0.8685566769735511
q6711,6711,83,6,23495,15563,0.6623962545222388,True,0.662389342866871,0.2893876240794526,0.014997648897731385,0.9997410977962807,0.21456143310343606,0.5388330695754685,0.8685566769735511
q9027,9027,83,5,4618,3066,0.6639237765266349,True,0.6638882875081187,0.29668174275241516,0.033856021059328924,0.9986820440031126,0.22161864750322902,0.5388330695754685,0.8685566769735511
q17263,17263,83,5,1394,928,0.6657101865136298,True,0.6655913978494624,0.30498713099779196,0.061669605444700466,0.9956403995682979,0.229212852861626,0.5388330695754685,0.8685566769735511
q3965,3965,83,5,5210,3468,0.6656429942418426,True,0.6656112070619843,0.3050838448628731,0.03190825007680528,0.9988291560343299,0.23004355785824326,0.5388330695754685,0.8685566769735511
q9855,9855,83,5,4777,3181,0.6658990998534645,True,0.6658643784010047,0.30632012360089006,0.03332787469816447,0.9987227908037244,0.23125376029106828,0.5388330695754685,0.8685566769735511
q9991,9991,83,5,4365,2917,0.6682703321878579,True,0.668231791113147,0.3179012920726897,0.03491590596003006,0.9985983508709184,0.24278988202426316,0.5388330695754685,0.8685566769735511
q9149,9149,83,5,4354,2911,0.6685806155259532,True,0.6685419058553387,0.31942113866892097,0.03496673437792519,0.9985942727729992,0.2443066006200905,0.5388330695754685,0.8685566769735511
q3973,3973,83,5,4321,2890,0.6688266604952557,True,0.6687875983341046,0.32062572051723953,0.035105361045329325,0.9985831204069413,0.2455067472888983,0.5388330695754685,0.8685566769735511
q17148,17148,83,5,1543,1033,0.6694750486066104,True,0.6693652849740933,0.32345962399031386,0.058755622819219123,0.9960410688329715,0.24770445520361525,0.5388330695754685,0.8685566769735511
q4914,4914,83,5,6359,4264,0.6705456832835351,True,0.6705188679245283,0.32912548885553156,0.028970810204911476,0.9990346080973617,0.25410931056839065,0.5388330695754685,0.8685566769735511
q9902,9902,83,5,4236,2842,0.6709159584513692,True,0.6708756195421288,0.3308795444931264,0.03550244746407475,0.9985509324030841,0.25573779919599177,0.5388330695754685,0.8685566769735511
q9996,9996,83,5,4486,3024,0.6740971912617031,True,0.6740583909070649,0.34656778227012314,0.034569941718333476,0.998625951761947,0.2714236937043652,0.5388330695754685,0.8685566769735511
q9789,9789,83,5,4499,3035,0.6745943543009558,True,0.6745555555555556,0.3490248338810609,0.03453116795734559,0.9986290280841594,0.27387821290217723,0.5388330695754685,0.8685566769735511
q9508,9508,83,5,4305,2909,0.675725900116144,True,0.6756850905712959,0.3546137333428269,0.03532665177549515,0.9985652268855167,0.2794415958140707,0.5388330695754685,0.8685566769735511
q4010,4010,83,5,469,318,0.6780383795309168,True,0.6776595744680851,0.3644056346617718,0.10706807944203836,0.9869735115442241,0.28586208140486463,0.5388330695754685,0.8685566769735511
q17333,17333,83,5,1271,862,0.6782061369000787,True,0.6780660377358491,0.36642492162943696,0.06510040151081911,0.9951442623491182,0.2902380987235956,0.5388330695754685,0.8685566769735511
q6986,6986,83,6,17582,11931,0.6785917415538619,True,0.6785815844850139,0.3689878858911747,0.01751585254704532,0.9996468891871011,0.29411336843312275,0.5388330695754685,0.8685566769735511
q10001,10001,83,5,4261,2899,0.680356723773762,True,0.6803144063819803,0.3776168642136067,0.035618968839414955,0.9985414188194429,0.30240451222788234,0.5388330695754685,0.8685566769735511
q9504,9504,83,5,4365,2973,0.6810996563573883,True,0.6810581768208886,0.38132755880613806,0.03521010111611211,0.9985746650820575,0.30611998634340326,0.5388330695754685,0.8685566769735511
q9995,9995,83,5,4381,2987,0.6818078064368865,True,0.6817663167503423,0.38486439146040585,0.03516289139661511,0.9985784792694077,0.30965296058230696,0.5388330695754685,0.8685566769735511
q4821,4821,83,5,7845,5361,0.6833652007648183,True,0.6833418302319654,0.3927471246840078,0.026307009987386668,0.9992038426447858,0.3177233391936243,0.5388330695754685,0.8685566769735511
q8376,8376,83,5,4844,3314,0.6841453344343518,True,0.6841073271413829,0.39658403916241564,0.03349511703465205,0.998709956913539,0.32139825983154424,0.5388330695754685,0.8685566769735511
q5711,5711,83,5,6478,4448,0.6866316764433467,True,0.6866028708133971,0.40912437553890374,0.02901632639685133,0.9990315751898373,0.3340299529103363,0.5388330695754685,0.8685566769735511
q10083,10083,83,5,4290,2946,0.6867132867132867,True,0.6866697739454672,0.4094612480285281,0.03565643726291859,0.9985383530619961,0.3342014223435985,0.5388330695754685,0.8685566769735511
q5722,5722,83,5,3981,2738,0.6877668927405175,True,0.6877197388247112,0.4147527479268283,0.03704197602254672,0.9984227352728463,0.33944587995600606,0.5388330695754685,0.8685566769735511
q4768,4768,83,5,4500,3098,0.6884444444444444,True,0.6884025772050656,0.41819879839668067,0.03485817693365269,0.998602975468065,0.34294839465281146,0.5388330695754685,0.8685566769735511
q10105,10105,83,5,4295,2966,0.690570430733411,True,0.6905260707635009,0.4289395621798521,0.03573557193642263,0.9985318675400047,0.3536489691062625,0.5388330695754685,0.8685566769735511
q4185,4185,83,5,4003,2766,0.6909817636772421,True,0.6909340659340659,0.431007465288226,0.037026826500714656,0.9984240231236977,0.35567541810497627,0.5388330695754685,0.8685566769735511
q17385,17385,83,5,1125,781,0.6942222222222222,True,0.6940497335701599,0.4468448716390223,0.06998501878012013,0.9943924927903833,0.36998783646269867,0.5388330695754685,0.8685566769735511
q4617,4617,83,5,21734,15094,0.6944878991441981,True,0.6944789510006901,0.44903306994261005,0.015934392785445405,0.9997077557769829,0.37415306774322277,0.5388330695754685,0.8685566769735511
q3971,3971,83,5,4750,3308,0.6964210526315789,True,0.6963797095348347,0.4587423413914556,0.034131302541327756,0.9986605532360631,0.3834574055577484,0.5388330695754685,0.8685566769735511
q9046,9046,83,5,4382,3060,0.6983112733911456,True,0.6982660278348163,0.4684088681181508,0.03558718235927213,0.9985440171540987,0.39306511142807216,0.5388330695754685,0.8685566769735511
q10084,10084,83,5,4208,2943,0.6993821292775665,True,0.6993347588500831,0.4738995398448072,0.03634569259065151,0.998481384922693,0.3985227904963996,0.5388330695754685,0.8685566769735511
q10316,10316,83,5,5124,3600,0.702576112412178,True,0.7025365853658536,0.490410444453876,0.03302176378247416,0.9987461156761971,0.4151186540390717,0.5388330695754685,0.8685566769735511
q6258,6258,83,5,10726,7551,0.7039903039343651,True,0.703971287405612,0.4978391303955556,0.022851330953796354,0.999399153114621,0.4228143048401849,0.5388330695754685,0.8685566769735511
q17594,17594,83,5,475,337,0.7094736842105264,True,0.7090336134453782,0.5242054917332484,0.10893461700311592,0.9865215413316835,0.44337717631124973,0.5388330695754685,0.8685566769735511
q9075,9075,83,5,4477,3170,0.7080634353361626,True,0.7080169718624386,0.5188908523565835,0.03548597420131768,0.9985522748898393,0.44347726219089156,0.5388330695754685,0.8685566769735511
q10238,10238,83,5,4254,3020,0.7099200752233192,True,0.7098707403055229,0.5285892225059986,0.036460852795838244,0.9984717610371229,0.45312505308268775,0.5388330695754685,0.8685566769735511
q17419,17419,83,5,303,216,0.7128712871287128,True,0.712171052631579,0.540670580075134,0.13667642673564542,0.9789453741853046,0.45609060471611523,0.5388330695754685,0.8685566769735511
q10240,10240,83,5,4361,3103,0.7115340518229764,True,0.7114855570839065,0.5370648452400857,0.03606049308482274,0.9985050886438784,0.46160313019981675,0.5388330695754685,0.8685566769735511
q8388,8388,83,5,4423,3149,0.7119602080036175,True,0.7119122965641953,0.5393089628191596,0.035820042658819974,0.9985249289280057,0.4638531095946245,0.5388330695754685,0.8685566769735511
q17216,17216,83,5,1211,863,0.7126341866226259,True,0.7124587458745875,0.5421852543815436,0.06846787980854671,0.9946316862944576,0.46490539986440305,0.5388330695754685,0.8685566769735511
q10093,10093,83,5,4284,3055,0.7131185807656396,True,0.7130688448074679,0.5454001042112443,0.03643276096792535,0.9984741114486743,0.46991134991647276,0.5388330695754685,0.8685566769735511
q3901,3901,83,5,6510,4646,0.7136712749615975,True,0.7136384579941637,0.5484049996999443,0.02957049891734074,0.9989942683038482,0.47315802443579025,0.5388330695754685,0.8685566769735511
q6473,6473,83,5,4144,2958,0.7138030888030888,True,0.713751507840772,0.5490017643145302,0.0370649149737576,0.9984207842513108,0.47348222487034114,0.5388330695754685,0.8685566769735511
q4334,4334,83,5,4780,3414,0.7142259414225941,True,0.7141811336540472,0.5512708433737238,0.0345246101859197,0.998629548040326,0.47584719655496105,0.5388330695754685,0.8685566769735511
q10003,10003,83,5,4339,3104,0.715372205577322,True,0.7153225806451613,0.5573085554912223,0.03627258352592919,0.9984874789107044,0.48180808053442703,0.5388330695754685,0.8685566769735511
q4583,4583,83,5,5225,3755,0.7186602870813397,True,0.7186184462303865,0.574817679904517,0.033152439023075714,0.9987361847500683,0.499415086650014,0.5388330695754685,0.8685566769735511
q4809,4809,83,5,4500,3259,0.7242222222222222,True,0.7241724061319706,0.6045844510064836,0.03590598290778075,0.9985178528932577,0.5290285628165785,0.5388330695754685,0.8685566769735511
q17593,17593,83,5,838,609,0.7267303102625299,True,0.7264600715137068,0.6169440371035464,0.08334532609699838,0.9920657697034909,0.5378716822381945,0.5388330695754685,0.8685566769735511
q17579,17579,83,5,458,336,0.7336244541484717,True,0.7331154684095861,0.6532432672458713,0.11341813949512483,0.9854057438689974,0.5700302631948199,0.5388330695754685,0.8685566769735511
q9102,9102,83,5,4272,3128,0.7322097378277154,True,0.7321553943365318,0.6479747351127669,0.03713695570092677,0.998414649183934,0.5722953793485697,0.5388330695754685,0.8685566769735511
q4595,4595,83,5,7786,5726,0.7354225533007963,True,0.7353923205342237,0.665782360402635,0.0275995575253402,0.9991237553874409,0.5904938633922475,0.5388330695754685,0.8685566769735511
q10781,10781,83,6,4327,3188,0.7367691241044604,True,0.7367144177449169,0.6730925971878113,0.03707070139921072,0.9984202919101853,0.5973767969675683,0.5388330695754685,0.8685566769735511
q5719,5719,83,5,11512,8496,0.7380125086865879,True,0.7379918353165986,0.680176453305995,0.022758983515926895,0.999403996731824,0.6050450032921443,0.5388330695754685,0.8685566769735511
q5609,5609,83,5,4781,3535,0.739385065885798,True,0.7393350062735258,0.687647111745132,0.03536308705905654,0.9985622700173704,0.6119953346838607,0.5388330695754685,0.8685566769735511
q10248,10248,83,5,4174,3089,0.7400574988021082,True,0.74,0.6913542739307011,0.03787301037656171,0.9983512877191592,0.6155670787361595,0.5388330695754685,0.8685566769735511
q10250,10250,83,5,4264,3179,0.7455440900562852,True,0.7454865181711606,0.7221598785516257,0.037692531072346235,0.9983669381614784,0.6463320257065793,0.5388330695754685,0.8685566769735511
q4711,4711,83,5,5047,3783,0.7495541906082821,True,0.7495047543581617,0.7449779978629256,0.034801072402824006,0.9986075425509385,0.669274136453485,0.5388330695754685,0.8685566769735511
q4000,4000,83,5,6657,4992,0.7498873366381252,True,0.74984980474617,0.7469478426506043,0.03031442982002819,0.998943081770995,0.6714667801350758,0.5388330695754685,0.8685566769735511
q9507,9507,83,5,4358,3270,0.7503441945846718,True,0.7502867630190411,0.7494447790664405,0.03748370250970579,0.9983849542504248,0.6735845232811442,0.5388330695754685,0.8685566769735511
q4333,4333,83,5,5430,4086,0.7524861878453039,True,0.7524396980298288,0.7617869842861614,0.033663818562592235,0.9986969463005438,0.686121138916821,0.5388330695754685,0.8685566769735511
q10237,10237,83,5,4401,3316,0.753465121563281,True,0.7534075420263516,0.7673570480758727,0.03743376528107281,0.9983892477090877,0.6914708367478204,0.5388330695754685,0.8685566769735511
q6636,6636,83,6,18174,13692,0.7533839551006933,True,0.7533700137551582,0.7671408152322384,0.01842181613066946,0.9996094316306913,0.6920997711742352,0.5388330695754685,0.8685566769735511
q10006,10006,83,5,4427,3339,0.7542353738423312,True,0.7541779584462511,0.7718006178220089,0.037357123106366345,0.9983958261200332,0.6959118343535347,0.5388330695754685,0.8685566769735511
q5626,5626,83,5,4480,3379,0.7542410714285714,True,0.7541843338540505,0.7718374257509264,0.03713581703036446,0.9984147462464396,0.6959617718280959,0.5388330695754685,0.8685566769735511
q9992,9992,83,5,4312,3260,0.7560296846011132,True,0.7559703222814746,0.7821722610409194,0.03793151714224478,0.9983461983069962,0.7062317328572233,0.5388330695754685,0.8685566769735511
q3977,3977,83,5,5399,4088,0.757177255047231,True,0.7571296296296296,0.7889061060814783,0.03394608841952654,0.998675031647851,0.7131892730091384,0.5388330695754685,0.8685566769735511
q9509,9509,83,5,4325,3278,0.7579190751445086,True,0.7578594544613962,0.793155664773284,0.03795959447401938,0.9983437531324959,0.7171952156411225,0.5388330695754685,0.8685566769735511
q6649,6649,83,6,21504,16294,0.7577194940476191,True,0.7577075098814229,0.7922702716661472,0.01702221979931377,0.9996665049703714,0.7172603629383111,0.5388330695754685,0.8685566769735511
q4338,4338,83,5,4122,3130,0.7593401261523532,True,0.759277225321368,0.801434068093271,0.0389492050525905,0.9982564229402259,0.7253964482234434,0.5388330695754685,0.8685566769735511
q4283,4283,83,5,5620,4272,0.7601423487544484,True,0.7600960683152463,0.8062293622744642,0.033391013469988684,0.9987179531521639,0.7305209717452092,0.5388330695754685,0.8685566769735511
q9990,9990,83,5,4743,3606,0.7602783048703352,True,0.7602234401349073,0.8069762063258225,0.036352254153985374,0.9984808373887922,0.7310932408224201,0.5388330695754685,0.8685566769735511
q3996,3996,83,5,5937,4514,0.7603166582449048,True,0.7602728191310205,0.807265807496213,0.03249448768102229,0.9987857906294676,0.7316057788208673,0.5388330695754685,0.8685566769735511
q9988,9988,83,5,4382,3337,0.7615244180739389,True,0.7614647501711157,0.8142678438000585,0.03787712655762931,0.9983509299142137,0.7382777348976296,0.5388330695754685,0.8685566769735511
q8878,8878,83,5,4295,3276,0.7627473806752038,True,0.7626862197392924,0.82146654213828,0.03831642585445447,0.998312521151937,0.7454358824118352,0.5388330695754685,0.8685566769735511
q3966,3966,83,5,4799,3668,0.7643259012294228,True,0.7642708333333333,0.8308407713417336,0.036320693382211194,0.9984834700976855,0.7549235421960214,0.5388330695754685,0.8685566769735511
q17346,17346,83,5,1356,1038,0.7654867256637168,True,0.7652910832719234,0.8368977390239704,0.0683978207812229,0.9946426079862065,0.7580440991537295,0.5388330695754685,0.8685566769735511
q9778,9778,83,5,4285,3291,0.7680280046674446,True,0.7679654689687354,0.8528557995421849,0.03861776849036448,0.9982859198254349,0.7767514730100712,0.5388330695754685,0.8685566769735511
q6437,6437,83,5,4447,3417,0.7683831796716888,True,0.7683228417266187,0.8549972319322304,0.03792547096667818,0.9983467246159419,0.7789366763286235,0.5388330695754685,0.8685566769735511
q6259,6259,83,5,6653,5114,0.7686757853599879,True,0.7686354072738203,0.8568719289458506,0.031020402379773,0.9988933359390465,0.7812357793797349,0.5388330695754685,0.8685566769735511
q4337,4337,83,5,5725,4401,0.7687336244541485,True,0.7686866922808243,0.8571796816232448,0.03344197975865478,0.9987140415041217,0.7814029098888224,0.5388330695754685,0.8685566769735511
q11569,11569,83,6,2183,1690,0.7741639945029776,True,0.7740384615384616,0.8895424704015835,0.05453306076181679,0.9965877790760964,0.8119916627041625,0.5388330695754685,0.8685566769735511
q10916,10916,83,6,4529,3509,0.7747847206888938,True,0.7747240618101545,0.8937245579123547,0.037899981028730156,0.9983489425538434,0.8176017917629793,0.5388330695754685,0.8685566769735511
q4280,4280,83,5,6426,4988,0.7762215997510116,True,0.7761786214407966,0.9026251071375181,0.031881840007376615,0.9988310911541386,0.8268867945493199,0.5388330695754685,0.8685566769735511
q10758,10758,83,6,4438,3461,0.7798557908968003,True,0.7797927461139896,0.9249075178555525,0.03855501361195422,0.998291476638602,0.848684412953408,0.5388330695754685,0.8685566769735511
q3972,3972,83,5,5606,4374,0.7802354620049946,True,0.7801854824326735,0.9273435226169027,0.034324019373348884,0.9986454051450574,0.8514180055956015,0.5388330695754685,0.8685566769735511
q10234,10234,83,5,4281,3345,0.7813594954449895,True,0.7812937879495563,0.9342336973296534,0.03933880045528873,0.9982214300437807,0.857934455970495,0.5388330695754685,0.8685566769735511
q8505,8505,83,5,4269,3338,0.7819161396111501,True,0.7818501170960187,0.9377011421496624,0.03942525245562433,0.9982136181681927,0.8613889925914902,0.5388330695754685,0.8685566769735511
q17234,17234,83,5,1229,962,0.7827502034174125,True,0.782520325203252,0.9418862606760844,0.07352789805007834,0.9938139811253788,0.8617516408322027,0.5388330695754685,0.8685566769735511
q17053,17053,83,5,1465,1147,0.7829351535836178,True,0.7827421555252387,0.9432733920182907,0.06737146109899946,0.9948013552940459,0.8639877285501668,0.5388330695754685,0.8685566769735511
q9846,9846,83,5,4288,3356,0.7826492537313433,True,0.7825833527628818,0.94228028261029,0.03937911385391497,0.9982177894097635,0.8659635715511357,0.5388330695754685,0.8685566769735511
q9734,9734,83,5,4382,3438,0.7845732542218166,True,0.7845083276294775,0.9543516860891983,0.03906304624069135,0.9982462336516829,0.8780384802633812,0.5388330695754685,0.8685566769735511
q10825,10825,83,6,4077,3202,0.7853814078979642,True,0.7853114271701814,0.9594094159915862,0.04054500206196838,0.9981108985204004,0.8829676173825083,0.5388330695754685,0.8685566769735511
q5710,5710,83,5,5451,4291,0.7871950100898918,True,0.7871423330887748,0.970988188982946,0.035160511131913603,0.9985786714420034,0.8949437432044307,0.5388330695754685,0.8685566769735511
q9994,9994,83,5,4275,3369,0.7880701754385965,True,0.7880028063610851,0.9764532892932696,0.03975307585495621,0.9981838410859853,0.9000450641247115,0.5388330695754685,0.8685566769735511
q3970,3970,83,5,8584,6769,0.7885601118359739,True,0.7885264997087944,0.9797868176857174,0.028077593797200248,0.9990931664093942,0.9041954924409016,0.5388330695754685,0.8685566769735511
q8425,8425,83,5,9035,7138,0.7900387382401771,True,0.7900066401062417,0.9892391534240267,0.02742909409181889,0.9991345365401134,0.9136770881661651,0.5388330695754685,0.8685566769735511
q9505,9505,83,5,4443,3520,0.7922574836821967,True,0.7921917191719172,1.0032772047730771,0.039243147720161416,0.9982300534640285,0.926863171608338,0.5388330695754685,0.8685566769735511
q11880,11880,83,6,2699,2139,0.7925157465728048,True,0.7924074074074074,1.0046683939385264,0.05036322615202358,0.9970881936079462,0.9271900855120587,0.5388330695754685,0.8685566769735511
q10249,10249,83,5,4235,3366,0.7948051948051948,True,0.7947355996222851,1.0197491886354142,0.04035460479752592,0.9981285659852117,0.9432100974480561,0.5388330695754685,0.8685566769735511
q17103,17103,83,5,1311,1045,0.7971014492753623,True,0.796875,1.0337120327787266,0.07275735847640147,0.9939421739046626,0.9531323063395257,0.5388330695754685,0.8685566769735511
q3967,3967,83,5,6468,5177,0.8004019789734076,True,0.8003555418148091,1.0566488322849046,0.0329513742456153,0.9987514488975833,0.9806522810059111,0.5388330695754685,0.8685566769735511
q11835,11835,83,6,2074,1673,0.8066538090646095,True,0.8065060240963855,1.0978790003525956,0.05878600280561735,0.9960369900197584,1.0190537854925104,0.5388330695754685,0.8685566769735511
q17325,17325,83,5,1327,1071,0.8070836473247928,True,0.8068524096385542,1.1002285397066167,0.07352640389445098,0.9938142309790408,1.0191146677504166,0.5388330695754685,0.8685566769735511
q5645,5645,83,5,6907,5575,0.8071521644708267,True,0.8071077012159815,1.1019621128356458,0.03225208666678706,0.998803816888743,1.02596277756496,0.5388330695754685,0.8685566769735511
q4332,4332,83,5,5798,4684,0.8078647809589513,True,0.8078116916709778,1.106751111415851,0.03524421402965694,0.9985719058505875,1.0305067199602524,0.5388330695754685,0.8685566769735511
q4575,4575,83,5,4553,3693,0.8111135515045025,True,0.8110452349582784,1.1289107236921045,0.03999836279734132,0.9981614009182347,1.052201956514434,0.5388330695754685,0.8685566769735511
q11949,11949,83,6,1868,1518,0.8126338329764454,True,0.8124665596575709,1.138737533562098,0.06259532138753994,0.995509126418863,1.059188766524152,0.5388330695754685,0.8685566769735511
q8620,8620,83,5,4167,3390,0.8135349172066235,True,0.8134596928982726,1.145635892404511,0.04199177072255131,0.9979739534456042,1.0686956433593187,0.5388330695754685,0.8685566769735511
q10259,10259,83,5,4216,3437,0.8152277039848197,True,0.8151529523357838,1.157459025135709,0.041876759490241784,0.9979850141898966,1.0805067972127138,0.5388330695754685,0.8685566769735511
q3964,3964,83,5,4314,3522,0.8164116828929068,True,0.8163383545770567,1.165783010158992,0.0414895059627657,0.9980220354942755,1.0888544002258405,0.5388330695754685,0.8685566769735511
q6590,6590,83,6,5226,4276,0.8182166092613854,True,0.8181557298641668,1.1786212212923717,0.037825307696127,0.9983554315251816,1.102035237240411,0.5388330695754685,0.8685566769735511
q17199,17199,83,5,1452,1196,0.8236914600550964,True,0.8234686854783207,1.2167011996516919,0.07248194972282546,0.9939876733251556,1.135064913841581,0.5388330695754685,0.8685566769735511
q10242,10242,83,5,4316,3578,0.8290083410565339,True,0.8289321287931434,1.2567562120811273,0.042516629861879894,0.9979230952716023,1.1795307144665343,0.5388330695754685,0.8685566769735511
q11589,11589,83,6,3351,2781,0.8299015219337511,True,0.8298031026252983,1.2632297612925687,0.04833717805704267,0.9973171418831988,1.1852706678930975,0.5388330695754685,0.8685566769735511
q6143,6143,83,5,4048,3373,0.8332509881422925,True,0.8331686836255866,1.2884813802260895,0.04429361748373695,0.9977462577521464,1.2109753628606814,0.5388330695754685,0.8685566769735511
q9702,9702,83,5,4261,3552,0.8336071344754752,True,0.8335288596902862,1.2912064632763274,0.043205927252411326,0.9978553516745052,1.2138270100328887,0.5388330695754685,0.8685566769735511
q11526,11526,83,6,2694,2249,0.8348181143281366,True,0.8346938775510204,1.300051664439298,0.05447049647067845,0.996595577440926,1.221109663869082,0.5388330695754685,0.8685566769735511
q10708,10708,83,6,5366,4480,0.8348863212821469,True,0.834823923979877,1.3010419507882434,0.03860978107177836,0.9982866275931289,1.2241702651749917,0.5388330695754685,0.8685566769735511
q10842,10842,83,6,4514,3772,0.8356225077536553,True,0.8355481727574751,1.306567869141777,0.042161738736970954,0.99795755236188,1.2292813616099105,0.5388330695754685,0.8685566769735511
q9065,9065,83,5,4180,3499,0.8370813397129186,True,0.837000717531691,1.3177066325579339,0.043953398920018275,0.9977806701605371,1.2401775214280968,0.5388330695754685,0.8685566769735511
q17164,17164,83,5,1152,969,0.8411458333333334,True,0.8408499566348656,1.3475956016914836,0.08442545663893875,0.9918604713522517,1.2624647801772941,0.5388330695754685,0.8685566769735511
q10098,10098,83,5,4195,3531,0.8417163289630513,True,0.8416348903717826,1.3537584852994662,0.044335505430129714,0.997742002691834,1.2760999079940571,0.5388330695754685,0.8685566769735511
q4329,4329,83,5,5224,4404,0.8430321592649311,True,0.8429665071770335,1.364267675528654,0.039853280836369305,0.9981746903508383,1.2871433179595797,0.5388330695754685,0.8685566769735511
q17128,17128,83,5,1235,1043,0.8445344129554656,True,0.8442556634304207,1.3745075320042763,0.08218794757593585,0.9922829090543854,1.2897067179342219,0.5388330695754685,0.8685566769735511
q9515,9515,83,5,4316,3660,0.8480074142724745,True,0.8479268010192264,1.4040322556661218,0.044364968734131684,0.997739007363518,1.3262561787475553,0.5388330695754685,0.8685566769735511
q4907,4907,83,5,5390,4598,0.8530612244897959,True,0.8529957336301243,1.445727309547935,0.04020437063278382,0.998142448351147,1.3684100605379057,0.5388330695754685,0.8685566769735511
q6620,6620,83,6,4300,3672,0.8539534883720931,True,0.8538711927458731,1.4530425313714737,0.045112296063482396,0.9976623725781325,1.3750500190087669,0.5388330695754685,0.8685566769735511
q10846,10846,83,6,7558,6460,0.8547234718179413,True,0.8546765445164705,1.4598025591266424,0.03409952332727577,0.9986630430247612,1.383180204860637,0.5388330695754685,0.8685566769735511
q10348,10348,83,6,5178,4443,0.858053302433372,True,0.8579841668275728,1.4878814535888738,0.04155549630558259,0.9980157509578422,1.4103068636207896,0.5388330695754685,0.8685566769735511
q9511,9511,83,5,4217,3620,0.8584301636234289,True,0.8583451872925557,1.4909775543252666,0.04609107202445719,0.9975600859965154,1.4127515050471096,0.5388330695754685,0.8685566769735511
q10244,10244,83,5,4252,3660,0.8607714016933208,True,0.8606865741829297,1.5112114007793176,0.04619260268165168,0.9975493511122107,1.432920562630327,0.5388330695754685,0.8685566769735511
q10004,10004,83,5,4421,3812,0.862248360099525,True,0.8621664405246495,1.5241408090026143,0.045486298491567254,0.9976235443116105,1.445925818824721,0.5388330695754685,0.8685566769735511
q8855,8855,83,5,4342,3748,0.863196683555965,True,0.8631130554915957,1.5324697699763061,0.046019333376365115,0.9975676568552491,1.4541535192944406,0.5388330695754685,0.8685566769735511
q17212,17212,83,5,1107,959,0.8663053297199639,True,0.8659747292418772,1.5579337901168855,0.09185265130062216,0.9903797363166715,1.4688947432319424,0.5388330695754685,0.8685566769735511
q10297,10297,83,5,4204,3636,0.8648905803996194,True,0.8648038049940547,1.547462078985297,0.046991995878581924,0.9974640139788132,1.4689567278851166,0.5388330695754685,0.8685566769735511
q10752,10752,83,6,6514,5651,0.867516119128032,True,0.8674597083653108,1.5713210280274532,0.038042865904198614,0.9983364906924124,1.4940608763423764,0.5388330695754685,0.8685566769735511
q11697,11697,83,6,1924,1672,0.8690228690228691,True,0.8688311688311688,1.5837932948499909,0.07026926301229924,0.9943471085074215,1.5004923272817579,0.5388330695754685,0.8685566769735511
q8528,8528,83,5,4279,3739,0.8738022902547324,True,0.873714953271028,1.6290877491590492,0.047828769381498826,0.9973731340215427,1.550234140226615,0.5388330695754685,0.8685566769735511
q10935,10935,83,6,5284,4623,0.8749053747161242,True,0.8748344370860928,1.6396718364311043,0.04319243523123873,0.9978566880242206,1.5615471387639233,0.5388330695754685,0.8685566769735511
q17257,17257,83,5,1247,1094,0.8773055332798717,True,0.8770032051282052,1.660399763096227,0.08949850541117031,0.9908620954441612,1.5711398092196676,0.5388330695754685,0.8685566769735511
q8187,8187,83,5,4308,3782,0.8779015784586816,True,0.8778138779299142,1.6682251496618756,0.048291516928065464,0.9973221945814642,1.589187562342358,0.5388330695754685,0.8685566769735511
q9999,9999,83,5,4315,3790,0.8783314020857474,True,0.8782437442075997,1.6723920454420445,0.04831974679323007,0.9973190713223826,1.5933383102008214,0.5388330695754685,0.8685566769735511
q9989,9989,83,5,4265,3751,0.8794841735052755,True,0.879395218002813,1.6836140961848312,0.048785685024171015,0.9972672606303968,1.6044469201324714,0.5388330695754685,0.8685566769735511
q8196,8196,83,5,4424,3896,0.8806509945750453,True,0.8805649717514125,1.6951055892830422,0.04808725916024802,0.9973447391854185,1.616032551186671,0.5388330695754685,0.8685566769735511
q10231,10231,83,5,4241,3739,0.8816316906390003,True,0.8815417256011315,1.7047729034490078,0.04927462833334655,0.9972123630963322,1.6254584227854805,0.5388330695754685,0.8685566769735511
q11822,11822,83,6,1873,1655,0.8836091831286705,True,0.8834044823906083,1.7233947612125067,0.07460658382327869,0.9936323108987262,1.6381262091133502,0.5388330695754685,0.8685566769735511
q10097,10097,83,5,4338,3863,0.8905025357307514,True,0.8904125374510256,1.795764309554298,0.050273551846003704,0.9970985235582476,1.7160002607632312,0.5388330695754685,0.8685566769735511
q9500,9500,83,5,4307,3856,0.8952867425121894,True,0.8951949860724234,1.847428268449581,0.05138329210077947,0.9969694076649378,1.7672854396238755,0.5388330695754685,0.8685566769735511
q17413,17413,83,5,301,276,0.9169435215946844,True,0.9155629139072847,2.0931409389741407,0.21251421535146067,0.9505731047800156,1.9186085348453623,0.5388330695754685,0.8685566769735511
q9523,9523,83,5,4321,3927,0.9088174033788476,True,0.9087228135122628,2.0053675603860737,0.054343438314316386,0.9966113875076155,1.9240548893347034,0.5388330695754685,0.8685566769735511
q10233,10233,83,5,4474,4070,0.9097004917299956,True,0.909608938547486,2.0164066995919883,0.05362726411381599,0.9966998209764916,1.9352283267888681,0.5388330695754685,0.8685566769735511
q10101,10101,83,5,4092,3723,0.9098240469208212,True,0.9097239188859028,2.017846018880427,0.05610420649047253,0.9963890487026096,1.9360590421078638,0.5388330695754685,0.8685566769735511
q5760,5760,83,5,4077,3724,0.9134167279862644,True,0.9133153506620892,2.063632095184499,0.05718584303258565,0.9962490023509409,1.9814012543275925,0.5388330695754685,0.8685566769735511
q6979,6979,83,6,18553,16973,0.9148385705815772,True,0.9148162121375445,2.0832613251372627,0.02701064284141565,0.9991607196994136,2.0068050122974017,0.5388330695754685,0.8685566769735511
q10088,10088,83,5,4309,3957,0.9183105128800184,True,0.9182134570765661,2.12884507707929,0.05703033840820008,0.9962692986768711,2.0464113126451484,0.5388330695754685,0.8685566769735511
q10664,10664,83,6,4786,4400,0.919348098620978,True,0.9192604971798621,2.1432321886721257,0.054416014663362273,0.9966023611668415,2.0614336771801463,0.5388330695754685,0.8685566769735511
q9510,9510,83,5,4150,3822,0.9209638554216868,True,0.9208624427848711,2.165568116632302,0.0589449250244523,0.9960156193250824,2.082466957353807,0.5388330695754685,0.8685566769735511
q17080,17080,83,5,1164,1075,0.9235395189003436,True,0.9231759656652361,2.19854692282031,0.11270798686673585,0.9855853055191637,2.0931627101960424,0.5388330695754685,0.8685566769735511
q10151,10151,83,5,4231,3903,0.9224769558024108,True,0.9223771266540642,2.187060684507098,0.058869621368419486,0.9960257526864554,2.103895295254994,0.5388330695754685,0.8685566769735511
q8756,8756,83,5,4262,3954,0.9277334584702018,True,0.927633122214403,2.26466899787372,0.06047925066022113,0.9958063754849199,2.180714760214277,0.5388330695754685,0.8685566769735511
q8755,8755,83,5,4151,3863,0.9306191279209828,True,0.9305154142581888,2.309406308882931,0.06238878085234426,0.9955385818410092,2.224666038507012,0.5388330695754685,0.8685566769735511
q11703,11703,83,6,3237,3014,0.9311090515909792,True,0.9309759110562076,2.316708627522195,0.070855281028529,0.9942529736931167,2.229053524687678,0.5388330695754685,0.8685566769735511
q11850,11850,83,6,1985,1853,0.9335012594458438,True,0.9332829808660624,2.3539708351961006,0.09184585489380163,0.9903811462252031,2.257276915499618,0.5388330695754685,0.8685566769735511
q4099,4099,83,5,4444,4181,0.9408190819081907,True,0.9407199100112486,2.482637486034883,0.06472341862902714,0.9952000675005898,2.3963092614776276,0.5388330695754685,0.8685566769735511
q10095,10095,83,5,4303,4058,0.9430629793167558,True,0.9429600371747212,2.5243006609508387,0.06692817437963951,0.9948691918422913,2.436961966103493,0.5388330695754685,0.8685566769735511
q9050,9050,83,5,4162,3941,0.9469005285920232,True,0.9467931779966371,2.5992262142775227,0.07023456661999945,0.9943526579935761,2.510199124029108,0.5388330695754685,0.8685566769735511
q6603,6603,84,6,5923,1023,0.1727165287860881,True,0.17277177582714381,-2.1459447321338203,0.035928963566567725,0.9980554240789188,-2.191832432156403,0.5075128330831385,0.6625507261336757
q10929,10929,84,6,5052,1071,0.2119952494061757,True,0.21205224619038196,-1.879781149202214,0.03629139769376139,0.9980160725327053,-1.9261104784221823,0.5075128330831385,0.6625507261336757
q10079,10079,84,5,7199,1535,0.213224058897069,True,0.2132638888888889,-1.8721492260042378,0.03034726252070325,0.9986119131127597,-1.919639085171396,0.5075128330831385,0.6625507261336757
q10102,10102,84,5,5837,1596,0.2734281308891554,True,0.2734669407331278,-1.5238852723786365,0.03133307172863278,0.9985204019359706,-1.5717145096036635,0.5075128330831385,0.6625507261336757
q5564,5564,84,5,33053,9855,0.2981575046138021,True,0.29816361106068856,-1.3944441771656364,0.01288436949233388,0.999749505378511,-1.444240500925759,0.5075128330831385,0.6625507261336757
q5968,5968,84,5,9357,3126,0.334081436357807,True,0.3340991664885659,-1.215698893541572,0.023610313399265677,0.9991593424399186,-1.2647929300982572,0.5075128330831385,0.6625507261336757
q9984,9984,84,5,7141,2464,0.3450497129253606,True,0.3450714085690283,-1.1629503127532221,0.026853661122668085,0.9989127849751862,-1.211789591846522,0.5075128330831385,0.6625507261336757
q4916,4916,84,5,20013,7354,0.367461150252336,True,0.36746777255920854,-1.0574239262123808,0.015860349955969386,0.9996204739942548,-1.107161758879212,0.5075128330831385,0.6625507261336757
q3933,3933,84,5,10793,4025,0.3729268970629111,True,0.37293866963127664,-1.0320326055893485,0.021543972307206255,0.9992999512310181,-1.0814332081388827,0.5075128330831385,0.6625507261336757
q5963,5963,84,5,782,294,0.3759590792838874,True,0.37611749680715195,-1.0173419587587724,0.0798809474112313,0.9904609606083118,-1.0573172216827926,0.5075128330831385,0.6625507261336757
q10077,10077,84,5,4992,1891,0.3788060897435897,True,0.3788303625075105,-1.0048398332142274,0.031597403191772566,0.9984953700406974,-1.053410640466183,0.5075128330831385,0.6625507261336757
q3962,3962,84,5,6879,2616,0.3802878325337985,True,0.3803052325581395,-0.9980561904302041,0.02690146379880713,0.9989089150157547,-1.0470706883436736,0.5075128330831385,0.6625507261336757
q4291,4291,84,5,38286,14822,0.3871389019484929,True,0.3871418497140021,-0.9667284211571635,0.011373095160712221,0.9998048118560957,-1.0166881258301965,0.5075128330831385,0.6625507261336757
q4171,4171,84,5,5041,1996,0.3959531838920849,True,0.39597381991273306,-0.926525625333135,0.03124017758866556,0.9985291492674018,-0.9752472581124862,0.5075128330831385,0.6625507261336757
q5948,5948,84,5,30402,12737,0.4189527004802316,True,0.41895536624675195,-0.8231408034140658,0.012633723777534427,0.999759154237456,-0.8730886619353451,0.5075128330831385,0.6625507261336757
q10230,10230,84,5,4728,2092,0.4424703891708967,True,0.44248255445125817,-0.7187539473883243,0.031867283477076576,0.9984695970351463,-0.7677353908582706,0.5075128330831385,0.6625507261336757
q4004,4004,84,5,7993,3568,0.4463905917677968,True,0.4463972979734801,-0.7014951019077621,0.024493478521412534,0.9990953330376943,-0.7509732948914832,0.5075128330831385,0.6625507261336757
q5559,5559,84,5,7172,3244,0.4523145566090351,True,0.4523212045169385,-0.6754273052143963,0.025832967034949014,0.9989937816568845,-0.7248553966637449,0.5075128330831385,0.6625507261336757
q5926,5926,84,5,6250,2870,0.4592,True,0.4592065269556871,-0.6451945510702136,0.027646404128125385,0.9988477215141554,-0.6945514999509004,0.5075128330831385,0.6625507261336757
q6007,6007,84,5,7694,3558,0.4624382635820119,True,0.46244314489928523,-0.6310044201070963,0.024907999819181705,0.9990644821183643,-0.6805253691890925,0.5075128330831385,0.6625507261336757
q9499,9499,84,5,4945,2298,0.4647118301314459,True,0.4647189648200566,-0.6210340679330271,0.0310602686509789,0.9985460168790445,-0.6702163546037085,0.5075128330831385,0.6625507261336757
q10602,10602,84,6,7261,3411,0.4697700041316623,True,0.46977416689617185,-0.5989070292947785,0.025620268500756726,0.9990102667266251,-0.6484228167347655,0.5075128330831385,0.6625507261336757
q5549,5549,84,5,5287,2524,0.4773973898240968,True,0.4774016641452345,-0.5655647361089803,0.030005482582455265,0.9986429609568637,-0.61488736494302,0.5075128330831385,0.6625507261336757
q6359,6359,84,5,6338,3038,0.4793310192489744,True,0.4793342798548667,-0.5571235928125123,0.02740195036972535,0.9988679857066998,-0.6065943300385801,0.5075128330831385,0.6625507261336757
q4395,4395,84,5,6434,3090,0.4802611128380478,True,0.4802641802641803,-0.5530628938534745,0.027195258614337182,0.9988849798015591,-0.6025484790451059,0.5075128330831385,0.6625507261336757
q6005,6005,84,5,322,154,0.4782608695652174,True,0.47832817337461303,-0.5615176852744976,0.12139989560164326,0.978239803047948,-0.5983656866650197,0.5075128330831385,0.6625507261336757
q5917,5917,84,5,12808,6273,0.4897720174890693,True,0.4897728159887579,-0.5115659223776976,0.019267651040757828,0.9994399908371377,-0.5614095406113989,0.5075128330831385,0.6625507261336757
q5910,5910,84,5,5593,2756,0.4927588056499195,True,0.4927601001072578,-0.49853596013335333,0.029153712531951103,0.998718815040255,-0.5479911703251414,0.5075128330831385,0.6625507261336757
q3960,3960,84,5,12986,6425,0.4947635915601417,True,0.49476399476399474,-0.48979646097246343,0.019133152695389552,0.9994477775641818,-0.5396564747834968,0.5075128330831385,0.6625507261336757
q9982,9982,84,5,5225,2604,0.4983732057416268,True,0.49837351703023347,-0.47405574224131913,0.030160924239733933,0.9986288837423716,-0.5234951728808872,0.5075128330831385,0.6625507261336757
q9495,9495,84,5,4914,2455,0.4995929995929996,True,0.49959308240081385,-0.4687375342685834,0.031100522999563666,0.9985422511875705,-0.5181393035273923,0.5075128330831385,0.6625507261336757
q4465,4465,84,5,4676,2350,0.5025662959794697,True,0.5025657472738935,-0.45577438764300826,0.03188265979069608,0.9984681220693619,-0.5051575495776451,0.5075128330831385,0.6625507261336757
q5923,5923,84,5,7553,3822,0.5060240963855421,True,0.5060232989144824,-0.4406956450015159,0.02508852616802411,0.9990508851395391,-0.4903879572164698,0.5075128330831385,0.6625507261336757
q6834,6834,84,6,16618,8532,0.5134191840173306,True,0.5134183765569529,-0.4084351651186417,0.01691883492924335,0.9995681487500307,-0.45839530988849647,0.5075128330831385,0.6625507261336757
q5577,5577,84,5,14407,7485,0.519539112931214,True,0.5195377568017768,-0.3817224336876986,0.01817682976643808,0.9995015740699837,-0.43166536206974576,0.5075128330831385,0.6625507261336757
q6349,6349,84,5,4663,2453,0.5260561870040746,True,0.5260506003430532,-0.35326621422159205,0.031963464793401695,0.9984603592641833,-0.40280327445975767,0.5075128330831385,0.6625507261336757
q6169,6169,84,5,4167,2199,0.5277177825773938,True,0.5277111324376199,-0.3460056451154326,0.03381683597585072,0.9982769501145125,-0.39548122394963525,0.5075128330831385,0.6625507261336757
q5583,5583,84,5,8011,4294,0.5360129821495444,True,0.5360084872690963,-0.3096865613765256,0.024411921469032545,0.9991013422240839,-0.3595213729765902,0.5075128330831385,0.6625507261336757
q5988,5988,84,5,4214,2278,0.540579022306597,True,0.5405693950177936,-0.28969007654201756,0.03367603706659169,0.9982912438709372,-0.3392675476185292,0.5075128330831385,0.6625507261336757
q5989,5989,84,5,6234,3385,0.5429900545396215,True,0.5429831595829993,-0.27909663665334744,0.02769773394537012,0.9988434437294986,-0.3288740238032885,0.5075128330831385,0.6625507261336757
q4447,4447,84,5,4860,2657,0.5467078189300412,True,0.5466982102448056,-0.2627763422736099,0.03138595366923773,0.9985154108015566,-0.3124699519318428,0.5075128330831385,0.6625507261336757
q4209,4209,84,5,3726,2056,0.5517981749865808,True,0.5517842768983097,-0.2403993025761125,0.03587342142048161,0.9980614199780705,-0.28999422251095586,0.5075128330831385,0.6625507261336757
q4211,4211,84,5,6217,3431,0.5518738941611709,True,0.5518655516243165,-0.24004138215068646,0.027773658960804404,0.9988371017196076,-0.28986209845156874,0.5075128330831385,0.6625507261336757
q4780,4780,84,5,3474,1978,0.5693724812895797,True,0.5693525179856115,-0.16274543452779716,0.03728081062526005,0.9979066517813039,-0.21245794198998416,0.5075128330831385,0.6625507261336757
q5907,5907,84,5,434,247,0.5691244239631337,True,0.5689655172413793,-0.16446286898253748,0.1053610289962245,0.9835212367411215,-0.21108436826260904,0.5075128330831385,0.6625507261336757
q9497,9497,84,5,5449,3108,0.5703798862176546,True,0.5703669724770642,-0.1582418664589084,0.02977593959608756,0.9986636166897559,-0.20812155298610346,0.5075128330831385,0.6625507261336757
q5850,5850,84,5,4163,2375,0.5705020417967812,True,0.5704851104707013,-0.15771725158417463,0.03406592794313222,0.9982515174930274,-0.2075119738958965,0.5075128330831385,0.6625507261336757
q4800,4800,84,5,4473,2562,0.5727699530516432,True,0.5727536879749665,-0.14763688155578536,0.03288208268031857,0.9983707364463332,-0.19747281013943244,0.5075128330831385,0.6625507261336757
q5956,5956,84,5,3857,2213,0.5737619911848587,True,0.5737428719543806,-0.14323764780782375,0.03541845658956387,0.9981101879285732,-0.19303035490408968,0.5075128330831385,0.6625507261336757
q5995,5995,84,5,4473,2585,0.577911915940085,True,0.5778945015645954,-0.12474772788885381,0.03292401964806701,0.9983665847465694,-0.17462022277949135,0.5075128330831385,0.6625507261336757
q5976,5976,84,5,6419,3767,0.5868515345069325,True,0.5868380062305296,-0.08476260031583184,0.02755190398989636,0.9988555764213398,-0.13476638266642924,0.5075128330831385,0.6625507261336757
q5937,5937,84,5,6502,3820,0.5875115349123347,True,0.5874980778102414,-0.08180265444719778,0.02738074231657788,0.9988697353196813,-0.13181169264980455,0.5075128330831385,0.6625507261336757
q5914,5914,84,5,5281,3127,0.592122704033327,True,0.5921052631578947,-0.06110667859771593,0.030422914663599747,0.9986049934794811,-0.11110965226508361,0.5075128330831385,0.6625507261336757
q9493,9493,84,5,4549,2700,0.5935370411079358,True,0.5935164835164836,-0.05475434212375669,0.03279322327133837,0.9983795160294645,-0.10474252193195988,0.5075128330831385,0.6625507261336757
q4911,4911,84,5,3218,1919,0.5963331261653201,True,0.5963031997514756,-0.04219193687012911,0.039022339876906,0.9977069660508595,-0.09213836377957774,0.5075128330831385,0.6625507261336757
q5563,5563,84,5,6394,3820,0.5974350954019393,True,0.5974198592650508,-0.03715102320300409,0.027695604220936615,0.9988436213760336,-0.08720824957948044,0.5075128330831385,0.6625507261336757
q3959,3959,84,5,4531,2710,0.5981019642463032,True,0.598080317740512,-0.03416759351172819,0.032906383373219085,0.9983683313530662,-0.0841881906594745,0.5075128330831385,0.6625507261336757
q4924,4924,84,5,4049,2435,0.6013830575450728,True,0.601358024691358,-0.019339790968171105,0.03484771868899917,0.9981704920659479,-0.06937083274564075,0.5075128330831385,0.6625507261336757
q4266,4266,84,5,4659,2802,0.601416613007083,True,0.6013948497854077,-0.01917299184297042,0.03248735543954454,0.9984095562458819,-0.06922091338262712,0.5075128330831385,0.6625507261336757
q5949,5949,84,5,6112,3680,0.6020942408376964,True,0.6020775396695567,-0.01607989841854318,0.028371456861834066,0.998786564122256,-0.0661577116299463,0.5075128330831385,0.6625507261336757
q3932,3932,84,5,3218,1951,0.6062771908017403,True,0.6062441752096924,0.002833777884819882,0.03915473885179557,0.9976914155577139,-0.047215158599217315,0.5075128330831385,0.6625507261336757
q10890,10890,84,6,5501,3351,0.6091619705508089,True,0.6091421301344966,0.016025774396241983,0.029980828254223643,0.9986451870721476,-0.03408617145036049,0.5075128330831385,0.6625507261336757
q10228,10228,84,5,5049,3076,0.609229550406021,True,0.6092079207920792,0.016325629357761044,0.03129455743278183,0.9985240317490706,-0.03378262374153997,0.5075128330831385,0.6625507261336757
q10080,10080,84,5,4710,2934,0.6229299363057325,True,0.622903842071747,0.07912203283168345,0.032577658829729184,0.9984007163721178,0.02891752254724784,0.5075128330831385,0.6625507261336757
q3958,3958,84,5,4729,2948,0.6233876083738634,True,0.6233615221987315,0.08123404397528843,0.03251848701800571,0.9984065115036445,0.0310263360746765,0.5075128330831385,0.6625507261336757
q4580,4580,84,5,4644,2902,0.6248923341946597,True,0.6248654467168999,0.0881805557435413,0.032835846282699144,0.9983753076902802,0.037960592213497686,0.5075128330831385,0.6625507261336757
q4390,4390,84,5,366,229,0.6256830601092896,True,0.6253405994550408,0.09037733896162573,0.11684156978560141,0.9798108572137537,0.03940715991493908,0.5075128330831385,0.6625507261336757
q5967,5967,84,5,7831,4912,0.6272506704124633,True,0.6272344228804902,0.09914319007726509,0.025313612117938884,0.9990337949844993,0.04893767164041893,0.5075128330831385,0.6625507261336757
q4422,4422,84,5,3769,2369,0.628548686654285,True,0.6285145888594165,0.10507789355273654,0.03650621119131087,0.9979925640614811,0.05480945688084172,0.5075128330831385,0.6625507261336757
q5916,5916,84,5,5925,3736,0.630548523206751,True,0.6305264934188323,0.11442021160181957,0.02914410113037976,0.9987196585822073,0.06417974538953358,0.5075128330831385,0.6625507261336757
q5957,5957,84,5,9603,6061,0.6311569301260023,True,0.631143273635985,0.11728805120377342,0.022899587998851206,0.9992091527537924,0.06707677285401079,0.5075128330831385,0.6625507261336757
q5935,5935,84,5,3421,2160,0.6313943291435253,True,0.6313559322033898,0.1182772668448239,0.03836684193030815,0.9977831865243528,0.06796807067184152,0.5075128330831385,0.6625507261336757
q5918,5918,84,5,3661,2322,0.6342529363561868,True,0.634216275259421,0.13160371270488025,0.03713760846591832,0.9979226693899422,0.08127633454218491,0.5075128330831385,0.6625507261336757
q5558,5558,84,5,4639,2946,0.6350506574692821,True,0.6350215517241379,0.13536270223216834,0.03300496325494468,0.9983585565799826,0.08506465496136761,0.5075128330831385,0.6625507261336757
q5589,5589,84,5,3022,1930,0.6386499007279947,True,0.6386040357260999,0.15212468381896774,0.04096078569061675,0.9974740831899958,0.10170893605234382,0.5075128330831385,0.6625507261336757
q4376,4376,84,5,4593,2937,0.6394513389941215,True,0.6394209838920331,0.15595617778555032,0.033240382179037034,0.9983350959057781,0.10562184539765807,0.5075128330831385,0.6625507261336757
q9983,9983,84,5,4427,2838,0.6410661847752428,True,0.6410343270099368,0.16353289054811757,0.03388482750952463,0.9982700264802563,0.11317856643342011,0.5075128330831385,0.6625507261336757
q5843,5843,84,5,6652,4276,0.6428141912206855,True,0.6427927250864272,0.17180633078229932,0.02766844316937801,0.9988458857662146,0.12150774604721183,0.5075128330831385,0.6625507261336757
q5974,5974,84,5,3363,2165,0.6437704430567945,True,0.6437277051129607,0.17621218425697258,0.038928911908729186,0.9977179079229969,0.1257663285498471,0.5075128330831385,0.6625507261336757
q5561,5561,84,5,3301,2157,0.653438352014541,True,0.6533918837068443,0.22203465644887646,0.03949549879848475,0.9976511527190635,0.17147275599236944,0.5075128330831385,0.6625507261336757
q8381,8381,84,5,4896,3203,0.6542075163398693,True,0.6541760261384522,0.22577606439644846,0.03244595259623081,0.9984136010526521,0.1753392755005905,0.5075128330831385,0.6625507261336757
q4126,4126,84,5,7624,4988,0.6542497376705142,True,0.6542295081967213,0.22603137757452663,0.026002710623981275,0.9989805283933119,0.17569389096926996,0.5075128330831385,0.6625507261336757
q5938,5938,84,5,3116,2041,0.6550064184852374,True,0.6549566891241578,0.2295044849952633,0.04068618798783921,0.9975077526194757,0.1788993207755628,0.5075128330831385,0.6625507261336757
q5833,5833,84,5,3709,2432,0.6557023456457266,True,0.6556603773584906,0.23286838880570285,0.03730788224701208,0.9979036168654819,0.18232716934107251,0.5075128330831385,0.6625507261336757
q5961,5961,84,5,4407,2893,0.6564556387565237,True,0.6564201451905626,0.23650371069230344,0.03424157595320086,0.9982334721715835,0.18601633725931857,0.5075128330831385,0.6625507261336757
q4315,4315,84,5,4221,2774,0.6571902392797915,True,0.6571530080530554,0.240013602232288,0.03500232471057583,0.9981542524281313,0.18950498818108447,0.5075128330831385,0.6625507261336757
q5944,5944,84,5,5860,3854,0.657679180887372,True,0.6576522777682989,0.24240661829421525,0.029716276500648172,0.9986689597192754,0.19199253900775493,0.5075128330831385,0.6625507261336757
q4195,4195,84,5,5569,3666,0.6582869455916681,True,0.6582585278276482,0.2453144429128312,0.03049328436896217,0.9985985416325364,0.19488275066465027,0.5075128330831385,0.6625507261336757
q5560,5560,84,5,3236,2139,0.6610012360939431,True,0.660951498300896,0.2582585073854661,0.04006292961299887,0.9975833405127873,0.20759741089345715,0.5075128330831385,0.6625507261336757
q4411,4411,84,5,3279,2168,0.6611771881671241,True,0.6611280487804878,0.25910870016459636,0.03980360245509097,0.9976144509140424,0.20845204958039024,0.5075128330831385,0.6625507261336757
q4457,4457,84,5,343,229,0.6676384839650146,True,0.6671511627906976,0.2882333745464722,0.12335666831999162,0.9775485464940051,0.23273005170160985,0.5075128330831385,0.6625507261336757
q4370,4370,84,5,4421,2949,0.6670436552816105,True,0.6670058796924468,0.2875280678246456,0.034402770035614455,0.9982168306992182,0.2369466082605786,0.5075128330831385,0.6625507261336757
q5377,5377,84,5,4110,2748,0.6686131386861314,True,0.6685721235709073,0.2951391642417188,0.035715161966009865,0.9980784539625527,0.24451023313626036,0.5075128330831385,0.6625507261336757
q4197,4197,84,5,4888,3285,0.6720540098199672,True,0.672018817754142,0.311946867727857,0.032822151319823044,0.9983766604404893,0.26136370692624816,0.5075128330831385,0.6625507261336757
q5924,5924,84,5,4012,2698,0.672482552342971,True,0.6724395713929728,0.31400427384552765,0.0362376731222676,0.9980219304543678,0.2633241790571211,0.5075128330831385,0.6625507261336757
q4581,4581,84,5,3452,2325,0.6735225955967555,True,0.6734723428902404,0.3190595869848009,0.039091959172922075,0.9976987956477228,0.26828260103414764,0.5075128330831385,0.6625507261336757
q6346,6346,84,5,3830,2592,0.6767624020887728,True,0.6767162620725659,0.33498749927972565,0.03719276656086403,0.997916507023175,0.2842358705289122,0.5075128330831385,0.6625507261336757
q10852,10852,84,6,4580,3109,0.6788209606986899,True,0.6787819253438114,0.3451697601104829,0.034059487848774064,0.9982521773692923,0.2944959433269629,0.5075128330831385,0.6625507261336757
q6426,6426,84,5,3625,2462,0.6791724137931034,True,0.6791230005515719,0.3468540403535165,0.03829172797272082,0.9977918389594896,0.2960406992504104,0.5075128330831385,0.6625507261336757
q4445,4445,84,5,3512,2415,0.6876423690205011,True,0.6875889553088528,0.38894358557976166,0.03913476120413451,0.9976937653107992,0.338004078062697,0.5075128330831385,0.6625507261336757
q4351,4351,84,5,4004,2762,0.6898101898101898,True,0.6897627965043696,0.3998419355598768,0.03671054809198465,0.9979700743960986,0.3489739146862213,0.5075128330831385,0.6625507261336757
q5381,5381,84,5,4299,2966,0.6899278902070249,True,0.6898837209302325,0.4004493036885622,0.03543207906477785,0.9981087366981449,0.34962862207515655,0.5075128330831385,0.6625507261336757
q5969,5969,84,5,4244,2940,0.6927426955702167,True,0.6926972909305065,0.4146150223043549,0.03573577990221609,0.9980762390202781,0.36375570558641795,0.5075128330831385,0.6625507261336757
q4622,4622,84,5,4636,3227,0.6960742018981881,True,0.696031917187837,0.43149010006369215,0.03427904146303205,0.9982296112022074,0.3806568054368891,0.5075128330831385,0.6625507261336757
q4441,4441,84,5,359,251,0.6991643454038997,True,0.6986111111111111,0.4446078854574051,0.12327349707632694,0.9775781327539143,0.38560539784254716,0.5075128330831385,0.6625507261336757
q4408,4408,84,5,4180,2925,0.6997607655502392,True,0.6997129873236068,0.4502298447270585,0.03620422760132086,0.9980255728777186,0.39928174351589607,0.5075128330831385,0.6625507261336757
q5975,5975,84,5,3259,2281,0.6999079472230746,True,0.6998466257668712,0.4509124241254185,0.04100498657985152,0.9974686426090078,0.3997397830470582,0.5075128330831385,0.6625507261336757
q5932,5932,84,5,2817,1972,0.7000354987575435,True,0.6999645138396026,0.4515146882625467,0.04410782956373385,0.9970722171918085,0.4001814147206994,0.5075128330831385,0.6625507261336757
q5548,5548,84,5,3324,2328,0.7003610108303249,True,0.7003007518796992,0.45323313632473256,0.04061688927143623,0.9975162141569678,0.40207379559358786,0.5075128330831385,0.6625507261336757
q4394,4394,84,5,3054,2141,0.7010478061558612,True,0.7009819967266776,0.4567179549570938,0.0423968314469315,0.997294353669469,0.4054597591348659,0.5075128330831385,0.6625507261336757
q4908,4908,84,5,4314,3025,0.701205377839592,True,0.7011587485515643,0.45762278790544664,0.03567879428850636,0.9980823577749696,0.40668322770214815,0.5075128330831385,0.6625507261336757
q5919,5919,84,5,3068,2156,0.7027379400260756,True,0.7026718800912349,0.4653804370123123,0.04235770682325383,0.997299331531891,0.41410087049652416,0.5075128330831385,0.6625507261336757
q5562,5562,84,5,2552,1800,0.7053291536050157,True,0.7052487269878575,0.4786399814655835,0.04653956401869463,0.9967415725245584,0.42708561573689807,0.5075128330831385,0.6625507261336757
q4371,4371,84,5,7343,5203,0.7085659812065913,True,0.7085375816993464,0.4956537278546366,0.02751547626975459,0.9988585971657724,0.44498704910081066,0.5075128330831385,0.6625507261336757
q5920,5920,84,5,3895,2768,0.7106546854942234,True,0.7106006160164271,0.5063791235306382,0.037844148078452926,0.9978430475671319,0.4552368877927167,0.5075128330831385,0.6625507261336757
q10078,10078,84,5,4486,3201,0.7135532768613464,True,0.7135056830844663,0.5215531226497266,0.0353530517596549,0.9981171479270343,0.47050736683849054,0.5075128330831385,0.6625507261336757
q4393,4393,84,5,3618,2586,0.714759535655058,True,0.7147001934235977,0.5278169303842347,0.03940654798935346,0.9976616961278468,0.47654183021640667,0.5075128330831385,0.6625507261336757
q4378,4378,84,5,3978,2844,0.7149321266968326,True,0.714878110077909,0.5287511340115078,0.03758756861152633,0.9978721342292879,0.4775745635824566,0.5075128330831385,0.6625507261336757
q4162,4162,84,5,3609,2599,0.7201440842338598,True,0.7200831024930748,0.5562264851788542,0.03964805476944616,0.9976330153143359,0.5048704403886138,0.5075128330831385,0.6625507261336757
q4439,4439,84,5,5771,4166,0.7218852885115231,True,0.7218468468468469,0.5656016687289317,0.03140673185351774,0.9985134474132195,0.5146772460076197,0.5075128330831385,0.6625507261336757
q5971,5971,84,5,4109,2971,0.7230469700657094,True,0.722992700729927,0.571710515650878,0.03725901994955961,0.9979090930796779,0.520461809398521,0.5075128330831385,0.6625507261336757
q5529,5529,84,5,361,262,0.7257617728531855,True,0.7251381215469613,0.5831871511631028,0.12580034722751154,0.97667117235423,0.5205940214888589,0.5075128330831385,0.6625507261336757
q5294,5294,84,5,13292,9621,0.723818838399037,True,0.7238020010531859,0.5760337750165967,0.02073349941264545,0.9993515979272768,0.5255346073135452,0.5075128330831385,0.6625507261336757
q5973,5973,84,5,4183,3032,0.7248386325603634,True,0.7247848948374761,0.5812941005899055,0.03699080931891707,0.9979390258765879,0.5300412543368548,0.5075128330831385,0.6625507261336757
q10227,10227,84,5,4488,3261,0.7266042780748663,True,0.7265537981733126,0.5907882420820006,0.03577272762012735,0.9980722666300639,0.5395878626046506,0.5075128330831385,0.6625507261336757
q5964,5964,84,5,3816,2779,0.7282494758909853,True,0.7281896777574011,0.5995999389219407,0.03885581039446,0.9977264511274151,0.5481925673675807,0.5075128330831385,0.6625507261336757
q9498,9498,84,5,4833,3526,0.7295675563831988,True,0.7295200661977658,0.6067887603552661,0.03457252335744168,0.9981992216941373,0.5556282032147709,0.5075128330831385,0.6625507261336757
q5544,5544,84,5,4619,3370,0.7295951504654687,True,0.7295454545454545,0.6069261470088183,0.03536505143540357,0.9981158719482344,0.5557189359975813,0.5075128330831385,0.6625507261336757
q5578,5578,84,5,3651,2674,0.7324020816214736,True,0.7323384446878423,0.622086334811623,0.039887708597550406,0.9976043829737358,0.5705580251244288,0.5075128330831385,0.6625507261336757
q5572,5572,84,5,4364,3206,0.7346471127406049,True,0.7345933562428408,0.6343936849571719,0.036568448214571246,0.9979857273364402,0.5830586864853404,0.5075128330831385,0.6625507261336757
q9981,9981,84,5,4378,3222,0.735952489721334,True,0.7358986069878968,0.6415459960992211,0.03655898252155317,0.9979867678858567,0.5901972062908127,0.5075128330831385,0.6625507261336757
q5599,5599,84,5,2797,2065,0.7382910260993922,True,0.738205861329521,0.6542404775897447,0.04584602128377491,0.996837659675478,0.6021719749258299,0.5075128330831385,0.6625507261336757
q6002,6002,84,5,4620,3423,0.740909090909091,True,0.740856957368535,0.6689096407841086,0.035774921394847045,0.9980720306408604,0.6175585180609122,0.5075128330831385,0.6625507261336757
q5905,5905,84,5,3126,2321,0.7424824056301983,True,0.742404860889031,0.6775163720078007,0.04356188027110657,0.997144040806082,0.6255664737538178,0.5075128330831385,0.6625507261336757
q5586,5586,84,5,3954,2949,0.7458270106221547,True,0.7457648546144121,0.6963073413306045,0.03887735879883802,0.9977239344692272,0.6446784746339725,0.5075128330831385,0.6625507261336757
q6354,6354,84,5,3768,2818,0.7478768577494692,True,0.747811090474927,0.7078254552713921,0.0399162908933336,0.9976009567332891,0.6560894941612189,0.5075128330831385,0.6625507261336757
q4776,4776,84,5,3377,2534,0.7503701510216169,True,0.7502960331557135,0.7218906438413664,0.04228239236703586,0.9973089010616479,0.6699247564619634,0.5075128330831385,0.6625507261336757
q4419,4419,84,5,3110,2338,0.7517684887459807,True,0.7516875602700096,0.7298048019390304,0.04413017712203205,0.9970692583716102,0.6776547444345451,0.5075128330831385,0.6625507261336757
q4431,4431,84,5,4932,3707,0.7516220600162206,True,0.7515710520981147,0.7291411188502318,0.03504060127703203,0.9981502208815004,0.6777269615215529,0.5075128330831385,0.6625507261336757
q5947,5947,84,5,3541,2664,0.7523298503247671,True,0.7522586109542632,0.7330605715202885,0.041385592778907104,0.9974215543882524,0.6811415559855175,0.5075128330831385,0.6625507261336757
q6155,6155,84,5,4459,3355,0.7524108544516708,True,0.7523542600896861,0.7336063594371625,0.03688538732916298,0.9979507324477973,0.6820476023946256,0.5075128330831385,0.6625507261336757
q4286,4286,84,5,2533,1908,0.753257007500987,True,0.7531570639305446,0.7381924692216835,0.04898074061269234,0.9963920392036332,0.6855518796286572,0.5075128330831385,0.6625507261336757
q5580,5580,84,5,4024,3035,0.7542246520874751,True,0.7541614906832298,0.7439435235535942,0.038909720983104024,0.9977201522622198,0.6922036097448324,0.5075128330831385,0.6625507261336757
q4179,4179,84,5,3073,2319,0.7546371623820372,True,0.7545543266102798,0.7461967915492098,0.04454413695359605,0.997014182222457,0.6939603582325049,0.5075128330831385,0.6625507261336757
q4453,4453,84,5,3572,2713,0.759518477043673,True,0.7594458438287154,0.774446425564992,0.041560688409957934,0.9973997471284269,0.7224049041147051,0.5075128330831385,0.6625507261336757
q6001,6001,84,5,3189,2423,0.7597993101285669,True,0.759717868338558,0.7760280697881581,0.043999604187943214,0.9970865252923257,0.7237550773660704,0.5075128330831385,0.6625507261336757
q5943,5943,84,5,3509,2674,0.7620404673696209,True,0.7619658119658119,0.7891423278108136,0.04206285745542365,0.9973366992558005,0.7370160019206476,0.5075128330831385,0.6625507261336757
q5852,5852,84,5,4552,3474,0.7631810193321616,True,0.7631232154623325,0.7959254291546317,0.03698565761151851,0.9979395987173353,0.7442306604931987,0.5075128330831385,0.6625507261336757
q5380,5380,84,5,3123,2387,0.7643291706692283,True,0.7642445582586428,0.8025175432213834,0.04471383985619468,0.9969914569055716,0.750095848798352,0.5075128330831385,0.6625507261336757
q4154,4154,84,5,2645,2031,0.7678638941398865,True,0.7677626606198035,0.823332114542149,0.04880519905346462,0.9964177614527587,0.7704042322189231,0.5075128330831385,0.6625507261336757
q5533,5533,84,5,6371,4897,0.7686391461309057,True,0.7685969868173258,0.8282983393128495,0.03148445978241577,0.998506091231961,0.7769776800363511,0.5075128330831385,0.6625507261336757
q4448,4448,84,5,3242,2507,0.7732880937692782,True,0.7732038236201049,0.855933238982741,0.044404388254342085,0.9970328321946074,0.8033841803126884,0.5075128330831385,0.6625507261336757
q5931,5931,84,5,4178,3232,0.7735758736237435,True,0.7735104091888011,0.8577854065926327,0.039133057312701634,0.9976939656659991,0.8057648016165128,0.5075128330831385,0.6625507261336757
q4420,4420,84,5,3793,2938,0.7745847614025837,True,0.7745123879810226,0.863850228824752,0.04112674973680173,0.9974536250366168,0.8116200749033323,0.5075128330831385,0.6625507261336757
q5936,5936,84,5,4454,3457,0.7761562640323305,True,0.7760942760942761,0.8734616430708746,0.038035972128229234,0.9978211736338773,0.8215096189145623,0.5075128330831385,0.6625507261336757
q6687,6687,84,6,15220,11829,0.7772010512483575,True,0.7771828394980619,0.8801019322829026,0.02060884966682425,0.9993593658949731,0.829412053132619,0.5075128330831385,0.6625507261336757
q5555,5555,84,5,3355,2611,0.778241430700447,True,0.7781585220500596,0.8860720695762487,0.04394988371713515,0.9970930870164241,0.8334839517803023,0.5075128330831385,0.6625507261336757
q10918,10918,84,6,4530,3531,0.7794701986754967,True,0.7794085190907084,0.8937464584194086,0.03789118297003611,0.9978376942658912,0.8417641737839552,0.5075128330831385,0.6625507261336757
q5567,5567,84,5,3562,2778,0.7798989331836047,True,0.7798203760875666,0.8962814539443392,0.04275445691837184,0.9972486419722729,0.8437952770235582,0.5075128330831385,0.6625507261336757
q6656,6656,84,6,14486,11296,0.7797873809195085,True,0.7797680679229654,0.8959593186819853,0.0212015571461028,0.9993220122654322,0.8452276870070901,0.5075128330831385,0.6625507261336757
q4623,4623,84,5,4243,3317,0.781758189959934,True,0.7816918001885014,0.9078405073474166,0.039279515018358274,0.9976767126123035,0.85568967595127,0.5075128330831385,0.6625507261336757
q4456,4456,84,5,3109,2444,0.7861048568671598,True,0.7860128617363344,0.9347885694128766,0.04617696137297109,0.9967919870975003,0.8817924748551856,0.5075128330831385,0.6625507261336757
q10319,10319,84,5,4420,3505,0.7929864253393665,True,0.7929201538113549,0.9786497111645496,0.03914117363547907,0.9976930112158268,0.9263495027534382,0.5075128330831385,0.6625507261336757
q4449,4449,84,5,2919,2316,0.7934224049331963,True,0.7933219178082191,0.9812318190700385,0.04819222952845777,0.9965068663812603,0.9278212655879022,0.5075128330831385,0.6625507261336757
q9496,9496,84,5,4891,3882,0.7937027192803108,True,0.7936426819296811,0.9832958527749293,0.03725159347604049,0.9979099247744342,0.9311873359785785,0.5075128330831385,0.6625507261336757
q4015,4015,84,5,4525,3599,0.7953591160220994,True,0.7952938577110031,0.9939562461004771,0.03883022652938173,0.9977294372955772,0.9416551045482444,0.5075128330831385,0.6625507261336757
q4461,4461,84,5,260,209,0.8038461538461539,True,0.8026819923371648,1.0424091194590264,0.16367562982429423,0.9611371822625906,0.9536892635112677,0.5075128330831385,0.6625507261336757
q4339,4339,84,5,4162,3342,0.8029793368572802,True,0.8029065577708383,1.0439018034164158,0.04099833492166504,0.9974694617168672,0.9912289082732123,0.5075128330831385,0.6625507261336757
q5565,5565,84,5,2961,2379,0.8034447821681864,True,0.8033423362592843,1.0468018738531963,0.048640518812286815,0.9964418094282959,0.993097436806979,0.5075128330831385,0.6625507261336757
q5958,5958,84,5,3640,2944,0.8087912087912088,True,0.8087063993408404,1.0828813318563666,0.04428186515002214,0.9970491357073412,1.029675717126556,0.5075128330831385,0.6625507261336757
q5941,5941,84,5,3995,3252,0.814017521902378,True,0.813938938938939,1.1187858868800022,0.042671453340718646,0.9972592853343083,1.0656988943929295,0.5075128330831385,0.6625507261336757
q4459,4459,84,5,308,253,0.8214285714285714,True,0.8203883495145631,1.1640695590194325,0.15533998174651117,0.9648592262876341,1.0747676627428289,0.5075128330831385,0.6625507261336757
q4458,4458,84,5,3495,2874,0.8223175965665236,True,0.8222254004576659,1.1771873088420413,0.04634908554413498,0.9967681042884616,1.1233866793794587,0.5075128330831385,0.6625507261336757
q5998,5998,84,5,3508,2917,0.8315279361459521,True,0.8314334568253063,1.244509258077847,0.047145661778489466,0.9966564346704211,1.1903576783685335,0.5075128330831385,0.6625507261336757
q5543,5543,84,5,3663,3057,0.8345618345618345,True,0.8344705240174672,1.267322210336763,0.04644118601583461,0.9967552890159057,1.2132146759838995,0.5075128330831385,0.6625507261336757
q6247,6247,84,5,3337,2788,0.8354809709319748,True,0.835380467345716,1.2742192911225376,0.048753450998199874,0.9964253267657327,1.2196854837802462,0.5075128330831385,0.6625507261336757
q5536,5536,84,5,256,217,0.84765625,True,0.8463035019455253,1.3593937608387894,0.18019496752496839,0.953281658334715,1.2480702571848064,0.5075128330831385,0.6625507261336757
q5603,5603,84,5,4940,4151,0.8402834008097166,True,0.840214531471362,1.3113579097078973,0.040510189085105355,0.997529214579474,1.2580835669423036,0.5075128330831385,0.6625507261336757
q3906,3906,84,5,4496,3795,0.8440836298932385,True,0.8440071158550144,1.3411067639332943,0.04284067003284874,0.9972375654015732,1.2873824140417776,0.5075128330831385,0.6625507261336757
q4424,4424,84,5,3069,2601,0.8475073313782991,True,0.8473941368078176,1.3681537192224185,0.052274868508890376,0.9958924844256364,1.3125818431715996,0.5075128330831385,0.6625507261336757
q4413,4413,84,5,218,188,0.8623853211009175,True,0.860730593607306,1.479486481817498,0.20262706552681775,0.9416469096395367,1.345922569902117,0.5075128330831385,0.6625507261336757
q5538,5538,84,5,3735,3183,0.8522088353413655,True,0.8521145610278372,1.4066446546598341,0.04794907241877261,0.9965419055422665,1.3517956074475328,0.5075128330831385,0.6625507261336757
q6845,6845,84,6,12956,11041,0.8521920345785736,True,0.8521648529752257,1.4070599229664373,0.02575058856274708,0.999000182456417,1.3555450799247744,0.5075128330831385,0.6625507261336757
q4383,4383,84,5,3639,3119,0.8571035998900797,True,0.8570054945054945,1.4475647272478147,0.049201211636875915,0.9963596044645052,1.392319425841272,0.5075128330831385,0.6625507261336757
q4357,4357,84,5,4511,3877,0.8594546663710929,True,0.859375,1.467791584556976,0.044475268103206775,0.9970233802576168,1.4134136401209432,0.5075128330831385,0.6625507261336757
q5942,5942,84,5,4168,3599,0.8634836852207294,True,0.8633964979611417,1.5027553809522698,0.046788957075101154,0.9967066721936076,1.4478133133451325,0.5075128330831385,0.6625507261336757
q5839,5839,84,5,5292,4571,0.8637566137566137,True,0.8636878896655961,1.505320899143673,0.04155922992668167,0.9973999291513204,1.4513791841176307,0.5075128330831385,0.6625507261336757
q4267,4267,84,5,3983,3441,0.8639216670851118,True,0.8638303212851406,1.5065765322098763,0.04792197168858361,0.9965457999565048,1.4513875830220013,0.5075128330831385,0.6625507261336757
q5933,5933,84,5,3577,3106,0.8683254123567236,True,0.8682224706539966,1.5458294284956828,0.05121754681028623,0.9960563142181539,1.489772782210698,0.5075128330831385,0.6625507261336757
q5568,5568,84,5,3403,2961,0.8701146047605054,True,0.870005875440658,1.5620723704496273,0.052791515264909654,0.9958112335905263,1.505581126228866,0.5075128330831385,0.6625507261336757
q10229,10229,84,5,4624,4044,0.8745674740484429,True,0.8744864864864865,1.6037017743666941,0.04592151584490805,0.9968272693308214,1.5486146101041163,0.5075128330831385,0.6625507261336757
q10730,10730,84,6,4675,4173,0.8926203208556149,True,0.8925363558597091,1.7850555729044375,0.04863104805193187,0.9964431899909147,1.7287266836412063,0.5075128330831385,0.6625507261336757
q5913,5913,84,5,4397,3930,0.8937912212872413,True,0.8937016825829923,1.797626603869823,0.05037054792056252,0.9961851778866105,1.7408021338348736,0.5075128330831385,0.6625507261336757
q9179,9179,85,5,4780,865,0.1809623430962343,True,0.18102907341560343,-1.954339158160042,0.03938332151504003,0.9984075706190632,-2.019599740240906,0.4126193625288713,0.9724613856363674
q8895,8895,85,5,4952,916,0.1849757673667205,True,0.18503937007874016,-1.9262061975087716,0.03839786121788562,0.9984861468545543,-1.9916683144151255,0.4126193625288713,0.9724613856363674
q8549,8549,85,5,11138,2126,0.1908780750583587,True,0.19090582637579676,-1.8858471302292912,0.025329672147487697,0.9993406737974786,-1.9530403715470683,0.4126193625288713,0.9724613856363674
q6686,6686,85,6,15227,2983,0.1959020161555132,True,0.19592198581560283,-1.852045870821805,0.021472685695136638,0.9995260914933785,-1.9196174980078076,0.4126193625288713,0.9724613856363674
q9184,9184,85,5,5841,1146,0.1961992809450436,True,0.19625128380691545,-1.8498487972204951,0.03464812276384732,0.9987670335687105,-1.9159653415903974,0.4126193625288713,0.9724613856363674
q11539,11539,85,6,4179,835,0.1998085666427375,True,0.19988038277511963,-1.8258083403272547,0.040708683384638,0.9982987729290711,-1.8910675042693534,0.4126193625288713,0.9724613856363674
q9913,9913,85,5,5047,1039,0.2058648702199326,True,0.2059231378763867,-1.7864573683013423,0.036677773924886456,0.998618556253075,-1.8523766557894923,0.4126193625288713,0.9724613856363674
q9843,9843,85,5,5692,1175,0.2064300773014757,True,0.20648164412436326,-1.7828615769463674,0.0345066771424184,0.9987770675256501,-1.8490792906097329,0.4126193625288713,0.9724613856363674
q8770,8770,85,5,6266,1323,0.2111394829237153,True,0.21118557523535983,-1.7528427122837227,0.03264608047553919,0.9989052523414478,-1.8193306031362808,0.4126193625288713,0.9724613856363674
q8604,8604,85,5,8756,1871,0.2136820465966194,True,0.2137147424917209,-1.7368938471312956,0.027510658546669252,0.9992223364538537,-1.8039716538954242,0.4126193625288713,0.9724613856363674
q8618,8618,85,5,4938,1059,0.2144592952612393,True,0.21451710872646285,-1.7318613451013205,0.03658743065094763,0.9986253439656146,-1.7978682741359435,0.4126193625288713,0.9724613856363674
q9193,9193,85,5,4611,1001,0.2170895684233355,True,0.21715091066782308,-1.7154321621372952,0.03771355950479231,0.998539545765947,-1.781308619042687,0.4126193625288713,0.9724613856363674
q9878,9878,85,5,5638,1236,0.2192266761262859,True,0.21927646745876928,-1.702272282611348,0.03400049634245227,0.9988126406445564,-1.7686515427847203,0.4126193625288713,0.9724613856363674
q8532,8532,85,5,8014,1760,0.2196156725729972,True,0.21965065502183406,-1.6999645814057334,0.028503487108671056,0.9991652413240477,-1.7669701370389532,0.4126193625288713,0.9724613856363674
q10665,10665,85,6,4787,1100,0.2297890119072488,True,0.2298454469507101,-1.6380839703485524,0.036355147301032224,0.9986427195550978,-1.7042494636031995,0.4126193625288713,0.9724613856363674
q9161,9161,85,5,4760,1100,0.2310924369747899,True,0.23114891829447595,-1.6303049352034886,0.03639420969214592,0.9986398052525849,-1.696476036012021,0.4126193625288713,0.9724613856363674
q11731,11731,85,6,2560,595,0.232421875,True,0.23252635689183912,-1.622115828736805,0.049531259962629956,0.9974835279080368,-1.6863432686093855,0.4126193625288713,0.9724613856363674
q10614,10614,85,6,4962,1208,0.2434502216848045,True,0.24350191416481967,-1.5579664767653747,0.03508554984216194,0.9987357446446268,-1.6243920124222035,0.4126193625288713,0.9724613856363674
q8509,8509,85,5,4806,1186,0.2467748647523928,True,0.24682754316621594,-1.538896841274335,0.03550669694710975,0.9987052512070552,-1.6052974713202686,0.4126193625288713,0.9724613856363674
q9871,9871,85,5,5078,1275,0.2510831035840882,True,0.2511321126205946,-1.5144533115228807,0.03436754041595804,0.9987868978419684,-1.581014831123093,0.4126193625288713,0.9724613856363674
q8524,8524,85,5,4368,1122,0.2568681318681318,True,0.256923781185626,-1.4819742877177666,0.03681081700063558,0.9986085300906798,-1.5482986563292958,0.4126193625288713,0.9724613856363674
q9167,9167,85,5,4893,1272,0.2599632127529123,True,0.26001225991009397,-1.4648386541507428,0.0346616943073412,0.9987660686747043,-1.531428423611058,0.4126193625288713,0.9724613856363674
q17274,17274,85,5,3520,926,0.2630681818181818,True,0.26313547287702355,-1.4476359138450425,0.04072669496511968,0.9982972697421214,-1.5135361559482177,0.4126193625288713,0.9724613856363674
q10291,10291,85,5,6792,1799,0.2648704358068315,True,0.2649050493154718,-1.4379437553127052,0.02926595144080904,0.9991200244750751,-1.5050999192877965,0.4126193625288713,0.9724613856363674
q9031,9031,85,5,7818,2084,0.2665643387055513,True,0.2665941936308991,-1.4287283256078898,0.02722987119826614,0.9992381178453036,-1.4960694095230707,0.4126193625288713,0.9724613856363674
q6952,6952,85,6,105743,28534,0.269842921044419,True,0.26984509759418973,-1.4110899427919368,0.007379587254522504,0.9999440026521047,-1.4794888722770279,0.4126193625288713,0.9724613856363674
q9863,9863,85,5,4822,1320,0.2737453338863542,True,0.2737922454903587,-1.3898419415116676,0.034416798671260886,0.9987834221571211,-1.4565495587600892,0.4126193625288713,0.9724613856363674
q8507,8507,85,5,4346,1203,0.276806258628624,True,0.27685760294455947,-1.373463993912794,0.036142830678380644,0.998658505285123,-1.4400114128535109,0.4126193625288713,0.9724613856363674
q8635,8635,85,5,5483,1542,0.2812329016961517,True,0.2812727935813275,-1.3500570841221768,0.032042496034781404,0.9989453167999102,-1.4170427565895254,0.4126193625288713,0.9724613856363674
q10765,10765,85,6,5038,1421,0.2820563715760222,True,0.2820996229410597,-1.345697132596377,0.03340135847687481,0.9988540703956578,-1.412558364690465,0.4126193625288713,0.9724613856363674
q8643,8643,85,5,5643,1611,0.2854864433811802,True,0.28552445074415306,-1.3277144534547614,0.03146009518685204,0.9989832693542062,-1.3947766795327385,0.4126193625288713,0.9724613856363674
q10146,10146,85,5,5497,1647,0.2996179734400582,True,0.2996544197890142,-1.2547623584853553,0.03148329184755002,0.9989817709844727,-1.3218967744849932,0.4126193625288713,0.9724613856363674
q10164,10164,85,5,4613,1391,0.3015391285497507,True,0.30158214130905936,-1.244955825890865,0.034312390297333455,0.9987907833811844,-1.3118493768858133,0.4126193625288713,0.9724613856363674
q9853,9853,85,5,4677,1413,0.3021167415009622,True,0.3021590423257802,-1.2420275638394516,0.03406074587204132,0.9988084338878362,-1.3089477868914552,0.4126193625288713,0.9724613856363674
q10741,10741,85,6,4220,1285,0.3045023696682464,True,0.30454868514570005,-1.2299295258179468,0.03578772706286517,0.9986847016818433,-1.2967035091867303,0.4126193625288713,0.9724613856363674
q4121,4121,85,5,21567,6608,0.3063940279130152,True,0.3064030044510386,-1.220576071366473,0.015808576508269917,0.9997430778360871,-1.2887266654111622,0.4126193625288713,0.9724613856363674
q10366,10366,85,6,6713,2070,0.3083569194100998,True,0.3083854632112005,-1.2106089182672999,0.02828965512953742,0.9991777087340568,-1.2780389147341447,0.4126193625288713,0.9724613856363674
q17101,17101,85,5,1743,551,0.3161216293746414,True,0.3162270642201835,-1.1715036706191406,0.0551758597135381,0.9968791824544462,-1.2361156838413698,0.4126193625288713,0.9724613856363674
q8384,8384,85,5,4376,1386,0.3167276051188299,True,0.31676947681060086,-1.168817030588877,0.03481447069272173,0.9987551808147087,-1.2357585988672306,0.4126193625288713,0.9724613856363674
q9671,9671,85,5,4506,1445,0.3206835330670217,True,0.32072331928111825,-1.149302202250348,0.03421008205154984,0.9987979749472801,-1.2163201769706622,0.4126193625288713,0.9724613856363674
q17394,17394,85,5,1942,630,0.3244078269824922,True,0.3244981986618631,-1.1307813302026033,0.05196376208188384,0.9972309896951542,-1.1959423398655389,0.4126193625288713,0.9724613856363674
q6446,6446,85,5,28380,9244,0.325722339675828,True,0.3257284803213417,-1.1247678916034414,0.013584747591242856,0.9998102645975937,-1.1930232714742057,0.4126193625288713,0.9724613856363674
q9760,9760,85,5,4407,1435,0.325618334467892,True,0.3256578947368421,-1.1251126056168337,0.03447195038192555,0.9987795247490817,-1.1921376347853043,0.4126193625288713,0.9724613856363674
q10175,10175,85,5,4551,1524,0.3348714568226763,True,0.33490773286467485,-1.080239766167193,0.03371280119029594,0.9988326259546829,-1.1473805600247358,0.4126193625288713,0.9724613856363674
q10281,10281,85,5,4397,1479,0.3363657038890152,True,0.3364029104138245,-1.073041363109558,0.03426497138166865,0.9987941192620237,-1.1401466039151023,0.4126193625288713,0.9724613856363674
q9140,9140,85,5,4485,1515,0.3377926421404682,True,0.3378288007133304,-1.066190292132416,0.03389643686607224,0.9988198888524407,-1.1333330345470831,0.4126193625288713,0.9724613856363674
q9039,9039,85,5,4542,1541,0.3392778511668868,True,0.3393132291437376,-1.0590720404906175,0.03365164204998124,0.9988368527090369,-1.1262423108947404,0.4126193625288713,0.9724613856363674
q8548,8548,85,5,4553,1547,0.3397759718866681,True,0.3398111550285463,-1.056687530767038,0.0336005139575286,0.9988403803476288,-1.1238645438978747,0.4126193625288713,0.9724613856363674
q8491,8491,85,5,4418,1514,0.3426889995473064,True,0.34272459832541297,-1.042766991333729,0.03404861545539375,0.9988092814565761,-1.109925588391143,0.4126193625288713,0.9724613856363674
q10149,10149,85,5,4441,1541,0.3469939202882234,True,0.3470283656010806,-1.0222999597103914,0.03387268512788189,0.9988215401676168,-1.0894962988200632,0.4126193625288713,0.9724613856363674
q10942,10942,85,6,5019,1753,0.3492727634987049,True,0.3493027888446215,-1.0115288812161238,0.03182061537617216,0.9989598575532167,-1.07888729786045,0.4126193625288713,0.9724613856363674
q4802,4802,85,5,11936,4188,0.3508713136729222,True,0.3508838066515875,-1.0040595519000688,0.020616582178193378,0.9995631109161378,-1.072072751877158,0.4126193625288713,0.9724613856363674
q10115,10115,85,5,4467,1574,0.3523617640474591,True,0.35239480752014324,-0.9969345531254042,0.03366926090443976,0.9988356358400551,-1.0641758021075327,0.4126193625288713,0.9724613856363674
q9182,9182,85,5,4741,1676,0.3535119173170217,True,0.35354280894137496,-0.9915299834502808,0.032660896236547464,0.9989042595470008,-1.0588502672563613,0.4126193625288713,0.9724613856363674
q9922,9922,85,5,4709,1686,0.3580377999575281,True,0.35806794055201696,-0.9702984038506055,0.03268993595599991,0.9989023123133917,-1.0376399292096448,0.4126193625288713,0.9724613856363674
q8515,8515,85,5,4581,1653,0.3608382449246889,True,0.36086861632474904,-0.9572138015147063,0.03309368718990009,0.9988750606211982,-1.0245417377402992,0.4126193625288713,0.9724613856363674
q9071,9071,85,5,5073,1831,0.3609304159274591,True,0.36095782420181316,-0.9567977143387866,0.031446835325786064,0.9989841253702506,-1.0242379404881594,0.4126193625288713,0.9724613856363674
q9738,9738,85,5,4311,1559,0.3616330317791695,True,0.36166512059369205,-0.9535001971177355,0.034099704217929565,0.9988057097830423,-1.020761435616349,0.4126193625288713,0.9724613856363674
q10352,10352,85,6,5735,2077,0.3621621621621622,True,0.3621861924686193,-0.9510725652172002,0.029557419931051335,0.9991024251167308,-1.018639220421066,0.4126193625288713,0.9724613856363674
q8525,8525,85,5,4746,1720,0.3624104509060261,True,0.36243943543290497,-0.9498932389120867,0.03248657110723117,0.9989159125528364,-1.0172710129135454,0.4126193625288713,0.9724613856363674
q10897,10897,85,6,4734,1730,0.3654414871144909,True,0.36546990496304116,-0.9358063438865538,0.03247680733349997,0.9989165633896185,-1.0032000429417312,0.4126193625288713,0.9724613856363674
q17247,17247,85,5,4805,1759,0.3660770031217482,True,0.3661048689138577,-0.9328606990644863,0.03222560278795044,0.998933241285801,-1.0002742898250403,0.4126193625288713,0.9724613856363674
q9694,9694,85,5,4318,1582,0.3663733209819361,True,0.36640426024542716,-0.9314725048306755,0.03398876550886164,0.9988134588554372,-0.9987677995048465,0.4126193625288713,0.9724613856363674
q6600,6600,85,6,4617,1692,0.3664717348927875,True,0.3665006496318753,-0.9310256698268369,0.032868420464980785,0.9988903063493724,-0.9983983043319349,0.4126193625288713,0.9724613856363674
q10866,10866,85,6,5564,2040,0.3666427030913012,True,0.36666666666666664,-0.9302561690991117,0.029938962647672793,0.9990791242937269,-0.9978182371610771,0.4126193625288713,0.9724613856363674
q8621,8621,85,5,4525,1660,0.3668508287292817,True,0.36688024745912506,-0.9292664097790195,0.03319443023373933,0.9988682089305049,-0.9966189488641137,0.4126193625288713,0.9724613856363674
q9062,9062,85,5,6011,2211,0.3678256529695558,True,0.3678476380572189,-0.9247862497841884,0.02878736320927506,0.999148545451848,-0.9924223087790279,0.4126193625288713,0.9724613856363674
q6368,6368,85,5,5942,2202,0.3705822955233928,True,0.37060407201749956,-0.9120459541037395,0.028914533706459664,0.9991410125737232,-0.97968547468535,0.4126193625288713,0.9724613856363674
q9113,9113,85,5,4434,1651,0.3723500225529995,True,0.37237880496054115,-0.9038625339191172,0.03344244888666527,0.9988512524530208,-0.9712273373495476,0.4126193625288713,0.9724613856363674
q9915,9915,85,5,4342,1617,0.3724090280976508,True,0.3724384066313608,-0.9035879666653056,0.03379383664977728,0.9988270137666758,-0.9709295238104623,0.4126193625288713,0.9724613856363674
q10619,10619,85,6,5121,1934,0.3776606131614919,True,0.37768449824287387,-0.8794855379975767,0.031041282179221464,0.9990101330334071,-0.9470289580401962,0.4126193625288713,0.9724613856363674
q6753,6753,85,5,14561,5503,0.3779273401552091,True,0.3779357231149567,-0.8783344759883296,0.018407667096869914,0.9996516836671594,-0.946486465999297,0.4126193625288713,0.9724613856363674
q3681,3681,85,5,5988,2281,0.3809285237140948,True,0.3809484054099182,-0.8645528093036112,0.02866414177065377,0.999155812844059,-0.9322469350636171,0.4126193625288713,0.9724613856363674
q6382,6382,85,5,27551,10514,0.3816195419404014,True,0.3816238385598142,-0.8614684667449284,0.01336006889383136,0.9998164876383803,-0.9297795909563464,0.4126193625288713,0.9724613856363674
q8616,8616,85,5,4572,1753,0.3834208223972003,True,0.3834463153291056,-0.8531559834487494,0.03276691346495252,0.998897142315398,-0.9206213297348471,0.4126193625288713,0.9724613856363674
q10928,10928,85,6,5052,1939,0.3838083927157561,True,0.3838313872946764,-0.8514014462065616,0.03116652948586352,0.9990021369509384,-0.9189653103017807,0.4126193625288713,0.9724613856363674
q9874,9874,85,5,4456,1712,0.3842010771992818,True,0.38422705855956923,-0.8495992668396517,0.033179282340536645,0.998869240486506,-0.9170429195376719,0.4126193625288713,0.9724613856363674
q9169,9169,85,5,4419,1705,0.3858338990721883,True,0.38585972850678735,-0.8421698175023075,0.03329441445232462,0.9988613883507036,-0.9096147205608212,0.4126193625288713,0.9724613856363674
q9044,9044,85,5,4253,1642,0.3860804138255349,True,0.3861071932299013,-0.8410446985215421,0.03393421591891451,0.9988172599291328,-0.9084507466856906,0.4126193625288713,0.9724613856363674
q8601,8601,85,5,4682,1810,0.3865869286629645,True,0.3866111467008328,-0.8387542126193045,0.03233562191779281,0.9989259527991557,-0.9062615799169087,0.4126193625288713,0.9724613856363674
q9682,9682,85,5,4244,1641,0.3866635249764373,True,0.3866902237926973,-0.8383948992686617,0.033961733858937956,0.9988153432091711,-0.9058023432279293,0.4126193625288713,0.9724613856363674
q9198,9198,85,5,4538,1766,0.3891582194799471,True,0.389182639347874,-0.8270828046471054,0.03280907377955797,0.9988943055944015,-0.8945743654719411,0.4126193625288713,0.9724613856363674
q10165,10165,85,5,4318,1681,0.389300602130616,True,0.38932623292428803,-0.8264318523115747,0.033632301240992944,0.9988381877770847,-0.8938739122909451,0.4126193625288713,0.9724613856363674
q10125,10125,85,5,4232,1662,0.3927221172022684,True,0.3927474604299551,-0.8109464625135203,0.03392483340774061,0.9988179131000766,-0.8783886834844341,0.4126193625288713,0.9724613856363674
q17266,17266,85,5,1324,520,0.3927492447129909,True,0.3928301886792453,-0.8105725766528931,0.060634457741781035,0.996233588124559,-0.8757434774565719,0.4126193625288713,0.9724613856363674
q17315,17315,85,5,1302,514,0.3947772657450076,True,0.3948580199539524,-0.8014160710011404,0.06109494558533859,0.9961763825016877,-0.8665716959279524,0.4126193625288713,0.9724613856363674
q9885,9885,85,5,4472,1769,0.3955724508050089,True,0.3955957970042477,-0.7980885538167409,0.03296494850799998,0.9988837861634652,-0.8656030575957196,0.4126193625288713,0.9724613856363674
q9833,9833,85,5,4338,1720,0.396496081143384,True,0.39651993546900205,-0.793923373398264,0.03345807189923899,0.99885018013628,-0.8614135443981747,0.4126193625288713,0.9724613856363674
q9742,9742,85,5,4320,1717,0.3974537037037037,True,0.39747743577875494,-0.7896111543115207,0.033515316495103205,0.9988462467790201,-0.8571029084005151,0.4126193625288713,0.9724613856363674
q9164,9164,85,5,4420,1770,0.4004524886877828,True,0.40047500565482924,-0.7761327336164348,0.033096577808653604,0.9988748643146327,-0.8436642092626873,0.4126193625288713,0.9724613856363674
q8783,8783,85,5,4973,1993,0.4007641262819224,True,0.40078407720144754,-0.7747448333431591,0.031198990776822897,0.999000059312829,-0.8423834383200709,0.4126193625288713,0.9724613856363674
q8884,8884,85,5,4350,1759,0.404367816091954,True,0.404389795449322,-0.758577736959317,0.033314092798639144,0.9988600435565848,-0.8261167067097493,0.4126193625288713,0.9724613856363674
q8867,8867,85,5,4352,1760,0.4044117647058823,True,0.4044337238685964,-0.7583810481051371,0.033305915253200154,0.99886060249609,-0.8259207042385971,0.4126193625288713,0.9724613856363674
q6166,6166,85,5,11730,4747,0.4046888320545609,True,0.40469695678117806,-0.7572025630508328,0.020286510334644493,0.9995769822659725,-0.8253350655080226,0.4126193625288713,0.9724613856363674
q6178,6178,85,5,7309,2983,0.4081269667533178,True,0.40813953488372096,-0.7418114753927016,0.0256680106464862,0.9993229544011035,-0.809744651486931,0.4126193625288713,0.9724613856363674
q9440,9440,85,5,4436,1816,0.4093778178539224,True,0.40939824205544284,-0.7361936977838669,0.03293209097844461,0.998886007730073,-0.8037790770977349,0.4126193625288713,0.9724613856363674
q4136,4136,85,5,6086,2530,0.4157081827144265,True,0.4157220305569246,-0.7080446485323073,0.028058290353230965,0.9991910929905922,-0.7758982924376775,0.4126193625288713,0.9724613856363674
q9162,9162,85,5,4497,1870,0.4158327774071603,True,0.4158514895509115,-0.7074696520869628,0.0326388865730152,0.9989057342383956,-0.7751023365781122,0.4126193625288713,0.9724613856363674
q10159,10159,85,5,4325,1799,0.4159537572254335,True,0.41597318539066114,-0.7069291809308765,0.033280136471327215,0.9988623635953049,-0.7745288267690037,0.4126193625288713,0.9724613856363674
q17071,17071,85,5,659,274,0.4157814871016692,True,0.4159090909090909,-0.707213829592172,0.08520502011716724,0.9925898359122166,-0.7699475794089067,0.4126193625288713,0.9724613856363674
q9837,9837,85,5,4368,1827,0.4182692307692308,True,0.4182879377431907,-0.6966571969116766,0.03309207329477228,0.9988751702159849,-0.7642783273774375,0.4126193625288713,0.9724613856363674
q9125,9125,85,5,4461,1872,0.4196368527236045,True,0.4196548632900045,-0.6905985134940269,0.03273173795801061,0.9988995062906575,-0.7582449319820912,0.4126193625288713,0.9724613856363674
q8546,8546,85,5,4429,1862,0.4204109279747121,True,0.4204288939051919,-0.6871700723511592,0.032842082329888216,0.9988920821075157,-0.7548146537193792,0.4126193625288713,0.9724613856363674
q9444,9444,85,5,4510,1901,0.4215077605321508,True,0.4215251607182443,-0.6823171792968503,0.03253525690174561,0.9989126643321942,-0.7499825903850165,0.4126193625288713,0.9724613856363674
q9067,9067,85,5,4519,1912,0.4231024562956406,True,0.4231194690265487,-0.6752654357494612,0.032487655418656766,0.998915840262438,-0.7429408765391879,0.4126193625288713,0.9724613856363674
q9893,9893,85,5,4494,1908,0.4245660881174899,True,0.4245828698553949,-0.6687986976554365,0.03256415182384134,0.9989107342295498,-0.7364773848438634,0.4126193625288713,0.9724613856363674
q9431,9431,85,5,4575,1951,0.426448087431694,True,0.42646416083916083,-0.6604935507323055,0.032257536117756905,0.9989311283318962,-0.7281961512305295,0.4126193625288713,0.9724613856363674
q10127,10127,85,5,4674,1999,0.4276850663243474,True,0.42770053475935826,-0.6550403961729367,0.03190324749088415,0.9989544540884915,-0.7227657020957804,0.4126193625288713,0.9724613856363674
q6643,6643,85,6,15807,6824,0.4317074713734421,True,0.4317117914979757,-0.6373744297551541,0.017330910419965387,0.9996912291656292,-0.7056382635215117,0.4126193625288713,0.9724613856363674
q8890,8890,85,5,4423,1911,0.4320596879945738,True,0.4320750452079566,-0.6357765422678113,0.03275754094734665,0.998897772443906,-0.7034820709143368,0.4126193625288713,0.9724613856363674
q9912,9912,85,5,4480,1937,0.4323660714285714,True,0.43238116491854495,-0.6344302185377935,0.03254595288516667,0.998911950068294,-0.7021471967617491,0.4126193625288713,0.9724613856363674
q6759,6759,85,5,9431,4084,0.4330399745520093,True,0.4330470737913486,-0.6315022893738861,0.022428914109691004,0.9994829654954331,-0.6996221550342335,0.4126193625288713,0.9724613856363674
q9177,9177,85,5,4440,1933,0.4353603603603603,True,0.43537491555955865,-0.6212750501276728,0.032667445939744,0.998903820512721,-0.6890007344152235,0.4126193625288713,0.9724613856363674
q10294,10294,85,5,5044,2198,0.4357652656621729,True,0.43577799801783945,-0.6195053769404986,0.03064655938324714,0.9990351232527538,-0.6873233357065169,0.4126193625288713,0.9724613856363674
q8559,8559,85,5,4374,1919,0.4387288523090992,True,0.43874285714285716,-0.6064995849439452,0.03288611310358235,0.9988891126883281,-0.674231538285938,0.4126193625288713,0.9724613856363674
q6599,6599,85,6,4616,2030,0.4397746967071057,True,0.4397877409573316,-0.6019205477875095,0.03200480937910356,0.9989477936550332,-0.6696969277805475,0.4126193625288713,0.9724613856363674
q9429,9429,85,5,4771,2100,0.4401592957451268,True,0.44017183570829843,-0.6002378892907356,0.03147793705585084,0.9989821169706031,-0.6680389924640114,0.4126193625288713,0.9724613856363674
q8558,8558,85,5,4303,1903,0.4422495933069951,True,0.44226301115241634,-0.5910821047176216,0.03312939261645529,0.9988726346115707,-0.6588203167984309,0.4126193625288713,0.9724613856363674
q10624,10624,85,6,5853,2589,0.442337262942081,True,0.44234711308507,-0.5907140671242522,0.02840632564367298,0.9991709178933996,-0.6586493212190248,0.4126193625288713,0.9724613856363674
q11760,11760,85,6,2210,979,0.4429864253393665,True,0.44301221166892807,-0.5878040334510255,0.04621497168962672,0.997808506336758,-0.654847568823791,0.4126193625288713,0.9724613856363674
q10296,10296,85,5,4278,1897,0.4434315100514259,True,0.4434447300771208,-0.5859120881983506,0.033217306792718324,0.9988666501718487,-0.6536522125961733,0.4126193625288713,0.9724613856363674
q9699,9699,85,5,4483,2006,0.4474682132500557,True,0.4474799286351472,-0.5682784560671537,0.03242118228133184,0.998920267546301,-0.63607270695102,0.4126193625288713,0.9724613856363674
q4532,4532,85,5,8775,3928,0.4476353276353276,True,0.4476412944393801,-0.5675739290031184,0.023173887157055036,0.9994480679126869,-0.6357046510248068,0.4126193625288713,0.9724613856363674
q6705,6705,85,6,12991,5817,0.4477715341390193,True,0.4477755541871921,-0.5669877838473236,0.019045711072389095,0.9996271277602748,-0.6352326164648631,0.4126193625288713,0.9724613856363674
q17396,17396,85,5,2170,980,0.4516129032258064,True,0.45163519115614925,-0.5501512567145255,0.046555573039190154,0.9977761570708747,-0.6172572955842727,0.4126193625288713,0.9724613856363674
q8504,8504,85,5,4373,1977,0.452092385090327,True,0.45210333790580703,-0.5481108552777966,0.032796176546665286,0.9988951737593067,-0.6159114091304569,0.4126193625288713,0.9724613856363674
q10332,10332,85,5,4358,1972,0.4525011473152822,True,0.45251204404679973,-0.5463298239147614,0.03285000184425758,0.9988915483105072,-0.6141301165296101,0.4126193625288713,0.9724613856363674
q9201,9201,85,5,4410,1998,0.4530612244897959,True,0.4530718657900703,-0.5438907213580905,0.0326523497800029,0.9989048322941956,-0.6117018523466292,0.4126193625288713,0.9724613856363674
q8779,8779,85,5,4342,1978,0.4555504375863657,True,0.4555606723463044,-0.5330533238955777,0.032891954648740424,0.9988887184390811,-0.6008666306022965,0.4126193625288713,0.9724613856363674
q8860,8860,85,5,4447,2028,0.4560377782774904,True,0.4560476618705036,-0.5309338963548467,0.032498584580148114,0.9989151114875976,-0.5987653787493804,0.4126193625288713,0.9724613856363674
q10122,10122,85,5,4268,1947,0.4561855670103092,True,0.45619583040524714,-0.5302891247933778,0.033172052002553576,0.998869732699855,-0.598094135195305,0.4126193625288713,0.9724613856363674
q6389,6389,85,5,3859,1766,0.4576315107540813,True,0.45764248704663213,-0.5239956000401939,0.03487642245818358,0.9987507521427061,-0.5917372305183892,0.4126193625288713,0.9724613856363674
q4572,4572,85,5,4919,2257,0.4588330961577556,True,0.45884146341463417,-0.5187819525239047,0.030885476259129626,0.9990200352866463,-0.5866882363647294,0.4126193625288713,0.9724613856363674
q17358,17358,85,5,1132,520,0.4593639575971731,True,0.45939982347749336,-0.5163546871002126,0.06435485107149563,0.9957592315990051,-0.5823563126617706,0.4126193625288713,0.9724613856363674
q8799,8799,85,5,4159,1918,0.4611685501322433,True,0.4611778846153846,-0.5086281710005587,0.03357556020561827,0.9988421001202776,-0.5764417170335584,0.4126193625288713,0.9724613856363674
q4014,4014,85,5,10368,4807,0.4636381172839506,True,0.46364162407175236,-0.4979292120695508,0.0212585689716155,0.99953549124165,-0.5661478907798526,0.4126193625288713,0.9724613856363674
q10305,10305,85,5,4558,2114,0.4637999122422115,True,0.4638078525992542,-0.49720764199372164,0.03205949551100373,0.9989441986046637,-0.5650921678886646,0.4126193625288713,0.9724613856363674
q9110,9110,85,5,4373,2030,0.4642122112965927,True,0.4642203932327389,-0.49541702629594436,0.032728417316078076,0.9988997293243154,-0.5632783665512642,0.4126193625288713,0.9724613856363674
q9830,9830,85,5,4366,2029,0.4647274393037104,True,0.464735516372796,-0.4931814604174078,0.032752112728768136,0.9988981373091647,-0.5610443662239164,0.4126193625288713,0.9724613856363674
q8859,8859,85,5,4353,2023,0.4647369630140133,True,0.46474506201194304,-0.493140036784834,0.032800924682106054,0.998894854182633,-0.5610011443590052,0.4126193625288713,0.9724613856363674
q17120,17120,85,5,3098,1440,0.4648160103292447,True,0.4648273636656986,-0.49278289066163916,0.03887892059961736,0.9984480365111585,-0.5603936099604238,0.4126193625288713,0.9724613856363674
q10172,10172,85,5,4382,2038,0.4650844363304427,True,0.4650924024640657,-0.49163281873415604,0.032690548787220094,0.9989022712019533,-0.559499746384864,0.4126193625288713,0.9724613856363674
q9841,9841,85,5,4442,2083,0.4689329131022062,True,0.4689399054692775,-0.4749470861681701,0.03245142757178959,0.9989182542507278,-0.5428410158781308,0.4126193625288713,0.9724613856363674
q6384,6384,85,5,7079,3321,0.4691340584828365,True,0.46913841807909606,-0.47408665038381537,0.02570654651953649,0.9993209213337272,-0.5421999853143539,0.4126193625288713,0.9724613856363674
q9925,9925,85,5,4407,2068,0.4692534604039028,True,0.46926043557168784,-0.4735577979804629,0.03257860406109727,0.9989097682191881,-0.5414486307820473,0.4126193625288713,0.9724613856363674
q9839,9839,85,5,4374,2055,0.4698216735253772,True,0.46982857142857143,-0.47109558168087345,0.032698772913454424,0.9989017194168189,-0.5389847559173592,0.4126193625288713,0.9724613856363674
q8498,8498,85,5,4735,2226,0.4701161562829989,True,0.47012246621621623,-0.46982202466334094,0.03142663356315707,0.9989854288433153,-0.5377576587256718,0.4126193625288713,0.9724613856363674
q8791,8791,85,5,5293,2492,0.4708105044398262,True,0.4708160181337363,-0.466816973282633,0.029721631419179762,0.9990924332162631,-0.5348129354910227,0.4126193625288713,0.9724613856363674
q9434,9434,85,5,4326,2041,0.4717984281091077,True,0.4718049456898544,-0.4625329889754231,0.03287127977452294,0.9988901134849855,-0.5304254044199893,0.4126193625288713,0.9724613856363674
q10301,10301,85,5,4341,2050,0.4722414190278737,True,0.47224781206817135,-0.4606148435629501,0.03281264015736672,0.9988940654671097,-0.528511478911648,0.4126193625288713,0.9724613856363674
q10174,10174,85,5,4380,2075,0.4737442922374429,True,0.47375028532298563,-0.4541087953340573,0.03266030354015677,0.9989042992718097,-0.5220179740360663,0.4126193625288713,0.9724613856363674
q9917,9917,85,5,4376,2075,0.4741773308957952,True,0.4741832305231894,-0.45223445646769916,0.03267355098823737,0.998903411205243,-0.5201452264534873,0.4126193625288713,0.9724613856363674
q10114,10114,85,5,6392,3045,0.4763767209011264,True,0.4763804160800876,-0.4427249468826204,0.027028600707802376,0.9992493307506651,-0.5108229812891888,0.4126193625288713,0.9724613856363674
q9442,9442,85,5,4264,2034,0.4770168855534709,True,0.47702227432590855,-0.43994778114440025,0.03308917572516412,0.998875366967911,-0.507857766041349,0.4126193625288713,0.9724613856363674
q9932,9932,85,5,4461,2128,0.4770230889934992,True,0.47702823845809056,-0.4399219774706761,0.032350455748810084,0.9989249682034329,-0.5078572088418815,0.4126193625288713,0.9724613856363674
q4823,4823,85,5,10010,4781,0.4776223776223776,True,0.4776246129257816,-0.43734193222252454,0.02159626751591375,0.9995206234439042,-0.5055812337702881,0.4126193625288713,0.9724613856363674
q8563,8563,85,5,4356,2081,0.4777318640955004,True,0.47773697498278633,-0.43685586354513933,0.03273546214731952,0.9988992561256052,-0.504781397805446,0.4126193625288713,0.9724613856363674
q17063,17063,85,5,1089,520,0.4775022956841138,True,0.4775229357798165,-0.4377817881046797,0.06544988331139678,0.9956143242034236,-0.504043261798112,0.4126193625288713,0.9724613856363674
q6634,6634,85,6,18171,8689,0.4781795168125034,True,0.47818071758749725,-0.4349363745458751,0.01602841730035987,0.9997358843127919,-0.503285195491294,0.4126193625288713,0.9724613856363674
q10703,10703,85,6,7631,3659,0.4794915476346481,True,0.4794942348008386,-0.4292554647863886,0.02472945402701349,0.9993715312833635,-0.4974244340756206,0.4126193625288713,0.9724613856363674
q8625,8625,85,5,4435,2129,0.4800450958286358,True,0.48004959422903515,-0.42685397035796896,0.03243500989305008,0.9989193473351176,-0.49480046603530475,0.4126193625288713,0.9724613856363674
q3924,3924,85,5,5189,2507,0.4831374060512622,True,0.48314065510597304,-0.41349174340990125,0.029977894334520378,0.9990767299934927,-0.48152853328802625,0.4126193625288713,0.9724613856363674
q9437,9437,85,5,4626,2241,0.4844357976653696,True,0.48443916144370003,-0.40788045059114136,0.031745824793626344,0.9989647362141525,-0.4758690716009081,0.4126193625288713,0.9724613856363674
q17355,17355,85,5,1478,716,0.4844384303112314,True,0.4844489519945909,-0.4078381463800084,0.05615027941183534,0.9967683396261247,-0.474780623721217,0.4126193625288713,0.9724613856363674
q10139,10139,85,5,4432,2153,0.4857851985559567,True,0.48578840514324384,-0.40205103055295127,0.03242946015042962,0.9989197167108516,-0.4700245033966871,0.4126193625288713,0.9724613856363674
q8858,8858,85,5,4299,2089,0.4859269597580832,True,0.48593023255813955,-0.40143832744637775,0.032926796948348505,0.9988863654642621,-0.4693967897616074,0.4126193625288713,0.9724613856363674
q9449,9449,85,5,4309,2100,0.4873520538407983,True,0.48735498839907193,-0.39528393171253734,0.03288499154856601,0.9988891883747449,-0.46325055694449646,0.4126193625288713,0.9724613856363674
q5700,5700,85,5,4264,2083,0.4885084427767354,True,0.4885111371629543,-0.39029062329237496,0.03305525898725778,0.9988776687204262,-0.45825751024986056,0.4126193625288713,0.9724613856363674
q3679,3679,85,5,6210,3048,0.4908212560386473,True,0.49082273385928193,-0.38030899849783123,0.027387506042457096,0.9992292779964186,-0.44844488714629915,0.4126193625288713,0.9724613856363674
q8623,8623,85,5,4924,2423,0.4920796100731113,True,0.49208121827411166,-0.3748757708455911,0.030753670489005343,0.9990283734557127,-0.442926774456723,0.4126193625288713,0.9724613856363674
q4534,4534,85,5,4148,2048,0.493731918997107,True,0.49373342974210654,-0.36774364145378496,0.033503349968612255,0.9988470695693238,-0.43572248546661396,0.4126193625288713,0.9724613856363674
q10265,10265,85,5,4383,2183,0.4980606890257814,True,0.4980611313868613,-0.3490661863333835,0.03258652620396662,0.9989092385095653,-0.41709252266725344,0.4126193625288713,0.9724613856363674
q5089,5089,85,5,4363,2182,0.50011460004584,True,0.5001145737855178,-0.34020543561534966,0.03265872569038133,0.9989044050219177,-0.40823946153026314,0.4126193625288713,0.9724613856363674
q10157,10157,85,5,4249,2127,0.5005883737349964,True,0.5005882352941177,-0.3381616442484531,0.03309334577898328,0.9988750838058352,-0.40618598605116724,0.4126193625288713,0.9724613856363674
q10782,10782,85,6,4328,2184,0.5046210720887245,True,0.5046200046200047,-0.32076582319794367,0.03278682240452085,0.9988958032118245,-0.388817798820622,0.4126193625288713,0.9724613856363674
q10821,10821,85,6,5262,2664,0.5062713797035348,True,0.5062701881056432,-0.31364589296821693,0.02973486373465556,0.9990916256581689,-0.38178055957103246,0.4126193625288713,0.9724613856363674
q11678,11678,85,6,2334,1182,0.506426735218509,True,0.5064239828693791,-0.31298231984611846,0.044641462798947845,0.9979548960771188,-0.3806839676935349,0.4126193625288713,0.9724613856363674
q9847,9847,85,5,4348,2207,0.5075896964121435,True,0.5075879512531617,-0.3079601289291401,0.03271013724641989,0.9989009567169231,-0.37602818455360554,0.4126193625288713,0.9724613856363674
q10118,10118,85,5,4668,2372,0.508140531276778,True,0.5081387877489827,-0.30558338344321384,0.03156919767112982,0.9989762123874643,-0.3736822017386609,0.4126193625288713,0.9724613856363674
q17420,17420,85,5,302,154,0.5099337748344371,True,0.5099009900990099,-0.2979795830636753,0.1239230263756678,0.9844537032433811,-0.3607642475168019,0.4126193625288713,0.9724613856363674
q10734,10734,85,6,4527,2315,0.5113761873205214,True,0.5113736749116607,-0.2916246329972516,0.03205691584733853,0.9989443683283514,-0.3597262748385391,0.4126193625288713,0.9724613856363674
q5680,5680,85,5,13523,6935,0.512829993344672,True,0.5128290446613428,-0.2853439372620999,0.018549278942051318,0.9996463056973591,-0.35370057269889504,0.4126193625288713,0.9724613856363674
q10646,10646,85,6,13501,6956,0.5152210947337235,True,0.5152199674122352,-0.27502457320716966,0.018564995615132647,0.9996457062905106,-0.3433846526441764,0.4126193625288713,0.9724613856363674
q8554,8554,85,5,4548,2352,0.5171503957783641,True,0.5171466256320071,-0.26670761037647794,0.0319855224322682,0.998949060115433,-0.33483712805326615,0.4126193625288713,0.9724613856363674
q6367,6367,85,5,3438,1779,0.5174520069808028,True,0.5174469322477464,-0.2654111240720152,0.03678735319216193,0.9986103009516641,-0.33342889499646433,0.4126193625288713,0.9724613856363674
q9174,9174,85,5,4274,2216,0.5184838558727187,True,0.5184795321637427,-0.26095288722975357,0.03299579619607888,0.9988816984791643,-0.3290662615162868,0.4126193625288713,0.9724613856363674
q9432,9432,85,5,4489,2330,0.5190465582535085,True,0.5190423162583518,-0.2585228775234388,0.03219665203059527,0.9989351550888754,-0.32665644985395753,0.4126193625288713,0.9724613856363674
q8519,8519,85,5,5963,3096,0.519201744088546,True,0.5191985244802146,-0.25784837032393415,0.027936188356068023,0.9991981123223129,-0.3260684717739431,0.4126193625288713,0.9724613856363674
q9679,9679,85,5,4574,2378,0.519895059029296,True,0.5198907103825137,-0.2548593727259497,0.03189701733198639,0.9989548619763631,-0.32300321816865696,0.4126193625288713,0.9724613856363674
q4568,4568,85,5,4399,2295,0.5217094794271425,True,0.5217045454545455,-0.24702573323577826,0.03252728997108753,0.9989131962015898,-0.3151646200479286,0.4126193625288713,0.9724613856363674
q8777,8777,85,5,4441,2322,0.5228552127899122,True,0.5228500675371455,-0.24207750905041997,0.03237467824771163,0.9989233594681933,-0.3102249299082772,0.4126193625288713,0.9724613856363674
q5708,5708,85,5,283,148,0.5229681978798587,True,0.522887323943662,-0.2419165628327316,0.12803722924155014,0.983421701426285,-0.3052524679799856,0.4126193625288713,0.9724613856363674
q3701,3701,85,5,11192,5891,0.5263581129378128,True,0.5263557580630751,-0.2269292947825717,0.020398401335662397,0.9995723050585219,-0.2952847305372324,0.4126193625288713,0.9724613856363674
q8790,8790,85,5,4965,2616,0.5268882175226586,True,0.5268828030608136,-0.22465121048193848,0.030625190339374334,0.9990364670542061,-0.29285054876426647,0.4126193625288713,0.9724613856363674
q8901,8901,85,5,4400,2327,0.5288636363636363,True,0.5288570779368326,-0.2161158667859359,0.03253553182552595,0.9989126459760677,-0.2842881899654627,0.4126193625288713,0.9724613856363674
q9911,9911,85,5,4722,2520,0.5336721728081322,True,0.5336650434046157,-0.19531655906086348,0.0314176548409251,0.9989860079072845,-0.26353085120706116,0.4126193625288713,0.9724613856363674
q4206,4206,85,5,6532,3487,0.5338334353949785,True,0.5338282565437013,-0.19461014047179037,0.02671357832688864,0.9992667143459661,-0.2628990005173359,0.4126193625288713,0.9724613856363674
q9033,9033,85,5,4247,2270,0.5344949376030139,True,0.5344868173258004,-0.1917595053145819,0.03312984252974585,0.998872604025542,-0.2599478919130284,0.4126193625288713,0.9724613856363674
q9185,9185,85,5,4208,2253,0.5354087452471483,True,0.535400332620575,-0.18780458956165139,0.033285527510135915,0.998861995414197,-0.2559947160736926,0.4126193625288713,0.9724613856363674
q8771,8771,85,5,4343,2329,0.53626525443242,True,0.5362569060773481,-0.1840954471074764,0.03276667121251148,0.9988971586046548,-0.2522986760618375,0.4126193625288713,0.9724613856363674
q8562,8562,85,5,4470,2399,0.53668903803132,True,0.5366808320286289,-0.18225948501693298,0.032299165008819165,0.9989283707164649,-0.25047256491073616,0.4126193625288713,0.9724613856363674
q6161,6161,85,5,3712,1993,0.5369073275862069,True,0.5368973875572314,-0.18132154316638763,0.0354437475687043,0.9987098321075703,-0.24948103651505726,0.4126193625288713,0.9724613856363674
q8897,8897,85,5,4341,2335,0.5378944943561391,True,0.5378857669276831,-0.17704006898856656,0.032779081545407165,0.9988963239692296,-0.2452508739847428,0.4126193625288713,0.9724613856363674
q9767,9767,85,5,5647,3040,0.5383389410306357,True,0.5383321529745042,-0.17510606847171367,0.02874171615205203,0.9991512412609542,-0.24338110273293548,0.4126193625288713,0.9724613856363674
q10667,10667,85,6,6629,3571,0.5386936189470508,True,0.5386877828054298,-0.17356512184452708,0.026528830574726214,0.9992768145867277,-0.24187185863232102,0.4126193625288713,0.9724613856363674
q4798,4798,85,5,5477,2955,0.5395289392002921,True,0.539521723256663,-0.16995110695506987,0.029187666006987256,0.9991247218730741,-0.238224193440674,0.4126193625288713,0.9724613856363674
q17114,17114,85,5,1125,608,0.5404444444444444,True,0.5404085257548845,-0.16610715044764826,0.0643843152672847,0.9957553640135813,-0.23359318740243468,0.4126193625288713,0.9724613856363674
q17178,17178,85,5,1219,659,0.5406070549630845,True,0.5405737704918033,-0.16539077718914236,0.06185527439824366,0.9960809954800585,-0.2329560111519215,0.4126193625288713,0.9724613856363674
q8648,8648,85,5,4673,2529,0.541194093729938,True,0.5411852802738554,-0.16273946866643563,0.031603846971581404,0.9989739661108739,-0.23098400940547564,0.4126193625288713,0.9724613856363674
q8514,8514,85,5,4289,2325,0.5420844019584985,True,0.5420745920745921,-0.1588829141887792,0.032991105121233905,0.9988820160831776,-0.22711050569333568,0.4126193625288713,0.9724613856363674
q6720,6720,85,6,878,476,0.5421412300683371,True,0.5420932878270762,-0.15880182878368734,0.07288395830992754,0.994567175718659,-0.2260488184442419,0.4126193625288713,0.9724613856363674
q8641,8641,85,5,4411,2395,0.5429607798685105,True,0.5429510426110608,-0.15508120145675608,0.03253490326631797,0.9989126879435175,-0.22331990030759613,0.4126193625288713,0.9724613856363674
q6379,6379,85,5,6077,3300,0.5430311008721409,True,0.543024021059559,-0.1547646059775535,0.02771982299941177,0.9992104756682647,-0.22307012910028326,0.4126193625288713,0.9724613856363674
q4009,4009,85,5,3807,2071,0.5439978986078277,True,0.5439863445378151,-0.15058922887036924,0.035024311689811724,0.9987401484886118,-0.21879501350443153,0.4126193625288713,0.9724613856363674
q10876,10876,85,6,4566,2487,0.5446780551905388,True,0.5446682723888767,-0.14762973740530458,0.03198430463914947,0.9989491400552312,-0.21588441604407885,0.4126193625288713,0.9724613856363674
q9719,9719,85,5,4347,2383,0.5481941568898091,True,0.5481830726770929,-0.1323661467862959,0.032794098470252026,0.998895313611245,-0.20062605439129919,0.4126193625288713,0.9724613856363674
q6554,6554,85,6,8934,4902,0.5486903962390867,True,0.5486849468382764,-0.13018529240170437,0.022878184098057662,0.9994620560267041,-0.19856020222424145,0.4126193625288713,0.9724613856363674
q6240,6240,85,5,3935,2160,0.5489199491740788,True,0.5489075203252033,-0.12921800242566883,0.0344710081133,0.9987795913885573,-0.1974585094844674,0.4126193625288713,0.9724613856363674
q6151,6151,85,5,3858,2121,0.5497667185069984,True,0.5497538222337394,-0.1255393786233303,0.03481714165754978,0.9987549900402356,-0.1937796019241516,0.4126193625288713,0.9724613856363674
q9921,9921,85,5,4470,2458,0.5498881431767337,True,0.5498769850145382,-0.12500393983319363,0.03234710260508187,0.9989251908077224,-0.19327776117892334,0.4126193625288713,0.9724613856363674
q4531,4531,85,5,8379,4625,0.5519751760353264,True,0.5519689737470167,-0.11590577015086932,0.02363424877494326,0.999425933962103,-0.1842817010972876,0.4126193625288713,0.9724613856363674
q11836,11836,85,6,2074,1145,0.5520732883317261,True,0.5520481927710843,-0.11556111244734087,0.04749628767160035,0.9976855880346258,-0.18361694294894387,0.4126193625288713,0.9724613856363674
q6448,6448,85,5,9854,5441,0.5521615587578649,True,0.552156265854896,-0.1150909040152899,0.021794509999031885,0.9995117865126794,-0.18348306293195638,0.4126193625288713,0.9724613856363674
q10280,10280,85,5,4391,2432,0.5538601685265315,True,0.5538479052823315,-0.10772848394741075,0.032655139749763015,0.9989046453386866,-0.17601725278937316,0.4126193625288713,0.9724613856363674
q5109,5109,85,5,8000,4456,0.557,True,0.5569928758905137,-0.09402854429150818,0.02420592120161326,0.9993978436466164,-0.16241246924397224,0.4126193625288713,0.9724613856363674
q17132,17132,85,5,1794,1001,0.5579710144927537,True,0.5579387186629526,-0.08990506959909078,0.05111259708854092,0.997320718331092,-0.1579624881898134,0.4126193625288713,0.9724613856363674
q9127,9127,85,5,4248,2373,0.5586158192090396,True,0.5586020240056484,-0.08701241357018302,0.03322494034358982,0.9988661298005304,-0.15531788491379095,0.4126193625288713,0.9724613856363674
q8765,8765,85,5,4345,2428,0.5588032220943613,True,0.5587896916705016,-0.08619386008345728,0.03285309184427514,0.9988913400012731,-0.15450415896444677,0.4126193625288713,0.9724613856363674
q8547,8547,85,5,4504,2518,0.5590586145648313,True,0.5590455049944506,-0.08507797421860333,0.032269500714527485,0.9989303361258142,-0.15339549847297587,0.4126193625288713,0.9724613856363674
q10293,10293,85,5,6349,3566,0.5616632540557568,True,0.5616535433070866,-0.07369469599839978,0.027192396914612074,0.9992402118444839,-0.14206845357242107,0.4126193625288713,0.9724613856363674
q10836,10836,85,6,7464,4204,0.5632368703108253,True,0.5632283991962491,-0.06681483634394426,0.025086617404754194,0.9993532582756317,-0.13520911595364504,0.4126193625288713,0.9724613856363674
q17170,17170,85,5,1264,713,0.5640822784810127,True,0.5640316205533596,-0.06330408755047523,0.06095029174731678,0.9961943985180868,-0.1312843446293025,0.4126193625288713,0.9724613856363674
q5083,5083,85,5,6078,3432,0.5646594274432379,True,0.5646487909195591,-0.06060568459725546,0.027807046678095023,0.999205503142748,-0.12898490658874545,0.4126193625288713,0.9724613856363674
q9724,9724,85,5,4326,2443,0.5647249190938511,True,0.5647099607118096,-0.06033819626276137,0.03295964054050637,0.9988841451956683,-0.12867623344927082,0.4126193625288713,0.9724613856363674
q9195,9195,85,5,4382,2478,0.5654952076677316,True,0.5654802646589094,-0.05696911355768786,0.03275317058178315,0.9988980662088262,-0.1253126565548818,0.4126193625288713,0.9724613856363674
q9438,9438,85,5,4364,2479,0.5680568285976169,True,0.568041237113402,-0.045759562644905195,0.032837011292067765,0.9988924238420939,-0.11411481323347374,0.4126193625288713,0.9724613856363674
q8553,8553,85,5,4316,2456,0.5690454124189064,True,0.569029418577716,-0.041430596143518385,0.03302562676914945,0.9988796777814732,-0.10978924044234284,0.4126193625288713,0.9724613856363674
q6578,6578,85,6,4569,2601,0.5692711753118844,True,0.5692560175054705,-0.040437634121451196,0.03209992434669073,0.9989415368955107,-0.10880412851624774,0.4126193625288713,0.9724613856363674
q6493,6493,85,5,4262,2427,0.5694509619896763,True,0.569434670419892,-0.03965469558197702,0.03323688238790087,0.9988653154848818,-0.10801377637350114,0.4126193625288713,0.9724613856363674
q9683,9683,85,5,4324,2464,0.5698427382053654,True,0.5698265895953757,-0.03793688779386298,0.03300044608069464,0.9988813836195246,-0.10629962770479219,0.4126193625288713,0.9724613856363674
q5679,5679,85,5,6678,3814,0.5711290805630428,True,0.5711184309028298,-0.03227231040248098,0.026562806530992883,0.9992749623509973,-0.1006810414701809,0.4126193625288713,0.9724613856363674
q9192,9192,85,5,4369,2496,0.571297779812314,True,0.5712814645308925,-0.03155716748311304,0.032840056198351064,0.998892218653759,-0.09992812777912254,0.4126193625288713,0.9724613856363674
q9170,9170,85,5,4292,2453,0.5715284249767009,True,0.5715117633356627,-0.03054686774226398,0.0331348742139967,0.9988722619331498,-0.09891697094239373,0.4126193625288713,0.9724613856363674
q8370,8370,85,5,4330,2481,0.5729792147806004,True,0.5729623643500347,-0.024180500602673367,0.03299946438452353,0.9988814500972184,-0.09255863479362562,0.4126193625288713,0.9724613856363674
q8544,8544,85,5,4343,2495,0.5744876813262721,True,0.5744705340699816,-0.017556426149852623,0.03296098562113771,0.9988840542195342,-0.08594219375265685,0.4126193625288713,0.9724613856363674
q6428,6428,85,5,5475,3151,0.5755251141552511,True,0.5755113221329438,-0.012982085200914187,0.02936398151929848,0.9991141246498764,-0.0813916999470859,0.4126193625288713,0.9724613856363674
q9099,9099,85,5,4272,2466,0.577247191011236,True,0.5772291130353382,-0.005426666989772576,0.033254592108537095,0.998864107341026,-0.07382449650328526,0.4126193625288713,0.9724613856363674
q10179,10179,85,5,4415,2554,0.5784824462061156,True,0.5784646739130435,1.2142711781950834e-05,0.0327212398993663,0.9989002113244649,-0.06839433673245197,0.4126193625288713,0.9724613856363674
q11590,11590,85,6,3352,1941,0.5790572792362768,True,0.5790337011631375,0.002518201388578189,0.03755661641852735,0.9985516581201003,-0.06586804237336241,0.4126193625288713,0.9724613856363674
q9930,9930,85,5,4366,2533,0.5801649106733853,True,0.580146553698191,0.007421657006140428,0.032917620757636566,0.9988869853925683,-0.06099216376095646,0.4126193625288713,0.9724613856363674
q9029,9029,85,5,4388,2553,0.5818140382862352,True,0.5817953975848713,0.014692562983731328,0.03284838127377849,0.9988916575518334,-0.0537296017197239,0.4126193625288713,0.9724613856363674
q9038,9038,85,5,4379,2548,0.5818680063941539,True,0.5818493150684931,0.014930440665268725,0.032882555480796445,0.9988893527601821,-0.05349186426343497,0.4126193625288713,0.9724613856363674
q8506,8506,85,5,6040,3519,0.5826158940397351,True,0.5826022181757987,0.018252950358136535,0.028004668041501816,0.9991941793580305,-0.05018835579052136,0.4126193625288713,0.9724613856363674
q9427,9427,85,5,4207,2456,0.5837889232231994,True,0.5837690114068441,0.023404863773868644,0.03356419504045999,0.998842882967758,-0.0450247585344562,0.4126193625288713,0.9724613856363674
q10317,10317,85,5,5479,3199,0.5838656689176857,True,0.5838503649635036,0.02376421039127771,0.029412566173688263,0.9991111933533778,-0.04467782591190762,0.4126193625288713,0.9724613856363674
q4141,4141,85,5,4464,2612,0.5851254480286738,True,0.5851063829787234,0.029314413027459005,0.032595245120783635,0.9989086553758751,-0.03912462345310921,0.4126193625288713,0.9724613856363674
q6478,6478,85,5,5665,3316,0.5853486319505737,True,0.5853335686551359,0.03031877532239467,0.02893694103229136,0.9991396818586007,-0.03813017392867018,0.4126193625288713,0.9724613856363674
q6375,6375,85,5,4475,2621,0.5856983240223463,True,0.5856791778373548,0.0318469437627919,0.03256007981611579,0.9989110063319161,-0.036594942708473015,0.4126193625288713,0.9724613856363674
q4123,4123,85,5,7632,4472,0.5859538784067087,True,0.5859426175815537,0.03301200537124996,0.02493521869174527,0.9993610359703436,-0.03544711229529078,0.4126193625288713,0.9724613856363674
q6179,6179,85,5,6912,4056,0.5868055555555556,True,0.586792998698105,0.03677411521808643,0.0262075342048329,0.9992942135281768,-0.031685287517620495,0.4126193625288713,0.9724613856363674
q9920,9920,85,5,4334,2552,0.5888324873096447,True,0.5888119953863898,0.045714288020325636,0.03311340332373091,0.9988737213280318,-0.02274185101494315,0.4126193625288713,0.9724613856363674
q6387,6387,85,5,4791,2824,0.5894385305781674,True,0.5894198664440734,0.04840821865621386,0.03150019334799648,0.9989806785529173,-0.020053101508257537,0.4126193625288713,0.9724613856363674
q8871,8871,85,5,4494,2663,0.5925678682688028,True,0.5925472747497219,0.06228506959284816,0.03255317533943819,0.9989114676299526,-0.006189966663245102,0.4126193625288713,0.9724613856363674
q9157,9157,85,5,5009,2969,0.5927330804551807,True,0.5927145708582834,0.06302820581200133,0.030836173563434318,0.9990231583844161,-0.005448248485913624,0.4126193625288713,0.9724613856363674
q4174,4174,85,5,4736,2808,0.5929054054054054,True,0.592885792695799,0.0637888672258652,0.03171387685364278,0.9989668167238308,-0.00468806571118662,0.4126193625288713,0.9724613856363674
q8210,8210,85,5,4921,2923,0.5939849624060151,True,0.593965867533523,0.06858919240572373,0.03112204562009468,0.999004980577898,0.00010730395218706827,0.4126193625288713,0.9724613856363674
q9199,9199,85,5,4363,2592,0.5940866376346551,True,0.5940650779101742,0.06903030433286447,0.03305288211751888,0.9988778299380959,0.0005479072193737214,0.4126193625288713,0.9724613856363674
q4810,4810,85,5,4724,2810,0.5948348856900931,True,0.5948148148148148,0.07236477952617515,0.031772238009197054,0.9989630145607634,0.0038789713361653644,0.4126193625288713,0.9724613856363674
q6566,6566,85,6,14807,8814,0.5952589991220368,True,0.595252566180443,0.07431249057190022,0.017949716284074636,0.9996687934274575,0.005828777825082141,0.4126193625288713,0.9724613856363674
q9866,9866,85,5,4286,2557,0.5965935604293047,True,0.5965710286913926,0.08018239923423666,0.03337358909286964,0.9988559728417131,0.011687231832192217,0.4126193625288713,0.9724613856363674
q10135,10135,85,5,4239,2529,0.5966029723991507,True,0.5965801886792453,0.08022319934483382,0.03355814499021793,0.9988432995955572,0.011727836464477214,0.4126193625288713,0.9724613856363674
q6710,6710,85,6,23498,14053,0.5980508979487617,True,0.5980467253925699,0.0867588289530066,0.01426110093993021,0.9997909053484683,0.01827322574247802,0.4126193625288713,0.9724613856363674
q9146,9146,85,5,4246,2540,0.598210080075365,True,0.5981869554979986,0.08738412486981358,0.033547149947945484,0.9988440565615655,0.01888049325243739,0.4126193625288713,0.9724613856363674
q10884,10884,85,6,4548,2725,0.5991644678979772,True,0.5991426687183996,0.09164740693608776,0.032424200997492963,0.9989200666876515,0.023140608027885225,0.4126193625288713,0.9724613856363674
q11904,11904,85,6,2161,1295,0.5992596020360944,True,0.599213691026827,0.09196434415459419,0.04703370229195577,0.9977303486480966,0.023429265347018724,0.4126193625288713,0.9724613856363674
q9910,9910,85,5,5580,3344,0.5992831541218638,True,0.5992653646299946,0.09219494805194764,0.029274406929525616,0.9991195163661409,0.02369228741928346,0.4126193625288713,0.9724613856363674
q8565,8565,85,5,4319,2602,0.602454271822181,True,0.6024305555555556,0.10633705238444849,0.03330782136462439,0.9988604722245864,0.037812133674241764,0.4126193625288713,0.9724613856363674
q6376,6376,85,5,4158,2506,0.6026936026936027,True,0.6026689107958644,0.10740338335164273,0.03394906136136195,0.9988162260846635,0.03887552739704299,0.4126193625288713,0.9724613856363674
q4794,4794,85,5,6835,4120,0.6027798098024872,True,0.6027647747220597,0.10783230461801849,0.026481035237127328,0.9992794161993174,0.03932216769089062,0.4126193625288713,0.9724613856363674
q9111,9111,85,5,4403,2655,0.6029979559391324,True,0.6029745685740237,0.10877108839036509,0.032994571170710085,0.9988817814224835,0.04024425456133527,0.4126193625288713,0.9724613856363674
q8365,8365,85,5,4198,2532,0.6031443544545021,True,0.6031197904262919,0.10942101374907819,0.03379201783273626,0.9988271398777057,0.04089121617855039,0.4126193625288713,0.9724613856363674
q4145,4145,85,5,11787,7109,0.6031220836514805,True,0.6031133355955208,0.1093921242944612,0.020168150282813505,0.9995819019359986,0.04089323818169707,0.4126193625288713,0.9724613856363674
q8615,8615,85,5,4332,2615,0.6036472760849492,True,0.6036233556427417,0.11167522619704198,0.03327097598927124,0.9988629890744781,0.04314433320092223,0.4126193625288713,0.9724613856363674
q8792,8792,85,5,4584,2772,0.6047120418848168,True,0.6046892039258451,0.11644938084167668,0.032355327463116756,0.998924644745251,0.047916017054073834,0.4126193625288713,0.9724613856363674
q10156,10156,85,5,4311,2615,0.6065877986546045,True,0.6065630797773655,0.12485246858628506,0.033385233177502666,0.9988551753116747,0.056306152454423136,0.4126193625288713,0.9724613856363674
q9159,9159,85,5,5245,3183,0.6068636796949476,True,0.6068433091879527,0.12611017774342612,0.030270653353497625,0.9990586260027893,0.057574146292098116,0.4126193625288713,0.9724613856363674
q9704,9704,85,5,4276,2599,0.6078110383536015,True,0.6077858311900866,0.13034241035876934,0.03353583167910715,0.9988448355225673,0.061789169580173164,0.4126193625288713,0.9724613856363674
q8626,8626,85,5,4762,2896,0.6081478370432591,True,0.6081251312198195,0.13186676109244982,0.031782656358951646,0.9989623350848096,0.06331920714538067,0.4126193625288713,0.9724613856363674
q3677,3677,85,5,6139,3734,0.6082423847532171,True,0.6082247557003257,0.132314416472706,0.027993779558357253,0.9991948053533245,0.06378123719912873,0.4126193625288713,0.9724613856363674
q9916,9916,85,5,4279,2617,0.6115914933395653,True,0.6115654205607477,0.14734654165920458,0.033569512940390366,0.9988425166966771,0.07877347543851304,0.4126193625288713,0.9724613856363674
q9728,9728,85,5,4190,2564,0.6119331742243437,True,0.6119064662371749,0.1488834962409751,0.03392832464214594,0.99881767007603,0.08030665331011358,0.4126193625288713,0.9724613856363674
q9929,9929,85,5,4282,2633,0.6148995796356843,True,0.6148727527434041,0.16227007290206963,0.033599160326432335,0.9988404736703401,0.09367954133118858,0.4126193625288713,0.9724613856363674
q9154,9154,85,5,4345,2676,0.6158803222094361,True,0.6158536585365854,0.16670431945590075,0.03336723372470171,0.9988564080186155,0.09811021137151538,0.4126193625288713,0.9724613856363674
q8769,8769,85,5,4231,2607,0.6161663909241314,True,0.6161389413988658,0.16799467025577552,0.03381737172398345,0.9988253813096637,0.09939599897912826,0.4126193625288713,0.9724613856363674
q10907,10907,85,6,5606,3455,0.6163039600428113,True,0.6162832174068129,0.1686473616664343,0.029381336004837954,0.9991130781423008,0.10007674104638785,0.4126193625288713,0.9724613856363674
q10267,10267,85,5,4538,2799,0.616791538122521,True,0.6167658074465742,0.1708311557571245,0.03266162106956561,0.9989042109649073,0.10223722085747344,0.4126193625288713,0.9724613856363674
q5105,5105,85,5,3924,2421,0.6169724770642202,True,0.6169426751592356,0.17163174176199758,0.03512592680443859,0.9987328368126628,0.1030192523520001,0.4126193625288713,0.9724613856363674
q9845,9845,85,5,5127,3166,0.6175151160522723,True,0.6174921996879875,0.17411994580050005,0.030737358972887673,0.9990294028691221,0.10553563212371757,0.4126193625288713,0.9724613856363674
q8560,8560,85,5,4455,2753,0.6179573512906846,True,0.6179308797127468,0.17610712597818626,0.03297938469308391,0.9988828094052784,0.10750510637799172,0.4126193625288713,0.9724613856363674
q11820,11820,85,6,1872,1158,0.6185897435897436,True,0.6185264281900694,0.178806151035412,0.0508801125371843,0.997344971646079,0.11003145512869666,0.4126193625288713,0.9724613856363674
q8550,8550,85,5,4631,2865,0.618656877564241,True,0.6186312607944733,0.17928140133648152,0.03235568994716636,0.9989246206761312,0.11068046813862377,0.4126193625288713,0.9724613856363674
q9918,9918,85,5,4527,2802,0.6189529489728297,True,0.6189266784452296,0.18062089473592377,0.032728984519288164,0.9988996912292387,0.11201572550849376,0.4126193625288713,0.9724613856363674
q9137,9137,85,5,4335,2696,0.6219146482122261,True,0.6218865313653137,0.19406143677109913,0.03348566204857084,0.9988482852135782,0.12543502324766248,0.4126193625288713,0.9724613856363674
q4215,4215,85,5,6047,3772,0.6237803869687448,True,0.6237599206349206,0.20258742120317322,0.028374858116591614,0.9991727522132191,0.13399470103192157,0.4126193625288713,0.9724613856363674
q9123,9123,85,5,4304,2685,0.6238382899628253,True,0.6238095238095238,0.20281337413072253,0.033632720528875296,0.9988381588423505,0.1341755205800452,0.4126193625288713,0.9724613856363674
q11701,11701,85,6,2231,1396,0.6257283729269386,True,0.6256720430107527,0.21130525548253867,0.04674576040328624,0.9977579912310228,0.14250326242395156,0.4126193625288713,0.9724613856363674
q11879,11879,85,6,2702,1692,0.6262028127313102,True,0.6261561228264891,0.21351482696896018,0.042486986047958364,0.9981471764362634,0.14476432474726214,0.4126193625288713,0.9724613856363674
q4825,4825,85,5,4053,2538,0.6262028127313102,True,0.6261716822890971,0.21358586490801396,0.03469284875105424,0.9987638522695799,0.14492471324705386,0.4126193625288713,0.9724613856363674
q5704,5704,85,5,9796,6137,0.6264801959983667,True,0.6264672859038481,0.21493566936949607,0.022319796666120176,0.9994879814699085,0.1463789006874661,0.4126193625288713,0.9724613856363674
q6373,6373,85,5,3813,2395,0.6281143456595857,True,0.6280807551127425,0.2223100452957453,0.0357972186098499,0.9986840048261901,0.15362582646542014,0.4126193625288713,0.9724613856363674
q10154,10154,85,5,4250,2672,0.6287058823529412,True,0.628675605739826,0.22503176142856604,0.03391618262427106,0.9988185151719329,0.1563650184248614,0.4126193625288713,0.9724613856363674
q5706,5706,85,5,6324,3979,0.629190385831752,True,0.6291699604743083,0.2272948812954407,0.02781099836927387,0.9992052774924621,0.15868688737292652,0.4126193625288713,0.9724613856363674
q10126,10126,85,5,4177,2633,0.6303567153459421,True,0.6303255146002872,0.23258927275446067,0.03423615038387855,0.9987961445517707,0.16390992947943567,0.4126193625288713,0.9724613856363674
q10160,10160,85,5,4299,2721,0.6329378925331473,True,0.6329069767441861,0.24443906091068607,0.03378630734499661,0.9988275357809887,0.17575097571891696,0.4126193625288713,0.9724613856363674
q10828,10828,85,6,4392,2782,0.6334244080145719,True,0.63339403596631,0.2466783373364205,0.03343422213248573,0.9988518169123876,0.1779919534871509,0.4126193625288713,0.9724613856363674
q8542,8542,85,5,4396,2786,0.6337579617834395,True,0.633727541505572,0.24821229386595314,0.03342413567813148,0.998852508782063,0.1795242731038304,0.4126193625288713,0.9724613856363674
q10163,10163,85,5,4343,2754,0.6341238775040294,True,0.6340930018416207,0.2498938354224936,0.033633086991087816,0.9988381335527812,0.18120127726633367,0.4126193625288713,0.9724613856363674
q6808,6808,85,6,12445,7893,0.6342306147047007,True,0.6342198296641491,0.2504775398569248,0.019871113823520255,0.9995941217771015,0.18192189016430274,0.4126193625288713,0.9724613856363674
q6436,6436,85,5,4441,2830,0.6372438639945958,True,0.6372129671319225,0.2642755633573292,0.03330872478436897,0.9988604104785688,0.19557065723757514,0.4126193625288713,0.9724613856363674
q9448,9448,85,5,4286,2732,0.6374241717218853,True,0.6373921156986238,0.2651028082141347,0.03390842491572189,0.9988190549581447,0.19638882800992727,0.4126193625288713,0.9724613856363674
q9934,9934,85,5,5539,3535,0.6382018414876331,True,0.6381768953068592,0.2687285186746411,0.029839574806569364,0.9990852225910808,0.2000635559056584,0.4126193625288713,0.9724613856363674
q17313,17313,85,5,1218,778,0.638752052545156,True,0.6386382280557834,0.27086132462441015,0.06362710086398497,0.9958542064904153,0.2015405192506977,0.4126193625288713,0.9724613856363674
q10939,10939,85,6,4881,3119,0.6390083999180496,True,0.6389799262597297,0.27244173032929736,0.03179924639169919,0.99896125263902,0.20374808589310942,0.4126193625288713,0.9724613856363674
q9862,9862,85,5,4359,2795,0.6412021105758201,True,0.6411697247706422,0.2825838963580221,0.03368508312651533,0.9988345425175121,0.2138525878686583,0.4126193625288713,0.9724613856363674
q9441,9441,85,5,4339,2784,0.6416224936621341,True,0.6415898617511521,0.28453258260864167,0.033769632708554806,0.9988286914382848,0.2157977388779521,0.4126193625288713,0.9724613856363674
q9426,9426,85,5,4427,2841,0.6417438445900158,True,0.6417118337850045,0.28509848565969204,0.033434411779268494,0.9988518039017767,0.2163679856275785,0.4126193625288713,0.9724613856363674
q10171,10171,85,5,4151,2664,0.6417730667309082,True,0.6417389210019268,0.2852241702892505,0.03452825761864331,0.9987755392769421,0.21647699616957483,0.4126193625288713,0.9724613856363674
q9678,9678,85,5,4589,2955,0.6439311396818479,True,0.6438997821350763,0.29526285782911416,0.03287515606767354,0.9988898519969763,0.22652931569251347,0.4126193625288713,0.9724613856363674
q9927,9927,85,5,4203,2713,0.6454913157268618,True,0.6454567078972407,0.3025110895978871,0.03437857546883151,0.9987861196342147,0.23374522443818643,0.4126193625288713,0.9724613856363674
q11680,11680,85,6,3187,2058,0.6457483526827738,True,0.645702634880803,0.3036571794111392,0.03948344407830086,0.9983994765699633,0.23479899409906194,0.4126193625288713,0.9724613856363674
q10879,10879,85,6,4571,2956,0.6466856267775104,True,0.6466535433070866,0.30809174599800837,0.03298638456214214,0.9988823356380087,0.23934216090232116,0.4126193625288713,0.9724613856363674
q6730,6730,85,5,4619,3000,0.6494912318683698,True,0.6494588744588745,0.3212031468233684,0.032863052138248694,0.9988906684053245,0.25244101345057524,0.4126193625288713,0.9724613856363674
q4119,4119,85,5,8336,5424,0.6506717850287908,True,0.6506537123665587,0.3268007512513176,0.024479466039619778,0.9993841655502491,0.2581598879530918,0.4126193625288713,0.9724613856363674
q4293,4293,85,5,4128,2690,0.6516472868217055,True,0.6516105594574958,0.3312892039359944,0.034802394747332606,0.9987560431610101,0.26248050126793787,0.4126193625288713,0.9724613856363674
q10167,10167,85,5,4759,3104,0.6522378650977096,True,0.6522058823529412,0.33408441377455383,0.03242417062449563,0.9989200687086958,0.2653157996033151,0.4126193625288713,0.9724613856363674
q6339,6339,85,5,4281,2800,0.6540527914038776,True,0.6540168145726296,0.34259975635790363,0.03422014401482037,0.9987972686080361,0.27378828448685727,0.4126193625288713,0.9724613856363674
q8492,8492,85,5,4207,2767,0.6577133349179938,True,0.657675855513308,0.3598637921634101,0.03459098697316337,0.9987710916198371,0.29102392879109595,0.4126193625288713,0.9724613856363674
q6846,6846,85,6,12956,8537,0.6589225069465885,True,0.6589102415682643,0.3657058991542758,0.019726824864755722,0.999599992387379,0.297105225666914,0.4126193625288713,0.9724613856363674
q10145,10145,85,5,4344,2874,0.6616022099447514,True,0.6615650172612197,0.3783020119469419,0.034118456687101596,0.9988043974394233,0.30944980850851733,0.4126193625288713,0.9724613856363674
q17585,17585,85,5,414,275,0.6642512077294686,True,0.6638554216867469,0.3892046109608253,0.11054899498707092,0.9875888108953771,0.31674227769750474,0.4126193625288713,0.9724613856363674
q8543,8543,85,5,4251,2820,0.6633733239237827,True,0.6633349012229539,0.38672395891715955,0.034525985404798086,0.9987757002314224,0.3178525535154146,0.4126193625288713,0.9724613856363674
q11633,11633,85,6,2824,1879,0.6653682719546742,True,0.6653097345132744,0.39614463630111263,0.04240852367714253,0.9981540008589159,0.32705798937505143,0.4126193625288713,0.9724613856363674
q8760,8760,85,5,4202,2797,0.6656354117087101,True,0.6655960028551035,0.39751232234805334,0.03477432692274396,0.9987580463414057,0.32862190008647774,0.4126193625288713,0.9724613856363674
q5615,5615,85,5,8441,5627,0.6666271768747779,True,0.6666074389954987,0.4023488597534984,0.02455194514542191,0.9993805156735245,0.3336602527537657,0.4126193625288713,0.9724613856363674
q9928,9928,85,5,4314,2880,0.6675938803894298,True,0.6675550405561993,0.40688622135229713,0.03436159822914241,0.9987873167905191,0.3379940623924921,0.4126193625288713,0.9724613856363674
q9189,9189,85,5,4358,2911,0.6679669573198715,True,0.6679284239504474,0.40867570255280455,0.03419569397181033,0.9987989846162051,0.33978534284256334,0.4126193625288713,0.9724613856363674
q3927,3927,85,5,6059,4048,0.668097045717115,True,0.6680693069306931,0.4093511395619812,0.029004592783727783,0.9991356579571754,0.3405747302670882,0.4126193625288713,0.9724613856363674
q8545,8545,85,5,4306,2878,0.6683697166744078,True,0.6683306245646622,0.41060432654103346,0.03441015865060769,0.9987838909688733,0.3417064866466749,0.4126193625288713,0.9724613856363674
q10855,10855,85,6,4581,3068,0.6697227679545951,True,0.6696857267568748,0.41711022252913194,0.033390072361721965,0.9988548437833967,0.3482292069250151,0.4126193625288713,0.9724613856363674
q9173,9173,85,5,4271,2862,0.6701006789978927,True,0.670060861423221,0.41891343592407054,0.03458857443733642,0.9987712628227747,0.350001065944622,0.4126193625288713,0.9724613856363674
q6383,6383,85,5,6149,4121,0.6701902748414377,True,0.6701626016260163,0.41940264880553496,0.0288296135306671,0.9991460464466896,0.35062119710635836,0.4126193625288713,0.9724613856363674
q6728,6728,85,5,5305,3559,0.6708765315739869,True,0.670844327176781,0.42268250206179375,0.031051430214931973,0.9990094863529176,0.3538498798366712,0.4126193625288713,0.9724613856363674
q6374,6374,85,5,4450,2986,0.6710112359550562,True,0.6709728150977309,0.4233010244624604,0.03390565563326647,0.9988192476167839,0.35440028921813665,0.4126193625288713,0.9724613856363674
q11595,11595,85,6,2788,1885,0.6761119081779053,True,0.6760487629974902,0.4478272513542774,0.042975204981406445,0.9981044312866694,0.3786263943725486,0.4126193625288713,0.9724613856363674
q9200,9200,85,5,4376,2963,0.6771023765996343,True,0.6770619145533471,0.452744388827832,0.03432802341688886,0.9987896825980934,0.3837975275296986,0.4126193625288713,0.9724613856363674
q9054,9054,85,5,4304,2918,0.6779739776951673,True,0.6779326364692219,0.456976174925047,0.0346342535022621,0.9987680192410643,0.38801577572981205,0.4126193625288713,0.9724613856363674
q6886,6886,85,6,24097,16340,0.6780927086359297,True,0.678085318283675,0.4577187880077018,0.014640195216402165,0.9997796436043819,0.38915123556624714,0.4126193625288713,0.9724613856363674
q10176,10176,85,5,4196,2851,0.6794566253574833,True,0.6794138670478913,0.46418775468648743,0.03511247328344598,0.9987338060659562,0.39520493260599554,0.4126193625288713,0.9724613856363674
q10786,10786,85,6,4503,3064,0.6804352653786364,True,0.6803952042628775,0.4689744093170658,0.0339175993876103,0.9988184165793823,0.40001941229037274,0.4126193625288713,0.9724613856363674
q8508,8508,85,5,4269,2906,0.6807214804403842,True,0.6806791569086651,0.4703607717637078,0.03484140688509345,0.9987532562218892,0.4013779500554633,0.4126193625288713,0.9724613856363674
q3680,3680,85,5,4356,2969,0.6815886134067952,True,0.6815469359651136,0.474601317490049,0.034512609481152486,0.9987766475143416,0.4056227085686396,0.4126193625288713,0.9724613856363674
q10632,10632,85,6,5884,4012,0.681849082256968,True,0.6818181818181818,0.47592796180021335,0.02970165142479725,0.9990936519013773,0.407076892151801,0.4126193625288713,0.9724613856363674
q6438,6438,85,5,4474,3054,0.6826106392489942,True,0.6825698324022347,0.47960712659970295,0.0340789474319209,0.9988071615563748,0.4106349389053354,0.4126193625288713,0.9724613856363674
q10936,10936,85,6,4879,3331,0.682721869235499,True,0.6826844262295082,0.4801684132976921,0.03263681675890635,0.9989058728691576,0.4112361942068455,0.4126193625288713,0.9724613856363674
q6372,6372,85,5,4654,3178,0.6828534593897723,True,0.6828141783029001,0.4808040660400614,0.033419314925125586,0.998852839383129,0.41184928457619124,0.4126193625288713,0.9724613856363674
q4140,4140,85,5,5772,3942,0.682952182952183,True,0.6829204919452624,0.48132498959613856,0.030011600081560695,0.999074654585052,0.41246118544882965,0.4126193625288713,0.9724613856363674
q4194,4194,85,5,7242,4966,0.6857221761944214,True,0.6856965345851167,0.49495788326701073,0.026846658255149508,0.9992593955044832,0.4261602515711925,0.4126193625288713,0.9724613856363674
q10158,10158,85,5,4354,2988,0.6862655029857602,True,0.6862227324913892,0.4975487143107599,0.03463542002501651,0.9987679363527687,0.42853829496303386,0.4126193625288713,0.9724613856363674
q9849,9849,85,5,4218,2900,0.687529634898056,True,0.6874851860630481,0.5037734886979565,0.035221559972771786,0.998725936314847,0.43473711776378965,0.4126193625288713,0.9724613856363674
q6366,6366,85,5,7307,5037,0.6893389900095799,True,0.6893130815544609,0.5128086789137731,0.02679776396907786,0.9992620887005226,0.4439990234978905,0.4126193625288713,0.9724613856363674
q9860,9860,85,5,4269,2946,0.6900913562895291,True,0.6900468384074941,0.5164431376868859,0.03507687302704176,0.9987363690893712,0.4473952982928625,0.4126193625288713,0.9724613856363674
q8863,8863,85,5,4492,3103,0.6907836153161175,True,0.6907411529045181,0.5198862451289628,0.0342130737499547,0.9987977649547916,0.4508617692856413,0.4126193625288713,0.9724613856363674
q8639,8639,85,5,4293,2966,0.6908921500116468,True,0.6908476944573824,0.5204149321018754,0.03499967347565726,0.9987419181471275,0.4513645816288128,0.4126193625288713,0.9724613856363674
q8499,8499,85,5,4165,2880,0.6914765906362546,True,0.6914306289006241,0.5233092468022573,0.03554887020825942,0.9987021776855209,0.4542371799909743,0.4126193625288713,0.9724613856363674
q8556,8556,85,5,5336,3690,0.6915292353823088,True,0.6914933483230279,0.5236208194047665,0.03140923607711547,0.998986550708205,0.4546777774915357,0.4126193625288713,0.9724613856363674
q9165,9165,85,5,4371,3048,0.6973232669869595,True,0.6972781335773102,0.5524992351369203,0.03485811076666932,0.9987520619843824,0.48341342977872476,0.4126193625288713,0.9724613856363674
q6369,6369,85,5,4053,2828,0.697754749568221,True,0.6977059694129255,0.5546463557417369,0.036211693767408466,0.9986533953943582,0.4855099027093911,0.4126193625288713,0.9724613856363674
q6661,6661,85,6,15206,10617,0.6982112324082599,True,0.6981981981981982,0.5571186019559866,0.01870416897610226,0.9996403763384591,0.48846109501580187,0.4126193625288713,0.9724613856363674
q4104,4104,85,5,6162,4305,0.698636806231743,True,0.6986045756936556,0.5591612465843253,0.029390333140326366,0.9991125353558826,0.49024400432986087,0.4126193625288713,0.9724613856363674
q9763,9763,85,5,4852,3394,0.6995053586150041,True,0.6994642489181949,0.5634871367489039,0.033143159410826004,0.9988716985293894,0.4944468399010275,0.4126193625288713,0.9724613856363674
q11612,11612,85,6,4658,3266,0.7011592958351224,True,0.7011161193389139,0.5718177103805567,0.03387128875826436,0.9988216372129233,0.5027428164749801,0.4126193625288713,0.9724613856363674
q10143,10143,85,5,4254,2987,0.7021626704278326,True,0.7021151586368978,0.5768678084914208,0.035471703145496004,0.9987077987454632,0.5077290898519773,0.4126193625288713,0.9724613856363674
q9923,9923,85,5,4126,2902,0.7033446437227339,True,0.7032953719408771,0.5828453519181279,0.03605254830288837,0.9986651899082928,0.5136769926559543,0.4126193625288713,0.9724613856363674
q9186,9186,85,5,4263,3000,0.7037297677691766,True,0.7036819887429644,0.5848062460784547,0.035479987942944304,0.998707195840442,0.5156569580853899,0.4126193625288713,0.9724613856363674
q8900,8900,85,5,4657,3280,0.7043160833154392,True,0.7042722198368399,0.5878024998972619,0.03396292593483772,0.9988152601420061,0.51870545836551,0.4126193625288713,0.9724613856363674
q11694,11694,85,6,2431,1713,0.704648292883587,True,0.7045641447368421,0.5892856142424878,0.04701415625691069,0.9977322304001701,0.519622769565619,0.4126193625288713,0.9724613856363674
q9757,9757,85,5,4320,3062,0.7087962962962963,True,0.7087479750057857,0.6106288703939718,0.03539627163088838,0.9987132816382197,0.5414494982023296,0.4126193625288713,0.9724613856363674
q9931,9931,85,5,4269,3028,0.7092996017802764,True,0.7092505854800937,0.6132040370857221,0.03562246052075823,0.9986968058460548,0.5440123766491436,0.4126193625288713,0.9724613856363674
q9926,9926,85,5,4125,2927,0.7095757575757575,True,0.7095249636451769,0.6146108622407048,0.03624735149500101,0.9986507456601146,0.545392213630806,0.4126193625288713,0.9724613856363674
q8561,8561,85,5,4495,3191,0.7098998887652948,True,0.7098532028469751,0.6162948051405153,0.034733718967478865,0.9987609416554504,0.5471342512647401,0.4126193625288713,0.9724613856363674
q8555,8555,85,5,4383,3114,0.7104722792607803,True,0.7104242700729927,0.6192269998297265,0.03519207195908235,0.9987280660396204,0.5500447067054385,0.4126193625288713,0.9724613856363674
q17186,17186,85,5,1340,953,0.7111940298507463,True,0.7110365398956003,0.6223742787817869,0.06366459547640554,0.9958493392143555,0.5515934773365024,0.4126193625288713,0.9724613856363674
q9720,9720,85,5,4190,2986,0.7126491646778043,True,0.7125984251968503,0.6304195730573178,0.03606209011093656,0.9986644842064397,0.5611873146841218,0.4126193625288713,0.9724613856363674
q8607,8607,85,5,4239,3021,0.7126680820948337,True,0.7126179245283019,0.6305201667131487,0.035853726253105137,0.9986798523119196,0.5612964114607231,0.4126193625288713,0.9724613856363674
q9695,9695,85,5,4429,3159,0.7132535561074734,True,0.7132054176072234,0.6335527141544268,0.035094729705928925,0.9987350838296699,0.5643561652167504,0.4126193625288713,0.9724613856363674
q6377,6377,85,5,5668,4044,0.7134791813690896,True,0.7134415240783207,0.6347724280983856,0.031030006071965554,0.999010851352964,0.5657305008938739,0.4126193625288713,0.9724613856363674
q4193,4193,85,5,3487,2490,0.7140808718095785,True,0.714019495412844,0.6377605535600446,0.03957957142877477,0.9983916862861172,0.5683631931263664,0.4126193625288713,0.9724613856363674
q4112,4112,85,5,6097,4357,0.7146137444644908,True,0.7145785503443752,0.6406540757265594,0.02994907659131557,0.9990785025838642,0.5716450388582401,0.4126193625288713,0.9724613856363674
q10621,10621,85,6,5124,3667,0.7156518345042935,True,0.715609756097561,0.6459996235485214,0.03269899369805258,0.9989017046017102,0.576883556782578,0.4126193625288713,0.9724613856363674
q6232,6232,85,5,3565,2554,0.7164095371669004,True,0.7163488502523836,0.6498375941052673,0.03922674357083285,0.9984201876624438,0.5804373794424497,0.4126193625288713,0.9724613856363674
q9436,9436,85,5,4098,2943,0.7181551976573939,True,0.7181019760917297,0.6589637298543981,0.03664646633498229,0.998620910354283,0.5896676207358703,0.4126193625288713,0.9724613856363674
q17134,17134,85,5,1112,800,0.7194244604316546,True,0.7192273135669363,0.6648386906315611,0.07040061293501534,0.9949292440204923,0.5933329286913788,0.4126193625288713,0.9724613856363674
q11556,11556,85,6,2336,1683,0.7204623287671232,True,0.7203679931536158,0.6708073671904987,0.048635981260395256,0.9975734575971418,0.6008640170390062,0.4126193625288713,0.9724613856363674
q8876,8876,85,5,4352,3136,0.7205882352941176,True,0.7205375603032391,0.6716958171839021,0.03564198391399739,0.9986953788507589,0.6024270698178545,0.4126193625288713,0.9724613856363674
q9439,9439,85,5,4334,3131,0.7224273188740193,True,0.7223760092272203,0.6813481862255728,0.035778089622792324,0.998685409060674,0.6120607360253288,0.4126193625288713,0.9724613856363674
q8520,8520,85,5,4182,3023,0.7228598756575801,True,0.7228065981353096,0.6836141728780668,0.036437301447073286,0.9986365867231691,0.6142937116310825,0.4126193625288713,0.9724613856363674
q6484,6484,85,5,4342,3148,0.7250115154306771,True,0.7249597052728529,0.6949754018056539,0.03583406410997972,0.998681297941038,0.625667461801056,0.4126193625288713,0.9724613856363674
q11945,11945,85,6,2213,1613,0.728874830546769,True,0.7287714543812105,0.7152155916571685,0.05037702717723929,0.9973970801331755,0.6450504137966889,0.4126193625288713,0.9724613856363674
q10173,10173,85,5,4243,3109,0.73273627150601,True,0.7326814326107446,0.7361509837245547,0.03653038843900756,0.9986296211133286,0.6667542423689753,0.4126193625288713,0.9724613856363674
q9057,9057,85,5,4233,3102,0.7328136073706591,True,0.7327586206896551,0.7365660879968786,0.03657640512883919,0.9986261712004081,0.667166472958488,0.4126193625288713,0.9724613856363674
q10749,10749,85,6,4700,3457,0.735531914893617,True,0.7354818123803446,0.7512567856163096,0.034810474638136656,0.9987554662069275,0.6819252674730417,0.4126193625288713,0.9724613856363674
q4156,4156,85,5,3393,2496,0.735632183908046,True,0.7355627578078963,0.75169483530952,0.04097189480265248,0.9982767404862167,0.6820357003370591,0.4126193625288713,0.9724613856363674
q17085,17085,85,5,1498,1103,0.7363150867823764,True,0.7361574382921948,0.7549155101498377,0.06168973414433885,0.9961018622323927,0.6837579153298545,0.4126193625288713,0.9724613856363674
q9736,9736,85,5,4141,3060,0.7389519439748853,True,0.7388942539835828,0.7697940421623994,0.03721985570948591,0.9985774787198569,0.7003146289700158,0.4126193625288713,0.9724613856363674
q3693,3693,85,5,5733,4250,0.7413221698935984,True,0.7412800837111964,0.7828415012216019,0.03171578417281697,0.9989666925741892,0.7136215664409171,0.4126193625288713,0.9724613856363674
q6385,6385,85,5,7322,5431,0.741737230264955,True,0.7417042195821385,0.785168628521865,0.028077715163173145,0.999189973494607,0.716106311602097,0.4126193625288713,0.9724613856363674
q8551,8551,85,5,4270,3168,0.7419203747072599,True,0.7418637321470382,0.7860444365519152,0.03677203131324732,0.9986114567187782,0.7165662881708185,0.4126193625288713,0.9724613856363674
q6245,6245,85,5,5935,4405,0.7422072451558551,True,0.7421664420485176,0.7877073814652739,0.03120183753063453,0.9989998770077162,0.7185062858285106,0.4126193625288713,0.9724613856363674
q8862,8862,85,5,4218,3136,0.7434803224276908,True,0.7434226119933633,0.7946209612732487,0.03706178265240043,0.9985895189761499,0.7251149741619374,0.4126193625288713,0.9724613856363674
q3685,3685,85,5,3702,2753,0.7436520799567801,True,0.7435862813934647,0.7955232725846038,0.03956701716649918,0.9983927047681862,0.7258729206851009,0.4126193625288713,0.9724613856363674
q8774,8774,85,5,5087,3785,0.7440534696284647,True,0.7440055031446541,0.797836059150281,0.03377066828179414,0.998828619683076,0.7284999263277916,0.4126193625288713,0.9724613856363674
q6371,6371,85,5,4179,3134,0.7499401770758555,True,0.7498803827751196,0.8304958887374372,0.03750912432151721,0.9985553135075758,0.7609132356721101,0.4126193625288713,0.9724613856363674
q10161,10161,85,5,5385,4039,0.7500464252553389,True,0.75,0.8311657946728099,0.03304855608677283,0.9988781233333069,0.7618283756967821,0.4126193625288713,0.9724613856363674
q8776,8776,85,5,4230,3173,0.7501182033096927,True,0.7500590876861262,0.8314967840817321,0.0372901478107507,0.998572108278942,0.761925499698937,0.4126193625288713,0.9724613856363674
q11862,11862,85,6,2325,1747,0.7513978494623655,True,0.7512897678417885,0.8384018042380889,0.0503660143233894,0.9973982150897578,0.767916856363361,0.4126193625288713,0.9724613856363674
q9122,9122,85,5,4242,3188,0.7515322960867515,True,0.7514730143766203,0.8394317825608036,0.037299219213950685,0.9985714144736824,0.769848632970208,0.4126193625288713,0.9724613856363674
q9727,9727,85,5,4400,3307,0.7515909090909091,True,0.7515337423312883,0.8397732228433193,0.036626185538794626,0.9986224342544578,0.7702289365963254,0.4126193625288713,0.9724613856363674
q9435,9435,85,5,4287,3229,0.7532073711219968,True,0.7531483208955224,0.8488704342887515,0.0371768368552378,0.9985807604666073,0.7792810942837363,0.4126193625288713,0.9724613856363674
q9737,9737,85,5,4352,3282,0.7541360294117647,True,0.7540776475993568,0.8541236705011119,0.03693933865769944,0.998598810382903,0.7845410556659194,0.4126193625288713,0.9724613856363674
q9669,9669,85,5,4220,3186,0.7549763033175355,True,0.7549158967069415,0.858872851916572,0.03755042300551456,0.9985521350775118,0.7892466908331038,0.4126193625288713,0.9724613856363674
q6380,6380,85,5,3796,2875,0.7573761854583773,True,0.7573084013695023,0.8724848214018408,0.03970729427374904,0.9983813063455956,0.8027016052054791,0.4126193625288713,0.9724613856363674
q9139,9139,85,5,4303,3262,0.7580757610969091,True,0.7580157992565055,0.8765258831971823,0.0373279102642223,0.9985692190005726,0.8068879674722091,0.4126193625288713,0.9724613856363674
q8879,8879,85,5,4413,3346,0.7582143666440063,True,0.7581558676937019,0.8773269300344577,0.036866250057774316,0.9986043419861187,0.8077162772433484,0.4126193625288713,0.9724613856363674
q17193,17193,85,5,1047,795,0.7593123209169055,True,0.7590648854961832,0.8825328100329181,0.07574521206971166,0.994134793863629,0.8092764513678267,0.4126193625288713,0.9724613856363674
q5058,5058,85,5,5269,3998,0.758777756690074,True,0.7587286527514232,0.8806057643025532,0.0337635914092946,0.9988291099982323,0.8111730748733083,0.4126193625288713,0.9724613856363674
q6159,6159,85,5,4411,3350,0.7594649739288143,True,0.7594061650045331,0.8844905459509925,0.03693202731588605,0.9985993642214535,0.8148658333023271,0.4126193625288713,0.9724613856363674
q10745,10745,85,6,4636,3523,0.7599223468507333,True,0.7598662928617641,0.8871328768933351,0.036045629111458394,0.9986657015280574,0.8175587704101247,0.4126193625288713,0.9724613856363674
q6749,6749,85,5,4241,3228,0.7611412402735204,True,0.7610796793965111,0.8941165378018712,0.03774416630547495,0.9985371777818011,0.8244269993586726,0.4126193625288713,0.9724613856363674
q5610,5610,85,5,4179,3181,0.7611868868150276,True,0.7611244019138756,0.8943743752776561,0.03802520948779974,0.998515344783497,0.8246664279524716,0.4126193625288713,0.9724613856363674
q10857,10857,85,6,4869,3714,0.762784966112138,True,0.7627310061601643,0.9036576584005425,0.035300748332968326,0.9987202082797627,0.834107025650766,0.4126193625288713,0.9724613856363674
q9687,9687,85,5,4294,3276,0.7629250116441546,True,0.7628637951105938,0.9044267586726646,0.03759592081790704,0.9985486294483744,0.834731711172453,0.4126193625288713,0.9724613856363674
q17206,17206,85,5,1092,834,0.7637362637362637,True,0.7634949679780421,0.9080862752361993,0.0745872444811152,0.9943117414464467,0.8348286062158679,0.4126193625288713,0.9724613856363674
q10177,10177,85,5,4209,3214,0.7636018056545498,True,0.7635391923990499,0.9083429244309812,0.03800654086331071,0.9985168000584779,0.8386154608553379,0.4126193625288713,0.9724613856363674
q6146,6146,85,5,5920,4524,0.7641891891891892,True,0.7641445701739571,0.9118592774808046,0.03207313745238217,0.9989433008349475,0.8424862996073832,0.4126193625288713,0.9724613856363674
q10116,10116,85,5,4188,3202,0.7645654250238777,True,0.7645022678443543,0.9139397355457345,0.038149175486350356,0.9985056632433714,0.8441945550712594,0.4126193625288713,0.9724613856363674
q8899,8899,85,5,4189,3207,0.7655765099068991,True,0.7655131264916468,0.9198303008708616,0.03819488823201939,0.9985020852484171,0.8500732717873974,0.4126193625288713,0.9724613856363674
q8552,8552,85,5,4325,3319,0.7673988439306358,True,0.7673370319001387,0.930500877522709,0.03768007367716826,0.9985421343067091,0.8607623878780926,0.4126193625288713,0.9724613856363674
q8782,8782,85,5,4165,3202,0.7687875150060024,True,0.7687229956793087,0.9386460958879966,0.03846778308177488,0.9984806368165535,0.868842218687608,0.4126193625288713,0.9724613856363674
q11911,11911,85,6,2365,1819,0.7691331923890063,True,0.7690194420963652,0.9403924626592025,0.051064840956735885,0.9973257092859475,0.8695789384436264,0.4126193625288713,0.9724613856363674
q9933,9933,85,5,4216,3245,0.7696869070208728,True,0.7696229547071378,0.94395233347737,0.03828071389700599,0.9984953560591707,0.874153280438403,0.4126193625288713,0.9724613856363674
q9713,9713,85,5,4174,3217,0.770723526593196,True,0.7706586826347306,0.9500760598700386,0.03852673144366097,0.9984759837803568,0.8802507143130999,0.4126193625288713,0.9724613856363674
q10170,10170,85,5,4349,3357,0.7719015865716257,True,0.7718390804597701,0.9570775346144622,0.037804635834687704,0.9985324937671365,0.8872917332307081,0.4126193625288713,0.9724613856363674
q10273,10273,85,5,4235,3285,0.7756788665879575,True,0.7756137865911237,0.9796303460216589,0.038511401472487744,0.9984771945192529,0.9097610624162721,0.4126193625288713,0.9724613856363674
q9183,9183,85,5,4140,3212,0.7758454106280194,True,0.7757787973919343,0.9806220135649485,0.03895970949502714,0.9984415900314593,0.9107187435570359,0.4126193625288713,0.9724613856363674
q6378,6378,85,5,4626,3596,0.7773454388240381,True,0.7772854981629566,0.9896996366066328,0.03693573807159301,0.9985990831430954,0.9199273054069648,0.4126193625288713,0.9724613856363674
q9425,9425,85,5,4415,3436,0.7782559456398641,True,0.7781929347826086,0.9951867814916551,0.037856988312854396,0.9985284324848569,0.9253412909399844,0.4126193625288713,0.9724613856363674
q6264,6264,85,5,4881,3800,0.7785289899610736,True,0.7784719377304383,0.9968769221214471,0.036019352393691396,0.9986676435947693,0.927158187331682,0.4126193625288713,0.9724613856363674
q9689,9689,85,5,4083,3179,0.7785941709527309,True,0.7785259549461312,0.9972043132849251,0.03938453191627865,0.9984074728904597,0.9272435158982638,0.4126193625288713,0.9724613856363674
q11847,11847,85,6,1985,1553,0.782367758186398,True,0.7822255790533736,1.0197574299553795,0.05678377752401313,0.9966952502065822,0.9481319203752434,0.4126193625288713,0.9724613856363674
q6388,6388,85,5,5856,4581,0.7822745901639344,True,0.7822263957657504,1.0197624373769458,0.03306563104446269,0.9988769650723076,0.9502123343967686,0.4126193625288713,0.9724613856363674
q9148,9148,85,5,4310,3377,0.7835266821345708,True,0.783460913941081,1.0273462340755588,0.03861202312248909,0.9984692388226164,0.9573966600196253,0.4126193625288713,0.9724613856363674
q10345,10345,85,6,4574,3589,0.7846523830345431,True,0.7845901639344263,1.0343093426152075,0.03754496170271344,0.9985525555899147,0.9644295793332008,0.4126193625288713,0.9724613856363674
q9072,9072,85,5,4497,3533,0.7856348676895708,True,0.7855713650511338,1.0403799557900197,0.03792117306263208,0.9985234456813863,0.9704631137659572,0.4126193625288713,0.9724613856363674
q11644,11644,85,6,2163,1704,0.7877947295423023,True,0.7876617375231053,1.0533770856175766,0.054846809065832676,0.9969161800696684,0.9818580642720118,0.4126193625288713,0.9724613856363674
q9674,9674,85,5,4185,3302,0.7890083632019116,True,0.7889393215480172,1.061364263738423,0.03951298282219068,0.9983970847154768,0.9912909756543558,0.4126193625288713,0.9724613856363674
q11599,11599,85,6,2666,2105,0.7895723930982745,True,0.7894638170228722,1.0646530157725793,0.04954309709596687,0.9974823280043722,0.9936632017757202,0.4126193625288713,0.9724613856363674
q9081,9081,85,5,4144,3275,0.7902992277992278,True,0.7902291917973462,1.0694624012984668,0.03978810892299037,0.9983747214368589,0.9993537473774383,0.4126193625288713,0.9724613856363674
q10359,10359,85,6,6500,5149,0.7921538461538462,True,0.7921089063221043,1.0813261364001279,0.03186527401086034,0.9989569389765969,1.0117878963531621,0.4126193625288713,0.9724613856363674
q3676,3676,85,5,4803,3815,0.794295232146575,True,0.7942339716902581,1.0948292151510706,0.037195415575347716,0.9985793436288112,1.0248893465528346,0.4126193625288713,0.9724613856363674
q8541,8541,85,5,5053,4026,0.7967544033247576,True,0.7966956865848832,1.1105947363722701,0.03641008265032531,0.9986386201396952,1.0406942432057735,0.4126193625288713,0.9724613856363674
q11914,11914,85,6,2364,1888,0.7986463620981388,True,0.7985200845665962,1.122366075986175,0.053387649479185145,0.9970776098236411,1.0508044332995001,0.4126193625288713,0.9724613856363674
q8800,8800,85,5,4070,3250,0.7985257985257985,True,0.7984524686809138,1.1219284586676388,0.04068709462839181,0.9983005737851,1.0516564221909162,0.4126193625288713,0.9724613856363674
q10819,10819,85,6,4182,3344,0.7996174079387852,True,0.7995457805402821,1.1290173453393553,0.040212496976454876,0.9983399232932719,1.0587749933756212,0.4126193625288713,0.9724613856363674
q6386,6386,85,5,3911,3128,0.799795448734339,True,0.7997188139059305,1.1301417929876698,0.04159416591833813,0.9982240917632822,1.0597746006511364,0.4126193625288713,0.9724613856363674
q9443,9443,85,5,4322,3459,0.8003239241092087,True,0.8002544529262087,1.1336270120213001,0.03960345086701575,0.998389748147284,1.06343007836289,0.4126193625288713,0.9724613856363674
q9707,9707,85,5,4247,3403,0.8012714857546503,True,0.8012005649717514,1.139799382014774,0.04001593365350472,0.9983560863063943,1.0695564467635381,0.4126193625288713,0.9724613856363674
q17224,17224,85,5,1351,1087,0.8045891931902295,True,0.8043639053254438,1.1605909607055598,0.07132031547497858,0.9947965853955445,1.0864264822755492,0.4126193625288713,0.9724613856363674
q4569,4569,85,5,4100,3301,0.8051219512195122,True,0.8050475493782004,1.1651160689619815,0.04099944473355261,0.9982744262319214,1.094741964024819,0.4126193625288713,0.9724613856363674
q8758,8758,85,5,4436,3574,0.8056807935076645,True,0.8056118999323868,1.1688602024628205,0.03945577094131449,0.9984017157473223,1.098619703383057,0.4126193625288713,0.9724613856363674
q8637,8637,85,5,4320,3482,0.8060185185185185,True,0.8059476972922934,1.1710917504365825,0.04000564652427162,0.9983569300301169,1.1007983035305802,0.4126193625288713,0.9724613856363674
q5705,5705,85,5,4218,3400,0.8060692271218587,True,0.8059966816781228,1.1714175105691425,0.040489869955544565,0.9983169816271315,1.10107946789548,0.4126193625288713,0.9724613856363674
q6881,6881,85,6,15005,12096,0.8061312895701432,True,0.8061108889777422,1.172177252927812,0.02147368950581907,0.9995260472045479,1.1031723717961612,0.4126193625288713,0.9724613856363674
q11907,11907,85,6,3173,2560,0.8068074377560668,True,0.806710775047259,1.1761732113729655,0.04674112613559548,0.9977584347478178,1.1052084671761198,0.4126193625288713,0.9724613856363674
q11935,11935,85,6,3271,2640,0.8070926322225619,True,0.8069987775061125,1.1780948459336094,0.04605950603452238,0.9978231937220615,1.1071976516713602,0.4126193625288713,0.9724613856363674
q10644,10644,85,6,23620,19157,0.8110499576629975,True,0.8110367892976589,1.2052598817423497,0.01726875263353239,0.999693439346256,1.1364296087271246,0.4126193625288713,0.9724613856363674
q6612,6612,85,6,4457,3620,0.8122055194076733,True,0.8121354867653656,1.2127244810839886,0.039831260785834974,0.9983711999056694,1.142378956889419,0.4126193625288713,0.9724613856363674
q9028,9028,85,5,4236,3443,0.812795089707271,True,0.8127212650460232,1.2167173813472678,0.04090150502492888,0.9982826463649781,1.1462636731884654,0.4126193625288713,0.9724613856363674
q11930,11930,85,6,2656,2168,0.8162650602409639,True,0.816146029356417,1.2402478770729612,0.051986547203748935,0.9972285675773981,1.1685186249465234,0.4126193625288713,0.9724613856363674
q10168,10168,85,5,4276,3492,0.8166510757717493,True,0.8165770399812953,1.2432321030451519,0.04100881907940088,0.9982736384141516,1.1727222776395307,0.4126193625288713,0.9724613856363674
q10162,10162,85,5,4076,3334,0.8179587831207066,True,0.8178807947019867,1.252290799038616,0.042108858567921556,0.9981799495971784,1.1816544253818457,0.4126193625288713,0.9724613856363674
q10298,10298,85,5,4145,3391,0.8180940892641737,True,0.8180173661360347,1.2532425030655396,0.041768102424825676,0.9982092345440577,1.1826390929142654,0.4126193625288713,0.9724613856363674
q10169,10169,85,5,4323,3539,0.8186444598658339,True,0.8185707678075855,1.2571043531392272,0.04094361114842203,0.9982791147677216,1.1865770885313975,0.4126193625288713,0.9724613856363674
q10284,10284,85,5,4154,3401,0.8187289359653346,True,0.8186522262334537,1.2576735412904876,0.04177464523892382,0.9982086744720168,1.1870615301559702,0.4126193625288713,0.9724613856363674
q6381,6381,85,5,5162,4238,0.8209996125532739,True,0.8209374394731745,1.2737196701044755,0.03764522244760572,0.9985448259688601,1.2034840576500687,0.4126193625288713,0.9724613856363674
q9107,9107,85,5,4230,3485,0.8238770685579196,True,0.823800519971638,1.294041240189955,0.04182634973058908,0.9982042454472824,1.2233586546348494,0.4126193625288713,0.9724613856363674
q10808,10808,85,6,4551,3753,0.8246539222148979,True,0.8245826010544816,1.2996354316833738,0.04038930032499506,0.9983253178961325,1.229091859120754,0.4126193625288713,0.9724613856363674
q9924,9924,85,5,4225,3489,0.8257988165680473,True,0.8257217226691907,1.307817277325634,0.04201693686617312,0.9981878727130116,1.2370896620783791,0.4126193625288713,0.9724613856363674
q6739,6739,85,5,3611,2984,0.8263638881196345,True,0.8262735326688815,1.3117952418040197,0.045500231817549454,0.9978756245821776,1.2406721956747906,0.4126193625288713,0.9724613856363674
q9197,9197,85,5,4119,3405,0.8266569555717407,True,0.8265776699029126,1.3139918377427802,0.042629918772276884,0.9981347123952131,1.2431868216957014,0.4126193625288713,0.9724613856363674
q8564,8564,85,5,4298,3553,0.8266635644485807,True,0.8265875785066295,1.314063450538348,0.04173384340103769,0.9982121657319346,1.2433547753692293,0.4126193625288713,0.9724613856363674
q17589,17589,85,5,396,329,0.8308080808080808,True,0.8299748110831234,1.3387282909155864,0.13832283827291514,0.9807046067832399,1.245736603458018,0.4126193625288713,0.9724613856363674
q5696,5696,85,5,4070,3366,0.827027027027027,True,0.8269466961434537,1.3166610087361759,0.04291883510481832,0.9981093914031443,1.2458194087812167,0.4126193625288713,0.9724613856363674
q17242,17242,85,5,1124,932,0.8291814946619217,True,0.8288888888888889,1.3307805410603086,0.08197927894375796,0.9931365136820457,1.2536349892177523,0.4126193625288713,0.9724613856363674
q6563,6563,85,6,11272,9374,0.8316181689141235,True,0.831588751885035,1.3506124351461124,0.026048670190671804,0.9993027382747789,1.2812366729369697,0.4126193625288713,0.9724613856363674
q8207,8207,85,5,4366,3635,0.8325698579935868,True,0.8324937027707808,1.357314152819197,0.04193462708142573,0.9981949527503876,1.2865059679145994,0.4126193625288713,0.9724613856363674
q4284,4284,85,5,5463,4548,0.8325096101043383,True,0.8324487554904831,1.35698063651371,0.037485750847496856,0.998557110836335,1.2866396939008515,0.4126193625288713,0.9724613856363674
q17362,17362,85,5,1180,984,0.8338983050847457,True,0.8336155800169348,1.3656610082710468,0.08083761254549329,0.9933250811039092,1.288520660561498,0.4126193625288713,0.9724613856363674
q10292,10292,85,5,4595,3828,0.8330794341675735,True,0.8330069625761531,1.361127502881896,0.04092272060350924,0.9982808673865253,1.290423491887057,0.4126193625288713,0.9724613856363674
q9782,9782,85,5,4235,3540,0.8358913813459268,True,0.8358120868744098,1.3821293692849224,0.042893629115361126,0.9981116072462489,1.3111669051216368,0.4126193625288713,0.9724613856363674
q11877,11877,85,6,977,819,0.8382804503582395,True,0.8379345603271984,1.3982050782647157,0.08970149680718786,0.9917936818170717,1.3188111642191729,0.4126193625288713,0.9724613856363674
q8557,8557,85,5,4299,3600,0.837404047452896,True,0.8373255813953489,1.3935760533556945,0.04271977607223108,0.9981268553749684,1.3226121785651768,0.4126193625288713,0.9724613856363674
q6418,6418,85,5,3848,3227,0.8386174636174636,True,0.8385294881787477,1.4027403418239714,0.04527830277926511,0.9978962539889777,1.3314516191225043,0.4126193625288713,0.9724613856363674
q17372,17372,85,5,1189,999,0.840201850294365,True,0.8399159663865546,1.4133603660589087,0.08169377684770852,0.9931839108891446,1.335711772206127,0.4126193625288713,0.9724613856363674
q8197,8197,85,5,4501,3778,0.8393690291046434,True,0.8392936472678809,1.4085847693645257,0.041940152910676494,0.9981944778669509,1.3376834021818347,0.4126193625288713,0.9724613856363674
q11563,11563,85,6,2015,1693,0.8401985111662531,True,0.8400297619047619,1.4142351804606916,0.06278164628465567,0.9959632083984367,1.3403208728646288,0.4126193625288713,0.9724613856363674
q9739,9739,85,5,4285,3604,0.841073512252042,True,0.8409939337377508,1.421666876637299,0.04315539520566137,0.9980885325951278,1.3505985258576572,0.4126193625288713,0.9724613856363674
q6628,6628,85,6,4239,3568,0.8417079499882048,True,0.841627358490566,1.4265683804548996,0.04345388757770179,0.9980620505255364,1.3554546956666529,0.4126193625288713,0.9724613856363674
q9070,9070,85,5,4376,3691,0.8434643510054844,True,0.843385880740233,1.4402568227104795,0.04294846342038092,0.9981067851443018,1.3691779762462544,0.4126193625288713,0.9724613856363674
q4295,4295,85,5,4062,3431,0.84465780403742,True,0.8445729756337681,1.4495655060977597,0.044705383562479044,0.9979490472592514,1.3782511870700753,0.4126193625288713,0.9724613856363674
q10141,10141,85,5,4508,3808,0.84472049689441,True,0.8446440452428476,1.4501245724628506,0.04244418552448655,0.9981509006501553,1.3790879960988307,0.4126193625288713,0.9724613856363674
q17136,17136,85,5,1059,900,0.8498583569405099,True,0.8495283018867924,1.4890388318107248,0.08860930577365926,0.9919907120357574,1.4091793997480968,0.4126193625288713,0.9724613856363674
q8766,8766,85,5,4210,3574,0.8489311163895487,True,0.8488482545713607,1.4835613883129997,0.0443804460300833,0.9979786932370054,1.4122192967560532,0.4126193625288713,0.9724613856363674
q9166,9166,85,5,4186,3558,0.849976110845676,True,0.849892524480535,1.4919805460428994,0.04462551644822837,0.9979563538915521,1.4205896367548432,0.4126193625288713,0.9724613856363674
q9203,9203,85,5,4151,3533,0.8511202119971091,True,0.8510356454720617,1.501250170898625,0.044944622056244936,0.9979270830186594,1.429798379396397,0.4126193625288713,0.9724613856363674
q9850,9850,85,5,4201,3577,0.8514639371578195,True,0.8513802950975726,1.5040560537436354,0.04471614351437611,0.997948061896018,1.4326285626158053,0.4126193625288713,0.9724613856363674
q4573,4573,85,5,5652,4813,0.8515569709837226,True,0.8514947815319299,1.504989264406524,0.03856393527618829,0.9984730434841429,1.4343139983678643,0.4126193625288713,0.9724613856363674
q8493,8493,85,5,4360,3716,0.8522935779816514,True,0.8522127952304517,1.5108551040966312,0.04398823509043613,0.9980141912216188,1.4395090449133936,0.4126193625288713,0.9724613856363674
q5707,5707,85,5,5503,4692,0.8526258404506633,True,0.852561773255814,1.513714305771494,0.03919090840858346,0.9984230682349045,1.442953491118467,0.4126193625288713,0.9724613856363674
q9919,9919,85,5,4292,3660,0.8527493010251631,True,0.8526671325413464,1.5145785834760663,0.04438779631813328,0.9979780249979385,1.4431728303143903,0.4126193625288713,0.9724613856363674
q4273,4273,85,5,7321,6252,0.8539816964895506,True,0.8539333515432942,1.5250043946859586,0.03410154654441055,0.9988055808843399,1.4547829146567943,0.4126193625288713,0.9724613856363674
q6370,6370,85,5,4655,3977,0.8543501611170784,True,0.8542740549828178,1.5278220238876161,0.042802985958051626,0.9981195649543018,1.4565960477747022,0.4126193625288713,0.9724613856363674
q11648,11648,85,6,2562,2197,0.8575331772053083,True,0.8573936792820913,1.5538703056490635,0.05817669780955234,0.9965316981706372,1.4802367483360357,0.4126193625288713,0.9724613856363674
q8796,8796,85,5,4267,3658,0.8572767752519335,True,0.8571930646672915,1.552181497024847,0.04505819239128349,0.997916615549382,1.4806085985306217,0.4126193625288713,0.9724613856363674
q17078,17078,85,5,1170,1010,0.8632478632478633,True,0.862937660119556,1.6013185918335942,0.08741443257793625,0.9922035892082864,1.5208861848065025,0.4126193625288713,0.9724613856363674
q9042,9042,85,5,4259,3674,0.862643813101667,True,0.8625586854460094,1.5980260234507853,0.045780969107727686,0.9978493853881137,1.5262547816770098,0.4126193625288713,0.9724613856363674
q4912,4912,85,5,5306,4577,0.8626083678854127,True,0.8625400414546825,1.5978642334293556,0.04101493898871964,0.9982731240019435,1.5267413980037274,0.4126193625288713,0.9724613856363674
q17218,17218,85,5,1107,959,0.8663053297199639,True,0.8659747292418772,1.6279766081185514,0.09066393507617101,0.991618124224309,1.5464233346319762,0.4126193625288713,0.9724613856363674
q9859,9859,85,5,4039,3495,0.8653131963357267,True,0.8652227722772278,1.6213306646356427,0.047375295060370914,0.9976973374198209,1.5492731960422756,0.4126193625288713,0.9724613856363674
q11725,11725,85,6,1925,1668,0.8664935064935065,True,0.8663032191069574,1.6308894489144712,0.06883331015639353,0.9951514250443491,1.5548322166504285,0.4126193625288713,0.9724613856363674
q11641,11641,85,6,3665,3180,0.8676671214188267,True,0.8675668303327878,1.6421493343075961,0.05008039224288767,0.9974275647967785,1.5696193949191097,0.4126193625288713,0.9724613856363674
q11664,11664,85,6,2774,2425,0.8741888968997837,True,0.874054054054054,1.7013900586710806,0.058730318913588986,0.996465608394388,1.6271369397861108,0.4126193625288713,0.9724613856363674
q8622,8622,85,5,4299,3759,0.8743893928820656,True,0.8743023255813953,1.7037070025317622,0.0472177163742727,0.99771259509726,1.631484798766591,0.4126193625288713,0.9724613856363674
q11863,11863,85,6,2709,2370,0.8748615725359912,True,0.8747232472324723,1.7076438757721668,0.05955826584752307,0.9963656189811213,1.6332047545924844,0.4126193625288713,0.9724613856363674
q10872,10872,85,6,5780,5068,0.8768166089965398,True,0.876751427088739,1.7267692421780645,0.04104791615751999,0.9982703507764986,1.6554192049818184,0.4126193625288713,0.9724613856363674
q9914,9914,85,5,4283,3759,0.8776558487041793,True,0.8775676937441643,1.7345406536116195,0.04781212161783792,0.9976547780381954,1.6621515941775893,0.4126193625288713,0.9724613856363674
q17301,17301,85,5,1108,975,0.8799638989169675,True,0.8796212804328224,1.7542856520180767,0.09462032706994197,0.9908774454823254,1.6704250327262007,0.4126193625288713,0.9724613856363674
q10310,10310,85,5,4228,3716,0.8789025543992431,True,0.8788129581461338,1.746480300746649,0.04832233765329881,0.9976045785202443,1.6739790054731567,0.4126193625288713,0.9724613856363674
q17043,17043,85,5,1132,998,0.8816254416961131,True,0.8812886142983231,1.7705258164386504,0.09414729625340028,0.9909676075740819,1.6866705052119164,0.4126193625288713,0.9724613856363674
q11831,11831,85,6,2110,1859,0.8810426540284361,True,0.8808621506395073,1.7663538172820952,0.06887191812926721,0.9951460108849318,1.6896305833243306,0.4126193625288713,0.9724613856363674
q10166,10166,85,5,4293,3786,0.8819007686932215,True,0.8818118304611086,1.7756615889237064,0.048448081803845106,0.997592125649062,1.703069132875482,0.4126193625288713,0.9724613856363674
q11527,11527,85,6,2224,1964,0.8830935251798561,True,0.8829213483146068,1.7866160654940002,0.06756489960591898,0.9953276434979581,1.710106548023486,0.4126193625288713,0.9724613856363674
q8640,8640,85,5,4216,3730,0.8847248576850095,True,0.884633625800332,1.8036949372641573,0.04937574513966202,0.9974992657360108,1.7308738486927306,0.4126193625288713,0.9724613856363674
q11652,11652,85,6,2020,1791,0.8866336633663366,True,0.8864423552696685,1.8219705016579684,0.07178973819190518,0.9947282256229879,1.7442447231753928,0.4126193625288713,0.9724613856363674
q3683,3683,85,5,5394,4790,0.8880237300704487,True,0.8879518072289156,1.8374122870248046,0.04418289859861,0.9979966118078237,1.765386650959735,0.4126193625288713,0.9724613856363674
q11572,11572,85,6,2713,2415,0.8901584961297456,True,0.8900147383935151,1.858805224657047,0.06277630401883477,0.9959638926002728,1.7830975053828528,0.4126193625288713,0.9724613856363674
q9114,9114,85,5,4241,3775,0.8901202546569206,True,0.89002828854314,1.858946869825226,0.05021547714296724,0.9974137044471667,1.7858344163523117,0.4126193625288713,0.9724613856363674
q17252,17252,85,5,1159,1035,0.8930112165660051,True,0.8926724137931035,1.8868770299631918,0.09700692377822133,0.9904159138266644,1.8009675916278045,0.4126193625288713,0.9724613856363674
q17582,17582,85,5,413,371,0.8983050847457628,True,0.8973429951690821,1.9376903819453217,0.16544323499573252,0.9726239600792794,1.8180370711038263,0.4126193625288713,0.9724613856363674
q9446,9446,85,5,4227,3791,0.8968535604447598,True,0.896759697256386,1.9312367843902598,0.05164686107437164,0.997264568226383,1.8576595635914257,0.4126193625288713,0.9724613856363674
q8768,8768,85,5,4245,3809,0.8972909305064782,True,0.897197362223269,1.936076138379738,0.051629679502404276,0.9972663829637468,1.862489069051497,0.4126193625288713,0.9724613856363674
q3678,3678,85,5,5278,4744,0.898825312618416,True,0.8987497632127297,1.95338634144757,0.0466020968474227,0.997771720107733,1.8807044649402929,0.4126193625288713,0.9724613856363674
q10848,10848,85,6,4702,4231,0.8998298596341983,True,0.8997448437167765,1.9646034345323315,0.049580439985174383,0.9974785407793236,1.8913406595292883,0.4126193625288713,0.9724613856363674
q9680,9680,85,5,4191,3778,0.9014554998806968,True,0.9013597328244275,1.9830148433659034,0.05287878251545856,0.9971328951653265,1.9090438947906316,0.4126193625288713,0.9724613856363674
q10713,10713,85,6,5715,5152,0.9014873140857392,True,0.9014170748775368,1.9836734089650325,0.04529532317095922,0.9978946754001062,1.9111595273407067,0.4126193625288713,0.9724613856363674
q11920,11920,85,6,2083,1880,0.9025444071051368,True,0.9023512476007678,1.9944495217883866,0.07532005104835565,0.9942000715497571,1.9147972651200118,0.4126193625288713,0.9724613856363674
q9705,9705,85,5,4095,3699,0.9032967032967032,True,0.9031982421875,2.0042979684972204,0.05392529817753582,0.9970186290323955,1.930044800741243,0.4126193625288713,0.9724613856363674
q10299,10299,85,5,4106,3710,0.9035557720409158,True,0.9034575115656197,2.0073276641759787,0.05391471133733276,0.9970197960595584,1.9330677264590737,0.4126193625288713,0.9724613856363674
q8767,8767,85,5,4182,3814,0.912003825920612,True,0.9119053311020798,2.1101768181526634,0.05556983586713544,0.9968345973226053,2.035232249639789,0.4126193625288713,0.9724613856363674
q11679,11679,85,6,3186,2917,0.9155681104833648,True,0.915437715720113,2.155786140029711,0.06480731524571938,0.9956996475725767,2.078328214087394,0.4126193625288713,0.9724613856363674
q9175,9175,85,5,4159,3814,0.9170473671555662,True,0.9169471153846154,2.1757937514972556,0.05717245622039552,0.9966500061515703,2.100252487783626,0.4126193625288713,0.9724613856363674
q9858,9858,85,5,4211,3876,0.9204464497744004,True,0.920346628679962,2.222072549963968,0.05787046433763942,0.9965679903349415,2.1461996240546086,0.4126193625288713,0.9724613856363674
q10180,10180,85,5,4168,3843,0.9220249520153552,True,0.9219237227152794,2.2441461066441266,0.05868331742087202,0.9964712432774565,2.167986934953374,0.4126193625288713,0.9724613856363674
q9714,9714,85,5,4266,3942,0.9240506329113924,True,0.9239512538082962,2.273120982976943,0.05868456809818739,0.9964710933947032,2.196859235559152,0.4126193625288713,0.9724613856363674
q9433,9433,85,5,4151,3860,0.9298964105034933,True,0.9297928709055877,2.360686763085729,0.061647885492458095,0.9961071286399987,2.2832817223842876,0.4126193625288713,0.9724613856363674
q6604,6604,85,6,5924,5508,0.9297771775827144,True,0.929704641350211,2.359315789578685,0.051577289417747814,0.9972719127777705,2.284584413015532,0.4126193625288713,0.9724613856363674
q9168,9168,85,5,4107,3823,0.9308497686876064,True,0.9307448880233691,2.375580493839628,0.062357448216965955,0.996017358531916,2.2979103652595336,0.4126193625288713,0.9724613856363674
q9842,9842,85,5,4157,3875,0.9321626172720712,True,0.932058682058682,2.3964434183726278,0.06251662191096168,0.9959970818835199,2.318642996984554,0.4126193625288713,0.9724613856363674
q6823,6823,85,6,11349,10585,0.9326812935060358,True,0.9326431718061674,2.405843640640237,0.03798631208792694,0.9985183761499311,2.3338987679859318,0.4126193625288713,0.9724613856363674
q9677,9677,85,5,3936,3673,0.9331808943089432,True,0.9330708661417323,2.4127694971096334,0.0646825926623417,0.9957161129823283,2.334245051821702,0.4126193625288713,0.9724613856363674
q8866,8866,85,5,4388,4100,0.93436645396536,True,0.9342674868990658,2.4323642600200013,0.06176159411799345,0.996092810868756,2.3546463425150166,0.4126193625288713,0.9724613856363674
q11676,11676,85,6,2333,2186,0.936990998714102,True,0.9368037703513282,2.475000794686651,0.08621394204111035,0.992414646827213,2.388264716477516,0.4126193625288713,0.9724613856363674
q9712,9712,85,5,4203,3962,0.942660004758506,True,0.9425547098001903,2.57783451487429,0.06709112899976363,0.9953926388109626,2.4977912389036176,0.4126193625288713,0.9724613856363674
q11767,11767,85,6,2215,2100,0.948081264108352,True,0.9478790613718412,2.6819328134688685,0.09663308540394641,0.9904889392105272,2.5885943402565643,0.4126193625288713,0.9724613856363674
q9753,9753,85,5,4144,3954,0.9541505791505792,True,0.9540410132689988,2.815610071898212,0.07490329999713621,0.9942637096435349,2.7313699648007974,0.4126193625288713,0.9724613856363674
q9445,9445,85,5,4173,4022,0.9638150011981788,True,0.9637038811691423,3.063874115918978,0.08340082199877524,0.9928981255967412,2.9741194341943253,0.4126193625288713,0.9724613856363674
q9158,9158,85,5,4173,4072,0.975796788880901,True,0.9756827982750359,3.4793898780450814,0.1010091695966786,0.9896171530943321,3.3754931598924807,0.4126193625288713,0.9724613856363674
q17139,17139,86,5,8156,2082,0.2552721922511035,True,0.25530219443422825,-2.1258689028000477,0.02666727533449545,0.998875844435691,-2.2202065550757237,0.7560896875136528,0.631891314968442
q17147,17147,86,5,3957,1238,0.3128632802628254,True,0.31291056088933805,-1.8258985467343944,0.03643000471439187,0.9979041273638067,-1.9187050580615017,0.7560896875136528,0.631891314968442
q5493,5493,86,5,23288,7902,0.3393163861216077,True,0.339323285671347,-1.6977775730768787,0.014787541799472401,0.9996540611646875,-1.7939930651555798,0.7560896875136528,0.631891314968442
q8184,8184,86,5,6313,2461,0.3898305084745763,True,0.38984795692112767,-1.4632692014276751,0.027854667323773584,0.9987736324961483,-1.5581922574334526,0.7560896875136528,0.631891314968442
q9791,9791,86,5,5588,2486,0.4448818897637795,True,0.4448917516550367,-1.2173247893206338,0.029366463505356762,0.998637085530817,-1.3123700188499143,0.7560896875136528,0.631891314968442
q3824,3824,86,5,17258,8519,0.4936261443968014,True,0.49362651370299554,-1.002725504289312,0.016754219838405412,0.9995559691444365,-1.0990735836305612,0.7560896875136528,0.631891314968442
q10363,10363,86,6,4764,2373,0.4981108312342569,True,0.49811122770199373,-0.9829760798192618,0.03190717917866388,0.9983914473218414,-1.0780754634119496,0.7560896875136528,0.631891314968442
q17256,17256,86,5,670,340,0.5074626865671642,True,0.507451564828614,-0.9417983011230142,0.08516383893295129,0.9886522016080218,-1.0268484035723906,0.7560896875136528,0.631891314968442
q6439,6439,86,5,9974,5141,0.515440144375376,True,0.515438596491228,-0.906521275402211,0.022123761084679824,0.9992260030296878,-1.0025809983824863,0.7560896875136528,0.631891314968442
q4919,4919,86,5,12793,6706,0.5241929180020324,True,0.5241910270439268,-0.8677733197681545,0.019574310319809125,0.9993940074389706,-0.9640250922211987,0.7560896875136528,0.631891314968442
q10331,10331,86,5,6187,3262,0.5272345240019396,True,0.5272301228183581,-0.8542928982951681,0.028167246654060483,0.9987459886842609,-0.9499364902125674,0.7560896875136528,0.631891314968442
q4310,4310,86,5,9726,5348,0.5498663376516554,True,0.5498612110619924,-0.7533752253794664,0.022615750278078856,0.9991912240568035,-0.8495239134542365,0.7560896875136528,0.631891314968442
q11547,11547,86,6,2907,1605,0.5521155830753354,True,0.5520976616231087,-0.7433424445443327,0.0413931444735979,0.9972958022731508,-0.8379067537608353,0.7560896875136528,0.631891314968442
q5428,5428,86,5,12160,6889,0.5665296052631579,True,0.5665241345284104,-0.6783113691618647,0.020347596134809787,0.9993452140247573,-0.7746401320453633,0.7560896875136528,0.631891314968442
q9078,9078,86,5,5508,3168,0.5751633986928104,True,0.5751497549464513,-0.6391399035467689,0.030336437667068006,0.9985456975988452,-0.7349058902778002,0.7560896875136528,0.631891314968442
q5450,5450,86,5,1091,629,0.5765352887259395,True,0.5764652014652014,-0.6331451222197594,0.06817551733225703,0.9926981699701636,-0.7246512405313591,0.7560896875136528,0.631891314968442
q11803,11803,86,6,2610,1554,0.5954022988505747,True,0.5953657602451168,-0.546329687775332,0.044468064251853796,0.9968804128294207,-0.6411595940711862,0.7560896875136528,0.631891314968442
q17236,17236,86,5,2615,1570,0.6003824091778203,True,0.6003440366972477,-0.5232317307009593,0.0445347053966548,0.9968710848915181,-0.6181279091311088,0.7560896875136528,0.631891314968442
q17175,17175,86,5,2155,1314,0.6097447795823666,True,0.6096938775510204,-0.47956024938028813,0.049294158682945566,0.9961692688672842,-0.5741885478203467,0.7560896875136528,0.631891314968442
q9098,9098,86,5,4928,3039,0.6166801948051948,True,0.6166565226212214,-0.44677568243871413,0.03272595869174457,0.9983079744770879,-0.5426921957764594,0.7560896875136528,0.631891314968442
q17293,17293,86,5,2320,1431,0.6168103448275862,True,0.6167600172339509,-0.446286582646758,0.04769351524124865,0.9964131292989913,-0.5411747897430692,0.7560896875136528,0.631891314968442
q5484,5484,86,5,13170,8152,0.6189825360668185,True,0.618973502391618,-0.43581314741292876,0.02004604346473118,0.9993644659079732,-0.5323109492363668,0.7560896875136528,0.631891314968442
q6463,6463,86,5,5134,3211,0.6254382547721076,True,0.6254138266796495,-0.4051965881495569,0.032224458519029116,0.9983593506885766,-0.5012092469248566,0.7560896875136528,0.631891314968442
q3806,3806,86,5,13775,8646,0.6276588021778584,True,0.6276495354239257,-0.3945168407636141,0.019700220835441998,0.9993861911481303,-0.49105156256319427,0.7560896875136528,0.631891314968442
q4263,4263,86,5,7736,4976,0.6432264736297828,True,0.6432079617422773,-0.3194086711555264,0.026544940494734062,0.9988861233348595,-0.4157813442925886,0.7560896875136528,0.631891314968442
q4020,4020,86,5,6112,3948,0.6459424083769634,True,0.6459185342712253,-0.30617427406583125,0.02991707210283695,0.9985855712459327,-0.402440563013468,0.7560896875136528,0.631891314968442
q10943,10943,86,6,5021,3265,0.6502688707428799,True,0.6502389486260454,-0.2849824825176997,0.03310348226125843,0.9982687791872412,-0.38115778858056165,0.7560896875136528,0.631891314968442
q6838,6838,86,6,27075,17661,0.6522991689750692,True,0.6522935440980943,-0.2748615970077655,0.014276861325754193,0.9996775346696868,-0.37157805603485844,0.7560896875136528,0.631891314968442
q5086,5086,86,5,3461,2262,0.653568332851777,True,0.653523974581167,-0.26878697526995693,0.039960597633764534,0.9974792751417348,-0.3647016582623043,0.7560896875136528,0.631891314968442
q3790,3790,86,5,9191,6013,0.6542269611576542,True,0.654210182767624,-0.26539471563927103,0.024535688790484945,0.9990482112456314,-0.3618862669325505,0.7560896875136528,0.631891314968442
q3846,3846,86,5,4496,2968,0.6601423487544484,True,0.6601067378252168,-0.23611082222428126,0.03522576808847586,0.9980401331715627,-0.3322946088853892,0.7560896875136528,0.631891314968442
q8192,8192,86,5,4672,3097,0.6628852739726028,True,0.6628504172908196,-0.22240081494749428,0.03462508861382938,0.9981062781586222,-0.31863258733315686,0.7560896875136528,0.631891314968442
q4204,4204,86,5,4454,2977,0.6683879658733722,True,0.6683501683501684,-0.19475172604160734,0.03560760742497516,0.9979974994075116,-0.29100413952747745,0.7560896875136528,0.631891314968442
q9087,9087,86,5,4926,3321,0.6741778319123021,True,0.6741424802110818,-0.16538145765284679,0.034010024013202064,0.9981728372265533,-0.2617386618115898,0.7560896875136528,0.631891314968442
q3835,3835,86,5,3518,2414,0.6861853325753269,True,0.6861324239840864,-0.10371714929455668,0.04063369935144727,0.9973938642616036,-0.20003079845237337,0.7560896875136528,0.631891314968442
q5368,5368,86,5,5263,3612,0.6863005890176705,True,0.6862651975683891,-0.10302741881291232,0.0332266142510118,0.9982558988120289,-0.19951515494911612,0.7560896875136528,0.631891314968442
q3797,3797,86,5,4342,2983,0.6870105941962229,True,0.6869675339626986,-0.09937633921078305,0.036601912216632566,0.9978843424496073,-0.19579753913781708,0.7560896875136528,0.631891314968442
q3750,3750,86,5,4742,3261,0.6876845212990299,True,0.6876449504532997,-0.09585065852217524,0.03504440349576225,0.9980602234467607,-0.19231320755987394,0.7560896875136528,0.631891314968442
q4242,4242,86,5,3437,2373,0.6904276985743381,True,0.6903723094822571,-0.08161420004692921,0.04125666549042102,0.9973135572849442,-0.1779711216690588,0.7560896875136528,0.631891314968442
q4260,4260,86,5,5079,3518,0.6926560346524906,True,0.6926181102362204,-0.06984055852824125,0.03400566909036819,0.9981733042717434,-0.1663724093068402,0.7560896875136528,0.631891314968442
q3814,3814,86,5,7007,4874,0.6955901241615527,True,0.6955622146118722,-0.05433499524025782,0.029026705679635327,0.9986683980584316,-0.15097001394334544,0.7560896875136528,0.631891314968442
q17365,17365,86,5,1526,1067,0.6992136304062909,True,0.6990831696136215,-0.035683015405667456,0.062377530118866646,0.9938800491303582,-0.1317083223098156,0.7560896875136528,0.631891314968442
q3751,3751,86,5,3262,2289,0.7017167381974249,True,0.7016549187863929,-0.021982975644227416,0.042770444388973226,0.9971133795579319,-0.11847630815847279,0.7560896875136528,0.631891314968442
q3773,3773,86,5,7151,5037,0.7043770102083625,True,0.7043484340044742,-0.007563474161679643,0.02896048581221382,0.9986744587648295,-0.10426140664953827,0.7560896875136528,0.631891314968442
q11942,11942,86,6,2189,1544,0.7053449063499315,True,0.7052511415525115,-0.0027144308939813064,0.052379185001203074,0.9956769174727506,-0.09912038350602229,0.7560896875136528,0.631891314968442
q3798,3798,86,5,6339,4501,0.7100489036125572,True,0.7100157728706624,0.023019747324769708,0.030922333230853003,0.998489066190691,-0.07370503944008885,0.7560896875136528,0.631891314968442
q5446,5446,86,5,5144,3657,0.7109253499222395,True,0.7108843537414966,0.027736877147026176,0.03435441679296405,0.9981357147227523,-0.06897062049965079,0.7560896875136528,0.631891314968442
q4252,4252,86,5,9705,6938,0.7148892323544564,True,0.7148670925200906,0.0494712941780771,0.02510847614700903,0.999003298188744,-0.04731781573443777,0.7560896875136528,0.631891314968442
q4249,4249,86,5,4675,3359,0.7185026737967914,True,0.7184559452523525,0.06920698892951434,0.03630238539898799,0.9979187553953365,-0.027571826395196616,0.7560896875136528,0.631891314968442
q3822,3822,86,5,7907,5682,0.7186037688124447,True,0.7185761254425898,0.0698704052493687,0.027918424511893757,0.9987680188738884,-0.02693269197245352,0.7560896875136528,0.631891314968442
q17260,17260,86,5,1658,1192,0.7189384800965019,True,0.7188065099457505,0.07114263179365783,0.06096779425542247,0.9941519463667364,-0.025543428865435047,0.7560896875136528,0.631891314968442
q17048,17048,86,5,1434,1031,0.7189679218967922,True,0.7188153310104529,0.07119135546783605,0.06555435299642244,0.9932451279365352,-0.025471734804599314,0.7560896875136528,0.631891314968442
q6580,6580,86,6,4567,3285,0.7192905627326472,True,0.7192425569176882,0.07355223301426057,0.03675777209417548,0.9978663246408461,-0.023234405024076626,0.7560896875136528,0.631891314968442
q4258,4258,86,5,5058,3641,0.7198497429814156,True,0.7198062858272386,0.07667065196292872,0.03494816057461674,0.9980708427599533,-0.02012676401331412,0.7560896875136528,0.631891314968442
q5429,5429,86,5,1675,1208,0.7211940298507463,True,0.7210620525059666,0.08363050482632525,0.06079486361036343,0.9941848818178621,-0.013129020523466062,0.7560896875136528,0.631891314968442
q10607,10607,86,6,7447,5373,0.7214985900362562,True,0.721468850698174,0.08588905107922506,0.02885108478556284,0.9986844414185488,-0.010932865867153212,0.7560896875136528,0.631891314968442
q4917,4917,86,5,5020,3625,0.7221115537848606,True,0.7220673172674766,0.08921527077354205,0.03516005852733068,0.9980474238942453,-0.007606167268604533,0.7560896875136528,0.631891314968442
q3769,3769,86,5,6495,4699,0.7234795996920709,True,0.723445197044335,0.09688947467814248,0.030954932995096034,0.9984858835439696,5.307547556463005e-05,0.7560896875136528,0.631891314968442
q17496,17496,86,6,3031,2201,0.7261629825140218,True,0.7260883905013192,0.11167450519918902,0.04543264091817931,0.9967440537124247,0.014789874142737844,0.7560896875136528,0.631891314968442
q17117,17117,86,5,1596,1160,0.7268170426065163,True,0.7266750156543519,0.11496734297860543,0.06263892455323103,0.9938289672644732,0.01801913711610198,0.7560896875136528,0.631891314968442
q17077,17077,86,5,1416,1032,0.7288135593220338,True,0.728652081863091,0.12609613863888516,0.06663593579382471,0.993021959776715,0.029055643720288737,0.7560896875136528,0.631891314968442
q6744,6744,86,5,3867,2829,0.7315748642358417,True,0.7315149948293692,0.14229777106550556,0.04045444475631564,0.9974167480867404,0.04534401396348573,0.7560896875136528,0.631891314968442
q5514,5514,86,5,2714,1986,0.7317612380250552,True,0.7316758747697975,0.14321129140727418,0.0482946631246743,0.9963224734031445,0.046204427493517636,0.7560896875136528,0.631891314968442
q5432,5432,86,5,3876,2837,0.7319401444788441,True,0.731880319834924,0.14437266328263187,0.040423231673761016,0.9974207225453982,0.04741373514255856,0.7560896875136528,0.631891314968442
q5471,5471,86,5,2936,2163,0.736716621253406,True,0.7366360231528771,0.17154072729481737,0.04668365079763629,0.9965629016974686,0.07444764218064304,0.7560896875136528,0.631891314968442
q11842,11842,86,6,1990,1470,0.7386934673366834,True,0.7385735811150176,0.18269512909511745,0.05682117492968593,0.9949164785879638,0.08542234527589052,0.7560896875136528,0.631891314968442
q5513,5513,86,5,7743,5732,0.740281544620948,True,0.7402505165289256,0.19239013290984733,0.028865262884973403,0.9986831498112871,0.09542798413333264,0.7560896875136528,0.631891314968442
q17137,17137,86,5,1538,1141,0.7418725617685306,True,0.7417153996101364,0.20089075896197048,0.06485670204706893,0.9933871923202032,0.10336634824214569,0.7560896875136528,0.631891314968442
q6708,6708,86,6,12987,9632,0.7416647416647416,True,0.7416461348937481,0.20048815100171635,0.022323847259761415,0.9992119508258781,0.1035701495426249,0.7560896875136528,0.631891314968442
q3753,3753,86,5,6522,4856,0.744556884391291,True,0.7445193929173693,0.2172456970307566,0.03160368738415206,0.9984218538991033,0.1202193547215971,0.7560896875136528,0.631891314968442
q3823,3823,86,5,5645,4207,0.7452612931798052,True,0.7452178533475027,0.22133694693281072,0.033996957153015595,0.9981742384082625,0.12427331974940516,0.7560896875136528,0.631891314968442
q3816,3816,86,5,5831,4354,0.7466986794717887,True,0.746656378600823,0.22978522017351788,0.033506187816359743,0.9982264773635622,0.13271311356903318,0.7560896875136528,0.631891314968442
q17376,17376,86,5,640,479,0.7484375,True,0.7480499219968799,0.23799795212971037,0.10123045040775903,0.9840414530475936,0.13890889885677116,0.7560896875136528,0.631891314968442
q17220,17220,86,5,1400,1048,0.7485714285714286,True,0.7483940042826552,0.2400301500479573,0.06850092131076362,0.9926288148983835,0.14213832309355223,0.7560896875136528,0.631891314968442
q17198,17198,86,5,1536,1150,0.7486979166666666,True,0.7485361093038386,0.2408699507361363,0.06541103863137121,0.9932744321172216,0.1430649240483327,0.7560896875136528,0.631891314968442
q4106,4106,86,5,3186,2387,0.7492153170119272,True,0.7491371195481644,0.24442505059148237,0.04545736189716515,0.9967405210253955,0.14710766950478882,0.7560896875136528,0.631891314968442
q3802,3802,86,5,6309,4735,0.7505151371057219,True,0.7504754358161648,0.2523607530279539,0.032357032184910484,0.9983458458048421,0.15526717291422673,0.7560896875136528,0.631891314968442
q17165,17165,86,5,1527,1147,0.7511460379829732,True,0.7509816753926701,0.2553695478251857,0.06579355674871315,0.9931960778015543,0.1574545813502096,0.7560896875136528,0.631891314968442
q3813,3813,86,5,3981,2995,0.752323536799799,True,0.7522601707684581,0.2629854168880378,0.04081865817479198,0.9973701472817998,0.16571215051232524,0.7560896875136528,0.631891314968442
q6738,6738,86,5,4975,3751,0.7539698492462311,True,0.7539188102893891,0.27290293457100456,0.036587978615829936,0.9978859495136828,0.1756944021378726,0.7560896875136528,0.631891314968442
q11708,11708,86,6,2421,1830,0.7558859975216853,True,0.7557803468208093,0.2840843448631041,0.05256264681800265,0.9956467126947715,0.18643288168969438,0.7560896875136528,0.631891314968442
q6257,6257,86,5,5649,4272,0.7562400424853957,True,0.7561946902654867,0.28658050172556443,0.03443189613788343,0.9981273119789926,0.18938885134872657,0.7560896875136528,0.631891314968442
q4264,4264,86,5,4285,3242,0.7565927654609101,True,0.7565328978068129,0.28861999612051153,0.03954938762929059,0.9975307592430352,0.19131011732948508,0.7560896875136528,0.631891314968442
q3992,3992,86,5,3106,2353,0.75756600128783,True,0.7574831026713872,0.2943597290594708,0.04650555037654659,0.9965889877851019,0.19684965557580433,0.7560896875136528,0.631891314968442
q5488,5488,86,5,6151,4678,0.7605267436189238,True,0.7604843953185956,0.31258436562415004,0.033173837906248005,0.9982614253624076,0.2153729528234251,0.7560896875136528,0.631891314968442
q11718,11718,86,6,2005,1527,0.7615960099750624,True,0.7614656031904287,0.31857437417404666,0.05816706422530747,0.994674103593817,0.22055710154311645,0.7560896875136528,0.631891314968442
q3825,3825,86,5,3813,2910,0.7631785995279308,True,0.7631095962244363,0.3286462925241104,0.04227289627397924,0.9971799606780007,0.23115626056448202,0.7560896875136528,0.631891314968442
q5469,5469,86,5,3164,2416,0.7635903919089759,True,0.7635071090047393,0.3310884442206772,0.04642873090969165,0.9966002090523314,0.23345571724665767,0.7560896875136528,0.631891314968442
q3804,3804,86,5,4687,3581,0.7640281630040537,True,0.7639718430034129,0.3339469536659675,0.03817150538146533,0.997699427563283,0.2365651447564901,0.7560896875136528,0.631891314968442
q3796,3796,86,5,3719,2852,0.7668728152729228,True,0.7668010752688172,0.3514286106754139,0.04300873883559425,0.9970812186336654,0.25384919271937273,0.7560896875136528,0.631891314968442
q11838,11838,86,6,2074,1591,0.7671166827386693,True,0.7669879518072289,0.3525881675591003,0.0576003935158982,0.994776829823207,0.25441601341131087,0.7560896875136528,0.631891314968442
q3789,3789,86,5,2469,1900,0.7695423248278656,True,0.7694331983805668,0.3678171764948085,0.05296493480535344,0.9955801176151171,0.26978315425661725,0.7560896875136528,0.631891314968442
q5639,5639,86,5,3670,2837,0.773024523160763,True,0.7729501498229365,0.3899080971393204,0.04365147920188717,0.9969935920520395,0.2921906850970882,0.7560896875136528,0.631891314968442
q3832,3832,86,5,3611,2792,0.773193021323733,True,0.7731173864894795,0.3909641659143909,0.04401655831073371,0.9969432479401881,0.29322877129336183,0.7560896875136528,0.631891314968442
q3778,3778,86,5,4779,3714,0.7771500313873195,True,0.777092050209205,0.41621698601566687,0.038472862105818566,0.997663044241023,0.31863428880765604,0.7560896875136528,0.631891314968442
q3836,3836,86,5,3230,2511,0.7773993808049535,True,0.7773135252243887,0.41763290457290514,0.046809525836071314,0.9965444056676237,0.3196880429907159,0.7560896875136528,0.631891314968442
q4752,4752,86,5,3632,2832,0.7797356828193832,True,0.7796586842829617,0.4326839278155218,0.044289765498937754,0.9969053019506212,0.33480826215649573,0.7560896875136528,0.631891314968442
q4253,4253,86,5,4761,3720,0.7813484562066793,True,0.7812893742125158,0.4432129984515304,0.03877489636081365,0.9976262947377282,0.34555448358585505,0.7560896875136528,0.631891314968442
q4237,4237,86,5,4171,3271,0.7842244066171182,True,0.784156279961649,0.4618530915873133,0.041598068078747226,0.9972690341429197,0.36401992452508203,0.7560896875136528,0.631891314968442
q11775,11775,86,6,2475,1942,0.7846464646464646,True,0.7845315024232633,0.46430508343619387,0.05402664832864393,0.9954019661961899,0.36577913091591224,0.7560896875136528,0.631891314968442
q5482,5482,86,5,5155,4044,0.7844810863239573,True,0.7844259115593484,0.46361477926725,0.037433449443245385,0.9977873368713533,0.3659669033729472,0.7560896875136528,0.631891314968442
q6027,6027,86,5,4184,3290,0.7863288718929254,True,0.7862604540023895,0.47564096232591546,0.04166197866548801,0.997260659079781,0.3777669685466478,0.7560896875136528,0.631891314968442
q6586,6586,86,6,4521,3557,0.7867728378677283,True,0.7867094206103494,0.47859479982069486,0.04010616353490547,0.9974609237375786,0.3807891672050854,0.7560896875136528,0.631891314968442
q3781,3781,86,5,3671,2900,0.789975483519477,True,0.7898965141612201,0.49968617707622115,0.044719754240705775,0.9968451107861769,0.4015789116850332,0.7560896875136528,0.631891314968442
q3767,3767,86,5,5902,4664,0.7902405964079973,True,0.7901914280874132,0.5016488742297576,0.035286492493156664,0.9980333835629294,0.40401644448589186,0.7560896875136528,0.631891314968442
q3840,3840,86,5,3221,2551,0.7919900651971438,True,0.7918994413407822,0.5130533552708377,0.0478865898787545,0.9963841347344354,0.4147120518271668,0.7560896875136528,0.631891314968442
q17320,17320,86,5,1419,1130,0.7963354474982381,True,0.7961267605633803,0.5415594375139023,0.0726088209783763,0.9917257625765097,0.44104337412300787,0.7560896875136528,0.631891314968442
q17088,17088,86,5,1282,1023,0.7979719188767551,True,0.7977396726422448,0.5525436706667798,0.07658288513817509,0.9908037933519811,0.4515165729689755,0.7560896875136528,0.631891314968442
q3771,3771,86,5,2172,1734,0.7983425414364641,True,0.7982052462034054,0.5557256377378044,0.058889556156102384,0.9945417028558712,0.45638456476006456,0.7560896875136528,0.631891314968442
q6459,6459,86,5,2701,2160,0.7997038134024436,True,0.7995928941524797,0.5652399869204274,0.052929101299589415,0.9955860697592728,0.46633616708621806,0.7560896875136528,0.631891314968442
q4781,4781,86,5,2449,1968,0.8035933033891384,True,0.803469387755102,0.5920655568400409,0.055938447303949354,0.9950724263908675,0.492788959597537,0.7560896875136528,0.631891314968442
q4118,4118,86,5,2644,2125,0.8037065052950075,True,0.8035916824196597,0.5929178643485524,0.05384789941215465,0.9954322026044142,0.49381554563816,0.7560896875136528,0.631891314968442
q3810,3810,86,5,3074,2473,0.8044892648015615,True,0.8043902439024391,0.5984924823267663,0.05000765822298559,0.9960580121403807,0.49967864110185417,0.7560896875136528,0.631891314968442
q5374,5374,86,5,3407,2742,0.8048136190196654,True,0.8047241784037559,0.6008283772419378,0.04752823825920633,0.9964378576879507,0.5021967670870695,0.7560896875136528,0.631891314968442
q5628,5628,86,5,2284,1840,0.8056042031523643,True,0.8054704595185995,0.6060588725370714,0.05811687255352504,0.994683242087457,0.5065151407765456,0.7560896875136528,0.631891314968442
q3757,3757,86,5,2130,1723,0.8089201877934272,True,0.8087752229000469,0.6293933226510507,0.06051963031238544,0.9942371128254422,0.5294879380051013,0.7560896875136528,0.631891314968442
q4011,4011,86,5,4061,3286,0.8091603053435115,True,0.8090841949778435,0.6315895176601855,0.043858050178268757,0.996965156961748,0.5331303069189294,0.7560896875136528,0.631891314968442
q4256,4256,86,5,5691,4612,0.8104023897381831,True,0.8103478566408995,0.6405981393013401,0.03713112148759612,0.9978228558017954,0.5425779726901883,0.7560896875136528,0.631891314968442
q17384,17384,86,5,1362,1105,0.8113069016152716,True,0.8110785033015407,0.6458264466194629,0.07597601267343705,0.9909476503396372,0.5440204773033497,0.7560896875136528,0.631891314968442
q6041,6041,86,5,3112,2524,0.8110539845758354,True,0.8109540636042403,0.6449349717161844,0.05026206432432416,0.9960179617500367,0.5459161031969291,0.7560896875136528,0.631891314968442
q6019,6019,86,5,2866,2327,0.8119330076762038,True,0.8118242064876178,0.6511774061894299,0.05245403399490978,0.995664607020451,0.5519378010122675,0.7560896875136528,0.631891314968442
q6046,6046,86,5,3244,2640,0.813810110974106,True,0.813713405238829,0.6648020381832132,0.04946965308785237,0.9961420498059087,0.5657745360073019,0.7560896875136528,0.631891314968442
q3786,3786,86,5,2728,2221,0.8141495601173021,True,0.814034444851594,0.6671271677209094,0.053975095013576606,0.9954106968300318,0.5676736114015135,0.7560896875136528,0.631891314968442
q4741,4741,86,5,3445,2805,0.8142235123367199,True,0.8141323273360418,0.6678366550333507,0.048041169389271006,0.996360837879549,0.5689223735204038,0.7560896875136528,0.631891314968442
q4259,4259,86,5,3375,2760,0.8177777777777778,True,0.8176836492890995,0.6937618347294326,0.04885006565721305,0.9962377218593036,0.5946797161906556,0.7560896875136528,0.631891314968442
q4342,4342,86,5,2361,1936,0.81999152901313,True,0.8198560541913632,0.7098010990463137,0.05863710542937837,0.9945881476366126,0.6096475054329579,0.7560896875136528,0.631891314968442
q9080,9080,86,5,4396,3624,0.824385805277525,True,0.8243120309301797,0.743145828212589,0.04334165329365817,0.9970359918237014,0.644393842823764,0.7560896875136528,0.631891314968442
q17572,17572,86,5,611,507,0.8297872340425532,True,0.829248366013072,0.7808165693045349,0.11730664109822304,0.9786869016569145,0.6694025122407972,0.7560896875136528,0.631891314968442
q17316,17316,86,5,1378,1142,0.8287373004354136,True,0.8284989122552574,0.7750460423825709,0.0780307799607093,0.9904561248016943,0.6717369747033771,0.7560896875136528,0.631891314968442
q11909,11909,86,6,3172,2632,0.8297604035308953,True,0.8296564765206429,0.7839667496781556,0.05156071687334522,0.9958104038008413,0.6842516319180155,0.7560896875136528,0.631891314968442
q3807,3807,86,5,3323,2760,0.8305747818236533,True,0.8304753309265944,0.7903043189444998,0.050459220008438596,0.9959867865737132,0.6906849651370274,0.7560896875136528,0.631891314968442
q5512,5512,86,5,2913,2421,0.831101956745623,True,0.8309883321894304,0.7942862818721844,0.05394830886544868,0.9954152298757476,0.6942523153996911,0.7560896875136528,0.631891314968442
q17223,17223,86,5,1363,1134,0.8319882611885546,True,0.8317448680351907,0.8001749723039782,0.07897409978996325,0.9902262457467484,0.6964643944287543,0.7560896875136528,0.631891314968442
q11568,11568,86,6,2180,1815,0.8325688073394495,True,0.832416322787712,0.8054179039698081,0.06254050359180287,0.9938482252075056,0.7042225509169676,0.7560896875136528,0.631891314968442
q17373,17373,86,5,1282,1068,0.8330733229329174,True,0.8328137178487919,0.8085282509275028,0.08160765536162778,0.989570436634863,0.7042692961058055,0.7560896875136528,0.631891314968442
q3834,3834,86,5,3802,3169,0.8335086796422936,True,0.833420983434131,0.8132918652463206,0.04745978209665608,0.9964480751702152,0.7139107502829063,0.7560896875136528,0.631891314968442
q5080,5080,86,5,1754,1468,0.8369441277080958,True,0.8367521367521368,0.839655697345874,0.07035346136142785,0.99222787145869,0.7370460909339399,0.7560896875136528,0.631891314968442
q5457,5457,86,5,3702,3124,0.8438681793625068,True,0.843775317310289,0.8965922871356901,0.049183746398683656,0.9961863449218629,0.7967059750072002,0.7560896875136528,0.631891314968442
q6023,6023,86,5,2880,2433,0.8447916666666667,True,0.8446719888927455,0.904000145499676,0.05587367773041155,0.9950837747191307,0.8031956275703858,0.7560896875136528,0.631891314968442
q5491,5491,86,5,4409,3725,0.8448627806758903,True,0.8447845804988662,0.9049326173297495,0.045172134626070885,0.9967811653737894,0.8054951702642019,0.7560896875136528,0.631891314968442
q5481,5481,86,5,8738,7386,0.8452735179674983,True,0.8452340084677881,0.908659867684059,0.032122049498939695,0.9983697450810075,0.8105000696317394,0.7560896875136528,0.631891314968442
q3837,3837,86,5,4075,3455,0.8478527607361963,True,0.8477674190382728,0.9298260068942534,0.04730999341421131,0.9964703813672127,0.8300495522516835,0.7560896875136528,0.631891314968442
q5431,5431,86,5,3108,2642,0.8500643500643501,True,0.8499517529752332,0.9482930319310319,0.05444908531510284,0.9953301176829915,0.8474805105640372,0.7560896875136528,0.631891314968442
q17104,17104,86,5,1382,1179,0.8531114327062229,True,0.8528561099060015,0.9731699740606699,0.08220958252111035,0.9894176492429123,0.8670599852213314,0.7560896875136528,0.631891314968442
q17567,17567,86,5,767,657,0.8565840938722294,True,0.8561197916666666,1.0015812931282684,0.1112127517558633,0.9808023406658485,0.8873759886069952,0.7560896875136528,0.631891314968442
q6485,6485,86,5,2535,2168,0.8552268244575937,True,0.8550867507886435,0.9925348410559358,0.06104374718007142,0.9941374519003521,0.8904474466676834,0.7560896875136528,0.631891314968442
q9884,9884,86,5,4469,3821,0.8550011188185276,True,0.8549217002237136,0.9910941127793311,0.04596043780078719,0.9966682183083477,0.8912783223151969,0.7560896875136528,0.631891314968442
q3760,3760,86,5,3227,2764,0.8565230864580106,True,0.8564126394052045,1.004154963114196,0.05428597574491005,0.9953579246155657,0.903106802850943,0.7560896875136528,0.631891314968442
q6018,6018,86,5,2945,2540,0.8624787775891342,True,0.8623557365919892,1.0572917429896067,0.05770364842172847,0.9947581850964613,0.9554208947142123,0.7560896875136528,0.631891314968442
q5517,5517,86,5,1659,1435,0.8649789029535865,True,0.8647590361445783,1.0792910285311128,0.07736895017854363,0.9906158210384716,0.9732351789943683,0.7560896875136528,0.631891314968442
q5375,5375,86,5,2076,1796,0.8651252408477842,True,0.864949446316803,1.08104713383561,0.0692033547176382,0.9924780091248186,0.9768075903467783,0.7560896875136528,0.631891314968442
q3762,3762,86,5,3417,2955,0.8647936786654961,True,0.8646869514335869,1.0786267182945364,0.05390757277448666,0.9954221194497116,0.977295880401592,0.7560896875136528,0.631891314968442
q17267,17267,86,5,1232,1067,0.8660714285714286,True,0.8657745336577454,1.0886793695962405,0.09002062100577443,0.9873378512923147,0.9792841866730749,0.7560896875136528,0.631891314968442
q9777,9777,86,5,4516,3906,0.8649247121346324,True,0.8648439229577153,1.0800736771939181,0.04691328053387887,0.9965291230650755,0.9798246626065645,0.7560896875136528,0.631891314968442
q11711,11711,86,6,2102,1821,0.8663177925784966,True,0.8661436043747028,1.092105357071604,0.06899918039230671,0.9925219972837969,0.9878264137811805,0.7560896875136528,0.631891314968442
q5440,5440,86,5,3546,3075,0.8671742808798646,True,0.8670707640259374,1.100745024775085,0.05326540674436405,0.9955300518680966,0.9994212862115803,0.7560896875136528,0.631891314968442
q5522,5522,86,5,3084,2676,0.867704280155642,True,0.8675850891410049,1.1055583238732427,0.057196512319279344,0.9948494445075093,1.0035265264909312,0.7560896875136528,0.631891314968442
q3800,3800,86,5,1668,1453,0.8711031175059952,True,0.8708807669263032,1.1367583234907972,0.07849180786648795,0.9903441079889956,1.029880630194582,0.7560896875136528,0.631891314968442
q6470,6470,86,5,1317,1149,0.8724373576309795,True,0.872154779969651,1.148989511221155,0.08865390830368283,0.9877147241023747,1.0392272002464253,0.7560896875136528,0.631891314968442
q11918,11918,86,6,1892,1654,0.8742071881606766,True,0.8740095087163233,1.1669713066200822,0.07437905202576167,0.9913209304742631,1.0608472119398946,0.7560896875136528,0.631891314968442
q5619,5619,86,5,1832,1607,0.8771834061135371,True,0.8769776322967813,1.19619472293937,0.07626605312632365,0.9908790348434005,1.08933119452159,0.7560896875136528,0.631891314968442
q11564,11564,86,6,2013,1775,0.8817685047193244,True,0.881578947368421,1.2426437409698299,0.07381546487793123,0.9914508385919837,1.136011729656234,0.7560896875136528,0.631891314968442
q4180,4180,86,5,1454,1286,0.8844566712517193,True,0.8841924398625429,1.2696827632960692,0.08758734153361364,0.9880050220106148,1.1587781772901655,0.7560896875136528,0.631891314968442
q3764,3764,86,5,1852,1641,0.8860691144708424,True,0.8858607663248785,1.2872048140241479,0.07804574545367479,0.9904524985735612,1.179003450398963,0.7560896875136528,0.631891314968442
q11726,11726,86,6,1925,1706,0.8862337662337663,True,0.8860332294911735,1.2890280887355534,0.07659684223250803,0.9908004719014756,1.1812241683301856,0.7560896875136528,0.631891314968442
q3795,3795,86,5,2460,2184,0.8878048780487805,True,0.887647297846404,1.30620259444662,0.06813425421940543,0.9927069416924091,1.2005462969642349,0.7560896875136528,0.631891314968442
q10315,10315,86,5,4431,3943,0.8898668472128187,True,0.889778880866426,1.3291973238541417,0.05114857670044684,0.9958768384423896,1.2272797816144032,0.7560896875136528,0.631891314968442
q17253,17253,86,5,619,554,0.8949919224555735,True,0.8943548387096775,1.3798297070311338,0.13902743451070254,0.9703193555897892,1.244913317773704,0.7560896875136528,0.631891314968442
q4149,4149,86,5,1472,1315,0.8933423913043478,True,0.8930753564154786,1.3654921390587351,0.08977473466811187,0.9874060587804114,1.2526784435112142,0.7560896875136528,0.631891314968442
q10706,10706,86,6,4195,3744,0.8924910607866507,True,0.8923975214489991,1.3579541171905967,0.05306018266729819,0.9955642771791027,1.2555238294738087,0.7560896875136528,0.631891314968442
q4236,4236,86,5,2670,2386,0.8936329588014982,True,0.8934855859228753,1.3700734747626295,0.06676819065513008,0.9929944273694301,1.2643174006717564,0.7560896875136528,0.631891314968442
q5483,5483,86,5,1580,1414,0.8949367088607595,True,0.8946869070208728,1.383574369264485,0.08716960281553633,0.988117810470203,1.271448785154429,0.7560896875136528,0.631891314968442
q6456,6456,86,5,1351,1212,0.8971132494448557,True,0.896819526627219,1.4078607374433783,0.0950224952867782,0.9859120228662691,1.2925547366923515,0.7560896875136528,0.631891314968442
q3821,3821,86,5,3333,2992,0.8976897689768977,True,0.8975704859028194,1.416512503899805,0.060684785681463856,0.9942057990800298,1.312029716215299,0.7560896875136528,0.631891314968442
q3765,3765,86,5,1297,1179,0.9090208172706246,True,0.9087057010785824,1.5515114746982779,0.10182415876665266,0.9838567436934917,1.4311919620943185,0.7560896875136528,0.631891314968442
q4254,4254,86,5,2562,2361,0.9215456674473068,True,0.9213811939133828,1.7235143864207825,0.07703678521270253,0.9906954773709123,1.6115426048113397,0.7560896875136528,0.631891314968442
q17343,17343,86,5,1130,1051,0.9300884955752212,True,0.9297082228116711,1.8501854916320972,0.12154331769118104,0.9771554069040009,1.71329462450341,0.7560896875136528,0.631891314968442
q4246,4246,86,5,1502,1406,0.9360852197070572,True,0.9357950765136394,1.951474660332557,0.10958579126287366,0.9813495279995849,1.8200484611531191,0.7560896875136528,0.631891314968442
q11846,11846,86,6,3007,2827,0.9401396740937812,True,0.9399933510638298,2.0264682292218184,0.07975657311652315,0.9900335498982475,1.910400330352771,0.7560896875136528,0.631891314968442
q10720,10720,86,6,5957,5602,0.9404062447540708,True,0.9403323262839879,2.0327274469193313,0.05680966701311774,0.994918527034744,1.9260539497694342,0.7560896875136528,0.631891314968442
q11947,11947,86,6,1865,1781,0.9549597855227882,True,0.9547159699892819,2.333674897502896,0.11466327195022394,0.9796172536488724,2.1912456654048476,0.7560896875136528,0.631891314968442
q11821,11821,86,6,1872,1839,0.9823717948717948,True,0.9821142552055526,3.309885539106497,0.1764612460836815,0.9530359460244016,3.0621514033756654,0.7560896875136528,0.631891314968442
q5659,5659,87,5,47108,12745,0.270548526789505,True,0.27055339743997964,-1.584454487400427,0.011011345436211956,0.9997769830103431,-1.6292764569851799,0.5437265147657893,0.5435580838603273
q11783,11783,87,6,3457,1111,0.3213769164015042,True,0.32142857142857145,-1.3236773356829796,0.03897667522374744,0.9972129066669156,-1.3650475944272487,0.5437265147657893,0.5435580838603273
q9361,9361,87,5,7125,2546,0.3573333333333333,True,0.35735335391524,-1.1516148515774363,0.026589430875075152,0.9987010046059557,-1.1952456205222142,0.5437265147657893,0.5435580838603273
q6069,6069,87,5,17075,7500,0.4392386530014641,True,0.4392422112907004,-0.7814856825744225,0.016716602225298496,0.9994861612609699,-0.826246313912399,0.5437265147657893,0.5435580838603273
q9416,9416,87,5,5728,2532,0.4420391061452514,True,0.4420492232501309,-0.7691378761749761,0.028846148484258857,0.998471500209567,-0.8130785901755667,0.5437265147657893,0.5435580838603273
q6136,6136,87,5,15393,7000,0.4547521600727603,True,0.4547550993893725,-0.7134105773089462,0.017564203564981114,0.9994327630060021,-0.7581656805713857,0.5437265147657893,0.5435580838603273
q9590,9590,87,5,776,356,0.4587628865979381,True,0.4588159588159588,-0.6956493572938608,0.07814120381550246,0.9888913112885355,-0.7326050614792619,0.5437265147657893,0.5435580838603273
q5662,5662,87,5,14036,6500,0.4630948988315759,True,0.4630975279618152,-0.6769446428950389,0.018376123287795858,0.9993791422394844,-0.7216817098176995,0.5437265147657893,0.5435580838603273
q6068,6068,87,5,11248,5435,0.4831970128022759,True,0.4831985065339141,-0.5893549566719621,0.020499566042085686,0.999227483531051,-0.6340501707590569,0.5437265147657893,0.5435580838603273
q6078,6078,87,5,2051,1002,0.4885421745490005,True,0.4885477582846004,-0.5660865764427613,0.04799009373268657,0.9957808882929675,-0.6086929586295907,0.5437265147657893,0.5435580838603273
q9774,9774,87,5,5983,3024,0.5054320574962393,True,0.5054311497326203,-0.4926759213017721,0.028106814386718592,0.9985487355452707,-0.5370807492427001,0.5437265147657893,0.5435580838603273
q8671,8671,87,5,14146,7215,0.5100381733352184,True,0.5100374637732381,-0.47264110054958863,0.018283617995669774,0.9993853734623696,-0.5175082376043995,0.5437265147657893,0.5435580838603273
q10849,10849,87,6,4703,2462,0.5234956410801616,True,0.5234906462585034,-0.41406817083576575,0.03173823800655258,0.9981502391586425,-0.4584040685195103,0.5437265147657893,0.5435580838603273
q9587,9587,87,5,1553,816,0.5254346426271732,True,0.5254182754182755,-0.40566524772206575,0.05522961802274998,0.9944195684931738,-0.4483347134919786,0.5437265147657893,0.5435580838603273
q5897,5897,87,5,9804,5228,0.5332517339861281,True,0.5332483426823049,-0.37149639357548453,0.022006773518068103,0.9991098155277027,-0.4163108768749714,0.5437265147657893,0.5435580838603273
q4066,4066,87,5,14404,7833,0.5438072757567343,True,0.5438042346407498,-0.3253200588317584,0.01818341687221722,0.999392087688748,-0.37028023096593216,0.5437265147657893,0.5435580838603273
q6569,6569,87,6,18136,10021,0.5525474194971328,True,0.5525445222473397,-0.2869635130890165,0.016229631785970193,0.9995156481395708,-0.331988043109867,0.5437265147657893,0.5435580838603273
q9582,9582,87,5,312,174,0.5576923076923077,True,0.5575079872204473,-0.26512299627648717,0.12366372061966797,0.9726354228948716,-0.3018169450177478,0.5437265147657893,0.5435580838603273
q6102,6102,87,5,14581,8238,0.5649818256635347,True,0.5649773693594843,-0.23216496467328418,0.018147209850440615,0.9993945047775026,-0.2771824373165171,0.5437265147657893,0.5435580838603273
q4842,4842,87,5,13865,7971,0.5749008294266138,True,0.5748954276647916,-0.18821160291028607,0.018655380765722714,0.9993601409747449,-0.2332476686952675,0.5437265147657893,0.5435580838603273
q6842,6842,87,6,20399,11942,0.5854208539634296,True,0.5854166666666667,-0.14131200605261512,0.01542593571034751,0.9995624104010161,-0.18641580369265953,0.5437265147657893,0.5435580838603273
q6197,6197,87,5,9885,5827,0.5894790085988872,True,0.5894699575156788,-0.12316022132921048,0.022186927920279886,0.999095194449737,-0.1681933082385842,0.5437265147657893,0.5435580838603273
q8674,8674,87,5,295,177,0.6,True,0.5996621621621622,-0.0772881948821418,0.12865746589839763,0.9704473780510926,-0.1188541857961568,0.5437265147657893,0.5435580838603273
q6118,6118,87,5,9288,5637,0.6069121447028424,True,0.6069006351598665,-0.04449393130133951,0.02302731487618266,0.9990254207077036,-0.08959193864353489,0.5437265147657893,0.5435580838603273
q6114,6114,87,5,9464,5762,0.6088334742180896,True,0.6088219756999472,-0.035756792207936,0.022828964588426384,0.999042121844373,-0.08086466641169648,0.5437265147657893,0.5435580838603273
q9339,9339,87,5,5702,3503,0.6143458435636618,True,0.6143257934420481,-0.010649257655392527,0.029474175104263523,0.998404327302127,-0.05574557077367747,0.5437265147657893,0.5435580838603273
q6542,6542,87,5,8391,5163,0.6153021094029317,True,0.6152883698760725,-0.006245683173256244,0.024307001667123036,0.9989142120573289,-0.051375246883921935,0.5437265147657893,0.5435580838603273
q4115,4115,87,5,17236,10752,0.6238106289162219,True,0.6238034460753031,0.03287905952639602,0.01702207767093686,0.9994672202230216,-0.012299790868778245,0.5437265147657893,0.5435580838603273
q4094,4094,87,5,11318,7063,0.6240501855451493,True,0.6240392260800424,0.0339669091437014,0.021008008327527306,0.9991887189628493,-0.011209396469967988,0.5437265147657893,0.5435580838603273
q9335,9335,87,5,5127,3210,0.6260971328262142,True,0.6260725429017161,0.043358719437996324,0.03124002126437903,0.9982077539919354,-0.0018234136567893899,0.5437265147657893,0.5435580838603273
q6140,6140,87,5,16724,10604,0.6340588375986607,True,0.634050822122571,0.0803968256930344,0.017363137154940558,0.9994456684175319,0.03519189992335199,0.5437265147657893,0.5435580838603273
q5258,5258,87,5,9609,6183,0.6434592569466125,True,0.6434443288241415,0.12441140315893837,0.023015038384275495,0.9990264585691158,0.07914886640102389,0.5437265147657893,0.5435580838603273
q6121,6121,87,5,8528,5498,0.6446998123827392,True,0.6446828467581194,0.13024944385158457,0.024446037243849292,0.9989017688410547,0.08497061690755385,0.5437265147657893,0.5435580838603273
q9336,9336,87,5,5591,3615,0.6465748524414238,True,0.6465486409155937,0.1390602086511429,0.030220904547348215,0.9983225875710269,0.09371733492381285,0.5437265147657893,0.5435580838603273
q6112,6112,87,5,15238,9986,0.6553353458459116,True,0.6553251525690662,0.18077145044245227,0.01839678808353196,0.9993777459575197,0.1355016745105768,0.5437265147657893,0.5435580838603273
q9607,9607,87,5,12153,7971,0.6558874352011849,True,0.6558746091821622,0.183397916026534,0.02060624911559629,0.9992194282988225,0.1381046242849946,0.5437265147657893,0.5435580838603273
q4084,4084,87,5,8681,5722,0.6591406519986177,True,0.6591223220456116,0.19896015570460263,0.024427475476462675,0.9989034341438452,0.1536061245973798,0.5437265147657893,0.5435580838603273
q8667,8667,87,5,9317,6143,0.659332403134056,True,0.6593153037132432,0.19988693627241416,0.023581808365344212,0.9989779687783334,0.15454341951120598,0.5437265147657893,0.5435580838603273
q4925,4925,87,5,10075,6693,0.664317617866005,True,0.6643013100436681,0.22391404959603392,0.022746369339790084,0.9990490339373106,0.17855867775424458,0.5437265147657893,0.5435580838603273
q3690,3690,87,5,9567,6380,0.6668757186160761,True,0.6668582775919732,0.23629866858220575,0.02337982535071602,0.998995384099171,0.1909212661925093,0.5437265147657893,0.5435580838603273
q8668,8668,87,5,13087,8745,0.6682203713608925,True,0.6682075183374083,0.24285131683934963,0.020007269346671352,0.9992641149666267,0.19752045048644762,0.5437265147657893,0.5435580838603273
q6110,6110,87,5,14887,9948,0.6682340296903339,True,0.6682227297152069,0.24292526181718077,0.018759035476715355,0.9993530153489635,0.19761192019797558,0.5437265147657893,0.5435580838603273
q8698,8698,87,5,8749,5898,0.6741341867642017,True,0.6741142857142857,0.27168541805376595,0.02456390342375459,0.9988911648737541,0.22624885991715946,0.5437265147657893,0.5435580838603273
q8656,8656,87,5,14721,9931,0.6746144962978059,True,0.6746026355114794,0.2740803220820516,0.018943491131032584,0.9993402377642099,0.22874389889287536,0.5437265147657893,0.5435580838603273
q9338,9338,87,5,5329,3615,0.6783636704822669,True,0.6783302063789869,0.29241767563425236,0.03156320725098302,0.9981705478856012,0.24677996906937394,0.5437265147657893,0.5435580838603273
q9597,9597,87,5,963,656,0.6812045690550363,True,0.6810165975103735,0.3056969243622121,0.07435652609546617,0.989930751945945,0.257888362304414,0.5437265147657893,0.5435580838603273
q9363,9363,87,5,5030,3430,0.6819085487077535,True,0.6818723911747168,0.30993872286439084,0.032568130166461415,0.9980524301274916,0.264237690314485,0.5437265147657893,0.5435580838603273
q6091,6091,87,5,14350,10012,0.6977003484320558,True,0.6976865723642952,0.38937988048350597,0.019513526864048905,0.9992999622612729,0.3439535243943642,0.5437265147657893,0.5435580838603273
q4058,4058,87,5,11342,7937,0.6997883971080938,True,0.6997707837432778,0.40000778700935125,0.02198557248431947,0.9991115283621813,0.35450713042000165,0.5437265147657893,0.5435580838603273
q4074,4074,87,5,1424,998,0.7008426966292135,True,0.7007017543859649,0.4047675959399503,0.06207570179737972,0.9929607015595061,0.3570509826296725,0.5437265147657893,0.5435580838603273
q10779,10779,87,6,4834,3389,0.7010757136946628,True,0.7010341261633919,0.4064688231656064,0.03370918276388093,0.9979138595559314,0.36052972825108603,0.5437265147657893,0.5435580838603273
q9326,9326,87,5,5442,3885,0.7138919514884233,True,0.7138526547859636,0.472873989432545,0.03211993519760704,0.9981055644336908,0.4268783540024005,0.5437265147657893,0.5435580838603273
q6192,6192,87,5,10140,7258,0.7157790927021697,True,0.7157578148111626,0.482881641650721,0.023572019082610068,0.9989788162672989,0.437249266407779,0.5437265147657893,0.5435580838603273
q6613,6613,87,6,4628,3332,0.7199654278305964,True,0.7199179088356017,0.5048656297289442,0.0350229019129697,0.9977484615729708,0.4586452350750334,0.5437265147657893,0.5435580838603273
q11655,11655,87,6,2241,1616,0.7211066488174922,True,0.7210080285459411,0.5106567921555656,0.050375651204420294,0.9953530016522746,0.46330834042946684,0.5437265147657893,0.5435580838603273
q4111,4111,87,5,9176,6746,0.735178727114211,True,0.7351531001416585,0.5870158611727826,0.025249568975789713,0.9988284714087163,0.541195684335834,0.5437265147657893,0.5435580838603273
q9342,9342,87,5,5442,4015,0.7377802278574054,True,0.7377365423479698,0.6012190042983964,0.03287456902294363,0.9980156807658978,0.5549302491681873,0.5437265147657893,0.5435580838603273
q6087,6087,87,5,16580,12349,0.7448130277442702,True,0.7447982630721911,0.6404778096973477,0.018980044059683447,0.999337690871346,0.5948981351365822,0.5437265147657893,0.5435580838603273
q6058,6058,87,5,12022,9030,0.7511229412743304,True,0.7511020543957415,0.6760883978521053,0.022449500420052598,0.9990736717324675,0.630318567609359,0.5437265147657893,0.5435580838603273
q4071,4071,87,5,230,177,0.7695652173913043,True,0.7683982683982684,0.7768130794706817,0.16546130047499527,0.9520481022515002,0.696544737160651,0.5437265147657893,0.5435580838603273
q11668,11668,87,6,2273,1740,0.7655081390233172,True,0.7653913808267371,0.7589635733896953,0.05253011993127207,0.9949490662237129,0.7101729201719211,0.5437265147657893,0.5435580838603273
q6141,6141,87,5,12269,9530,0.776754421713261,True,0.7767318663406683,0.8270925893921142,0.022960765489203342,0.9990310402235896,0.7811495458152393,0.5437265147657893,0.5435580838603273
q9333,9333,87,5,5703,4442,0.7788883044011924,True,0.7788394109396914,0.8400051891168008,0.03377594894872206,0.9979056048573908,0.7931551154575993,0.5437265147657893,0.5435580838603273
q9787,9787,87,5,6389,4986,0.7804038190640162,True,0.7803599374021909,0.8493726184241576,0.031980780461065395,0.9981219128233211,0.8026768777664532,0.5437265147657893,0.5435580838603273
q6697,6697,87,6,11672,9332,0.7995202193283071,True,0.7994945600959479,0.971239669098638,0.02437023411336681,0.9989085617267139,0.9250435310655895,0.5437265147657893,0.5435580838603273
q9396,9396,87,5,5676,4541,0.8000352360817478,True,0.799982385062533,0.9744505032538232,0.034973799784078344,0.9977547562987106,0.9271786696813401,0.5437265147657893,0.5435580838603273
q5658,5658,87,5,12339,9876,0.8003890104546559,True,0.8003646677471637,0.9769705372939448,0.023736731321415554,0.9989645099541677,0.9308202760984183,0.5437265147657893,0.5435580838603273
q4063,4063,87,5,223,181,0.8116591928251121,True,0.8102678571428571,1.0434871186022132,0.17922580595968246,0.94420182912882,0.9425983021472485,0.5437265147657893,0.5435580838603273
q10840,10840,87,6,4514,3740,0.8285334514842712,True,0.8284606866002214,1.1725912036320412,0.041350884462789096,0.9968641187267159,1.1238703859386714,0.5437265147657893,0.5435580838603273
q11840,11840,87,6,1991,1674,0.8407835258663988,True,0.8406124497991968,1.2646717903729876,0.06393349344507389,0.9925362464934109,1.2103844376343929,0.5437265147657893,0.5435580838603273
q11643,11643,87,6,2165,1825,0.8429561200923787,True,0.842797783933518,1.2817988250027212,0.06162435899061334,0.9930619851053797,1.2280337757212907,0.5437265147657893,0.5435580838603273
q5660,5660,87,5,11924,10125,0.8491278094599127,True,0.8490985324947589,1.332238979272923,0.026666200079595685,0.9986935026531608,1.2853720402272473,0.5437265147657893,0.5435580838603273
q9621,9621,87,5,12875,11404,0.885747572815534,True,0.88571761416589,1.6644077892071405,0.0286086427460431,0.9984965288138125,1.6167879280431945,0.5437265147657893,0.5435580838603273
q11748,11748,87,6,2328,2105,0.9042096219931272,True,0.9040360669815372,1.8654878966834276,0.07230906079270431,0.9904724359684803,1.8029594411877115,0.5437265147657893,0.5435580838603273
q11579,11579,87,6,2114,2018,0.954588457899716,True,0.9543735224586288,2.679064729992035,0.10561339097018449,0.9798919387383823,2.5809171162407445,0.5437265147657893,0.5435580838603273
q11699,11699,87,6,2232,2146,0.9614695340501792,True,0.9612628750559785,2.852084974065831,0.11092992111968766,0.9778624667609908,2.7447617346324273,0.5437265147657893,0.5435580838603273
q10803,10803,88,6,5953,1070,0.1797413069040819,True,0.17979509573396035,-2.471476727335372,0.034926489624501136,0.9985696143612829,-2.5869881753967747,0.7308136299035568,0.8515988798789879
q17042,17042,88,5,6746,1944,0.288170767862437,True,0.28820216392470727,-1.8299189327299064,0.02842462635580551,0.9990521434762698,-1.9472885707509755,0.7308136299035568,0.8515988798789879
q4097,4097,88,5,26708,9750,0.3650591583046278,True,0.3650642105657269,-1.4563424536465774,0.013640885287252399,0.9997815484405695,-1.575215409559149,0.7308136299035568,0.8515988798789879
q6213,6213,88,5,29749,11251,0.3781975864734949,True,0.3782016806722689,-1.3958824587964944,0.012863166995667835,0.9998057431413775,-1.514805279670696,0.7308136299035568,0.8515988798789879
q11647,11647,88,6,2559,1226,0.4790933958577569,True,0.4791015625,-0.9470700995071581,0.04328859528588374,0.9978043793304789,-1.0639460765684892,0.7308136299035568,0.8515988798789879
q4792,4792,88,5,19085,9164,0.4801676709457689,True,0.48016871004925077,-0.9423914235972392,0.0158549589688587,0.999704901511656,-1.0612952838777368,0.7308136299035568,0.8515988798789879
q4774,4774,88,5,25519,12683,0.4970022336298444,True,0.49700235109717866,-0.868571870874351,0.013733034911239029,0.9997785876722081,-0.9875703015728671,0.7308136299035568,0.8515988798789879
q6338,6338,88,5,25555,12920,0.5055762081784386,True,0.5055759899827829,-0.8309314448472249,0.01373946256511072,0.9997783804085709,-0.9499380126688354,0.7308136299035568,0.8515988798789879
q6212,6212,88,5,6374,3248,0.509570128647631,True,0.5095686274509804,-0.8133848842171167,0.027526429938829845,0.9991110477009255,-0.931772984866774,0.7308136299035568,0.8515988798789879
q11733,11733,88,6,2560,1387,0.541796875,True,0.5417805544709098,-0.671123050626341,0.043735590016906946,0.997758903744249,-0.7885689615484273,0.7308136299035568,0.8515988798789879
q17395,17395,88,5,2802,1590,0.5674518201284796,True,0.5674277559757402,-0.556457040624688,0.042142356560951624,0.9979188767987917,-0.674268018774899,0.7308136299035568,0.8515988798789879
q8717,8717,88,5,5453,3105,0.5694113332110765,True,0.5693986065273194,-0.5475758456855184,0.030232918968162683,0.9989278409987715,-0.666078076947283,0.7308136299035568,0.8515988798789879
q8371,8371,88,5,5848,3393,0.5801983584131327,True,0.5801846469481963,-0.4987634512149188,0.029314198840887033,0.9989919479318362,-0.6173576339651421,0.7308136299035568,0.8515988798789879
q17161,17161,88,5,670,392,0.5850746268656717,True,0.5849478390461997,-0.477087908863017,0.08671576093380044,0.9912472805935058,-0.5910857574578618,0.7308136299035568,0.8515988798789879
q11665,11665,88,6,2775,1637,0.5899099099099099,True,0.5898775216138329,-0.45457143849914744,0.04272228162619348,0.9978613289633984,-0.5725614328491817,0.7308136299035568,0.8515988798789879
q5082,5082,88,5,13141,8059,0.6132714405296401,True,0.613262821488358,-0.34646156285714913,0.019852709776630447,0.9995374022076877,-0.4654632802802154,0.7308136299035568,0.8515988798789879
q17079,17079,88,5,2711,1667,0.6149022500922169,True,0.6148598820058997,-0.338992168158724,0.04373839806843723,0.9977586166000693,-0.45718228478579187,0.7308136299035568,0.8515988798789879
q6262,6262,88,5,12354,7990,0.64675408774486,True,0.646742209631728,-0.18713029565491618,0.020872115272231866,0.999488700066586,-0.30619079959443013,0.7308136299035568,0.8515988798789879
q6431,6431,88,5,11796,7726,0.6549677856900644,True,0.6549546494871578,-0.1470550222196154,0.02147489992840055,0.9994587572480577,-0.266128043704755,0.7308136299035568,0.8515988798789879
q6215,6215,88,5,16517,10879,0.6586547193800327,True,0.658645114420632,-0.12890195220458142,0.018193793227427726,0.9996114538128815,-0.24802268584024167,0.7308136299035568,0.8515988798789879
q8716,8716,88,5,4965,3296,0.6638469284994964,True,0.6638139347563431,-0.1033193645005289,0.03330115531554794,0.9986994760872904,-0.22224708981844407,0.7308136299035568,0.8515988798789879
q8198,8198,88,5,6502,4407,0.6777914487849892,True,0.6777641088728279,-0.033296608416148114,0.029401169493793712,0.9989859636668995,-0.15235909329724312,0.7308136299035568,0.8515988798789879
q4137,4137,88,5,19637,13450,0.684931506849315,True,0.6849220898258478,0.0032278424988272728,0.017013996881504553,0.9996601948038665,-0.11594988309804254,0.7308136299035568,0.8515988798789879
q6871,6871,88,6,22019,15087,0.6851809800626731,True,0.685172570390554,0.004513690333631728,0.016070645742232086,0.9996968204634704,-0.11466867329049331,0.7308136299035568,0.8515988798789879
q6622,6622,88,6,4527,3133,0.6920698034018113,True,0.6920273851590106,0.039914242582655,0.035638528331755515,0.9985107856838318,-0.07918479777078664,0.7308136299035568,0.8515988798789879
q6454,6454,88,5,10165,7086,0.6970978848991638,True,0.6970784969506197,0.06626944121400663,0.023886481925099016,0.9993304570788781,-0.052912247392148254,0.7308136299035568,0.8515988798789879
q8713,8713,88,5,5214,3650,0.7000383582662064,True,0.7,0.08162167352701465,0.033434716523608916,0.9986890368276331,-0.037546179564466875,0.7308136299035568,0.8515988798789879
q4785,4785,88,5,10478,7384,0.7047146401985112,True,0.7046951044947037,0.10646678154345814,0.023684717393125162,0.9993417128948147,-0.012741964423042998,0.7308136299035568,0.8515988798789879
q6219,6219,88,5,11121,7898,0.7101879327398615,True,0.7101690343463406,0.13571196394728957,0.023104799593341142,0.9993735344777235,0.016484491145751286,0.7308136299035568,0.8515988798789879
q17286,17286,88,5,1916,1381,0.7207724425887265,True,0.7206572769953051,0.1926345043257283,0.05621211688456028,0.9963032816731565,0.07314596164452068,0.7308136299035568,0.8515988798789879
q11824,11824,88,6,3455,2503,0.7244573082489146,True,0.7243923611111112,0.2132033484477195,0.04202115236888618,0.9979308057444548,0.09379173336114018,0.7308136299035568,0.8515988798789879
q8707,8707,88,5,5724,4147,0.7244933612858141,True,0.7244541484716157,0.21354497411359533,0.03265081870839897,0.9987497129382116,0.09420989787959969,0.7308136299035568,0.8515988798789879
q8714,8714,88,5,4993,3634,0.7278189465251352,True,0.7277733279935923,0.231963613597538,0.03507699024078723,0.9985572783671453,0.11258381245749122,0.7308136299035568,0.8515988798789879
q3998,3998,88,5,17711,13012,0.7346846592513128,True,0.7346714092140921,0.2706735844677696,0.018760770470120456,0.9995868699348971,0.15139387389410308,0.7308136299035568,0.8515988798789879
q8703,8703,88,5,5578,4107,0.7362854069558982,True,0.7362430543108084,0.2795774560401231,0.033484162031254046,0.9986851615814922,0.16014946877231145,0.7308136299035568,0.8515988798789879
q4507,4507,88,5,11813,8758,0.7413866079742656,True,0.7413661757237177,0.30882734049197724,0.023139689245215887,0.9993716422369162,0.18949105808749775,0.7308136299035568,0.8515988798789879
q4754,4754,88,5,15536,11649,0.7498069001029866,True,0.7497908219089915,0.35771213910786553,0.02037277512536223,0.9995128601167542,0.23837881931889493,0.7308136299035568,0.8515988798789879
q6144,6144,88,5,8403,6314,0.7513983101273355,True,0.7513683960019039,0.36697963621109614,0.02775218848246972,0.9990964196165302,0.24753862351654438,0.7308136299035568,0.8515988798789879
q6723,6723,88,5,11747,8887,0.756533583042479,True,0.756511746680286,0.3974543911457028,0.023617983853404172,0.9993454147946338,0.27805512179446384,0.7308136299035568,0.8515988798789879
q8706,8706,88,5,5111,3971,0.7769516728624535,True,0.7768974960876369,0.5224983819625533,0.03676779912106396,0.9984150655231488,0.4026420682546493,0.7308136299035568,0.8515988798789879
q3903,3903,88,5,6824,5373,0.7873681125439624,True,0.7873260073260073,0.5894094220341788,0.032302205158193834,0.9987762365965371,0.46961687856341466,0.7308136299035568,0.8515988798789879
q5733,5733,88,5,10307,8128,0.7885902784515378,True,0.7885622817229336,0.5974878598175271,0.026332973672076196,0.9991863994335793,0.47788159912582256,0.7308136299035568,0.8515988798789879
q6217,6217,88,5,10646,8409,0.7898741311290626,True,0.7898469052315206,0.6059165243759586,0.025960658029350096,0.9992092253359134,0.4863145154706235,0.7308136299035568,0.8515988798789879
q5734,5734,88,5,8239,6557,0.7958490108022819,True,0.7958131067961165,0.6455334058739561,0.029783508204233457,0.9989594463413395,0.5257686061945852,0.7308136299035568,0.8515988798789879
q17488,17488,88,6,793,632,0.7969735182849937,True,0.7965994962216625,0.6508146892707195,0.09606611194479725,0.9892792725247196,0.5258984374489882,0.7308136299035568,0.8515988798789879
q5612,5612,88,5,11754,9487,0.8071294878339289,True,0.8071033602722246,0.7227684052979835,0.025403326738977907,0.9992427886248133,0.6030942500512689,0.7308136299035568,0.8515988798789879
q8705,8705,88,5,4668,3772,0.8080548414738646,True,0.8079888627115014,0.728959605564878,0.04036921161277131,0.9980899921360256,0.6085778532967926,0.7308136299035568,0.8515988798789879
q6211,6211,88,5,7347,5951,0.8099904723016197,True,0.8099482852476865,0.7427320310523018,0.03228895001131688,0.9987772395005114,0.6227524823092608,0.7308136299035568,0.8515988798789879
q8710,8710,88,5,5027,4073,0.8102247861547642,True,0.8101630867143994,0.7442479874801562,0.03904846700393808,0.998212706033011,0.6239137342534937,0.7308136299035568,0.8515988798789879
q17570,17570,88,5,1759,1432,0.8140989198408186,True,0.8139204545454546,0.770966612393967,0.06644171688185853,0.9948429524152432,0.6483883699855644,0.7308136299035568,0.8515988798789879
q11787,11787,88,6,2021,1659,0.8208807521029193,True,0.8207220573689417,0.8203405138925071,0.06277102815624244,0.9953944804400406,0.6978943371145251,0.7308136299035568,0.8515988798789879
q6220,6220,88,5,6805,5626,0.8267450404114621,True,0.8266970320305612,0.8648550417149018,0.034612509930762564,0.9985951803581044,0.7445904155812955,0.7308136299035568,0.8515988798789879
q5732,5732,88,5,13625,11295,0.8289908256880734,True,0.8289666813444885,0.8820609307921293,0.024573529651880994,0.9992914146687676,0.7623032515088607,0.7308136299035568,0.8515988798789879
q11558,11558,88,6,2336,1938,0.8296232876712328,True,0.829482242190843,0.8859928929148967,0.059398493180810884,0.9958740856726525,0.7636121024848127,0.7308136299035568,0.8515988798789879
q4153,4153,88,5,4994,4149,0.8307969563476172,True,0.8307307307307308,0.8955513235445614,0.04073257539046966,0.9980555205412197,0.7748246183076306,0.7308136299035568,0.8515988798789879
q6416,6416,88,5,5864,4874,0.8311732605729877,True,0.8311167945439045,0.8985176489084349,0.0376200597879413,0.9983408611680397,0.778007541808641,0.7308136299035568,0.8515988798789879
q8711,8711,88,5,4793,3987,0.8318380972251199,True,0.8317688777638715,0.9035394368065429,0.041666566378695785,0.9979655085176119,0.7827266004103063,0.7308136299035568,0.8515988798789879
q17102,17102,88,5,1622,1353,0.8341553637484587,True,0.8339494762784966,0.9204388718082822,0.07193664832599947,0.9939600375193326,0.7963823832429752,0.7308136299035568,0.8515988798789879
q11815,11815,88,6,3428,2863,0.8351808634772462,True,0.8350831146106736,0.9292902067565841,0.04960953045986796,0.9971183458368903,0.8077387169668653,0.7308136299035568,0.8515988798789879
q6216,6216,88,5,9293,7782,0.8374044980092543,True,0.837368194534108,0.9472718082896671,0.030281130891586863,0.9989244224455625,0.827164031911282,0.7308136299035568,0.8515988798789879
q8715,8715,88,5,4676,3924,0.8391787852865698,True,0.8391062646995937,0.9610769141257631,0.04284820812704094,0.9978487298213338,0.8400487069350565,0.7308136299035568,0.8515988798789879
q8709,8709,88,5,4812,4041,0.8397755610972568,True,0.8397049657178475,0.9658583791651617,0.042294105675660755,0.9979038935818282,0.8448665896658827,0.7308136299035568,0.8515988798789879
q17254,17254,88,5,1505,1272,0.8451827242524917,True,0.8449535192563081,1.0083673975537257,0.07650846848889617,0.9931733288337029,0.883080321760987,0.7308136299035568,0.8515988798789879
q8183,8183,88,5,4965,4213,0.848539778449144,True,0.8484695932339912,1.037464124018351,0.04248041734098883,0.997885424737633,0.916305282297215,0.7308136299035568,0.8515988798789879
q17312,17312,88,5,1725,1466,0.8498550724637681,True,0.8496523754345308,1.0473687869989674,0.07225989969042192,0.9939059652782347,0.922495459268568,0.7308136299035568,0.8515988798789879
q8363,8363,88,5,4922,4198,0.8529053230394149,True,0.8528336380255942,1.0743110040961912,0.043118452989856504,0.9978215673037517,0.9530132570306294,0.7308136299035568,0.8515988798789879
q4177,4177,88,5,4671,3986,0.8533504602868764,True,0.8532748287671232,1.0780830278419369,0.04430984357980515,0.9976998019111094,0.9566603069951144,0.7308136299035568,0.8515988798789879
q8712,8712,88,5,4576,3914,0.8553321678321678,True,0.8552545335372514,1.0951182584557841,0.04498929836525707,0.9976288863297207,0.9735871466088215,0.7308136299035568,0.8515988798789879
q11770,11770,88,6,2215,1896,0.8559819413092551,True,0.8558212996389891,1.1000286716723144,0.06474956148569838,0.9951010190296644,0.9760065552774037,0.7308136299035568,0.8515988798789879
q11593,11593,88,6,2919,2531,0.8670777663583419,True,0.8669520547945205,1.1996873962050982,0.05810713384135276,0.9960508345344155,1.0762033010175447,0.7308136299035568,0.8515988798789879
q4731,4731,88,5,7626,6642,0.8709677419354839,True,0.8709191031860496,1.2368087762895283,0.036364828025457756,0.9984495629932031,1.11585888149451,0.7308136299035568,0.8515988798789879
q6588,6588,88,6,4520,3952,0.8743362831858407,True,0.8742534837425349,1.268725246528555,0.0477027456251263,0.9973350274286495,1.1464446995897728,0.7308136299035568,0.8515988798789879
q10715,10715,88,6,5715,5058,0.8850393700787401,True,0.8849720083974808,1.376204476506065,0.04390203381433258,0.9977418520738321,1.2541488737948354,0.7308136299035568,0.8515988798789879
q17222,17222,88,5,1479,1311,0.8864097363083164,True,0.8861486486486486,1.3884971516209597,0.08662389712677827,0.9912656535632938,1.2581936809060688,0.7308136299035568,0.8515988798789879
q10913,10913,88,6,4964,4409,0.8881950040290089,True,0.8881168177240685,1.4092956796635834,0.04761747596921762,0.9973445210247418,1.2866527638607423,0.7308136299035568,0.8515988798789879
q6617,6617,88,6,4300,3868,0.8995348837209303,True,0.8994419902348291,1.5352699185003005,0.05337112794559051,0.9966662928098987,1.4113320738062864,0.7308136299035568,0.8515988798789879
q8704,8704,88,5,4429,4011,0.9056220365771056,True,0.905530474040632,1.608021110800573,0.053931228549863854,0.9965961942308666,1.483736371890844,0.7308136299035568,0.8515988798789879
q9076,9076,88,5,4940,4487,0.9082995951417004,True,0.9082169601295285,1.6414001964423013,0.05167034895619256,0.9968747246081618,1.5174258158294973,0.7308136299035568,0.8515988798789879
q6228,6228,88,5,5702,5209,0.9135391090845316,True,0.9134665965281431,1.709125466351216,0.04927351162126431,0.9971571394896022,1.5853884393906277,0.7308136299035568,0.8515988798789879
q10306,10306,88,5,4405,4028,0.9144154370034052,True,0.9143213799364502,1.7204873221785322,0.056289482760255,0.9962931366799368,1.595334493109701,0.7308136299035568,0.8515988798789879
q11566,11566,88,6,2015,1847,0.9166253101736972,True,0.9164186507936508,1.748786972226388,0.08407621352408987,0.9917677003962099,1.6161547257743154,0.7308136299035568,0.8515988798789879
q8708,8708,88,5,4330,3985,0.920323325635104,True,0.9202262756869083,1.8017857615254327,0.05849069469102679,0.9959987354676978,1.675836220011768,0.7308136299035568,0.8515988798789879
q17192,17192,88,5,1269,1181,0.9306540583136328,True,0.9303149606299213,1.9538035986302973,0.11439354871331675,0.9848662951701429,1.806822369308248,0.7308136299035568,0.8515988798789879
q10875,10875,88,6,5780,5390,0.9325259515570934,True,0.9324511330219685,1.988483093124083,0.05433965856582888,0.9965446226743406,1.8628069345691887,0.7308136299035568,0.8515988798789879
q17368,17368,88,5,1825,1705,0.9342465753424658,True,0.9340087623220154,2.01439431455731,0.09766590073697314,0.9889232229723554,1.8741847201971573,0.7308136299035568,0.8515988798789879
q11933,11933,88,6,1974,1862,0.9432624113475178,True,0.9430379746835443,2.1764466322187306,0.1001458727275991,0.9883601798650938,2.0332837115830213,0.7308136299035568,0.8515988798789879
q11580,11580,88,6,2115,2024,0.9569739952718676,True,0.956758034026465,2.474515496699758,0.10947358744033187,0.9861223975665703,2.3226124631218834,0.7308136299035568,0.8515988798789879
q10367,10367,90,6,6713,1475,0.219722925666617,True,0.2197646708370569,-1.8226741945034195,0.03117264388997212,0.9975459721296621,-1.8522962277482202,0.5402832474266049,0.39500328303474186
q8652,8652,90,5,20020,7822,0.3907092907092907,True,0.39071474951301133,-0.9388532576431213,0.015781288640907984,0.9993698985409126,-0.9724189509723978,0.5402832474266049,0.39500328303474186
q9343,9343,90,5,7610,3018,0.3965834428383705,True,0.3965970306135856,-0.9119944343281944,0.025545542342984066,0.9983506506455434,-0.944612666361194,0.5402832474266049,0.39500328303474186
q6528,6528,90,5,34830,14545,0.4175997703129486,True,0.4176021360282507,-0.8169972548241058,0.011870607046361125,0.9996433926812914,-0.8508725214625976,0.5402832474266049,0.39500328303474186
q6152,6152,90,5,14143,6017,0.4254401470692215,True,0.4254454185520362,-0.7818409600808602,0.018594359546776518,0.9991254557925188,-0.8153061169744775,0.5402832474266049,0.39500328303474186
q17398,17398,90,5,3751,1654,0.4409490802452679,True,0.4409648187633262,-0.712685464421196,0.03599517580499374,0.9967306178128095,-0.7444224819414461,0.5402832474266049,0.39500328303474186
q5354,5354,90,5,8770,4129,0.4708095781071836,True,0.4708129061680538,-0.5807921975018411,0.023460154325586596,0.9986085861565016,-0.6141153205893903,0.5402832474266049,0.39500328303474186
q4522,4522,90,5,12423,6196,0.4987523142558158,True,0.4987524146812621,-0.4580156717169729,0.01969727002148442,0.9990187379434716,-0.49171150220519017,0.5402832474266049,0.39500328303474186
q5224,5224,90,5,16949,8481,0.500383503451531,True,0.5003834808259587,-0.45085349132852914,0.016864196082075587,0.999280521197845,-0.48468332312489276,0.5402832474266049,0.39500328303474186
q5247,5247,90,5,38325,19309,0.5038225701239399,True,0.503822470385639,-0.4357514718994438,0.011216163578570422,0.9996816171471999,-0.46978065640809696,0.5402832474266049,0.39500328303474186
q6056,6056,90,5,19021,10102,0.5310972083486672,True,0.5310955735464199,-0.31579256922049154,0.01595305496400962,0.9993561165051458,-0.34974603068068416,0.5402832474266049,0.39500328303474186
q5240,5240,90,5,17039,9156,0.5373554786078996,True,0.5373532863849765,-0.28817997056155215,0.016868636244701283,0.9992801425585713,-0.32212672045008794,0.5402832474266049,0.39500328303474186
q4064,4064,90,5,1359,733,0.5393671817512877,True,0.5393382352941176,-0.2794112789926408,0.05972623293721553,0.9910499576668456,-0.3107834367402162,0.5402832474266049,0.39500328303474186
q6106,6106,90,5,9857,5329,0.5406310236380237,True,0.540626902008521,-0.273715692719847,0.02218813588052555,0.9987551988484239,-0.3075112275478986,0.5402832474266049,0.39500328303474186
q6234,6234,90,5,14117,7774,0.5506835729970957,True,0.550679983000425,-0.22920011652924463,0.018571012291553887,0.9991276486712194,-0.2631491598294287,0.5402832474266049,0.39500328303474186
q5222,5222,90,5,11792,6699,0.5680970149253731,True,0.5680912405664377,-0.15167655940981412,0.020392265284904777,0.9989483450483037,-0.18565990594837925,0.5402832474266049,0.39500328303474186
q6543,6543,90,5,15072,8716,0.5782908704883227,True,0.5782856763749751,-0.10597561105185059,0.01808372551729607,0.9991727901323502,-0.1400384761881266,0.5402832474266049,0.39500328303474186
q6131,6131,90,5,13636,7903,0.5795687885010267,True,0.5795629537288259,-0.10023105096739642,0.01901857736393164,0.9990851332446754,-0.13428688611105374,0.5402832474266049,0.39500328303474186
q4837,4837,90,5,10844,6306,0.5815197344153449,True,0.5815122176118027,-0.09145573489442375,0.02133809850019333,0.9988486419298944,-0.12548988680615253,0.5402832474266049,0.39500328303474186
q6206,6206,90,5,14605,8556,0.5858267716535434,True,0.585820895522388,-0.07202101576984962,0.018409408031224116,0.9991427519925792,-0.10610877843741764,0.5402832474266049,0.39500328303474186
q4083,4083,90,5,14362,8601,0.5988720233950703,True,0.5988651395947922,-0.012840518233095047,0.018641125748880497,0.9991210550440082,-0.04697799308847626,0.5402832474266049,0.39500328303474186
q6126,6126,90,5,11566,6944,0.6003804253847485,True,0.6003717472118959,-0.0059693281390317335,0.020782976192954827,0.9989077045166795,-0.04010427676749803,0.5402832474266049,0.39500328303474186
q4079,4079,90,5,909,550,0.605060506050605,True,0.6049450549450549,0.014937108250395738,0.07421593572748304,0.9862475658517916,-0.01897707386992931,0.5402832474266049,0.39500328303474186
q8683,8683,90,5,12188,7426,0.6092878240892682,True,0.6092788579867093,0.03481930176283014,0.020310814493536253,0.998956720564424,0.0006398312929059154,0.5402832474266049,0.39500328303474186
q6539,6539,90,5,11813,7246,0.6133920257343605,True,0.6133824276282377,0.05371167450997739,0.02066318416197679,0.998920246542898,0.01951178157367355,0.5402832474266049,0.39500328303474186
q5255,5255,90,5,28851,17926,0.6213302831790926,True,0.6213260779148759,0.09047791649843719,0.013265100820592202,0.999554726363819,0.05627404573716805,0.5402832474266049,0.39500328303474186
q6545,6545,90,5,9455,6058,0.6407191961924907,True,0.6407043147208121,0.18136677663447434,0.023378491941618968,0.9986182426727316,0.14698459632242877,0.5402832474266049,0.39500328303474186
q4845,4845,90,5,13471,8728,0.6479103258852349,True,0.6478993467933492,0.21559777184632628,0.01965903078553118,0.9990225404651043,0.1812416398947294,0.5402832474266049,0.39500328303474186
q4090,4090,90,5,10243,6689,0.6530313384750561,True,0.653016399843811,0.24011881523796022,0.022607145778562803,0.998707801576653,0.2056738976279191,0.5402832474266049,0.39500328303474186
q5249,5249,90,5,11402,7494,0.6572531134888616,True,0.6572393229851793,0.2604712329150678,0.021478356758604274,0.998833473828675,0.22602845462237026,0.5402832474266049,0.39500328303474186
q5671,5671,90,5,11903,7867,0.6609258170209191,True,0.6609122983870968,0.27826196107625456,0.021066311420119752,0.9988777525294831,0.243809237118712,0.5402832474266049,0.39500328303474186
q6198,6198,90,5,9804,6532,0.6662586699306405,True,0.6662417134115247,0.3042288307454336,0.023286295321315768,0.9986291046102667,0.26967981815641784,0.5402832474266049,0.39500328303474186
q6075,6075,90,5,9446,6402,0.6777471945797163,True,0.6777283793796972,0.3608507003571699,0.023898571082744735,0.998556171319265,0.32620023985153856,0.5402832474266049,0.39500328303474186
q5225,5225,90,5,10096,6858,0.6792789223454834,True,0.6792611666831733,0.36847776241982816,0.02314037600749942,0.9986462085239913,0.3338463890871577,0.5402832474266049,0.39500328303474186
q5402,5402,90,5,12982,8839,0.6808658142042828,True,0.6808518832319187,0.37641163477819983,0.020429096010911536,0.9989445468164645,0.34187162179564357,0.5402832474266049,0.39500328303474186
q4834,4834,90,5,10384,7217,0.6950115562403698,True,0.6949927780452576,0.4478154875393747,0.023076267353664633,0.9986536892012932,0.4130798017532743,0.5402832474266049,0.39500328303474186
q5274,5274,90,5,11114,7751,0.6974086737448263,True,0.6973909131803868,0.46008923824225345,0.022346653527502088,0.9987373715034408,0.42537266933883366,0.5402832474266049,0.39500328303474186
q4091,4091,90,5,1551,1109,0.7150225660863959,True,0.7148840206185567,0.5512146226916808,0.060671590236419326,0.9907670263615932,0.5122620423414763,0.5402832474266049,0.39500328303474186
q6066,6066,90,5,11433,8224,0.7193212630105834,True,0.7193020815112822,0.5747059874949717,0.02244104768804484,0.9987266956855927,0.5398389296479909,0.5402832474266049,0.39500328303474186
q10651,10651,90,6,5031,3682,0.7318624527926854,True,0.7318163751987281,0.6424013166326806,0.03423127439774868,0.9970422667759966,0.60642355444435,0.5402832474266049,0.39500328303474186
q4846,4846,90,5,10612,7928,0.7470787787410479,True,0.7470554979741826,0.7273788800079592,0.023949898383692485,0.9985499717991063,0.6921949180963944,0.5402832474266049,0.39500328303474186
q4076,4076,90,5,9727,7328,0.7533669168294438,True,0.7533408717105263,0.763329826314426,0.025194013893713934,0.9983956589058923,0.7279812171127548,0.5402832474266049,0.39500328303474186
q8673,8673,90,5,236,181,0.7669491525423728,True,0.7658227848101266,0.8364600283360136,0.1638687128302986,0.9363457201275173,0.751212592384339,0.5402832474266049,0.39500328303474186
q5661,5661,90,5,15577,11839,0.7600308146626437,True,0.7600141224804211,0.802128420703158,0.02006721416281079,0.9989815705665134,0.7671675159583365,0.5402832474266049,0.39500328303474186
q4748,4748,90,5,11806,9029,0.7647806200237167,True,0.764758194291522,0.830127418406624,0.02318554633700034,0.9986409253167652,0.7948668625432956,0.5402832474266049,0.39500328303474186
q5110,5110,90,5,12796,9995,0.7811034698343232,True,0.7810815034773775,0.9293625638160268,0.022761159139652647,0.9986901582912604,0.8940112125381872,0.5402832474266049,0.39500328303474186
q4822,4822,90,5,8908,7021,0.7881679389312977,True,0.788135593220339,0.9737721563909659,0.02756073630281697,0.9980806835878884,0.9377899771956981,0.5402832474266049,0.39500328303474186
q9622,9622,90,5,709,565,0.7968970380818053,True,0.7964788732394367,1.0276212067450328,0.09889243081393591,0.9758396153712561,0.9694404538959736,0.5402832474266049,0.39500328303474186
q9413,9413,90,5,6022,4860,0.8070408502158751,True,0.8069898721567326,1.0976992387330515,0.03455041491313967,0.9969870263331888,1.0603160774138585,0.5402832474266049,0.39500328303474186
q5236,5236,90,5,10645,8861,0.8324095819633631,True,0.8323783580687583,1.2791395538377177,0.02728235485370599,0.9981191879174913,1.2426192143639285,0.5402832474266049,0.39500328303474186
q10921,10921,90,6,4825,4026,0.8344041450777202,True,0.8343348528802321,1.2939495029954178,0.04069111143534051,0.9958257184562477,1.2545120631599822,0.5402832474266049,0.39500328303474186
q8675,8675,90,5,255,220,0.8627450980392157,True,0.861328125,1.5135208263494706,0.18868074563618298,0.9173243908240373,1.3570365210774875,0.5402832474266049,0.39500328303474186
q4061,4061,90,5,8932,7646,0.8560232870577699,True,0.8559834322176201,1.4675360294456243,0.03148666143535773,0.9974964062242179,1.429768682963191,0.5402832474266049,0.39500328303474186
q10735,10735,90,6,4527,4144,0.9153965098299094,True,0.9153047703180212,2.086609137110607,0.05482445815352933,0.9924481075057137,2.0369306016197735,0.5402832474266049,0.39500328303474186
q9539,9539,94,5,11006,1543,0.140196256587316,True,0.1402289452166803,-2.2864868833934904,0.028044282920665516,0.998807307626744,-2.3204679556866497,0.6220973555587996,0.6586306673026328
q9544,9544,94,5,6012,1215,0.2020958083832335,True,0.2021453517379012,-1.8346461478776366,0.033088432604122336,0.9983404546999887,-1.8682924594761152,0.6220973555587996,0.6586306673026328
q6328,6328,94,5,29724,8424,0.2834073475979007,True,0.28341463414634144,-1.3734637800715785,0.013395604300339179,0.9997276268047819,-1.4098316566672848,0.6220973555587996,0.6586306673026328
q9549,9549,94,5,5761,1673,0.2904009720534629,True,0.2904373481430059,-1.3377236535844879,0.030227447836581524,0.9986146517960789,-1.3725715078006464,0.6220973555587996,0.6586306673026328
q9543,9543,94,5,5694,1676,0.2943449244819108,True,0.2943810359964881,-1.3178655134244217,0.030297850084184064,0.9986082000900102,-1.352732138485471,0.6220973555587996,0.6586306673026328
q9548,9548,94,5,6885,2498,0.3628177196804648,True,0.36283764159163523,-0.9925205513183005,0.026295261078672975,0.9989512853478668,-1.028193119700675,0.6220973555587996,0.6586306673026328
q6331,6331,94,5,23983,9139,0.3810615852895801,True,0.3810665443629086,-0.9105750204096883,0.013970919193338076,0.999703735695927,-0.947046342803369,0.6220973555587996,0.6586306673026328
q9526,9526,94,5,5165,2079,0.4025169409486931,True,0.40253581107239644,-0.8158073319539726,0.029859797587086265,0.9986481009876544,-0.8514067394287067,0.6220973555587996,0.6586306673026328
q10325,10325,94,5,8760,3532,0.4031963470319635,True,0.4032073964159342,-0.8128690077839795,0.022924006785145515,0.9992027533001869,-0.8489436318227775,0.6220973555587996,0.6586306673026328
q9025,9025,94,5,5640,2504,0.4439716312056737,True,0.4439815635525616,-0.6367497325010537,0.02827908971578274,0.9987872761910582,-0.6726849425056897,0.6220973555587996,0.6586306673026328
q9528,9528,94,5,5359,2510,0.4683709647322261,True,0.4683768656716418,-0.5328901858963148,0.02892095245054182,0.9987316706097084,-0.5689196735620209,0.6220973555587996,0.6586306673026328
q6164,6164,94,5,17892,8389,0.4688687681645428,True,0.46887050801989605,-0.5307956618255527,0.015828354919250845,0.9996197541865175,-0.5673318357788515,0.6220973555587996,0.6586306673026328
q9538,9538,94,5,5034,2422,0.4811283273738577,True,0.4811320754716981,-0.4788283571639753,0.029816798173886053,0.998651986526651,-0.5148853294894212,0.6220973555587996,0.6586306673026328
q6327,6327,94,5,23920,11555,0.4830685618729097,True,0.48306926967936126,-0.4706262063212657,0.013678619550059433,0.9997159994147614,-0.5072340921876191,0.6220973555587996,0.6586306673026328
q9547,9547,94,5,5171,2551,0.4933281763682073,True,0.49332946635730857,-0.4272047390177481,0.029413454553899685,0.9986881625563361,-0.46334808478809464,0.6220973555587996,0.6586306673026328
q8372,8372,94,5,5306,2625,0.4947229551451187,True,0.4947239495006595,-0.4213047417879727,0.029037249463932713,0.9987214627493167,-0.4574710807728867,0.6220973555587996,0.6586306673026328
q11797,11797,94,6,4585,2303,0.5022900763358779,True,0.5022895769733973,-0.38929424285355585,0.03124210747929684,0.9985202254227947,-0.4254157720505929,0.6220973555587996,0.6586306673026328
q5739,5739,94,5,15747,7975,0.5064456721915286,True,0.5064452628905258,-0.37170749759364835,0.016862587344376342,0.9995684620234196,-0.40828321338514695,0.6220973555587996,0.6586306673026328
q4160,4160,94,5,26982,13802,0.5115262026536209,True,0.5115257754882704,-0.35019901978208506,0.012886197358208541,0.9997479433686227,-0.3868534677848279,0.6220973555587996,0.6586306673026328
q9082,9082,94,5,5456,2937,0.5383064516129032,True,0.5382994319223017,-0.23654509259225864,0.028743781477506114,0.9987471432805382,-0.27295467208513824,0.6220973555587996,0.6586306673026328
q9525,9525,94,5,5647,3107,0.5502036479546661,True,0.5501947592067988,-0.18577548579441314,0.028315682447369532,0.998784139484906,-0.22225690500197381,0.6220973555587996,0.6586306673026328
q9542,9542,94,5,5143,2842,0.5525957612288548,True,0.5525855365474339,-0.17554353624135252,0.029685342726264056,0.9986638306445836,-0.21201185504481385,0.6220973555587996,0.6586306673026328
q9541,9541,94,5,5365,2982,0.5558247903075489,True,0.5558143868803578,-0.16170815783720227,0.029085467697950385,0.9987172184873565,-0.1982055584080271,0.6220973555587996,0.6586306673026328
q9531,9531,94,5,5467,3048,0.5575269800621914,True,0.5575164594001463,-0.15440684320740541,0.028824150713736636,0.998740136208604,-0.19091799069431556,0.6220973555587996,0.6586306673026328
q9534,9534,94,5,5530,3179,0.5748643761301989,True,0.5748508407159646,-0.07968880782659164,0.028790934077095258,0.9987430345943098,-0.11629442735116188,0.6220973555587996,0.6586306673026328
q9536,9536,94,5,5247,3047,0.5807127882599581,True,0.5806974085365854,-0.05432029945283481,0.029610094063770624,0.9986705871120388,-0.09095120835736013,0.6220973555587996,0.6586306673026328
q9883,9883,94,5,6638,3931,0.5921964447122627,True,0.5921825576140985,-0.004197794020555108,0.026428931665636667,0.9989406073993318,-0.040906393699948196,0.6220973555587996,0.6586306673026328
q6320,6320,94,5,12127,7423,0.6121052197575657,True,0.6120959762532981,0.08376049360843678,0.019710761655239127,0.9994104661351617,0.04698079893000235,0.6220973555587996,0.6586306673026328
q6443,6443,94,5,13478,8251,0.6121828164416085,True,0.6121744936567994,0.08411028377359543,0.018697528360572133,0.9994694870462264,0.04733317801215567,0.6220973555587996,0.6586306673026328
q4127,4127,94,5,12967,8179,0.6307549934448986,True,0.6307449105490438,0.16759183393226634,0.019232962053449654,0.9994386851182389,0.1307664100073559,0.6220973555587996,0.6586306673026328
q9083,9083,94,5,5621,3548,0.6312044120263298,True,0.6311810743507649,0.16957174030727695,0.0292170119310242,0.9987056040837238,0.13264783738531358,0.6220973555587996,0.6586306673026328
q4296,4296,94,5,17087,10960,0.6414233042664014,True,0.6414150280898876,0.21630487954484037,0.016852025627150123,0.9995690022004219,0.17947551107225346,0.6220973555587996,0.6586306673026328
q6330,6330,94,5,20397,13110,0.6427415796440653,True,0.6427345818217473,0.22237083145338551,0.015435841241372494,0.9996383723938452,0.18555172498439318,0.6220973555587996,0.6586306673026328
q5638,5638,94,5,13135,8683,0.6610582413399315,True,0.6610459805115713,0.3075887900358965,0.01945289366305654,0.9994257817047032,0.2706812890167835,0.6220973555587996,0.6586306673026328
q17244,17244,94,5,2697,1793,0.6648127549128662,True,0.6647516679021498,0.3250879703018261,0.04302984706855437,0.9971966426339579,0.2875276799152646,0.6220973555587996,0.6586306673026328
q9023,9023,94,5,5130,3414,0.6654970760233918,True,0.6654648216721887,0.32846613392012197,0.031217638296096528,0.9985225390451644,0.2912831560813984,0.6220973555587996,0.6586306673026328
q9529,9529,94,5,7088,4727,0.6669018058690744,True,0.6668782620962054,0.33517167412563464,0.026584505742625827,0.9989281118557843,0.298099820026531,0.6220973555587996,0.6586306673026328
q4791,4791,94,5,12144,8189,0.6743247694334651,True,0.6743104158089749,0.3706594286967449,0.020417541841675685,0.9993674568411891,0.33369623625673667,0.6220973555587996,0.6586306673026328
q6332,6332,94,5,17313,11799,0.6815110032923237,True,0.6815005198105579,0.4053748113615612,0.01719211863868581,0.999551438496408,0.3684574797821197,0.6220973555587996,0.6586306673026328
q9533,9533,94,5,5321,3630,0.6822025934974629,True,0.6821683577602405,0.40861928459276287,0.03102507213034893,0.9985406837608396,0.37132463102999563,0.6220973555587996,0.6586306673026328
q6329,6329,94,5,16805,12041,0.7165129425766141,True,0.7165000595025586,0.5805997932202256,0.017986317784835,0.9995090589911031,0.5435808144582357,0.6220973555587996,0.6586306673026328
q4288,4288,94,5,17446,12507,0.7168978562421185,True,0.7168854244282685,0.5825942873514177,0.017659445024143103,0.9995267326245718,0.5455839764273109,0.6220973555587996,0.6586306673026328
q5748,5748,94,5,16909,12138,0.7178425690460701,True,0.7178296865759906,0.5874880628598843,0.01795423087918477,0.9995108082126598,0.5504666657232734,0.6220973555587996,0.6586306673026328
q11960,11960,94,6,2819,2072,0.7350124157502661,True,0.7349290780141844,0.6778357868202126,0.044754835235437856,0.996968069611939,0.6391400837811253,0.6220973555587996,0.6586306673026328
q17326,17326,94,5,1970,1450,0.7360406091370558,True,0.7359208523592086,0.6831823139751303,0.053591667349117945,0.9956582691784117,0.6436237059082602,0.6220973555587996,0.6586306673026328
q6440,6440,94,5,17131,12658,0.7388944019613566,True,0.7388804576231613,0.6992109083369475,0.018237961710344447,0.999495232508217,0.6621245390374222,0.6220973555587996,0.6586306673026328
q3929,3929,94,5,13543,10049,0.7420069408550543,True,0.7419890726520969,0.7161680305840535,0.020584978849969328,0.9993570464764552,0.6789792160727348,0.6220973555587996,0.6586306673026328
q4544,4544,94,5,21273,16185,0.7608235791848822,True,0.7608113189809157,0.8217134271779204,0.016810233967929113,0.9995711363134488,0.7846248041499045,0.6220973555587996,0.6586306673026328
q17303,17303,94,5,2351,1801,0.7660569970225436,True,0.7659438775510204,0.8514248830447405,0.050904837010310094,0.9960810400294323,0.8114802309860981,0.6220973555587996,0.6586306673026328
q9527,9527,94,5,5215,4019,0.7706615532118888,True,0.7706096625766872,0.8788128167024378,0.03440411081573009,0.9982060970445408,0.8405502597129635,0.6220973555587996,0.6586306673026328
q9530,9530,94,5,5533,4353,0.7867341406108802,True,0.7866823274304301,0.9761641609422106,0.03420887522198184,0.9982263632584768,0.9377460034167879,0.6220973555587996,0.6586306673026328
q5097,5097,94,5,12690,10192,0.8031520882584713,True,0.8031282010873848,1.0812505208230074,0.023218625877086837,0.999182146071301,1.0436442920205067,0.6220973555587996,0.6586306673026328
q9748,9748,94,5,5427,4376,0.8063386769854431,True,0.8062822402358143,1.1021202027583124,0.035704270018147896,0.9980682158725,1.063310159770024,0.6220973555587996,0.6586306673026328
q9535,9535,94,5,5477,4430,0.8088369545371554,True,0.808780576852866,1.1188282145253459,0.03570388833170961,0.9980682570948819,1.0799859398708835,0.6220973555587996,0.6586306673026328
q5747,5747,94,5,18016,14753,0.8188832149200711,True,0.8188655159016485,1.1879604638033567,0.02007224211650538,0.9993886579884721,1.1505047001254882,0.6220973555587996,0.6586306673026328
q10922,10922,94,6,4826,3988,0.8263572316618317,True,0.8262896208825358,1.2407201913122081,0.039375044732044444,0.9976515622180306,1.2011407653115052,0.6220973555587996,0.6586306673026328
q9545,9545,94,5,5077,4220,0.8311995272798897,True,0.831134304844427,1.276081556998523,0.03879259808022007,0.9977203686354428,1.2365043608586985,0.6220973555587996,0.6586306673026328
q9537,9537,94,5,5284,4396,0.8319454958364875,True,0.8318826868495742,1.2816132040255839,0.03808808692724141,0.9978022370688847,1.242125312607834,0.6220973555587996,0.6586306673026328
q11752,11752,94,6,2639,2210,0.8374384236453202,True,0.837310606060606,1.322313822032774,0.054555458904389564,0.9955014105776924,1.2797786255668884,0.6220973555587996,0.6586306673026328
q6242,6242,94,5,14585,12418,0.8514226945491944,True,0.8513986013986014,1.4331504482056925,0.024025997014873707,0.999124330095722,1.3951756825254273,0.6220973555587996,0.6586306673026328
q6171,6171,96,5,34534,9150,0.2649562749753866,True,0.2649630809323874,-1.5753920246294026,0.012755911942257891,0.9996871299419883,-1.620872130327835,0.6828904799411997,0.51990395755978
q9721,9721,96,5,9446,2764,0.2926106288376032,True,0.2926325817719911,-1.431033163930677,0.023758563357300384,0.9989154590295266,-1.4754186613981477,0.6828904799411997,0.51990395755978
q8393,8393,96,5,5924,2308,0.3896016205266712,True,0.38962025316455695,-0.9722316119521309,0.028368280167073795,0.9984544923225781,-1.0166453334412462,0.6828904799411997,0.51990395755978
q4250,4250,96,5,17678,7273,0.4114153184749406,True,0.4114203292041405,-0.8754021152343903,0.0163172651106706,0.9994881422749422,-0.9209178816689382,0.6828904799411997,0.51990395755978
q5624,5624,96,5,11053,4869,0.440513887632317,True,0.4405192690428804,-0.7481059958957573,0.020518678746312673,0.9991908591769671,-0.7934508492914785,0.6828904799411997,0.51990395755978
q6026,6026,96,5,12842,5716,0.4451020090328609,True,0.44510628357860316,-0.7281902689866605,0.019024504374754198,0.9993043330840437,-0.7736390859734141,0.6828904799411997,0.51990395755978
q4788,4788,96,5,11131,4961,0.445692210942413,True,0.44569708947179304,-0.7256274938440429,0.020432834497357194,0.9991976100179065,-0.7709957445627402,0.6828904799411997,0.51990395755978
q6028,6028,96,5,12045,5423,0.4502283105022831,True,0.45023244230449944,-0.7059708845492347,0.019632306405727874,0.9992592056153565,-0.7514012248532914,0.6828904799411997,0.51990395755978
q5455,5455,96,5,12439,5750,0.4622558083447222,True,0.4622588424437299,-0.653970947824586,0.019299612516498886,0.9992840824224473,-0.6994572221182314,0.6828904799411997,0.51990395755978
q5441,5441,96,5,10754,5205,0.4840059512739446,True,0.48400743840074384,-0.5602337568557015,0.02074587627254142,0.9991728561007156,-0.6057197115040707,0.6828904799411997,0.51990395755978
q9725,9725,96,5,6062,3125,0.5155064335202904,True,0.5155038759689923,-0.42457629158449,0.027690065492007254,0.9985273998883609,-0.4698707262281489,0.6828904799411997,0.51990395755978
q10874,10874,96,6,5781,3146,0.5441965057948451,True,0.5441888619854721,-0.30036915716054213,0.028493452385258144,0.9984408447463783,-0.34581652030438365,0.6828904799411997,0.51990395755978
q4761,4761,96,5,178374,98097,0.5499512260755491,True,0.5499509460406448,-0.2752727960176735,0.005136748042846652,0.9999492505471678,-0.32124387900811574,0.6828904799411997,0.51990395755978
q17283,17283,96,5,2545,1433,0.5630648330058939,True,0.5630400628436764,-0.21801713133605918,0.04314264886079309,0.9964327096025893,-0.26306273732268565,0.6828904799411997,0.51990395755978
q3831,3831,96,5,11622,6623,0.5698674926862847,True,0.5698614815452121,-0.18802238801123522,0.020232540365010883,0.9992132515559418,-0.23382566795396797,0.6828904799411997,0.51990395755978
q5442,5442,96,5,10169,5802,0.5705575769495526,True,0.5705506391347099,-0.1849855048617033,0.021634219094506586,0.9991005675967743,-0.23076514712763943,0.6828904799411997,0.51990395755978
q5510,5510,96,5,9509,5502,0.578609738142812,True,0.5786014721345951,-0.14941253075802258,0.022430644773872407,0.9990331918351979,-0.19521100329129132,0.6828904799411997,0.51990395755978
q5490,5490,96,5,12760,7413,0.5809561128526646,True,0.5809497688268944,-0.1390016286813415,0.019379299709485796,0.9992781625135441,-0.18485548344434238,0.6828904799411997,0.51990395755978
q10711,10711,96,6,5370,3169,0.5901303538175047,True,0.590113572891454,-0.09821173224838188,0.029970523214297766,0.9982752909275465,-0.14395041748850837,0.6828904799411997,0.51990395755978
q6022,6022,96,5,12204,7402,0.606522451655195,True,0.6065137238836542,-0.02448811393334632,0.020015402972207948,0.9992300349137339,-0.07042123702730389,0.6828904799411997,0.51990395755978
q5433,5433,96,5,18341,11522,0.6282100212638351,True,0.6282030312942972,0.07470038323380528,0.01649832121577984,0.9994767261017112,0.028697971703278098,0.6828904799411997,0.51990395755978
q6417,6417,96,5,9940,6386,0.6424547283702213,True,0.6424403983502666,0.1410505900736697,0.022587335879075618,0.9990196505096566,0.09497000814182405,0.6828904799411997,0.51990395755978
q6020,6020,96,5,15812,10462,0.6616493802175563,True,0.661639157655094,0.23236522312484542,0.01812488534154652,0.9993685294782586,0.18626014424634527,0.6828904799411997,0.51990395755978
q4244,4244,96,5,1058,709,0.6701323251417769,True,0.669971671388102,0.27274133105349757,0.0704396934579699,0.9905466287107932,0.22461035505794805,0.6828904799411997,0.51990395755978
q5508,5508,96,5,11854,8029,0.6773241100050615,True,0.6773091522564318,0.30870809174265523,0.021165091694156632,0.9991391189494019,0.26249453369720815,0.6828904799411997,0.51990395755978
q17243,17243,96,5,2518,1707,0.6779189833200953,True,0.6778483525208416,0.3113670790945957,0.04593363156355017,0.9959581561215503,0.26430706904076895,0.6828904799411997,0.51990395755978
q5435,5435,96,5,9642,6623,0.6868906865795478,True,0.6868713056102873,0.3562022999800532,0.02363979435508748,0.9989262635487054,0.3098818241510678,0.6828904799411997,0.51990395755978
q5485,5485,96,5,11214,7746,0.6907437132156233,True,0.6907267053053946,0.37556303399778757,0.02198820020561112,0.9990709211781358,0.32926944547480963,0.6828904799411997,0.51990395755978
q5466,5466,96,5,10072,7079,0.7028395552025417,True,0.7028194182467984,0.4371365060109396,0.02343891468845682,0.9989444150334869,0.3907362281120675,0.6828904799411997,0.51990395755978
q11603,11603,96,6,3646,2621,0.7188699945145365,True,0.718809980806142,0.5207192085173068,0.03953340599927416,0.9970028963554484,0.4733090012752247,0.6828904799411997,0.51990395755978
q4621,4621,96,5,11588,8330,0.7188470831895064,True,0.7188281991543706,0.52081595657239,0.02217771648407997,0.9990548519026183,0.4743797864841224,0.6828904799411997,0.51990395755978
q5495,5495,96,5,11360,8230,0.7244718309859155,True,0.7244520728809084,0.5508573934301932,0.02252426709676414,0.9990251122370276,0.504377815069872,0.6828904799411997,0.51990395755978
q3826,3826,96,5,13072,9477,0.724984700122399,True,0.7249674902470741,0.5536285024669295,0.021008617226512455,0.9991517902031954,0.5072105295303982,0.6828904799411997,0.51990395755978
q5486,5486,96,5,11855,8643,0.7290594685786588,True,0.7290401484480432,0.5756335873035868,0.022152860004105133,0.9990569673365605,0.5291467268674805,0.6828904799411997,0.51990395755978
q4262,4262,96,5,10830,7957,0.7347183748845799,True,0.7346967039054566,0.6065265835329184,0.023316574486484627,0.9989553941171466,0.5599536542214735,0.6828904799411997,0.51990395755978
q6047,6047,96,5,8769,6630,0.7560725282244269,True,0.7560433295324972,0.7269042533748787,0.026559850013449696,0.9986450001565261,0.6799942243582735,0.6828904799411997,0.51990395755978
q3775,3775,96,5,9450,7152,0.7568253968253968,True,0.7567982224103269,0.7312806103020119,0.02560909406192852,0.9987401529665477,0.6844298588983633,0.6828904799411997,0.51990395755978
q5438,5438,96,5,9736,7382,0.7582169268693508,True,0.758190407723118,0.7393745154257709,0.025274220056833753,0.9987728458284366,0.6925362357493959,0.6828904799411997,0.51990395755978
q4240,4240,96,5,9312,7160,0.7689003436426117,True,0.7688714699881886,0.8025036086582967,0.026205741582148234,0.9986808429464589,0.7555182581791376,0.6828904799411997,0.51990395755978
q5507,5507,96,5,11614,9036,0.7780265197175822,True,0.7780025828669823,0.8580203986443453,0.023766412546678287,0.9989147430827358,0.8111517474322252,0.6828904799411997,0.51990395755978
q5467,5467,96,5,10270,8016,0.7805258033106134,True,0.7804984908966994,0.8734622814524287,0.025365323828923186,0.9987639940074017,0.8264521307549397,0.6828904799411997,0.51990395755978
q5509,5509,96,5,10202,7976,0.7818074887277005,True,0.7817798686660786,0.8814364423788753,0.025497718108505787,0.9987510738273973,0.8344056414185124,0.6828904799411997,0.51990395755978
q4239,4239,96,5,12164,9513,0.7820618217691548,True,0.7820386354295109,0.8830506524174413,0.02336013654874668,0.9989514913193523,0.8361855975482221,0.6828904799411997,0.51990395755978
q10323,10323,96,5,6108,4821,0.7892927308447937,True,0.7892453756752332,0.9285457191445834,0.03332709223843147,0.9978682075994452,0.8806769012296433,0.6828904799411997,0.51990395755978
q3803,3803,96,5,13054,10304,0.789336601807875,True,0.7893144389122941,0.9289868671008985,0.02280031012363512,0.9990010946270228,0.8821174474067234,0.6828904799411997,0.51990395755978
q3763,3763,96,5,11399,9028,0.7919992981840512,True,0.7919736842105263,0.9460501473824605,0.02450150078990199,0.9988466501376551,0.8990246733524697,0.6828904799411997,0.51990395755978
q4739,4739,96,5,9433,7523,0.7975193469733913,True,0.7974878100487598,0.9819249120957726,0.0271753019230959,0.9985815658556183,0.9346099595839055,0.6828904799411997,0.51990395755978
q10892,10892,96,6,5059,4070,0.8045068195295513,True,0.8044466403162055,1.0282002750438388,0.03754622848118311,0.9972958329393438,0.9795568205358783,0.6828904799411997,0.51990395755978
q5520,5520,96,5,8810,7098,0.8056753688989784,True,0.8056406764271933,1.036258384433901,0.02851240994216065,0.9984387725899317,0.9887249594400155,0.6828904799411997,0.51990395755978
q6017,6017,96,5,12619,10191,0.807591726761233,True,0.80756735340729,1.0493363514575524,0.023905291179203664,0.9989020366306505,1.002247324278714,0.6828904799411997,0.51990395755978
q5436,5436,96,5,207,173,0.8357487922705314,True,0.8341346153846154,1.240341791749094,0.1962211072045733,0.9310489572223272,1.1120024233106696,0.6828904799411997,0.51990395755978
q5439,5439,96,5,242,203,0.8388429752066116,True,0.8374485596707819,1.2657498695122416,0.18287918621555158,0.9395592806700582,1.146039160874625,0.6828904799411997,0.51990395755978
q17044,17044,96,5,2463,2049,0.8319123020706456,True,0.8317775974025974,1.2225054438319887,0.05672052128376439,0.9938499573562074,1.1692824208409234,0.6828904799411997,0.51990395755978
q17140,17140,96,5,629,533,0.8473767885532592,True,0.8468253968253968,1.339874186168694,0.11609591924336211,0.9747305741381178,1.2611910228486582,0.6828904799411997,0.51990395755978
q5459,5459,96,5,9846,8341,0.8471460491570181,True,0.8471107951660404,1.3421850006644034,0.02938577139728938,0.9983418251102087,1.294048291559899,0.6828904799411997,0.51990395755978
q3780,3780,96,5,9294,7914,0.8515171078114913,True,0.8514792899408284,1.3779853671034057,0.030575894215048152,0.998205039198106,1.3296070961715678,0.6828904799411997,0.51990395755978
q3756,3756,96,5,9153,7795,0.851633344258713,True,0.8515949311776273,1.3789442586450558,0.030819506937133197,0.9981763750045858,1.3305260584067578,0.6828904799411997,0.51990395755978
q11681,11681,98,6,3187,625,0.1961091935989959,True,0.19620451693851945,-2.4241094961615364,0.046520217073299674,0.9963614402691383,-2.502626548334936,0.7209799225153958,0.5926125823404804
q11642,11642,98,6,3663,825,0.2252252252252252,True,0.22530021834061134,-2.2408216744358316,0.04152077861371235,0.9970993285955035,-2.3217237869839513,0.7209799225153958,0.5926125823404804
q17258,17258,98,5,4156,1427,0.3433589990375361,True,0.343396680298292,-1.6166535219984313,0.0352237148686972,0.9979107464672374,-1.700749048675561,0.7209799225153958,0.5926125823404804
q6176,6176,98,5,17750,7155,0.4030985915492958,True,0.40310405047602954,-1.339198952573646,0.016712938773057504,0.9995288815377049,-1.4261829966531696,0.7209799225153958,0.5926125823404804
q5424,5424,98,5,14710,6137,0.417199184228416,True,0.4172048127251716,-1.2754406913286322,0.01831523944354935,0.9994342708319913,-1.36232580953745,0.7209799225153958,0.5926125823404804
q11677,11677,98,6,2333,972,0.4166309472781826,True,0.4166666666666667,-1.2778653887437013,0.04598500395049727,0.99644438563107,-1.3606663822556282,0.7209799225153958,0.5926125823404804
q4434,4434,98,5,1872,813,0.4342948717948718,True,0.43432995194874535,-1.1985765333830374,0.05123561858606753,0.9955898479884566,-1.2805603131476355,0.7209799225153958,0.5926125823404804
q17297,17297,98,5,2485,1126,0.4531187122736418,True,0.45313757039420755,-1.114670542463339,0.04443979544941717,0.996678545220922,-1.1983333302670167,0.7209799225153958,0.5926125823404804
q5855,5855,98,5,9436,4458,0.4724459516744383,True,0.47244887146338876,-1.028833717564808,0.022821950953329364,0.9991218814782148,-1.1155095689485308,0.7209799225153958,0.5926125823404804
q17159,17159,98,5,3509,1663,0.4739241949273297,True,0.4739316239316239,-1.0222493413430906,0.037424712919760066,0.9976421245231231,-1.107288584053613,0.7209799225153958,0.5926125823404804
q5904,5904,98,5,14486,7126,0.4919232362280822,True,0.4919237937461172,-0.9423490124561267,0.018454152587637742,0.9994256616149704,-1.0294137028043637,0.7209799225153958,0.5926125823404804
q17369,17369,98,5,3196,1658,0.518773466833542,True,0.5187675946199563,-0.8228243884274727,0.039466340174098204,0.9973785422527327,-0.9080938637869888,0.7209799225153958,0.5926125823404804
q11659,11659,98,6,3546,1861,0.5248166948674563,True,0.5248096983366225,-0.7958144234673141,0.03751979232767157,0.9976301571248445,-0.8813769986722451,0.7209799225153958,0.5926125823404804
q5856,5856,98,5,3602,1902,0.5280399777901166,True,0.5280321953927283,-0.7813870012861434,0.03725595911805427,0.9976632910540723,-0.8670125620327159,0.7209799225153958,0.5926125823404804
q17179,17179,98,5,1630,874,0.5361963190184049,True,0.5361741263028816,-0.7448580509615054,0.05549013451027687,0.9948309589762463,-0.8282110122394801,0.7209799225153958,0.5926125823404804
q5301,5301,98,5,6425,3507,0.5458365758754864,True,0.5458294428882664,-0.7013767574797325,0.02803336766757237,0.9986756458496323,-0.7879880602398119,0.7209799225153958,0.5926125823404804
q5642,5642,98,5,8768,4805,0.5480155109489051,True,0.5480100353518075,-0.6915295006313927,0.024013746632882298,0.9990278649945734,-0.778428288789983,0.7209799225153958,0.5926125823404804
q6008,6008,98,5,5520,3089,0.5596014492753624,True,0.5595906538670531,-0.6390434725410612,0.03037886353342188,0.9984451217907454,-0.7255698048733766,0.7209799225153958,0.5926125823404804
q5033,5033,98,5,4574,2567,0.5612155662439877,True,0.5612021857923497,-0.6317124814522084,0.033390917229561376,0.9981221127766489,-0.7180178499942534,0.7209799225153958,0.5926125823404804
q5764,5764,98,5,7600,4285,0.5638157894736842,True,0.5638073937639784,-0.6198461384349654,0.02592923412550162,0.9988667751803392,-0.7067006410690111,0.7209799225153958,0.5926125823404804
q4406,4406,98,5,7507,4255,0.5668043159717597,True,0.5667954182205648,-0.6062125384301611,0.026117671981596185,0.9988502631620635,-0.6930710338238013,0.7209799225153958,0.5926125823404804
q11749,11749,98,6,2326,1320,0.5674978503869303,True,0.5674688440051568,-0.6031362963998992,0.04692522515037242,0.9962980449591549,-0.6882352753205612,0.7209799225153958,0.5926125823404804
q4364,4364,98,5,9252,5276,0.5702550799827064,True,0.5702474873014157,-0.5904290613670637,0.02355674676380428,0.9990644795684072,-0.6774509606068618,0.7209799225153958,0.5926125823404804
q4452,4452,98,5,6789,3881,0.5716600382972455,True,0.5716494845360824,-0.5840085951961511,0.027514004778719348,0.9987242008094248,-0.6708079476292029,0.7209799225153958,0.5926125823404804
q4797,4797,98,5,14706,8497,0.5777913776689787,True,0.5777860882572925,-0.5558329654244174,0.018740206018435526,0.9994077288784855,-0.64310810725215,0.7209799225153958,0.5926125823404804
q5376,5376,98,5,9410,5451,0.5792773645058449,True,0.5792689406014239,-0.5490061508519595,0.0234411800918443,0.9990736276799919,-0.6360726263296742,0.7209799225153958,0.5926125823404804
q4813,4813,98,5,22637,13127,0.5798913283562309,True,0.5798877992755543,-0.5461548363575554,0.015117783940404014,0.999614487963458,-0.6335667564643686,0.7209799225153958,0.5926125823404804
q6520,6520,98,5,4014,2347,0.5847035376183358,True,0.5846824408468244,-0.5240193427345655,0.035969388056094474,0.9978215474317108,-0.6103430983567496,0.7209799225153958,0.5926125823404804
q4446,4446,98,5,13534,8001,0.5911777744938673,True,0.5911710380495013,-0.4939315756120411,0.0196459526293419,0.9993491325443358,-0.581209300930076,0.7209799225153958,0.5926125823404804
q4309,4309,98,5,4423,2615,0.5912276735247569,True,0.5912070524412296,-0.49376413633482014,0.03436383573072457,0.9980113064650717,-0.5802641312618378,0.7209799225153958,0.5926125823404804
q5621,5621,98,5,6825,4079,0.5976556776556776,True,0.5976413712276589,-0.46376810175242306,0.027746017691370507,0.9987026216706079,-0.5507089576467941,0.7209799225153958,0.5926125823404804
q5611,5611,98,5,11580,6944,0.5996545768566494,True,0.5996459718504447,-0.4543888795978035,0.021321599542190137,0.9992334585145771,-0.5416296414239535,0.7209799225153958,0.5926125823404804
q17202,17202,98,5,1780,1085,0.6095505617977528,True,0.6094890510948905,-0.4080859110074994,0.05463263208786328,0.994988687063182,-0.493257853757102,0.7209799225153958,0.5926125823404804
q4265,4265,98,5,7358,4511,0.6130742049469965,True,0.6130588395162386,-0.3911860569331559,0.026925730376482222,0.9987781071281375,-0.47825722483110117,0.7209799225153958,0.5926125823404804
q6489,6489,98,5,8139,5003,0.61469467993611,True,0.6146805896805897,-0.38348874834698593,0.025623058534079684,0.9988933502475205,-0.47062361775208933,0.7209799225153958,0.5926125823404804
q9089,9089,98,5,4731,2915,0.6161488057493131,True,0.6161242603550295,-0.37662607959857036,0.03363179790793535,0.9980949728505835,-0.46339787104708485,0.7209799225153958,0.5926125823404804
q5997,5997,98,5,5427,3347,0.6167311590197162,True,0.6167096536477524,-0.37384046907793933,0.03141137308766033,0.9983378106557312,-0.4607296360433603,0.7209799225153958,0.5926125823404804
q5999,5999,98,5,4208,2601,0.6181083650190115,True,0.61808030411024,-0.3673116451473693,0.035697187474067395,0.9978543233490459,-0.4539916930463449,0.7209799225153958,0.5926125823404804
q4777,4777,98,5,5298,3293,0.6215553038882597,True,0.6215323645970938,-0.35082713469524646,0.031873971619889335,0.9982885760852741,-0.4377329656381698,0.7209799225153958,0.5926125823404804
q5588,5588,98,5,4041,2542,0.6290522147983173,True,0.6290202869866403,-0.31485960258750034,0.03664815919265128,0.9977387410538444,-0.4016056719020174,0.7209799225153958,0.5926125823404804
q5684,5684,98,5,6835,4304,0.6297000731528896,True,0.6296811000585137,-0.3116711263036443,0.028191209168157167,0.9986607103776483,-0.39879257319077427,0.7209799225153958,0.5926125823404804
q4340,4340,98,5,5610,3539,0.6308377896613191,True,0.6308144715736945,-0.30619696346042324,0.031137097113621486,0.9983666643337575,-0.3932099308542452,0.7209799225153958,0.5926125823404804
q5834,5834,98,5,703,446,0.6344238975817923,True,0.6342329545454546,-0.2896426200056355,0.08808033211400354,0.9870777428791312,-0.3724233287561433,0.7209799225153958,0.5926125823404804
q6003,6003,98,5,3711,2367,0.6378334680679062,True,0.6377963362068966,-0.2723160189935763,0.03844006895538006,0.997512770201459,-0.35907694712394483,0.7209799225153958,0.5926125823404804
q5303,5303,98,5,3214,2055,0.6393901680149346,True,0.6393468118195956,-0.2647539444171526,0.04134331993075434,0.9971239992339681,-0.3513966743078773,0.7209799225153958,0.5926125823404804
q4423,4423,98,5,632,404,0.6392405063291139,True,0.6390205371248026,-0.2663464473788788,0.09315536619467525,0.9855678375350999,-0.3488936846794387,0.7209799225153958,0.5926125823404804
q4021,4021,98,5,6054,3881,0.6410637594978527,True,0.6410404624277457,-0.256477299088075,0.030157017898781287,0.9984677136053295,-0.34360624982869264,0.7209799225153958,0.5926125823404804
q17123,17123,98,5,1933,1245,0.6440765649249871,True,0.6440020682523268,-0.24196279139491583,0.05345819806629027,0.9952008040595889,-0.3280371468864839,0.7209799225153958,0.5926125823404804
q17377,17377,98,5,2090,1347,0.6444976076555023,True,0.6444285031085605,-0.2398684665459243,0.05142584618851685,0.9955571849341434,-0.3260695966619724,0.7209799225153958,0.5926125823404804
q4426,4426,98,5,4922,3175,0.6450629825274279,True,0.6450335161486899,-0.23689517334064567,0.03352806529788298,0.9981066840957389,-0.3239369568606179,0.7209799225153958,0.5926125823404804
q5550,5550,98,5,4723,3047,0.6451408003387678,True,0.6451100762066045,-0.23651876274551098,0.03422861934063966,0.9980268952592489,-0.32353539338161286,0.7209799225153958,0.5926125823404804
q4380,4380,98,5,5821,3803,0.6533241711046212,True,0.6532978357952594,-0.19604846172826226,0.03099555011365511,0.9983814566518062,-0.28324553524905055,0.7209799225153958,0.5926125823404804
q17359,17359,98,5,1641,1080,0.6581352833638026,True,0.6580389768574909,-0.17241235241454803,0.05854983339737853,0.9942485753233713,-0.25857284928257246,0.7209799225153958,0.5926125823404804
q17135,17135,98,5,1520,1012,0.6657894736842105,True,0.665680473372781,-0.13398785608525599,0.06115700509396457,0.9937282435618313,-0.22025402007530218,0.7209799225153958,0.5926125823404804
q5602,5602,98,5,293,195,0.6655290102389079,True,0.6649659863945578,-0.1375983484345988,0.1390330344490421,0.9684117768682815,-0.21813921745554687,0.7209799225153958,0.5926125823404804
q4444,4444,98,5,5993,4026,0.6717837477056566,True,0.6717550884217551,-0.10313761628867048,0.030942233902936996,0.9983870110818224,-0.1904861297915641,0.7209799225153958,0.5926125823404804
q9795,9795,98,5,4409,2976,0.6749829893399864,True,0.6749433106575964,-0.0868330953519892,0.03615877531313785,0.9977985975460146,-0.17410523596680014,0.7209799225153958,0.5926125823404804
q4811,4811,98,5,5161,3529,0.6837822127494672,True,0.6837466098411469,-0.04138928884660758,0.03364689994249492,0.9980932648612191,-0.12879949507455962,0.7209799225153958,0.5926125823404804
q5845,5845,98,5,3109,2126,0.6838211643615311,True,0.6837620578778135,-0.04130897921430671,0.043349003172622164,0.9968390878832337,-0.12855759333507308,0.7209799225153958,0.5926125823404804
q4442,4442,98,5,11698,8082,0.6908873311677209,True,0.6908710146166339,-0.004132578820840237,0.02247764641771215,0.9991481547754251,-0.09171065084928172,0.7209799225153958,0.5926125823404804
q4377,4377,98,5,321,222,0.6915887850467289,True,0.6909937888198758,-0.0034866130036010374,0.13550044463232164,0.9699489635174012,-0.08840393705841135,0.7209799225153958,0.5926125823404804
q5857,5857,98,5,4614,3198,0.6931079323797139,True,0.6930660888407367,0.007437182378550866,0.035852603855378244,0.997835639753774,-0.08004545654880436,0.7209799225153958,0.5926125823404804
q5037,5037,98,5,7085,4945,0.6979534227240649,True,0.6979254868755292,0.03320794498788904,0.029051603354128357,0.9985778308157053,-0.05437088220773261,0.7209799225153958,0.5926125823404804
q11700,11700,98,6,2232,1560,0.6989247311827957,True,0.6988356471115091,0.03805949702818205,0.051791929361271506,0.9954939920396579,-0.04937328146852563,0.7209799225153958,0.5926125823404804
q4417,4417,98,5,4403,3097,0.7033840563252328,True,0.7033378746594006,0.06217624179868279,0.037022785797070856,0.9976923816886907,-0.02542122195441717,0.7209799225153958,0.5926125823404804
q5302,5302,98,5,3333,2346,0.7038703870387039,True,0.7038092381523695,0.06471268404065798,0.04256856103158659,0.9969515356683144,-0.022873635194644408,0.7209799225153958,0.5926125823404804
q4414,4414,98,5,4242,3015,0.7107496463932107,True,0.71069997643177,0.10204980627501925,0.03796706998285822,0.997573455936404,0.014358617791305331,0.7209799225153958,0.5926125823404804
q4147,4147,98,5,3610,2570,0.7119113573407202,True,0.7118526723899197,0.10834380400251581,0.041199031714204366,0.9971439814604282,0.02062845808468229,0.7209799225153958,0.5926125823404804
q5598,5598,98,5,3657,2607,0.7128794093519278,True,0.7128212137780208,0.11364321226687935,0.04096994012393319,0.9971755660786863,0.025913551928700634,0.7209799225153958,0.5926125823404804
q4400,4400,98,5,2771,1981,0.7149043666546373,True,0.7148268398268398,0.12464918652233302,0.047151718701549446,0.9962623562226783,0.03685465823377529,0.7209799225153958,0.5926125823404804
q4270,4270,98,5,2925,2097,0.7169230769230769,True,0.7168489405331511,0.13579002808102683,0.04598115808805036,0.9964449782251775,0.04796264958010836,0.7209799225153958,0.5926125823404804
q6015,6015,98,5,3303,2378,0.7199515591886164,True,0.7198849878934624,0.15260272793712248,0.04339608068324245,0.9968322403424434,0.06474073122806305,0.7209799225153958,0.5926125823404804
q4388,4388,98,5,5257,3787,0.7203728362183754,True,0.7203309243058197,0.15508096218577933,0.034414873556359804,0.9980054065783578,0.06729021540807041,0.7209799225153958,0.5926125823404804
q4312,4312,98,5,3248,2340,0.7204433497536946,True,0.7203755001538935,0.15532881150138197,0.043782466722266766,0.9967757622875515,0.06745435720081429,0.7209799225153958,0.5926125823404804
q4435,4435,98,5,2965,2137,0.7207419898819561,True,0.7206675657451113,0.15695330828010343,0.04583651377556336,0.9964672304333371,0.06905223586955114,0.7209799225153958,0.5926125823404804
q5959,5959,98,5,4085,2958,0.7241126070991432,True,0.7240577581987273,0.17588201927995264,0.039181398780715346,0.9974161612606746,0.0879977962361736,0.7209799225153958,0.5926125823404804
q4384,4384,98,5,4071,2951,0.7248833210513388,True,0.724828094302554,0.18020184419673102,0.03927846511325327,0.9974033765018975,0.09230527624903953,0.7209799225153958,0.5926125823404804
q4407,4407,98,5,3569,2594,0.7268142336789016,True,0.726750700280112,0.19101407718483304,0.04202933146471568,0.9970280501774811,0.10305064102999241,0.7209799225153958,0.5926125823404804
q4759,4759,98,5,4283,3113,0.7268269904272706,True,0.7267740429505135,0.19114562259924253,0.03836824818716313,0.9975220327050432,0.10323291743399794,0.7209799225153958,0.5926125823404804
q11832,11832,98,6,2110,1536,0.7279620853080568,True,0.7278540975840834,0.19723937438466468,0.05471695754999114,0.9949732830251766,0.10903226917896407,0.7209799225153958,0.5926125823404804
q11691,11691,98,6,2432,1776,0.7302631578947368,True,0.7301685162351007,0.21034546538848778,0.05108703431239056,0.9956152779545293,0.12215124541918154,0.7209799225153958,0.5926125823404804
q5597,5597,98,5,4072,2974,0.7303536345776032,True,0.7302970783206482,0.21107542330649015,0.03948947510904885,0.9973754760544029,0.12309524484797948,0.7209799225153958,0.5926125823404804
q4379,4379,98,5,3025,2219,0.7335537190082645,True,0.7334765366820886,0.2291938383607175,0.04596453812965056,0.9964475385686568,0.14103476966521425,0.7209799225153958,0.5926125823404804
q6455,6455,98,5,4064,3000,0.7381889763779528,True,0.738130381303813,0.2559477640538435,0.03985216222027713,0.9973271747620654,0.16784168836550364,0.7209799225153958,0.5926125823404804
q4401,4401,98,5,4348,3210,0.7382704691812327,True,0.7382156817659232,0.2564407868692755,0.038532478999786145,0.9975008271335327,0.16836270325013714,0.7209799225153958,0.5926125823404804
q5911,5911,98,5,3127,2314,0.7400063959066198,True,0.7399296675191815,0.26636793299289235,0.045518295783421044,0.9965159420509222,0.17808902926058645,0.7209799225153958,0.5926125823404804
q4369,4369,98,5,3217,2382,0.7404414050357476,True,0.740366687383468,0.26890540156057574,0.04489841766807483,0.9966098697291547,0.1806346814516047,0.7209799225153958,0.5926125823404804
q5300,5300,98,5,3340,2479,0.7422155688622755,True,0.7421430709368453,0.2792463347953787,0.04414924767322081,0.9967216927289638,0.1909619817523028,0.7209799225153958,0.5926125823404804
q4368,4368,98,5,3504,2601,0.7422945205479452,True,0.742225392296719,0.279726602069549,0.04310786949551372,0.9968740463093024,0.1914699371667757,0.7209799225153958,0.5926125823404804
q5723,5723,98,5,3442,2567,0.7457873329459617,True,0.7457159453964566,0.3001773180078363,0.04366209009196357,0.9967934107437879,0.21183958835855646,0.7209799225153958,0.5926125823404804
q11523,11523,98,6,2692,2008,0.7459138187221397,True,0.7458225027849982,0.3008043159486102,0.049374926513424906,0.9959030645152043,0.21227480020843018,0.7209799225153958,0.5926125823404804
q4466,4466,98,5,4262,3180,0.7461285781323322,True,0.7460708421299554,0.30226620373252794,0.03925431220832915,0.9974065606445397,0.21405336394925215,0.7209799225153958,0.5926125823404804
q5571,5571,98,5,4126,3082,0.7469704314105672,True,0.7469105888054277,0.3072160126489926,0.03993339735932499,0.997316296289432,0.21897051741716317,0.7209799225153958,0.5926125823404804
q4418,4418,98,5,2620,1965,0.75,True,0.7499046165585654,0.324946809524311,0.05027975938754117,0.9957521734379505,0.2362825785191582,0.7209799225153958,0.5926125823404804
q4268,4268,98,5,4585,3448,0.7520174482006543,True,0.7519624945486263,0.33720996178196766,0.03810112655660863,0.997556332036464,0.24894387348632782,0.7209799225153958,0.5926125823404804
q6009,6009,98,5,3769,2840,0.7535155213584506,True,0.753448275862069,0.3461033062712843,0.042095387518434814,0.997018728886264,0.2576765436494209,0.7209799225153958,0.5926125823404804
q17096,17096,98,5,2252,1698,0.7539964476021315,True,0.7538837106080781,0.34871599230337713,0.05448108946809951,0.9950163113856008,0.2597586899832671,0.7209799225153958,0.5926125823404804
q5595,5595,98,5,5195,3931,0.7566891241578441,True,0.7566397228637414,0.365320075152556,0.03599196553564106,0.997818817772179,0.2770581778637204,0.7209799225153958,0.5926125823404804
q6434,6434,98,5,3401,2574,0.7568362246398118,True,0.7567607289829512,0.3660517969546514,0.04448725438177284,0.9966714708452709,0.27746888738563164,0.7209799225153958,0.5926125823404804
q6016,6016,98,5,3119,2372,0.760500160307791,True,0.7604166666666666,0.38826836687114014,0.04665945755976711,0.996339706242083,0.29951177634572074,0.7209799225153958,0.5926125823404804
q4416,4416,98,5,5306,4036,0.7606483226535997,True,0.7605992085924251,0.3893832530541485,0.035784022450603935,0.9978438942818514,0.30107643584914084,0.7209799225153958,0.5926125823404804
q10717,10717,98,6,4863,3706,0.7620810199465351,True,0.7620271381578947,0.39812312030257113,0.037443574680956784,0.9976397528337996,0.30973407986576973,0.7209799225153958,0.5926125823404804
q17289,17289,98,5,1948,1486,0.7628336755646817,True,0.762698819907645,0.4022458011037793,0.05920088412909183,0.9941207132844573,0.3127399770910818,0.7209799225153958,0.5926125823404804
q4404,4404,98,5,3334,2546,0.7636472705458909,True,0.7635682158920539,0.40759309211721995,0.045305867103411175,0.9965482735824943,0.31883249579438394,0.7209799225153958,0.5926125823404804
q6004,6004,98,5,2801,2148,0.7668689753659408,True,0.766773733047823,0.4274184030401743,0.0496268894726616,0.9958613175485344,0.3383559735149326,0.7209799225153958,0.5926125823404804
q4382,4382,98,5,2887,2214,0.7668860408728784,True,0.7667936288088643,0.4275419981422069,0.04888363482159622,0.9959838639502117,0.3385207088700415,0.7209799225153958,0.5926125823404804
q17300,17300,98,5,1562,1204,0.7708066581306018,True,0.7706333973128598,0.45152377388979686,0.0667766930307524,0.9925316730564082,0.3611500304321202,0.7209799225153958,0.5926125823404804
q6357,6357,98,5,2553,1968,0.7708578143360753,True,0.7707517619420516,0.4522671526256075,0.052246935986826684,0.9954148357895296,0.36293908990467855,0.7209799225153958,0.5926125823404804
q17133,17133,98,5,1259,971,0.7712470214455918,True,0.7710317460317461,0.4540265614443779,0.07441224262789393,0.990742816959262,0.36297874260684526,0.7209799225153958,0.5926125823404804
q5378,5378,98,5,2833,2198,0.7758559830568302,True,0.7757586450247,0.4839444030964864,0.049928373530112494,0.9958110909775351,0.3946281262123008,0.7209799225153958,0.5926125823404804
q4409,4409,98,5,3025,2348,0.7761983471074381,True,0.7761070720423001,0.48616597220838165,0.04834109851639658,0.9960721674273931,0.3969444308736968,0.7209799225153958,0.5926125823404804
q4750,4750,98,5,4973,3862,0.7765936054695355,True,0.7765379975874548,0.48891669772411056,0.03772685281195806,0.9976039908893493,0.40029901215007524,0.7209799225153958,0.5926125823404804
q6000,6000,98,5,4730,3676,0.7771670190274842,True,0.7771084337349398,0.4925633350706095,0.038713489761742916,0.9974773510492378,0.4038856347532642,0.7209799225153958,0.5926125823404804
q4375,4375,98,5,3243,2534,0.7813752698119025,True,0.781288532675709,0.519475514043346,0.04702126239853017,0.9962829329796714,0.4302141510284226,0.7209799225153958,0.5926125823404804
q4373,4373,98,5,3037,2375,0.7820217319723411,True,0.7819289005924951,0.5236283634175056,0.04863280288241622,0.9960248100230251,0.43423902957527777,0.7209799225153958,0.5926125823404804
q5593,5593,98,5,3003,2349,0.7822177822177823,True,0.7821238348868176,0.5248941428949876,0.04892060342589058,0.9959778116309783,0.4354792278615197,0.7209799225153958,0.5926125823404804
q4386,4386,98,5,2570,2026,0.7883268482490272,True,0.7882147024504084,0.5648319905373531,0.053342695922137404,0.9952214210134803,0.47489550671358594,0.7209799225153958,0.5926125823404804
q4462,4462,98,5,2478,1955,0.7889426957223568,True,0.7888261395724082,0.5688836356125182,0.05437212062596839,0.995036128561261,0.4788386228825864,0.7209799225153958,0.5926125823404804
q17121,17121,98,5,1322,1045,0.7904689863842662,True,0.7902494331065759,0.5783458095589261,0.07458394083578933,0.9907004455090234,0.4861263534583595,0.7209799225153958,0.5926125823404804
q4271,4271,98,5,3947,3118,0.7899670635926019,True,0.7898936170212766,0.5759762496150435,0.04315271984429568,0.9968675586934007,0.48679035400064014,0.7209799225153958,0.5926125823404804
q4372,4372,98,5,2190,1731,0.7904109589041096,True,0.7902784116841625,0.5785389125414364,0.05795924163921904,0.9943633685762274,0.48811572605343473,0.7209799225153958,0.5926125823404804
q5846,5846,98,5,3201,2547,0.795688847235239,True,0.7955965021861336,0.6142886072520167,0.04832997991122394,0.996073966954523,0.5245647693473121,0.7209799225153958,0.5926125823404804
q17225,17225,98,5,1241,990,0.797743755036261,True,0.7975040257648953,0.6272664575104608,0.07783009855392728,0.9898816991623242,0.5341502573022489,0.7209799225153958,0.5926125823404804
q5982,5982,98,5,2275,1820,0.8,True,0.7998681898066784,0.6434684047965852,0.057707735121209955,0.9944119085116612,0.5527062137777373,0.7209799225153958,0.5926125823404804
q11853,11853,98,6,2694,2157,0.8006681514476615,True,0.800556586270872,0.6482109240341024,0.05309029948255849,0.995266321150297,0.5579011763718317,0.7209799225153958,0.5926125823404804
q9793,9793,98,5,4419,3539,0.8008599230595157,True,0.80079185520362,0.6498343437633155,0.04147115114003293,0.9971062384200481,0.5605512725148784,0.7209799225153958,0.5926125823404804
q4412,4412,98,5,3008,2412,0.8018617021276596,True,0.8017613825191093,0.6565384086677463,0.050340710785148304,0.995741912260616,0.5664597966594093,0.7209799225153958,0.5926125823404804
q5600,5600,98,5,3323,2667,0.8025880228708998,True,0.802496991576414,0.6616401854714941,0.04795278439538935,0.9961347739988862,0.5717653459718478,0.7209799225153958,0.5926125823404804
q5840,5840,98,5,275,222,0.8072727272727273,True,0.8061594202898551,0.6872397854299939,0.16741300093176686,0.9548415721766249,0.5725072742451253,0.7209799225153958,0.5926125823404804
q4428,4428,98,5,4480,3596,0.8026785714285715,True,0.8026110243249275,0.6624322354525899,0.0413082475818366,0.9971288626960699,0.57312571279947,0.7209799225153958,0.5926125823404804
q5592,5592,98,5,1948,1565,0.803388090349076,True,0.8032324268855824,0.6667539851847594,0.06269817601525497,0.9934102704509419,0.5752816258918395,0.7209799225153958,0.5926125823404804
q5606,5606,98,5,2666,2142,0.8034508627156789,True,0.8033370828646419,0.6674827845075174,0.053607189510551816,0.9951741447217772,0.5770283637089155,0.7209799225153958,0.5926125823404804
q4415,4415,98,5,3034,2440,0.8042188529993408,True,0.8041186161449753,0.6729337614351054,0.05031615800876196,0.995746047194173,0.5827877566597398,0.7209799225153958,0.5926125823404804
q4460,4460,98,5,2799,2255,0.8056448731689889,True,0.8055357142857142,0.6828564769907303,0.052506995442051584,0.995369288718171,0.592444014725737,0.7209799225153958,0.5926125823404804
q6011,6011,98,5,3392,2733,0.8057193396226415,True,0.8056292366637194,0.68351310968757,0.04770580532180503,0.9961743349489377,0.593577299055516,0.7209799225153958,0.5926125823404804
q17573,17573,98,5,853,690,0.8089097303634232,True,0.8085480093676815,0.7041185114419214,0.09555372371363981,0.9848265577630769,0.6071083951933763,0.7209799225153958,0.5926125823404804
q4381,4381,98,5,2768,2243,0.8103323699421965,True,0.810220296135789,0.7160239744568679,0.053216512739904034,0.9952438945195407,0.6253791294214087,0.7209799225153958,0.5926125823404804
q17338,17338,98,5,1299,1054,0.8113933795227097,True,0.8111538461538461,0.7227024260811378,0.07779115771838185,0.9898917193141259,0.6286269392911588,0.7209799225153958,0.5926125823404804
q5984,5984,98,5,3279,2661,0.8115279048490394,True,0.8114329268292683,0.7247034549599493,0.04899744073132165,0.9959652178010683,0.6344768463714776,0.7209799225153958,0.5926125823404804
q5990,5990,98,5,2591,2104,0.8120416827479737,True,0.8119212962962963,0.7282101540574138,0.05516435633764626,0.9948911657042151,0.6372814084508427,0.7209799225153958,0.5926125823404804
q4367,4367,98,5,2237,1820,0.813589628967367,True,0.813449508489723,0.7392252773956264,0.05952495843869477,0.9940565525669744,0.6476964492890328,0.7209799225153958,0.5926125823404804
q5980,5980,98,5,3142,2561,0.8150859325270529,True,0.8149856824689787,0.7503626665125502,0.050365065394014266,0.9957378087415313,0.6598818231538486,0.7209799225153958,0.5926125823404804
q6006,6006,98,5,2551,2082,0.8161505292042336,True,0.8160266457680251,0.7579472832680855,0.05599683533310495,0.9947366262786298,0.6667630292065296,0.7209799225153958,0.5926125823404804
q5966,5966,98,5,3130,2555,0.8162939297124601,True,0.816192909613542,0.7591615452304602,0.05056977275161157,0.9957032403960698,0.6686199865411899,0.7209799225153958,0.5926125823404804
q5569,5569,98,5,4443,3631,0.8172406031960388,True,0.8171692169216922,0.7663076402834862,0.04252111281836013,0.9969583070437953,0.6765871292520905,0.7209799225153958,0.5926125823404804
q4374,4374,98,5,3179,2601,0.8181818181818182,True,0.8180817610062893,0.7730117883531169,0.050349217756395226,0.9957404791388914,0.682436240276883,0.7209799225153958,0.5926125823404804
q17106,17106,98,5,1622,1329,0.8193588162762022,True,0.819162045594578,0.7809795563177856,0.07061541006818489,0.9916557170435847,0.6875380086549163,0.7209799225153958,0.5926125823404804
q5566,5566,98,5,3748,3074,0.82017075773746,True,0.8200853560949587,0.7878167312350812,0.04654094800645787,0.9963582084363453,0.6976106308306127,0.7209799225153958,0.5926125823404804
q4345,4345,98,5,2957,2427,0.8207642881298614,True,0.8206558485463151,0.7920539145024791,0.05245055862066272,0.9953791919779926,0.7011427662646247,0.7209799225153958,0.5926125823404804
q5587,5587,98,5,1959,1615,0.8244002041858091,True,0.824234693877551,0.818859654844613,0.06486790039363266,0.9929495635332996,0.7260480898644297,0.7209799225153958,0.5926125823404804
q5962,5962,98,5,3581,2951,0.8240714884110584,True,0.8239810161920714,0.81694663061138,0.04796077927474354,0.9961334900234472,0.7264705602109172,0.7209799225153958,0.5926125823404804
q4354,4354,98,5,2005,1653,0.8244389027431421,True,0.8242771684945165,0.8191801588595805,0.06412500659849552,0.9931090213484656,0.726482981388551,0.7209799225153958,0.5926125823404804
q17311,17311,98,5,1441,1189,0.8251214434420542,True,0.8248959778085991,0.8238559586450301,0.07572192466960566,0.9904172399963296,0.7291448717223917,0.7209799225153958,0.5926125823404804
q5539,5539,98,5,2573,2125,0.8258841818888457,True,0.8257575757575758,0.8303863761403588,0.056769646195794936,0.9945911356323567,0.7387127877766538,0.7209799225153958,0.5926125823404804
q5985,5985,98,5,2211,1829,0.8272274988692899,True,0.8270795660036167,0.8404522476465915,0.06139546421159581,0.9936795491509648,0.7480379757053275,0.7209799225153958,0.5926125823404804
q17050,17050,98,5,1297,1074,0.8280647648419429,True,0.8278120184899846,0.8460535028569545,0.08026212043341999,0.9892463757383774,0.7502417219727128,0.7209799225153958,0.5926125823404804
q11926,11926,98,6,2150,1780,0.827906976744186,True,0.8277545327754533,0.8456132648208935,0.06234175846124589,0.993484491432311,0.7530185275604235,0.7209799225153958,0.5926125823404804
q11621,11621,98,6,2281,1894,0.8303375712406839,True,0.8301928133216476,0.8643815568225066,0.06081739037170739,0.993797275449605,0.7719074818527746,0.7209799225153958,0.5926125823404804
q5542,5542,98,5,2118,1760,0.8309726156751652,True,0.8308164228409627,0.8692134631399396,0.06319173987529529,0.9933068097334697,0.7763260901738673,0.7209799225153958,0.5926125823404804
q11551,11551,98,6,2276,1892,0.8312829525483304,True,0.8311374615722442,0.8717060789486384,0.06099910064205568,0.9937603866796303,0.7791576493523453,0.7209799225153958,0.5926125823404804
q5983,5983,98,5,2639,2208,0.8366805608184918,True,0.8365530303030303,0.9142917067477536,0.05728274534112799,0.9944934611011308,0.8220835446015022,0.7209799225153958,0.5926125823404804
q6012,6012,98,5,2182,1826,0.8368469294225481,True,0.836692624828218,0.9154031753413532,0.063012403602116,0.9933444934898412,0.8222378384561834,0.7209799225153958,0.5926125823404804
q4421,4421,98,5,2948,2467,0.8368385345997287,True,0.8367243133265514,0.9156555815885471,0.05421811399976482,0.9950640700283231,0.823912373015947,0.7209799225153958,0.5926125823404804
q17194,17194,98,5,1415,1192,0.8424028268551237,True,0.8421610169491526,0.9595131825753511,0.07916260221236827,0.9895359255366295,0.862733744922056,0.7209799225153958,0.5926125823404804
q4389,4389,98,5,2876,2421,0.8417941585535466,True,0.8416753562738964,0.9555496946319225,0.05547781314545647,0.994833242392474,0.863409237721815,0.7209799225153958,0.5926125823404804
q5634,5634,98,5,2408,2028,0.8421926910299004,True,0.8420506434205064,0.9586116164149056,0.06067754872611575,0.993825591444345,0.8655777203083914,0.7209799225153958,0.5926125823404804
q4443,4443,98,5,2392,2017,0.8432274247491639,True,0.843083994985374,0.9670710169192791,0.061018911852441425,0.9937563583436093,0.8739240044075933,0.7209799225153958,0.5926125823404804
q4410,4410,98,5,2912,2458,0.8440934065934066,True,0.8439752832131823,0.9744012547496906,0.055414828382488186,0.9948449070778593,0.8821737399992894,0.7209799225153958,0.5926125823404804
q5835,5835,98,5,2678,2262,0.8446601941747572,True,0.8445315416200074,0.9789921496578399,0.0578562431614124,0.9943832718947985,0.886329496411884,0.7209799225153958,0.5926125823404804
q4385,4385,98,5,2423,2047,0.8448204704911267,True,0.8446782178217822,0.9802047626578535,0.06084336053543246,0.9937920098526416,0.8870075684451059,0.7209799225153958,0.5926125823404804
q6901,6901,98,6,15306,12952,0.8462041029661571,True,0.8461814855948259,0.9926829679108201,0.024294596292853958,0.9990050158237078,0.9041262187451408,0.7209799225153958,0.5926125823404804
q4397,4397,98,5,2867,2432,0.8482734565748169,True,0.8481520223152023,1.0091808426596498,0.05638043705930767,0.9946646527218493,0.9166079270819293,0.7209799225153958,0.5926125823404804
q4427,4427,98,5,2174,1847,0.8495860165593376,True,0.8494252873563218,1.0199278723262353,0.06493444890923401,0.9929351921639794,0.9256852906336052,0.7209799225153958,0.5926125823404804
q4433,4433,98,5,2645,2250,0.8506616257088847,True,0.8505291005291006,1.0293009432655222,0.05902516332548551,0.9941553597442012,0.9361411069401461,0.7209799225153958,0.5926125823404804
q4405,4405,98,5,2759,2356,0.8539325842696629,True,0.8538043478260869,1.0574286879024066,0.058249051106992314,0.9943071804544962,0.9642516865669589,0.7209799225153958,0.5926125823404804
q4269,4269,98,5,301,259,0.8604651162790697,True,0.859271523178808,1.1054829490076943,0.17851133001394404,0.9489713806142654,0.9658883964772609,0.7209799225153958,0.5926125823404804
q4436,4436,98,5,6003,5128,0.85423954689322,True,0.854180546302465,1.0606903947828141,0.03952950440737528,0.9973701665548964,0.9704752151628778,0.7209799225153958,0.5926125823404804
q5844,5844,98,5,2238,1916,0.8561215370866846,True,0.8559624832514515,1.0762288943705394,0.06501596608080684,0.9929175687515993,0.9815711347530253,0.7209799225153958,0.5926125823404804
q5993,5993,98,5,2828,2421,0.8560820367751061,True,0.8559561682573348,1.0761735660513836,0.05783940089826161,0.9943865231841976,0.9829682851684987,0.7209799225153958,0.5926125823404804
q5986,5986,98,5,2852,2442,0.8562412342215989,True,0.8561163687346652,1.0775777300871476,0.057618531657158266,0.9944290749111667,0.9844066898300369,0.7209799225153958,0.5926125823404804
q5994,5994,98,5,2750,2359,0.8578181818181818,True,0.8576881134133042,1.0914187444833692,0.058908349051558506,0.9941783360833147,0.9979189147435824,0.7209799225153958,0.5926125823404804
q11898,11898,98,6,1957,1683,0.8599897802759325,True,0.859805924412666,1.1102574003941175,0.07020344323547772,0.9917519926337753,1.0141667167571338,0.7209799225153958,0.5926125823404804
q5584,5584,98,5,3477,2995,0.8613747483462755,True,0.8612708453133985,1.1234184558383744,0.052874684281411455,0.9953045126018457,1.0308987855952274,0.7209799225153958,0.5926125823404804
q5836,5836,98,5,2494,2152,0.8628708901363272,True,0.8627254509018036,1.136594712171919,0.06266661823935848,0.9934168587193387,1.042033140245063,0.7209799225153958,0.5926125823404804
q17318,17318,98,5,1265,1098,0.8679841897233201,True,0.867693522906793,1.1824400860518245,0.08916587252949269,0.9867615037313787,1.0802905325669394,0.7209799225153958,0.5926125823404804
q4387,4387,98,5,2851,2494,0.8747807786741494,True,0.8746493688639552,1.2489761193352136,0.06060654905898605,0.9938399435601414,1.15416606155468,0.7209799225153958,0.5926125823404804
q17354,17354,98,5,1191,1046,0.8782535684298909,True,0.8779362416107382,1.2814487546914364,0.0946838812094254,0.9850974553120325,1.1760019468055711,0.7209799225153958,0.5926125823404804
q10661,10661,98,6,5412,4756,0.8787878787878788,True,0.8787179013486052,1.2892746061361346,0.04453940935348711,0.9966636878707773,1.1976093703655193,0.7209799225153958,0.5926125823404804
q5551,5551,98,5,2434,2143,0.8804437140509449,True,0.8802874743326489,1.3051127753968805,0.06673401867012065,0.9925411442597164,1.208375680978653,0.7209799225153958,0.5926125823404804
q10642,10642,98,6,23616,20794,0.8805047425474255,True,0.8804886310708389,1.3071547248946698,0.021441757417206584,0.9992248011973021,1.2185531092321844,0.7209799225153958,0.5926125823404804
q8194,8194,98,5,4293,3808,0.8870253901700442,True,0.8869352585002329,1.3741245350070368,0.051358458805053776,0.9955687692930586,1.2807676353777107,0.7209799225153958,0.5926125823404804
q17228,17228,98,5,1261,1130,0.8961141950832673,True,0.8958003169572107,1.471537330963054,0.09778191305657466,0.9841220239512664,1.3619078385803078,0.7209799225153958,0.5926125823404804
q5842,5842,98,5,287,261,0.9094076655052264,True,0.9079861111111112,1.6174226167744945,0.215055723560473,0.9276072186783693,1.4190223136598064,0.7209799225153958,0.5926125823404804
q5832,5832,98,5,4354,3927,0.9019292604501608,True,0.9018369690011481,1.541896978747454,0.05389086497099793,0.9951231849547688,1.4471486538261225,0.7209799225153958,0.5926125823404804
q17371,17371,98,5,1241,1127,0.9081385979049154,True,0.9078099838969405,1.6152005683568451,0.10347893313295516,0.982251738337582,1.5004330503910714,0.7209799225153958,0.5926125823404804
q5837,5837,98,5,206,191,0.9271844660194176,True,0.9251207729468599,1.8534448131907837,0.27610617403844906,0.8860208741991211,1.564525515852975,0.7209799225153958,0.5926125823404804
q11791,11791,98,6,1046,971,0.9282982791586998,True,0.9278892072588347,1.8959256154273105,0.12473058695253504,0.9744188111800134,1.762011673743603,0.7209799225153958,0.5926125823404804
q11651,11651,98,6,2023,1881,0.9298072170044488,True,0.9295948616600791,1.9228208359734875,0.0906231054919419,0.986331218778058,1.8100801109903204,0.7209799225153958,0.5926125823404804
q11859,11859,98,6,2326,2179,0.9368013757523646,True,0.936613665663945,2.0399736846286336,0.08839814464242074,0.9869855379708266,1.9269090617477307,0.7209799225153958,0.5926125823404804
q17060,17060,98,5,1162,1094,0.9414802065404476,True,0.9411006018916594,2.1211179514909286,0.1290824824586325,0.9726522656545387,1.9778511194886175,0.7209799225153958,0.5926125823404804
q17072,17072,98,5,1249,1178,0.9431545236188952,True,0.9428,2.1533151573497085,0.1261106261015805,0.9738644872600543,2.011671841057578,0.7209799225153958,0.5926125823404804
q9451,9451,103,5,9762,1997,0.2045687359147715,True,0.2045989962101813,-1.7069451255952128,0.025772296247849304,0.998980527699398,-1.74103301644868,0.7122153868620507,0.6508603603256821
q6049,6049,103,5,35708,8018,0.22454351965946,True,0.22455123358257023,-1.585106848761437,0.013060097691760461,0.999738006068865,-1.6205468012013762,0.7122153868620507,0.6508603603256821
q10834,10834,103,6,5867,1974,0.336458155786603,True,0.3364860259032038,-1.004356788363719,0.02882193941954176,0.9987253098329364,-1.038895465472857,0.7122153868620507,0.6508603603256821
q3820,3820,103,5,1796,619,0.3446547884187082,True,0.34474123539232054,-0.9659943669975117,0.05182312773646661,0.9958906693925853,-0.9977420342593153,0.7122153868620507,0.6508603603256821
q11607,11607,103,6,4053,1431,0.3530717986676536,True,0.3531080414405525,-0.927521954546355,0.03434086257304921,0.9981913755813558,-0.9616441871638378,0.7122153868620507,0.6508603603256821
q4238,4238,103,5,12444,4663,0.3747187399549984,True,0.37472880674969866,-0.829789354211034,0.01939366316996206,0.9994224614469874,-0.8651540427892505,0.7122153868620507,0.6508603603256821
q3815,3815,103,5,18306,7123,0.3891073964820277,True,0.3891134538701043,-0.7659238821052305,0.01589683932241392,0.9996118807743943,-0.801477329697831,0.7122153868620507,0.6508603603256821
q6045,6045,103,5,20110,7828,0.3892590750870214,True,0.3892645815722739,-0.7652572020372805,0.01516624235979774,0.999646723533221,-0.8008388216762656,0.7122153868620507,0.6508603603256821
q5470,5470,103,5,19480,7658,0.3931211498973306,True,0.39312663620964017,-0.7482485432573246,0.015387796401646068,0.9996363303386278,-0.7838280222143212,0.7122153868620507,0.6508603603256821
q6048,6048,103,5,13688,5921,0.4325686732904734,True,0.4325735992402659,-0.5771392180104651,0.018158636880753122,0.9994936408044589,-0.6126934550032979,0.7122153868620507,0.6508603603256821
q6050,6050,103,5,10071,4456,0.4424585443352199,True,0.4424642573471009,-0.5348181932556415,0.02113253144428982,0.9993143265410982,-0.5702915283171801,0.7122153868620507,0.6508603603256821
q6044,6044,103,5,10542,4837,0.4588313413014608,True,0.4588352461348762,-0.4651117864894842,0.020612205728347512,0.9993476544380941,-0.5006496138747015,0.7122153868620507,0.6508603603256821
q3937,3937,103,5,10467,4855,0.4638387312505971,True,0.4638421857088269,-0.4438590466632368,0.020676896133491857,0.9993435559951015,-0.4794087720587879,0.7122153868620507,0.6508603603256821
q4290,4290,103,5,9943,4692,0.4718897716986825,True,0.4718925985518906,-0.4097358287552024,0.02120391962596381,0.9993096893482262,-0.44529286313895144,0.7122153868620507,0.6508603603256821
q5478,5478,103,5,11137,5360,0.4812786208135045,True,0.4812803016699587,-0.36999894187045235,0.02002929118325084,0.999384007061557,-0.4056135699036019,0.7122153868620507,0.6508603603256821
q5444,5444,103,5,13160,6664,0.5063829787234042,True,0.5063824937314794,-0.26383532623777095,0.01843997726778582,0.9994778369834448,-0.2995434711326226,0.7122153868620507,0.6508603603256821
q6029,6029,103,5,14790,7528,0.5089925625422583,True,0.5089919545669664,-0.25279245414085405,0.01739790796277358,0.9995351591239234,-0.2885229116574473,0.7122153868620507,0.6508603603256821
q6024,6024,103,5,8788,4495,0.5114929449248976,True,0.511491637273865,-0.24221088765793283,0.02257475669624956,0.9992176187795425,-0.2778579637212547,0.7122153868620507,0.6508603603256821
q4366,4366,103,5,12579,6461,0.5136338341680579,True,0.5136327503974563,-0.23314428331419573,0.01887310091428435,0.9994530330413306,-0.26886178145491063,0.7122153868620507,0.6508603603256821
q5453,5453,103,5,22529,11649,0.5170668915619868,True,0.5170661340434975,-0.21859906758391168,0.014107930943334538,0.9996942925371732,-0.2543859132621477,0.7122153868620507,0.6508603603256821
q9898,9898,103,5,6233,3312,0.5313653136531366,True,0.5313602823227462,-0.15793067761767338,0.026873476016495833,0.9988916466228014,-0.19358052105787174,0.7122153868620507,0.6508603603256821
q5451,5451,103,5,14094,7776,0.5517241379310345,True,0.5517204682511528,-0.07105675148961862,0.01794535149970315,0.9995054601561056,-0.10686851173456703,0.7122153868620507,0.6508603603256821
q4758,4758,103,5,9580,5307,0.5539665970772443,True,0.5539609644087256,-0.06145357520178123,0.021777813121725786,0.9992718441182253,-0.09724734950485293,0.7122153868620507,0.6508603603256821
q6038,6038,103,5,9829,5538,0.5634347339505544,True,0.5634282807731434,-0.02076001198242942,0.021553820013022845,0.9992867351800134,-0.056584260744058354,0.7122153868620507,0.6508603603256821
q5104,5104,103,5,12933,7370,0.5698600479393798,True,0.5698546466676976,0.006979200970625992,0.018825645456792925,0.9994557787295756,-0.028869716092395806,0.7122153868620507,0.6508603603256821
q3819,3819,103,5,14079,8091,0.5746857021095249,True,0.5746803977272728,0.027878046922001465,0.01807052789965261,0.9994985403170523,-0.007982585256790294,0.7122153868620507,0.6508603603256821
q6030,6030,103,5,9105,5338,0.5862712795167491,True,0.586261805403031,0.07830002550083345,0.022559889291926465,0.999218648164895,0.04240223140047172,0.7122153868620507,0.6508603603256821
q3805,3805,103,5,18854,11172,0.5925533043386019,True,0.5925483956510209,0.10584331344097021,0.01571514944503229,0.9996206985974141,0.06995213329910885,0.7122153868620507,0.6508603603256821
q10932,10932,103,6,5284,3278,0.6203633610900833,True,0.6203405865657521,0.22935347069712947,0.030052142747011644,0.9986143266762967,0.19322072125023732,0.7122153868620507,0.6508603603256821
q4360,4360,103,5,11997,7743,0.6454113528382096,True,0.6453992332055343,0.3437141543883825,0.020224387741772026,0.9993719559552379,0.30765617420060043,0.7122153868620507,0.6508603603256821
q3997,3997,103,5,16786,11000,0.6553079947575361,True,0.6552987430749985,0.38984668430291686,0.0172052164911796,0.999545394188414,0.3538211248752896,0.7122153868620507,0.6508603603256821
q3838,3838,103,5,10669,7088,0.6643546724154091,True,0.6643392689784442,0.43251422976029497,0.021713027717040513,0.9992761668305874,0.3963624844967303,0.7122153868620507,0.6508603603256821
q3908,3908,103,5,8311,5574,0.6706774154734689,True,0.6706568816169394,0.4626589514327836,0.02471203131690745,0.9990626068546471,0.42639424023629613,0.7122153868620507,0.6508603603256821
q3777,3777,103,5,9935,6753,0.6797181680926019,True,0.679700080515298,0.506313210807372,0.022756815770333404,0.9992049585973606,0.4700745475817011,0.7122153868620507,0.6508603603256821
q6433,6433,103,5,14388,9818,0.6823742007228246,True,0.6823615261658211,0.5192799108250167,0.018949909396527655,0.9994485744230186,0.4831487061470126,0.7122153868620507,0.6508603603256821
q6051,6051,103,5,322,223,0.6925465838509317,True,0.6919504643962848,0.5664750779091021,0.1274734686967477,0.9756419646179101,0.5176858128867557,0.7122153868620507,0.6508603603256821
q5497,5497,103,5,10736,7634,0.7110655737704918,True,0.7110459159914315,0.662897005543285,0.022491855529073464,0.9992233500432585,0.6265453837496965,0.7122153868620507,0.6508603603256821
q5463,5463,103,5,11409,8127,0.7123323691822245,True,0.7123137598597721,0.6694240522110151,0.021845000977509542,0.999267347541744,0.6330952362163198,0.7122153868620507,0.6508603603256821
q5526,5526,103,5,15157,10866,0.7168964834729827,True,0.7168821744293442,0.693081627023111,0.01903765971704975,0.9994434585344647,0.656851221384596,0.7122153868620507,0.6508603603256821
q6411,6411,103,5,10382,7520,0.7243305721440956,True,0.7243089665799866,0.7320230150562798,0.023176723609444116,0.9991753721804567,0.6955843063592488,0.7122153868620507,0.6508603603256821
q4275,4275,103,5,11030,7999,0.7252039891205803,True,0.7251835735654066,0.7366496488660113,0.02250622717460019,0.9992223579844871,0.7002400518652588,0.7122153868620507,0.6508603603256821
q3811,3811,103,5,11031,8126,0.7366512555525337,True,0.7366298042059464,0.7980385456931255,0.02278704003604505,0.9992028470249666,0.7615663393626368,0.7122153868620507,0.6508603603256821
q6053,6053,103,5,15806,11699,0.7401619638112109,True,0.7401467704181691,0.8172289295735282,0.019113208976815253,0.9994390350820477,0.7809259744855416,0.7122153868620507,0.6508603603256821
q3782,3782,103,5,14560,10777,0.7401785714285715,True,0.7401620767804409,0.8173128012505569,0.019914545943157873,0.9993910404480942,0.7809722937949114,0.7122153868620507,0.6508603603256821
q5430,5430,103,5,266,212,0.7969924812030075,True,0.795880149812734,1.147118483551312,0.1589807174003308,0.9626186191350657,1.0697136431488945,0.7122153868620507,0.6508603603256821
q5475,5475,103,5,9812,7783,0.7932123929881777,True,0.7931825129929685,1.1298131790396515,0.026106394873244492,0.9989539523875496,1.092804219647459,0.7122153868620507,0.6508603603256821
q4344,4344,103,5,10106,8077,0.7992281812784484,True,0.7991985752448798,1.1686320685553235,0.025986181294162386,0.998963553833773,1.1315933789620116,0.7122153868620507,0.6508603603256821
q6043,6043,103,5,10971,8841,0.8058517910855892,True,0.8058239154210718,1.212364626577928,0.025234106054425984,0.999022620225947,1.1753501021522836,0.7122153868620507,0.6508603603256821
q5757,5757,103,5,15094,12164,0.8058831323704784,True,0.8058628684995032,1.212624933960723,0.02151517305441856,0.9992892889017484,1.1759239602259985,0.7122153868620507,0.6508603603256821
q3808,3808,103,5,11089,9110,0.8215348543601767,True,0.8215058611361588,1.3204328538991166,0.025865361495022932,0.9989731592332934,1.2832491697547381,0.7122153868620507,0.6508603603256821
q3759,3759,103,5,10140,8502,0.8384615384615385,True,0.8384281629030668,1.4454163880416244,0.02806173727966364,0.9987915848511071,1.4078484272208904,0.7122153868620507,0.6508603603256821
q3828,3828,103,5,8721,7812,0.8957688338493293,True,0.8957234579224949,1.9665864535706634,0.03602691941174832,0.9980097793376282,1.9268792539865087,0.7122153868620507,0.6508603603256821
q6721,6721,106,5,14557,4209,0.2891392457237068,True,0.2891537299079544,-1.5652905577076341,0.01913035393563993,0.9994804684201551,-1.6471021540241861,0.7073533120237413,0.7040578911687007
q9468,9468,106,5,7145,2086,0.2919524142757173,True,0.29198152812762385,-1.5509320935546,0.027237853164946597,0.9989473597273263,-1.631880263262741,0.7073533120237413,0.7040578911687007
q4022,4022,106,5,24512,8415,0.3433012402088773,True,0.34330763268469794,-1.3017260651202367,0.014183986673644997,0.9997143303016894,-1.3839983484593736,0.7073533120237413,0.7040578911687007
q4247,4247,106,5,10344,3731,0.36069218870843,True,0.36070565490575157,-1.2211950883423377,0.0216382633414491,0.9993354193170328,-1.3029963289845674,0.7073533120237413,0.7040578911687007
q10204,10204,106,5,5812,2141,0.3683757742601514,True,0.3683984173404438,-1.186080774458547,0.028764883562254106,0.9988261657393485,-1.2672592366637465,0.7073533120237413,0.7040578911687007
q9958,9958,106,5,6441,2444,0.3794441856854526,True,0.37946289972058367,-1.1360442157830009,0.027199935814436523,0.9989502853382517,-1.2174326786570075,0.7073533120237413,0.7040578911687007
q10203,10203,106,5,6019,2390,0.3970759262335936,True,0.39709302325581397,-1.0573162990055769,0.027964350676021644,0.9988905212189556,-1.1387192735846539,0.7073533120237413,0.7040578911687007
q5506,5506,106,5,10141,4029,0.3972980968346317,True,0.39730822323013215,-1.0563620992510492,0.021543293777753384,0.999341236322337,-1.1382795104564931,0.7073533120237413,0.7040578911687007
q9469,9469,106,5,5022,2007,0.3996415770609319,True,0.3996615568385427,-1.0459372056266734,0.03059002548925259,0.9986726835460049,-1.1271069523884194,0.7073533120237413,0.7040578911687007
q6039,6039,106,5,10438,4434,0.424794021843265,True,0.4248012261710892,-0.9355681946431442,0.021086619951742314,0.9993688517530882,-1.0175932995099957,0.7073533120237413,0.7040578911687007
q10205,10205,106,5,5246,2250,0.428898208158597,True,0.42891175910043833,-0.9176707948930274,0.029719323094785075,0.9987470752826598,-0.9990852086947779,0.7073533120237413,0.7040578911687007
q5076,5076,106,5,8896,3871,0.4351393884892086,True,0.43514667865572665,-0.8905893970742027,0.022798583015232115,0.9992622880170997,-0.9725391763112642,0.7073533120237413,0.7040578911687007
q8588,8588,106,5,5155,2309,0.4479146459747817,True,0.4479247478665632,-0.8353017201544436,0.029896489822661562,0.998732111554902,-0.9168055999604471,0.7073533120237413,0.7040578911687007
q9959,9959,106,5,5318,2399,0.451109439638962,True,0.451118631321677,-0.8215208631293555,0.029424880232898548,0.9987717485472409,-0.9030780548423798,0.7073533120237413,0.7040578911687007
q3830,3830,106,5,10744,5107,0.4753350707371556,True,0.475337366216845,-0.7173705132551943,0.020674552001314413,0.9993932633039992,-0.7995528633812384,0.7073533120237413,0.7040578911687007
q3784,3784,106,5,13583,6555,0.4825885297798719,True,0.48258981154299174,-0.6862579564811391,0.01838762561400532,0.9995200075274882,-0.7685566406302834,0.7073533120237413,0.7040578911687007
q3845,3845,106,5,7948,4021,0.5059134373427278,True,0.505912693420556,-0.5862298013231366,0.02406716668138922,0.9991779761583774,-0.6683477142841763,0.7073533120237413,0.7040578911687007
q4261,4261,106,5,1684,862,0.5118764845605701,True,0.5118694362017804,-0.560654449112612,0.05230590580683908,0.9961291287694733,-0.6408319943771985,0.7073533120237413,0.7040578911687007
q6413,6413,106,5,9921,5108,0.514867452877734,True,0.5148659544446684,-0.5477799538223053,0.02156287560228106,0.9993400389993748,-0.6300316456227384,0.7073533120237413,0.7040578911687007
q6414,6414,106,5,8090,4206,0.5199011124845488,True,0.5198986528241256,-0.526140601801909,0.023894431619358777,0.9991897239595836,-0.608315061677218,0.7073533120237413,0.7040578911687007
q5460,5460,106,5,10884,5672,0.5211319367879456,True,0.5211299954065227,-0.5208426133736362,0.020604433038712452,0.999397369415531,-0.6031466822692413,0.7073533120237413,0.7040578911687007
q6033,6033,106,5,9761,5171,0.529761294949288,True,0.5297582462610121,-0.48367293861462496,0.021787583831358405,0.999326221645441,-0.5659591132150443,0.7073533120237413,0.7040578911687007
q5464,5464,106,5,6598,3554,0.5386480751742952,True,0.5386422185179572,-0.44530230825098743,0.026544652924718398,0.9990002041976862,-0.5274422086965722,0.7073533120237413,0.7040578911687007
q9472,9472,106,5,5212,2857,0.5481580966999232,True,0.548148858622674,-0.4041048102530401,0.029929022180694296,0.9987293542142408,-0.4861540574408613,0.7073533120237413,0.7040578911687007
q3799,3799,106,5,8486,4663,0.5494932830544426,True,0.5494874513962531,-0.3982909447036586,0.02346387736520023,0.999218639025486,-0.4805829050456109,0.7073533120237413,0.7040578911687007
q3841,3841,106,5,7205,4000,0.5551700208188758,True,0.5551623646960866,-0.3736039268882664,0.025500892929180567,0.9990772130188772,-0.45585064801952874,0.7073533120237413,0.7040578911687007
q4352,4352,106,5,10086,5677,0.5628594090818957,True,0.5628531773569941,-0.3400370832430066,0.021599678616318774,0.9993377857578282,-0.42242492478005905,0.7073533120237413,0.7040578911687007
q5504,5504,106,5,6177,3518,0.5695321353407803,True,0.5695208805438653,-0.31082186340529844,0.02765540648890938,0.9989148739189148,-0.3930626402556434,0.7073533120237413,0.7040578911687007
q5465,5465,106,5,9347,5339,0.5711993152883278,True,0.5711916987590928,-0.3034831353161049,0.022494419280343857,0.9992818268067762,-0.38587357479888107,0.7073533120237413,0.7040578911687007
q10353,10353,106,6,5736,3282,0.5721757322175732,True,0.5721631514728952,-0.2992127933752573,0.028722848102739524,0.9988295899771085,-0.3814335992511472,0.7073533120237413,0.7040578911687007
q8590,8590,106,5,4924,2847,0.5781884646628757,True,0.5781725888324873,-0.2727380111711101,0.031062707427468285,0.9986314033871764,-0.35491936673907865,0.7073533120237413,0.7040578911687007
q3772,3772,106,5,5894,3585,0.6082456735663386,True,0.6082273112807464,-0.13857369767537256,0.02873575631278812,0.9988285389956139,-0.22098228463825714,0.7073533120237413,0.7040578911687007
q6412,6412,106,5,6584,4010,0.6090522478736331,True,0.6090356871678057,-0.13491869179650132,0.027198651874946505,0.9989503843328743,-0.217358072351176,0.7073533120237413,0.7040578911687007
q3817,3817,106,5,10309,6321,0.6131535551459889,True,0.6131425800193987,-0.1163073632525788,0.02177857132273527,0.999326778576406,-0.19884117164129608,0.7073533120237413,0.7040578911687007
q5458,5458,106,5,21206,13051,0.6154390266905593,True,0.6154335832508134,-0.10589365821361066,0.015201847255965552,0.9996718731030138,-0.18849954884594802,0.7073533120237413,0.7040578911687007
q5474,5474,106,5,7359,4549,0.6181546405761652,True,0.6181385869565217,-0.09356819842850034,0.025838782562116202,0.9990526202724029,-0.17606899875792278,0.7073533120237413,0.7040578911687007
q3787,3787,106,5,7507,4650,0.6194218729186093,True,0.6194059669685669,-0.08778195195925115,0.02559897116737005,0.9990701077740154,-0.1702912148009375,0.7073533120237413,0.7040578911687007
q5461,5461,106,5,7093,4408,0.6214577752713943,True,0.6214406540738653,-0.07847706987335336,0.026362355116732513,0.999013875924628,-0.1609859237805999,0.7073533120237413,0.7040578911687007
q9470,9470,106,5,5029,3128,0.6219924438258103,True,0.6219681908548708,-0.07606142431167748,0.03131571891632519,0.9986090487820873,-0.1585084024619517,0.7073533120237413,0.7040578911687007
q5472,5472,106,5,7837,4933,0.6294500446599464,True,0.6294335289614698,-0.04173316101896072,0.025185204043220822,0.9990998984867494,-0.12428895026554099,0.7073533120237413,0.7040578911687007
q6415,6415,106,5,5627,3666,0.6515016882886085,True,0.6514747690120825,0.06134123495895242,0.030107948448666426,0.9987141356558515,-0.021299104725707934,0.7073533120237413,0.7040578911687007
q4255,4255,106,5,9769,6367,0.6517555532807862,True,0.651740020470829,0.0625987843159427,0.022855144129611284,0.9992586258072258,-0.0200540997676785,0.7073533120237413,0.7040578911687007
q6042,6042,106,5,8976,5894,0.6566399286987522,True,0.6566224796702684,0.08582508918928378,0.023918522527564875,0.9991880905857728,0.0031547630199133055,0.7073533120237413,0.7040578911687007
q9894,9894,106,5,5123,3386,0.6609408549677923,True,0.6609094457455114,0.10634511102533813,0.03174941343272397,0.9985703106194136,0.02364349706561079,0.7073533120237413,0.7040578911687007
q5084,5084,106,5,7948,5396,0.6789129340714645,True,0.6788904264687382,0.19380752764839887,0.025822293884000647,0.9990538278586882,0.11103460759274357,0.7073533120237413,0.7040578911687007
q5370,5370,106,5,6571,4486,0.6826966976107137,True,0.6826688983566647,0.2124950407156841,0.028481883811929315,0.9988491229147892,0.12967786277011265,0.7073533120237413,0.7040578911687007
q4108,4108,106,5,6277,4315,0.6874303010992512,True,0.6874004460019114,0.23605897091876973,0.029250776218352835,0.9987862228337305,0.15320502546645978,0.7073533120237413,0.7040578911687007
q6034,6034,106,5,5539,3832,0.6918216284527893,True,0.6917870036101083,0.2580724169855972,0.03125001718548825,0.9986148711349866,0.17516169622962208,0.7073533120237413,0.7040578911687007
q4245,4245,106,5,878,610,0.6947608200455581,True,0.6945392491467577,0.27196939922314345,0.07863401611728499,0.9912940723606313,0.18765359016733837,0.7073533120237413,0.7040578911687007
q5480,5480,106,5,7869,5464,0.6943703138899479,True,0.6943456162642948,0.27098949439385506,0.02627523503309291,0.9990203764997028,0.1881372472936021,0.7073533120237413,0.7040578911687007
q3842,3842,106,5,6242,4366,0.6994553027875681,True,0.6994233541566555,0.29679805554253025,0.02962965587696737,0.9987546149623443,0.213863618173448,0.7073533120237413,0.7040578911687007
q6035,6035,106,5,7129,4992,0.7002384626174779,True,0.7002103786816269,0.3008194379704813,0.027744499936309706,0.9989078787155786,0.21791342717641793,0.7073533120237413,0.7040578911687007
q3818,3818,106,5,7587,5369,0.7076578357717148,True,0.7076304691618345,0.3390233519259797,0.02707363080760833,0.9989600014507186,0.2560889797788159,0.7073533120237413,0.7040578911687007
q10823,10823,106,6,5260,3734,0.7098859315589353,True,0.7098460368751188,0.3505354671616717,0.03258107582830078,0.9984945436538452,0.2674644413197943,0.7073533120237413,0.7040578911687007
q5479,5479,106,5,7723,5647,0.731192541758384,True,0.731162610046608,0.4639892841370237,0.027466971086320225,0.9989295951940962,0.38091335304161456,0.7073533120237413,0.7040578911687007
q3768,3768,106,5,5117,3758,0.7344146961110025,True,0.7343688940992575,0.4815101489051467,0.033859660806288404,0.9983742632883915,0.39819397348948254,0.7073533120237413,0.7040578911687007
q3779,3779,106,5,10112,7506,0.7422863924050633,True,0.7422624344902601,0.5252028300097046,0.024300893057210237,0.9991619460389248,0.44216419903736115,0.7073533120237413,0.7040578911687007
q5499,5499,106,5,4553,3391,0.7447836591258511,True,0.744729907773386,0.539030441474352,0.03631644857234325,0.998130241195175,0.4555093906312567,0.7073533120237413,0.7040578911687007
q4807,4807,106,5,6109,4559,0.7462759862497954,True,0.7462356792144026,0.5475098206874695,0.031408292417393596,0.9986008244704141,0.4641916623485447,0.7073533120237413,0.7040578911687007
q10912,10912,106,6,4961,3712,0.7482362426930055,True,0.748186215235792,0.5585409310683396,0.034933230428570744,0.998269717466767,0.4750497733308133,0.7073533120237413,0.7040578911687007
q8369,8369,106,5,5463,4092,0.7490389895661724,True,0.7489934114202049,0.5631217388563895,0.0333219383480953,0.9984254089904082,0.4796974576387458,0.7073533120237413,0.7040578911687007
q6244,6244,106,5,3720,2791,0.750268817204301,True,0.750201558720774,0.5699953871394837,0.04043767956850077,0.9976828370071775,0.48619840689649185,0.7073533120237413,0.7040578911687007
q5468,5468,106,5,6259,4707,0.7520370666240613,True,0.7519968051118211,0.5802483957556158,0.03124459821164608,0.9986153508105018,0.4968916584290789,0.7073533120237413,0.7040578911687007
q5447,5447,106,5,6951,5243,0.7542799597180262,True,0.7542433831990794,0.593145981591222,0.029730817725558214,0.998746107115911,0.5098381338788046,0.7073533120237413,0.7040578911687007
q3843,3843,106,5,5294,4013,0.758027956176804,True,0.7579792256846081,0.6147621509752096,0.034226551324958984,0.9983388995098569,0.5312105260197785,0.7073533120237413,0.7040578911687007
q3752,3752,106,5,6942,5266,0.7585710169979832,True,0.7585337750252052,0.61798918820611,0.029910853625600097,0.9987308944918505,0.5346420461301026,0.7073533120237413,0.7040578911687007
q3783,3783,106,5,6727,5110,0.7596253902185224,True,0.7595868014268727,0.6241302242500012,0.030425943424614233,0.9986868659144246,0.5407514487294134,0.7073533120237413,0.7040578911687007
q5068,5068,106,5,9621,7331,0.7619790042615113,True,0.761951777177302,0.637986380392351,0.02552009863797027,0.9990758238073857,0.5548054054402949,0.7073533120237413,0.7040578911687007
q5476,5476,106,5,5238,4017,0.7668957617411226,True,0.766844817713304,0.6669432809434025,0.03481010967541783,0.9982818716762434,0.5832716579203665,0.7073533120237413,0.7040578911687007
q4208,4208,106,5,3841,2953,0.7688102056756053,True,0.7687402394586154,0.6782681455618529,0.04075361135063168,0.9976465740171858,0.5941986814391914,0.7073533120237413,0.7040578911687007
q3844,3844,106,5,6872,5290,0.769790454016298,True,0.7697512003491925,0.6843337211969942,0.030512109146204218,0.9986794276746815,0.60087141507685,0.7073533120237413,0.7040578911687007
q4251,4251,106,5,6353,5041,0.7934833936722808,True,0.7934372049102927,0.8319328380134687,0.032873542328641946,0.9984674362670352,0.7481167788264007,0.7073533120237413,0.7040578911687007
q5523,5523,106,5,4949,3941,0.7963224893917963,True,0.7962626262626262,0.8503099110873759,0.03741708737741353,0.9980154189653666,0.7661187003320383,0.7073533120237413,0.7040578911687007
q4192,4192,106,5,4571,3648,0.7980748195143295,True,0.7980096237970253,0.8617630776978283,0.039046124227174975,0.9978392323553356,0.7774118710428097,0.7073533120237413,0.7040578911687007
q6452,6452,106,5,6133,4909,0.8004239360834828,True,0.8003749592435605,0.8773827783350967,0.03384451938996872,0.9983757146011035,0.793424171632652,0.7073533120237413,0.7040578911687007
q4243,4243,106,5,225,182,0.8088888888888889,True,0.8075221238938053,0.9254004319462251,0.17853144226604764,0.9566896081552805,0.8062335871148213,0.7073533120237413,0.7040578911687007
q3761,3761,106,5,5854,4715,0.8054321831226512,True,0.8053800170794193,0.9108759569444175,0.03494255981073693,0.9982687947537693,0.826774395867306,0.7073533120237413,0.7040578911687007
q5371,5371,106,5,5931,4777,0.8054291013319845,True,0.8053776129467296,0.9108597208890191,0.03471488713219833,0.9982912426091737,0.8267767790531763,0.7073533120237413,0.7040578911687007
q9474,9474,106,5,5365,4358,0.8123019571295433,True,0.8122437569884458,0.9578348794924681,0.036955218507355087,0.9980640168334081,0.87347280798014,0.7073533120237413,0.7040578911687007
q9471,9471,106,5,4612,3763,0.8159150043365134,True,0.8158465207023629,0.9829872139381378,0.04012795322963546,0.9977181163064401,0.8982650269571019,0.7073533120237413,0.7040578911687007
q4753,4753,106,5,5861,4786,0.8165842006483536,True,0.8165301944728761,0.9878010271393713,0.0356436648914177,0.9981987526444264,0.9035028955340945,0.7073533120237413,0.7040578911687007
q5434,5434,106,5,6219,5136,0.8258562469850458,True,0.8258038585209003,1.0544532402753979,0.03524480673777238,0.9982387689667507,0.970073938828367,0.7073533120237413,0.7040578911687007
q10751,10751,106,6,4700,3883,0.8261702127659575,True,0.8261008296107212,1.0566310783177653,0.04056584431278696,0.9976681598234581,0.9716921888216694,0.7073533120237413,0.7040578911687007
q5489,5489,106,5,8194,6779,0.8273126678057114,True,0.8272727272727273,1.0652526334924624,0.030798830477491143,0.9986545258607201,0.9812628282528968,0.7073533120237413,0.7040578911687007
q5477,5477,106,5,5499,4556,0.828514275322786,True,0.8284545454545454,1.0739919947352081,0.037687665407210996,0.9979866705724186,0.9893283697803147,0.7073533120237413,0.7040578911687007
q9956,9956,106,5,4627,3845,0.8309920034579641,True,0.8309204840103717,1.0923750351521606,0.0413002876438261,0.9975831655988602,1.0072669771747573,0.7073533120237413,0.7040578911687007
q4170,4170,106,5,4698,3904,0.8309919114516816,True,0.8309214726537562,1.0923824459531442,0.04098717138723634,0.9976195860210841,1.0073111443001517,0.7073533120237413,0.7040578911687007
q4257,4257,106,5,206,173,0.8398058252427184,True,0.8381642512077294,1.1475849655889625,0.19842525282630688,0.9470393231979184,1.0085184670798406,0.7073533120237413,0.7040578911687007
q5505,5505,106,5,6462,5373,0.8314763231197771,True,0.8314250348135541,1.0961614018359631,0.03498666057691209,0.9982644297005527,1.0117346496709358,0.7073533120237413,0.7040578911687007
q5487,5487,106,5,4672,3890,0.8326198630136986,True,0.8325486839289535,1.1046248453940315,0.041245335065030336,0.9975895773221323,1.0194937341598382,0.7073533120237413,0.7040578911687007
q3794,3794,106,5,5585,4650,0.8325872873769025,True,0.8325277479412818,1.104466758313288,0.0377226810137842,0.99798293521576,1.0197379608364023,0.7073533120237413,0.7040578911687007
q9473,9473,106,5,4744,3962,0.8351602023608768,True,0.8350895679662803,1.1239240825910106,0.0411596428082811,0.9975995587990873,1.0387568453137734,0.7073533120237413,0.7040578911687007
q5372,5372,106,5,5180,4359,0.8415057915057915,True,0.8414398764717236,1.17317652216514,0.03996205995464835,0.997736901802543,1.0880408310510226,0.7073533120237413,0.7040578911687007
q9467,9467,106,5,4680,3970,0.8482905982905983,True,0.848216193121128,1.227450791607428,0.042731502510949974,0.9974131987171777,1.1418217026934383,0.7073533120237413,0.7040578911687007
q4012,4012,106,5,5569,4729,0.849165020650027,True,0.8491023339317774,1.2346876958418316,0.039259440265996134,0.9978156102482582,1.1495034725998128,0.7073533120237413,0.7040578911687007
q5525,5525,106,5,5362,4555,0.8494964565460649,True,0.8494312884579527,1.2373826979357037,0.04004274989632037,0.9977277742314229,1.1520911621982395,0.7073533120237413,0.7040578911687007
q3754,3754,106,5,5767,4903,0.8501820704005549,True,0.850121359223301,1.2430512890290446,0.03867813078004055,0.9978796831481954,1.1579231455773509,0.7073533120237413,0.7040578911687007
q10347,10347,106,6,4572,3906,0.8543307086614174,True,0.8542532254537503,1.2774306253954903,0.04390015978701994,0.9972701633677004,1.191501355259735,0.7073533120237413,0.7040578911687007
q5473,5473,106,5,3964,3453,0.8710898082744702,True,0.8709962168978562,1.4252780109162428,0.04942051143501142,0.996542978076385,1.3379688151470357,0.7073533120237413,0.7040578911687007
q3766,3766,106,5,4756,4149,0.8723717409587889,True,0.8722934622661341,1.4373711008332197,0.045298838945697355,0.9970939582073051,1.3507665136096445,0.7073533120237413,0.7040578911687007
q9957,9957,106,5,4539,4014,0.88433575677462,True,0.8842511013215859,1.5538983462259022,0.048220083436577466,0.9967083349626712,1.4663877852460068,0.7073533120237413,0.7040578911687007
q8589,8589,106,5,4453,3979,0.8935549068044015,True,0.8934665469241132,1.6507865262177486,0.05035332830012469,0.9964117159111899,1.5624919079030009,0.7073533120237413,0.7040578911687007
q5369,5369,106,5,4315,3882,0.8996523754345307,True,0.8995597775718258,1.718835579261251,0.05241018725871011,0.9961137388375407,1.6298092411142326,0.7073533120237413,0.7040578911687007
q8587,8587,106,5,4563,4220,0.9248301555993864,True,0.9247370727432077,2.0447847877618077,0.057627502384715264,0.9953053032741885,1.9529054806823456,0.7073533120237413,0.7040578911687007
q9772,9772,106,5,4316,4039,0.9358202038924932,True,0.9357192494788047,2.2185944454097246,0.06351234365191218,0.9943032551503032,2.1237588533744285,0.7073533120237413,0.7040578911687007
q6773,6773,119,6,18220,4867,0.2671240395170142,True,0.26713682015257123,-1.8272374709222774,0.01800949682446786,0.9995526569079927,-1.9050371584223862,0.6286813700387047,0.7247164190540459
q6532,6532,119,5,18023,5091,0.2824723963824003,True,0.2824844651575677,-1.7442212625419633,0.017866484140662237,0.9995597302502054,-1.8220709805777509,0.6286813700387047,0.7247164190540459
q6070,6070,119,5,16467,4960,0.3012084775611829,True,0.3012205489434054,-1.6460684946176438,0.018428424880267955,0.9995316129630848,-1.72391293187895,0.6286813700387047,0.7247164190540459
q6549,6549,119,5,26549,8013,0.3018192775622434,True,0.3018267419962335,-1.6429453537224108,0.014507529439623324,0.9997096694658716,-1.7210977954752449,0.6286813700387047,0.7247164190540459
q6241,6241,119,5,6785,2911,0.4290346352247605,True,0.4290450928381963,-1.0344850917102328,0.0273493618149278,0.9989689534251002,-1.1119896693534865,0.6286813700387047,0.7247164190540459
q4771,4771,119,5,34890,15523,0.4449125824018343,True,0.4449141612450202,-0.9624599357829862,0.012043737181245613,0.9997998905843913,-1.0409038735387584,0.6286813700387047,0.7247164190540459
q6805,6805,119,6,12448,5539,0.4449710796915167,True,0.4449755000401639,-0.9621822643632337,0.020162713798194565,0.999439357111205,-1.0402510019925026,0.6286813700387047,0.7247164190540459
q6500,6500,119,5,6489,3045,0.4692556634304207,True,0.46926040061633284,-0.8525550870350809,0.027906465285637297,0.9989265665498209,-0.9302077720162502,0.6286813700387047,0.7247164190540459
q5269,5269,119,5,6645,3141,0.4726862302483069,True,0.47269034005416793,-0.83710653697821,0.027578468446144703,0.9989516250256099,-0.9147987524697633,0.6286813700387047,0.7247164190540459
q8695,8695,119,5,12864,6294,0.4892723880597014,True,0.48927322191993783,-0.7624601178334338,0.019836868800653013,0.9994573217760039,-0.8406559385660691,0.6286813700387047,0.7247164190540459
q6552,6552,119,5,10410,5131,0.4928914505283381,True,0.4928921333205264,-0.7461703917108352,0.022057187799085567,0.9993291263621302,-0.8242693140400946,0.6286813700387047,0.7247164190540459
q5273,5273,119,5,5304,2643,0.4983031674208145,True,0.4983034872761546,-0.7218061952008783,0.03091444712181861,0.9986830098445993,-0.7994042733886638,0.6286813700387047,0.7247164190540459
q17235,17235,119,5,1614,809,0.5012391573729864,True,0.5012383900928793,-0.70858740491536,0.05604617743208113,0.9956843563429109,-0.7838422330996353,0.6286813700387047,0.7247164190540459
q6235,6235,119,5,5647,2868,0.5078802904196918,True,0.507878895184136,-0.6786616731808641,0.029992616726026117,0.9987602849335069,-0.7563750937820174,0.6286813700387047,0.7247164190540459
q4080,4080,119,5,9637,4935,0.512088824322922,True,0.512087570035277,-0.6596796857793978,0.022972346171016254,0.9992723434029167,-0.7377947077696229,0.6286813700387047,0.7247164190540459
q9421,9421,119,5,4623,2403,0.5197923426346528,True,0.519788062283737,-0.6249091406156481,0.03320322484261389,0.9984810891798697,-0.7024927676818697,0.6286813700387047,0.7247164190540459
q9609,9609,119,5,5322,2787,0.5236753100338218,True,0.5236708622956979,-0.6073537007523224,0.03096605029969632,0.9986786152830159,-0.6850994970530546,0.6286813700387047,0.7247164190540459
q6108,6108,119,5,6960,3691,0.530316091954023,True,0.5303117368194225,-0.5772854427705139,0.027110723713595665,0.9989868496638867,-0.6552731533638625,0.6286813700387047,0.7247164190540459
q5235,5235,119,5,8155,4328,0.5307173513182097,True,0.5307135850907307,-0.5754640836227775,0.025047886337145952,0.9991350355563668,-0.6535505703430156,0.6286813700387047,0.7247164190540459
q6955,6955,119,6,5019,2747,0.5473201833034469,True,0.5473107569721115,-0.500014739428656,0.0320393233591945,0.9985855622031395,-0.5778485250445854,0.6286813700387047,0.7247164190540459
q6985,6985,119,6,17582,9761,0.5551700602889319,True,0.555166922595689,-0.46412365210826567,0.01715253447249339,0.9995941998265023,-0.5425556676549125,0.6286813700387047,0.7247164190540459
q4550,4550,119,5,6578,3677,0.5589844937671025,True,0.5589755281957745,-0.44667606746021,0.02806914484875383,0.9989140286323014,-0.5247578500342995,0.6286813700387047,0.7247164190540459
q6086,6086,119,5,8645,4873,0.5636784268363215,True,0.5636710617626648,-0.4251187443328533,0.02451667963279238,0.9991713041650132,-0.5033535454997585,0.6286813700387047,0.7247164190540459
q5617,5617,119,5,5495,3112,0.5663330300272975,True,0.56632096069869,-0.4129290390658747,0.030773301247889163,0.9986949926784833,-0.4909397959647344,0.6286813700387047,0.7247164190540459
q17171,17171,119,5,1935,1103,0.5700258397932817,True,0.5699896694214877,-0.3960227821104216,0.05190552311712388,0.9962962000811755,-0.47291695478739537,0.6286813700387047,0.7247164190540459
q6632,6632,119,6,4406,2523,0.5726282342260554,True,0.5726117540276833,-0.38391744947038053,0.0344302438315223,0.9983669394522801,-0.46181431921590615,0.6286813700387047,0.7247164190540459
q8689,8689,119,5,5019,2876,0.5730225144451085,True,0.57300796812749,-0.382086602002636,0.03226359102473469,0.9985657199423181,-0.4600780475325037,0.6286813700387047,0.7247164190540459
q4840,4840,119,5,4787,2784,0.5815750992270733,True,0.5815580618212197,-0.342467004694729,0.03312670162131085,0.9984880717834014,-0.42048257668622513,0.6286813700387047,0.7247164190540459
q10787,10787,119,6,4500,2649,0.5886666666666667,True,0.588646967340591,-0.30944708116210295,0.034249852204537606,0.9983839793491953,-0.38747217870109374,0.6286813700387047,0.7247164190540459
q6877,6877,119,6,15897,9387,0.5904887714663144,True,0.5904830796326582,-0.30086748896200544,0.018235873159004948,0.9995413453636807,-0.3793456945747741,0.6286813700387047,0.7247164190540459
q5055,5055,119,5,14755,8722,0.5911216536767198,True,0.5911154784494443,-0.2979098156948421,0.018932698729544103,0.9995056412821282,-0.3763759330546034,0.6286813700387047,0.7247164190540459
q6119,6119,119,5,12115,7191,0.5935617003714404,True,0.5935539782106306,-0.2864921483331889,0.020912405519649638,0.9993969158871894,-0.3649242096448082,0.6286813700387047,0.7247164190540459
q3686,3686,119,5,6349,3777,0.5948968341471098,True,0.5948818897637795,-0.2802656999858124,0.02890085311699001,0.9988487941854506,-0.35850478563876226,0.6286813700387047,0.7247164190540459
q6474,6474,119,5,5046,3024,0.5992865636147443,True,0.5992668912225084,-0.25965932029640165,0.03247160431380137,0.9985471927891834,-0.33782009288422,0.6286813700387047,0.7247164190540459
q5239,5239,119,5,4661,2805,0.601802188371594,True,0.6017803517803518,-0.247815421188706,0.03381895156096845,0.9984243225095205,-0.3259532875015297,0.6286813700387047,0.7247164190540459
q9601,9601,119,5,4679,2834,0.6056849754220988,True,0.6056623931623931,-0.22947434592877655,0.03380631158961301,0.9984254982670621,-0.3076414741432358,0.6286813700387047,0.7247164190540459
q17070,17070,119,5,1464,888,0.6065573770491803,True,0.6064846416382252,-0.2255818669691777,0.060443189522313624,0.9949841698975023,-0.302708154317814,0.6286813700387047,0.7247164190540459
q6546,6546,119,5,4178,2543,0.6086644327429392,True,0.6086384302464705,-0.2153729195503198,0.03581916091806049,0.998232764058092,-0.2935055817719311,0.6286813700387047,0.7247164190540459
q4098,4098,119,5,4193,2564,0.6114953493918436,True,0.6114687649022413,-0.20192791777028637,0.0357975680002607,0.9982348903470166,-0.2800849370768368,0.6286813700387047,0.7247164190540459
q9575,9575,119,5,3546,2182,0.6153412295544275,True,0.6153087115872569,-0.1836323230626548,0.038990169851139345,0.9979066970250005,-0.26173555604677046,0.6286813700387047,0.7247164190540459
q9611,9611,119,5,5130,3158,0.6155945419103314,True,0.6155720132527772,-0.18237545560519347,0.03242161910805636,0.9985516556347817,-0.26064967167536957,0.6286813700387047,0.7247164190540459
q6531,6531,119,5,4574,2835,0.6198076082203761,True,0.6197814207650273,-0.16223976195210071,0.03439953228799725,0.9983698467636528,-0.2404993451315783,0.6286813700387047,0.7247164190540459
q6204,6204,119,5,208,129,0.6201923076923077,True,0.6196172248803827,-0.16302669940424888,0.16093213953272092,0.9654961148151223,-0.2333401099621335,0.6286813700387047,0.7247164190540459
q6251,6251,119,5,4410,2741,0.6215419501133786,True,0.6215143958286103,-0.1539265789083712,0.03506075929728396,0.9983066820516784,-0.23218502307382952,0.6286813700387047,0.7247164190540459
q6124,6124,119,5,3848,2392,0.6216216216216216,True,0.6215900233826968,-0.15356347107951618,0.037534523150188515,0.9980597831989527,-0.23176519630090572,0.6286813700387047,0.7247164190540459
q6123,6123,119,5,5472,3414,0.6239035087719298,True,0.6238808697241002,-0.14255174853961475,0.03151017175986655,0.9986318338338999,-0.22090137879169522,0.6286813700387047,0.7247164190540459
q9408,9408,119,5,4660,2908,0.6240343347639485,True,0.6240077236644497,-0.14194125472853572,0.03414676462000504,0.9983936771287705,-0.22023918440959167,0.6286813700387047,0.7247164190540459
q5901,5901,119,5,5775,3606,0.6244155844155844,True,0.6243940443213296,-0.1400815840052332,0.030679881648299382,0.9987028937039746,-0.21845013705239305,0.6286813700387047,0.7247164190540459
q6107,6107,119,5,3603,2264,0.6283652511795725,True,0.6283296337402886,-0.1210951731579758,0.03891199575812195,0.9979150651430385,-0.19933098685425144,0.6286813700387047,0.7247164190540459
q9614,9614,119,5,4211,2652,0.6297791498456423,True,0.6297483380816714,-0.11423218291910137,0.036018762010657505,0.9982130487465871,-0.19253978190852358,0.6286813700387047,0.7247164190540459
q4089,4089,119,5,4050,2564,0.6330864197530864,True,0.6330535670204888,-0.09820355059382277,0.03678709732279563,0.9981361424232761,-0.17652619063663488,0.6286813700387047,0.7247164190540459
q8662,8662,119,5,4717,2993,0.6345134619461522,True,0.6344849512505298,-0.09124458376048764,0.03411202421010654,0.9983969387271168,-0.16962450279892544,0.6286813700387047,0.7247164190540459
q8188,8188,119,5,4966,3156,0.6355215465163109,True,0.6354942621300584,-0.08633114400220272,0.03326286858244098,0.9984756356934517,-0.1647319232801348,0.6286813700387047,0.7247164190540459
q5099,5099,119,5,5555,3531,0.6356435643564357,True,0.6356191504679626,-0.08572279862018556,0.03145234497048498,0.9986368440452915,-0.1641510038726627,0.6286813700387047,0.7247164190540459
q5275,5275,119,5,4165,2651,0.6364945978391356,True,0.6364618338934229,-0.08161582116007277,0.03633789850784911,0.9981813005134875,-0.1599766157691749,0.6286813700387047,0.7247164190540459
q9580,9580,119,5,22647,14466,0.6387601006755862,True,0.6387539738608266,-0.07042533282244977,0.015603211697740399,0.999664174222262,-0.149027542830835,0.6286813700387047,0.7247164190540459
q5261,5261,119,5,5229,3355,0.6416140753490152,True,0.6415869980879542,-0.05655447436706675,0.032517637544375796,0.9985430767431395,-0.1350097626224008,0.6286813700387047,0.7247164190540459
q4832,4832,119,5,3354,2155,0.6425163983303518,True,0.6424739195230998,-0.05220280669776894,0.04061877086333519,0.9977285778012143,-0.1305578536740717,0.6286813700387047,0.7247164190540459
q8670,8670,119,5,3961,2548,0.6432719010350921,True,0.6432357395254922,-0.04846140515123146,0.03739308819041201,0.9980743495243919,-0.12686890274597976,0.6286813700387047,0.7247164190540459
q10898,10898,119,6,4735,3051,0.644350580781415,True,0.6443201013513513,-0.043130265890847855,0.03422111398303326,0.998386685765664,-0.1215860664972454,0.6286813700387047,0.7247164190540459
q8697,8697,119,5,4199,2711,0.6456299118837818,True,0.6455952380952381,-0.03685257294528196,0.03636414453621603,0.9981786771418032,-0.11529447543878181,0.6286813700387047,0.7247164190540459
q6132,6132,119,5,4627,2996,0.6475037821482602,True,0.6474719101123596,-0.027596252298891233,0.034677252075607255,0.9983434626645136,-0.10607252175972892,0.6286813700387047,0.7247164190540459
q9600,9600,119,5,9438,6166,0.6533163805891079,True,0.6533001377264541,0.0012841969470398823,0.024360793232975846,0.999181800394984,-0.0773047746344604,0.6286813700387047,0.7247164190540459
q8672,8672,119,5,4790,3145,0.6565762004175365,True,0.6565435190983093,0.01744653190707374,0.034257202298572056,0.998383286793037,-0.061106790072839326,0.6286813700387047,0.7247164190540459
q6535,6535,119,5,3346,2198,0.6569037656903766,True,0.6568568867642665,0.01901161872484104,0.040993629070728385,0.9976865572635666,-0.059502680145835374,0.6286813700387047,0.7247164190540459
q4072,4072,119,5,3329,2199,0.6605587263442475,True,0.6605105105105105,0.03730605389189935,0.04118682481441204,0.9976647512269036,-0.04124966650973745,0.6286813700387047,0.7247164190540459
q9103,9103,119,5,4374,2902,0.6634659350708734,True,0.6634285714285715,0.05198043632935652,0.03599610864036743,0.9982152917729064,-0.026624236333998883,0.6286813700387047,0.7247164190540459
q9348,9348,119,5,4740,3152,0.6649789029535865,True,0.6649441046192787,0.05962437535747963,0.03461085431456824,0.9983497897941965,-0.018996498721478416,0.6286813700387047,0.7247164190540459
q6526,6526,119,5,4283,2856,0.6668223208031754,True,0.6667833800186741,0.06892231271700612,0.0364516115268859,0.9981699209712093,-0.009712154796371766,0.6286813700387047,0.7247164190540459
q8690,8690,119,5,3949,2638,0.668017219549253,True,0.6679746835443038,0.07495713411809227,0.037989728723408785,0.9980125313885871,-0.003687796018832924,0.6286813700387047,0.7247164190540459
q6551,6551,119,5,6114,4087,0.6684658161596336,True,0.6684382665576452,0.07730820758792611,0.030541685012469018,0.9987145379531217,-0.0013423387772463413,0.6286813700387047,0.7247164190540459
q5232,5232,119,5,4627,3102,0.6704127944672574,True,0.6703759723422644,0.08715179807557087,0.03515016899472432,0.9982980493757024,0.008485058193777073,0.6286813700387047,0.7247164190540459
q8665,8665,119,5,4785,3210,0.670846394984326,True,0.670810697868784,0.08936389252383739,0.03457468458685101,0.9983532313865299,0.01069397885515956,0.6286813700387047,0.7247164190540459
q6080,6080,119,5,4358,2930,0.6723267553923818,True,0.6722872218398716,0.09688733802069277,0.03626293227864315,0.998188783264101,0.018202036256083357,0.6286813700387047,0.7247164190540459
q6537,6537,119,5,4127,2788,0.6755512478798158,True,0.6755087209302325,0.11335745165671438,0.03734211019577549,0.9980795863475164,0.0346385292482678,0.6286813700387047,0.7247164190540459
q6079,6079,119,5,3377,2302,0.6816701214095351,True,0.6816163410301954,0.1447979010198052,0.04144977179595501,0.9976349091684077,0.06598918649237763,0.6286813700387047,0.7247164190540459
q6088,6088,119,5,3537,2414,0.6824992931863161,True,0.682447710570944,0.14909995772383774,0.04052484151366783,0.9977390470840634,0.07028840471647663,0.6286813700387047,0.7247164190540459
q5690,5690,119,5,4464,3056,0.6845878136200717,True,0.6845464725643897,0.15998481096674588,0.03612619936771424,0.9982023917440402,0.08118633281533984,0.6286813700387047,0.7247164190540459
q6529,6529,119,5,3750,2571,0.6856,True,0.6855505198613703,0.16520465537000215,0.03944257494947667,0.9978579424405565,0.0863669810757627,0.6286813700387047,0.7247164190540459
q4546,4546,119,5,4257,2943,0.6913319238900634,True,0.691286989196806,0.1951868948196703,0.037172506973566145,0.9980969581698018,0.11631285045011949,0.6286813700387047,0.7247164190540459
q5241,5241,119,5,4572,3167,0.6926946631671042,True,0.6926525256942926,0.20236492456323593,0.0359053456078729,0.9982242646333325,0.1234929695228477,0.6286813700387047,0.7247164190540459
q6089,6089,119,5,4966,3467,0.698147402335884,True,0.6981075095631166,0.23120198959038554,0.0345931062817685,0.9983514789871791,0.15229823406724183,0.6286813700387047,0.7247164190540459
q9596,9596,119,5,3569,2495,0.6990753712524517,True,0.6990196078431372,0.23604961539308786,0.040832488693094936,0.9977046675094801,0.15703606205004597,0.6286813700387047,0.7247164190540459
q8680,8680,119,5,2699,1887,0.6991478325305669,True,0.6990740740740741,0.23633933225643372,0.04695439468924426,0.996967050376167,0.15720880124107303,0.6286813700387047,0.7247164190540459
q9583,9583,119,5,3291,2311,0.7022181707687633,True,0.7021567436208992,0.25278115354968117,0.04262527248201961,0.9974992009700456,0.17369341810521835,0.6286813700387047,0.7247164190540459
q6129,6129,119,5,4937,3473,0.7034636418877861,True,0.7034224382341029,0.2595575321391041,0.03483807909460213,0.9983280873228291,0.18060280023316394,0.6286813700387047,0.7247164190540459
q8655,8655,119,5,5191,3657,0.704488537853978,True,0.7044491525423728,0.2650655669258985,0.034002903740328064,0.9984071620330269,0.18611636664387832,0.6286813700387047,0.7247164190540459
q9581,9581,119,5,3323,2347,0.7062894974420704,True,0.7062274368231047,0.27462942165714554,0.04255699213581763,0.9975071865301955,0.19548861307229312,0.6286813700387047,0.7247164190540459
q9610,9610,119,5,3608,2556,0.7084257206208425,True,0.7083679689664727,0.2861821815918828,0.040913023450384084,0.9976956252025541,0.20705168079169192,0.6286813700387047,0.7247164190540459
q4523,4523,119,5,3400,2427,0.7138235294117647,True,0.7137606586298147,0.31548964104005056,0.04233481930512391,0.9975330824886308,0.23625310868055116,0.6286813700387047,0.7247164190540459
q9903,9903,119,5,4608,3291,0.7141927083333334,True,0.7141462356259493,0.3175964721925094,0.036378054290748855,0.9981772860565031,0.2385086711592726,0.6286813700387047,0.7247164190540459
q6109,6109,119,5,3567,2558,0.7171292402579198,True,0.7170683856502242,0.3336138659172086,0.041449259044886264,0.9976349675439901,0.2543585993658753,0.6286813700387047,0.7247164190540459
q4213,4213,119,5,3649,2617,0.7171827898054262,True,0.7171232876712329,0.3339156661439932,0.040982964859128515,0.997687757976771,0.25467316129026685,0.6286813700387047,0.7247164190540459
q8694,8694,119,5,3013,2162,0.7175572519083969,True,0.7174850696748507,0.335905209437205,0.045114296623221764,0.997199456558383,0.2565324873046651,0.6286813700387047,0.7247164190540459
q10811,10811,119,6,4551,3267,0.7178642056690837,True,0.7178163444639719,0.3377282095749612,0.036720578326318296,0.9981428643344056,0.2585947963034379,0.6286813700387047,0.7247164190540459
q4081,4081,119,5,3695,2655,0.7185385656292287,True,0.7184794372294372,0.34138073016824333,0.04077512787585393,0.9977110971209527,0.2621270961370906,0.6286813700387047,0.7247164190540459
q8688,8688,119,5,4049,2913,0.719436897999506,True,0.7193827160493828,0.3463638887847054,0.03898316022670264,0.9979074480474737,0.26715141421103017,0.6286813700387047,0.7247164190540459
q17276,17276,119,5,1274,917,0.7197802197802198,True,0.7196078431372549,0.3476072324306768,0.06949208277313117,0.9933806059883716,0.26717463947850506,0.6286813700387047,0.7247164190540459
q6095,6095,119,5,3306,2382,0.720508166969147,True,0.7204414877532507,0.3522161329036711,0.043180970476724714,0.9974337394287259,0.27286182264745035,0.6286813700387047,0.7247164190540459
q4085,4085,119,5,3390,2443,0.7206489675516224,True,0.7205838985549985,0.3530042266960078,0.04264815860183357,0.9974965215441484,0.2736651183817148,0.6286813700387047,0.7247164190540459
q6137,6137,119,5,3424,2483,0.7251752336448598,True,0.7251094890510948,0.37816584611792764,0.042608745856645605,0.9975011349635028,0.2987651280132076,0.6286813700387047,0.7247164190540459
q8679,8679,119,5,3329,2417,0.7260438570141183,True,0.725975975975976,0.3830097350487869,0.043246494566397314,0.9974259653417565,0.3035740342841626,0.6286813700387047,0.7247164190540459
q4075,4075,119,5,3404,2476,0.72737955346651,True,0.7273127753303965,0.39049973089858075,0.04282023710578825,0.9974763296034804,0.3110604565919805,0.6286813700387047,0.7247164190540459
q5898,5898,119,5,2963,2161,0.7293283833952076,True,0.729251012145749,0.4013964863149083,0.04597821875705303,0.9970914857791567,0.32180550607234315,0.6286813700387047,0.7247164190540459
q6096,6096,119,5,4319,3152,0.7297985644825191,True,0.7297453703703703,0.40418284199483107,0.03810227084478505,0.9980007620282246,0.3248797548108682,0.6286813700387047,0.7247164190540459
q8661,8661,119,5,4475,3275,0.7318435754189944,True,0.7317917783735478,0.4157480306779922,0.037504975350914155,0.998062830823062,0.3364427450570181,0.6286813700387047,0.7247164190540459
q17146,17146,119,5,1340,984,0.7343283582089553,True,0.7341536167039523,0.42915883928395704,0.06867597142335818,0.9935341692908017,0.3482402490594133,0.6286813700387047,0.7247164190540459
q6077,6077,119,5,7066,5201,0.7360600056609115,True,0.7360266025187491,0.4398427574925786,0.029970512903910382,0.9987621092781689,0.36074336903271054,0.6286813700387047,0.7247164190540459
q6750,6750,119,5,5136,3783,0.7365654205607477,True,0.7365193692816819,0.44266089038770856,0.03516957395262813,0.9982961729062128,0.3633884085332482,0.6286813700387047,0.7247164190540459
q9401,9401,119,5,4292,3164,0.7371854613233924,True,0.7371302119729792,0.44615854898852303,0.038494877781453114,0.9979594338528502,0.366756354013467,0.6286813700387047,0.7247164190540459
q9576,9576,119,5,3972,2939,0.7399295065458208,True,0.7398691165366222,0.4618998963882991,0.04012452987475938,0.9977833961364652,0.382398114116393,0.6286813700387047,0.7247164190540459
q6530,6530,119,5,4110,3059,0.7442822384428224,True,0.7442228168328874,0.4871234663212679,0.03962108345061283,0.9978385515968442,0.40758830280345415,0.6286813700387047,0.7247164190540459
q9618,9618,119,5,4643,3459,0.744992461770407,True,0.7449397071490095,0.49130111673314864,0.03730589230417986,0.998083302600047,0.41185791965772517,0.6286813700387047,0.7247164190540459
q8677,8677,119,5,3015,2247,0.745273631840796,True,0.7451923076923077,0.4927747986102754,0.04630439523048774,0.9970501946793742,0.41290094367244123,0.6286813700387047,0.7247164190540459
q6209,6209,119,5,4155,3110,0.7484957882069796,True,0.7484359961501443,0.5117765669243665,0.039580943106009896,0.9978429194874097,0.43219000884113357,0.6286813700387047,0.7247164190540459
q6104,6104,119,5,3360,2520,0.75,True,0.749925617375781,0.5205520864795158,0.04408422686096116,0.9973255449716636,0.4407179711926305,0.6286813700387047,0.7247164190540459
q9588,9588,119,5,3864,2898,0.75,True,0.7499353169469599,0.5206093306674262,0.041109980920428064,0.9976734367760051,0.44092881552138136,0.6286813700387047,0.7247164190540459
q9357,9357,119,5,4567,3428,0.7506021458287716,True,0.7505472854640981,0.5242237107262447,0.03783955284646237,0.9980281825949235,0.44469285110064605,0.6286813700387047,0.7247164190540459
q6092,6092,119,5,4743,3570,0.7526881720430108,True,0.7526349072512648,0.536594021106111,0.03721559512153959,0.9980925522483314,0.45706824703873405,0.6286813700387047,0.7247164190540459
q5268,5268,119,5,3495,2636,0.7542203147353362,True,0.7541475972540046,0.5455971867506058,0.04342468176122093,0.9974047653745234,0.46573308103345784,0.6286813700387047,0.7247164190540459
q17328,17328,119,5,1700,1286,0.7564705882352941,True,0.7563198118753675,0.5585849949836273,0.06240576949925738,0.9946549247732999,0.47736744437513473,0.6286813700387047,0.7247164190540459
q6201,6201,119,5,4441,3365,0.7577122269759063,True,0.7576542098153984,0.5665986598615735,0.03867616171570255,0.9979402090021041,0.48694131817707287,0.6286813700387047,0.7247164190540459
q4737,4737,119,5,3127,2370,0.7579149344419571,True,0.7578324808184144,0.5676713109135073,0.046098557946452026,0.9970762854678105,0.4875892847374153,0.6286813700387047,0.7247164190540459
q11605,11605,119,6,3643,2762,0.7581663464177876,True,0.7580954994511526,0.5692547742637122,0.04272299220300985,0.9974877503516788,0.48936998419356253,0.6286813700387047,0.7247164190540459
q9603,9603,119,5,2819,2141,0.7594891805604824,True,0.7593971631205674,0.5771069161940448,0.04863779129822576,0.9967463992131044,0.4968328696666566,0.6286813700387047,0.7247164190540459
q6094,6094,119,5,4283,3260,0.761148727527434,True,0.7610877684407096,0.5873446394197386,0.039538806959511105,0.997847499830128,0.5075974049053232,0.6286813700387047,0.7247164190540459
q9889,9889,119,5,4429,3376,0.7622488146308422,True,0.7621896162528217,0.5940412833824031,0.03893191732864822,0.9979129342268814,0.5143133585096356,0.6286813700387047,0.7247164190540459
q9617,9617,119,5,4168,3192,0.7658349328214972,True,0.7657711681458383,0.6159434975276661,0.04030326163260619,0.997763649018545,0.5360896516611754,0.6286813700387047,0.7247164190540459
q6536,6536,119,5,2967,2273,0.7660936973373779,True,0.7660040431266847,0.6173748452730983,0.04777998512907247,0.9968597950034045,0.5370308718516812,0.6286813700387047,0.7247164190540459
q9383,9383,119,5,4587,3524,0.7682581207761063,True,0.7681996512641673,0.6309143414651532,0.0385322817760007,0.997955474558225,0.5511329535062446,0.6286813700387047,0.7247164190540459
q4294,4294,119,5,3781,2905,0.7683152605130917,True,0.768244315177155,0.6311906062894477,0.04244235016131309,0.9975205656953079,0.5511683496823115,0.6286813700387047,0.7247164190540459
q6084,6084,119,5,3648,2804,0.768640350877193,True,0.7685667306111263,0.6331858801881589,0.04322599049462642,0.9974283992956766,0.5531075670645245,0.6286813700387047,0.7247164190540459
q4159,4159,119,5,4581,3522,0.7688277668631304,True,0.768769096464426,0.6344391246350491,0.03858444984712344,0.9979499460849124,0.5546474575145023,0.6286813700387047,0.7247164190540459
q6093,6093,119,5,4701,3621,0.7702616464582004,True,0.7702041684389621,0.6433465055090061,0.03815651413134371,0.9979950770730089,0.5635620629860608,0.6286813700387047,0.7247164190540459
q6468,6468,119,5,2690,2073,0.770631970260223,True,0.7705314009661836,0.645382559863019,0.050457981942850186,0.9964991894985389,0.5647462704154874,0.6286813700387047,0.7247164190540459
q4804,4804,119,5,2884,2225,0.771497919556172,True,0.7714038128249566,0.6508197980036947,0.04878507640911682,0.9967267288473808,0.5702946644415963,0.6286813700387047,0.7247164190540459
q8211,8211,119,5,4262,3288,0.7714687939934303,True,0.7714051137696458,0.6508279159119299,0.04013312148883015,0.9977824488851009,0.5709068130678605,0.6286813700387047,0.7247164190540459
q5670,5670,119,5,3530,2727,0.7725212464589235,True,0.7724440668365902,0.6573204398594077,0.044154922438555684,0.997316983358201,0.57711558942895,0.6286813700387047,0.7247164190540459
q9407,9407,119,5,4384,3389,0.7730383211678832,True,0.772976054732041,0.6606522283978512,0.039649284170504145,0.9978354802972135,0.5807402039181008,0.6286813700387047,0.7247164190540459
q9591,9591,119,5,4135,3204,0.7748488512696493,True,0.7747823984526112,0.6720027010947248,0.040919499225752526,0.9976948973466097,0.5919826933394187,0.6286813700387047,0.7247164190540459
q4735,4735,119,5,3357,2604,0.775692582663092,True,0.7756104824300178,0.677225688588444,0.04546144469997641,0.9971563142045033,0.5968712597604573,0.6286813700387047,0.7247164190540459
q17291,17291,119,5,1245,968,0.7775100401606426,True,0.7772873194221509,0.6878402646408611,0.07479467266964564,0.9923399132041049,0.6045215576467134,0.6286813700387047,0.7247164190540459
q5244,5244,119,5,2994,2331,0.7785571142284569,True,0.7784641068447412,0.6953204098082637,0.04831724406523437,0.9967890063366629,0.6146880182204829,0.6286813700387047,0.7247164190540459
q9371,9371,119,5,4526,3532,0.7803800265134777,True,0.7803180914512923,0.7071576872805256,0.03939707784845045,0.9978628707720198,0.6271622158804215,0.6286813700387047,0.7247164190540459
q5902,5902,119,5,3352,2631,0.7849045346062052,True,0.7848195645690427,0.7361731802478787,0.04605836518915687,0.9970813666720723,0.6556018437057431,0.6286813700387047,0.7247164190540459
q4142,4142,119,5,3023,2374,0.7853126033741317,True,0.785218253968254,0.738762224984314,0.04852593591863157,0.996761298613251,0.6579720518593388,0.6286813700387047,0.7247164190540459
q6125,6125,119,5,5972,4696,0.7863362357669123,True,0.7862882973380211,0.745726712870595,0.03457919733281773,0.9983528021885993,0.6659756352033528,0.6286813700387047,0.7247164190540459
q5227,5227,119,5,3105,2443,0.7867954911433173,True,0.7867031551835157,0.7484330692986664,0.04798023991169903,0.9968335010033254,0.6676599349710376,0.6286813700387047,0.7247164190540459
q9592,9592,119,5,3113,2453,0.7879858657243817,True,0.787893384714194,0.7562170606358787,0.04799887799858608,0.9968310482483402,0.6754176164070826,0.6286813700387047,0.7247164190540459
q17081,17081,119,5,1372,1082,0.7886297376093294,True,0.7884195193008011,0.7596671883818615,0.07234002570600193,0.992830902232541,0.6761326517686836,0.6286813700387047,0.7247164190540459
q5263,5263,119,5,3123,2470,0.7909061799551713,True,0.7908130601792573,0.7754354845602311,0.04812230874523318,0.9968147811382742,0.6945638034240993,0.6286813700387047,0.7247164190540459
q6083,6083,119,5,237,189,0.7974683544303798,True,0.7962184873949579,0.8114968082219045,0.1757415087953032,0.9591251763825317,0.702889643039446,0.6286813700387047,0.7247164190540459
q6850,6850,119,6,18042,14311,0.7932047444850904,True,0.7931884941528571,0.7912044460256459,0.020093290657545455,0.9994432090678711,0.7121554293259782,0.6286813700387047,0.7247164190540459
q9616,9616,119,5,3275,2605,0.7954198473282442,True,0.7953296703296703,0.8055232173669621,0.04730554244782175,0.9969216571780382,0.7246333853046224,0.6286813700387047,0.7247164190540459
q4627,4627,119,5,3485,2772,0.7954088952654232,True,0.7953241537578887,0.80548619635835,0.045858168050621734,0.9971066105224115,0.7247309086240898,0.6286813700387047,0.7247164190540459
q11857,11857,119,6,2296,1827,0.7957317073170732,True,0.7956029603831084,0.8073580787733827,0.05651725279050935,0.9956118240619451,0.7255081153837681,0.6286813700387047,0.7247164190540459
q5254,5254,119,5,2783,2220,0.797700323392023,True,0.7975933908045977,0.820772247894402,0.05149100941098103,0.9963549056508244,0.739414876459879,0.6286813700387047,0.7247164190540459
q6113,6113,119,5,4118,3288,0.7984458474987858,True,0.7983733915999028,0.8260534030788741,0.04238251807453546,0.9975275341421811,0.7455532051937303,0.6286813700387047,0.7247164190540459
q5668,5668,119,5,3175,2538,0.7993700787401575,True,0.7992758186397985,0.8321808902984216,0.048333026846823085,0.9967869149993345,0.7511074646925026,0.6286813700387047,0.7247164190540459
q10871,10871,119,6,6139,4918,0.8011076722593257,True,0.8010586319218241,0.8443418218880905,0.03485787343917178,0.99832619006507,0.764407929004273,0.6286813700387047,0.7247164190540459
q9406,9406,119,5,4396,3552,0.8080072793448589,True,0.8079372299294973,0.8919787891055138,0.041648468399555875,0.9976122341539044,0.8113844817196103,0.6286813700387047,0.7247164190540459
q5895,5895,119,5,4128,3338,0.8086240310077519,True,0.8085492855412932,0.8962745621266718,0.043022326034837265,0.997452513433251,0.8155394062196019,0.6286813700387047,0.7247164190540459
q6841,6841,119,6,20408,16516,0.8092904743237946,True,0.8092753197118918,0.9013827647247272,0.019374435223852744,0.9994823155543037,0.8223045758350596,0.6286813700387047,0.7247164190540459
q5672,5672,119,5,2981,2418,0.8111372022811137,True,0.8110328638497653,0.9138050592104531,0.05083538471332573,0.996446811480521,0.832185329810752,0.6286813700387047,0.7247164190540459
q5896,5896,119,5,4621,3762,0.8141095001082017,True,0.8140415404586759,0.9352602910788368,0.04104292175232108,0.9976810032420194,0.8546215457529526,0.6286813700387047,0.7247164190540459
q5528,5528,119,5,4496,3661,0.814279359430605,True,0.814209472981988,0.9364650373749778,0.0416215304528928,0.9976153145730965,0.8557671496677347,0.6286813700387047,0.7247164190540459
q4088,4088,119,5,3099,2524,0.8144562762181349,True,0.8143548387096774,0.937508512142362,0.050142740233633465,0.9965426454746359,0.8558868675294922,0.6286813700387047,0.7247164190540459
q17052,17052,119,5,1197,976,0.8153717627401837,True,0.8151085141903172,0.9429278985509573,0.0807662422165125,0.9910792771100673,0.8565656610931337,0.6286813700387047,0.7247164190540459
q9367,9367,119,5,4291,3501,0.8158937310650198,True,0.8158201304753029,0.9480592519087192,0.04272373559404286,0.9974876631429899,0.8672227346029807,0.6286813700387047,0.7247164190540459
q9602,9602,119,5,2564,2095,0.8170826833073322,True,0.8169590643274853,0.9563013213467091,0.05537674514260555,0.9957864035157031,0.8739509882951558,0.6286813700387047,0.7247164190540459
q6954,6954,119,6,5020,4113,0.8193227091633466,True,0.819259111730731,0.9730580765590314,0.039743111706191596,0.9978252460819508,0.892460689924156,0.6286813700387047,0.7247164190540459
q6090,6090,119,5,363,299,0.8236914600550964,True,0.8228021978021978,0.9991724176137182,0.14856757458683442,0.9704436838162733,0.8933129590872052,0.6286813700387047,0.7247164190540459
q4086,4086,119,5,3029,2495,0.8237041928029053,True,0.8235973597359736,1.005084741303726,0.05157000769410045,0.9963437532789634,0.9230452015216161,0.6286813700387047,0.7247164190540459
q6134,6134,119,5,4767,3926,0.8235787707153346,True,0.8235109060402684,1.0044409944008839,0.04110363077285266,0.997674153804765,0.9236354781165306,0.6286813700387047,0.7247164190540459
q9355,9355,119,5,4346,3581,0.8239760699493788,True,0.8239015412928457,1.0073515365036159,0.043079543283620125,0.997445750221822,0.9263271325069801,0.6286813700387047,0.7247164190540459
q17332,17332,119,5,1294,1070,0.8268933539412674,True,0.8266409266409266,1.0278946898328898,0.07933915321964738,0.991389048594591,0.9410685354074841,0.6286813700387047,0.7247164190540459
q6207,6207,119,5,3058,2554,0.8351863963374755,True,0.8350768224910101,1.0926854096188925,0.052495178377263564,0.9962118911296511,1.0101918675917727,0.6286813700387047,0.7247164190540459
q4839,4839,119,5,3893,3251,0.8350886206010789,True,0.8350025680534156,1.0921045715820679,0.04652053646361317,0.9970226741857001,1.0104349197835705,0.6286813700387047,0.7247164190540459
q6117,6117,119,5,3134,2633,0.8401403956604978,True,0.8400318979266348,1.1318927748111771,0.052399183914637014,0.9962256803490606,1.0492652343805444,0.6286813700387047,0.7247164190540459
q6574,6574,119,6,4257,3588,0.842847075405215,True,0.8427665570690465,1.153921411813879,0.045230249086155964,0.9971850827575843,1.0722423440662463,0.6286813700387047,0.7247164190540459
q9620,9620,119,5,2934,2482,0.8459441036128152,True,0.8458262350936968,1.1789132183506406,0.05485295375694405,0.9958654087220369,1.0957118149354295,0.6286813700387047,0.7247164190540459
q6116,6116,119,5,3461,2935,0.848020803236059,True,0.8479202772963604,1.1962351474067099,0.05074844319498227,0.9964589118104255,1.1136254137815367,0.6286813700387047,0.7247164190540459
q6105,6105,119,5,3300,2809,0.8512121212121212,True,0.8511057255377158,1.2229372705863621,0.0523610694885979,0.9962311484392952,1.13997235617983,0.6286813700387047,0.7247164190540459
q6625,6625,119,6,4239,3617,0.8532672800188724,True,0.8531839622641509,1.2405950643878016,0.04643202717670656,0.9970339590696938,1.1584964204014911,0.6286813700387047,0.7247164190540459
q17490,17490,119,6,954,819,0.8584905660377359,True,0.8581151832460733,1.2832786579048074,0.09904194737727957,0.9866453862842406,1.1885390637657607,0.6286813700387047,0.7247164190540459
q5666,5666,119,5,3054,2624,0.8592010478061559,True,0.8590834697217676,1.2917947630332234,0.05551235081207926,0.995765829361038,1.2080058366140771,0.6286813700387047,0.7247164190540459
q5859,5859,119,5,2839,2442,0.8601620288834096,True,0.8600352112676056,1.300209933558649,0.057716751773316886,0.9954244430709607,1.2159683528340681,0.6286813700387047,0.7247164190540459
q9365,9365,119,5,4357,3763,0.8636676612347945,True,0.8635842129417164,1.3319900722729014,0.0470305397580572,0.9969572353997513,1.2495241862768256,0.6286813700387047,0.7247164190540459
q4285,4285,119,5,2862,2476,0.8651292802236199,True,0.8650017464198393,1.3448653575722669,0.0582472645371369,0.9953403363135289,1.2603129563362536,0.6286813700387047,0.7247164190540459
q6133,6133,119,5,4153,3640,0.8764748374668914,True,0.8763842079922965,1.452345185564208,0.04996936049535286,0.9965664313401732,1.368976242523541,0.6286813700387047,0.7247164190540459
q11875,11875,119,6,977,869,0.8894575230296827,True,0.8890593047034765,1.5818914351384563,0.10735016962620483,0.9843474255171278,1.479709598093237,0.6286813700387047,0.7247164190540459
q17181,17181,119,5,1279,1137,0.8889757623143081,True,0.888671875,1.5777559365079648,0.09370814513821576,0.9880282961525457,1.481156837313445,0.6286813700387047,0.7247164190540459
q11792,11792,119,6,1046,931,0.890057361376673,True,0.8896848137535817,1.5885935311294919,0.10398164058003069,0.9853001207996156,1.487745302939976,0.6286813700387047,0.7247164190540459
q8696,8696,119,5,4396,3906,0.8885350318471338,True,0.8884466681828519,1.5753575019690405,0.05051989392772288,0.9964906234008284,1.4914527255548626,0.6286813700387047,0.7247164190540459
q10780,10780,119,6,4327,3858,0.891610815807719,True,0.8915203327171903,1.608443959846345,0.05147986088346085,0.9963564781578889,1.5242178563138133,0.6286813700387047,0.7247164190540459
q11732,11732,119,6,2560,2298,0.89765625,True,0.8975009761811792,1.6751259508960337,0.06843917766898905,0.9935783947682236,1.5862217530691247,0.6286813700387047,0.7247164190540459
q9619,9619,119,5,2829,2542,0.8985507246376812,True,0.8984098939929329,1.6855439072907328,0.06533668237395354,0.994144076626662,1.5974817989059011,0.6286813700387047,0.7247164190540459
q5992,5992,119,5,2768,2488,0.8988439306358381,True,0.8986998916576381,1.6888843541678817,0.06612779120468526,0.9940022645419744,1.600574334014001,0.6286813700387047,0.7247164190540459
q11922,11922,119,6,2085,1893,0.9079136690647482,True,0.9077181208053692,1.7970427218625156,0.07910879904627138,0.9914385507984145,1.7036785352239296,0.6286813700387047,0.7247164190540459
q9380,9380,119,5,4327,3980,0.9198058701178644,True,0.9197088724584104,1.9558780125699278,0.05817644504133237,0.9953516076207962,1.868499656641556,0.6286813700387047,0.7247164190540459
q10818,10818,119,6,4184,3861,0.9228011472275336,True,0.9227001194743131,1.998712334573167,0.060115115509837884,0.9950382026123716,1.9105331114694024,0.6286813700387047,0.7247164190540459
q11727,11727,119,6,2541,2349,0.92443919716647,True,0.9242722265932337,2.0218126899879896,0.07780721128679191,0.9917156438135422,1.9270625828637673,0.6286813700387047,0.7247164190540459
q6067,6067,119,5,3188,2947,0.9244040150564616,True,0.9242709313264346,2.021793484027471,0.06946678732989536,0.9933853922222153,1.930288092955351,0.6286813700387047,0.7247164190540459
q9381,9381,119,5,4401,4075,0.925925925925926,True,0.9258291685597456,2.0451113857503285,0.0596505377325067,0.9951142239151278,1.956851432739128,0.6286813700387047,0.7247164190540459
q9387,9387,119,5,4365,4061,0.9303550973654068,True,0.9302565277141548,2.1138181212997105,0.06149352119145677,0.9948092461312328,2.024601802193159,0.6286813700387047,0.7247164190540459
q11777,11777,119,6,2474,2378,0.9611964430072756,True,0.961010101010101,2.744277122858115,0.10589754997415199,0.9847617568665873,2.625005409198773,0.6286813700387047,0.7247164190540459
q10736,10736,143,6,5452,996,0.1826852531181217,True,0.18274344397579315,-2.3912294626941972,0.03662019108616442,0.9986071052434454,-2.512033150460095,0.6696361463902563,0.96142975880726
q6956,6956,143,6,5017,1116,0.2224436914490731,True,0.2224990035870865,-2.132179675751073,0.035816028247628945,0.9986675276188621,-2.2534805349261404,0.6696361463902563,0.96142975880726
q11736,11736,143,6,2180,571,0.2619266055045871,True,0.2620357634112792,-1.9034390566805781,0.0518764736518394,0.9972086815644439,-2.0220865362529934,0.6696361463902563,0.96142975880726
q11606,11606,143,6,3642,967,0.2655134541460736,True,0.26557782047762835,-1.8840005880615802,0.04000039239563064,0.9983385442401801,-2.004971439014578,0.6696361463902563,0.96142975880726
q10637,10637,143,6,28211,7704,0.2730849668568998,True,0.27309301006663833,-1.8432438754647391,0.014273332591430774,0.9997881437927696,-1.967134603582026,0.6696361463902563,0.96142975880726
q11583,11583,143,6,4067,1177,0.2894025079911482,True,0.2894542772861357,-1.7566101432229044,0.03707069532595299,0.9985726726740684,-1.8782330240817826,0.6696361463902563,0.96142975880726
q10605,10605,143,6,7262,2305,0.3174056733682181,True,0.3174308137133416,-1.6141500706139706,0.02720484888641927,0.9992307971474755,-1.7371204101440432,0.6696361463902563,0.96142975880726
q10893,10893,143,6,5058,1680,0.33214709371293,True,0.33218027278118206,-1.5414391242724612,0.03232133762796088,0.9989146009119576,-1.6639386904370461,0.6696361463902563,0.96142975880726
q10881,10881,143,6,4624,1605,0.3471020761245674,True,0.3471351351351351,-1.469116291968457,0.033554128366607705,0.9988303226477515,-1.5915600662723663,0.6696361463902563,0.96142975880726
q6585,6585,143,6,4521,1574,0.3481530634815306,True,0.34818664307828395,-1.4640790158733772,0.03391787787625601,0.9988048554686235,-1.5864882304394443,0.6696361463902563,0.96142975880726
q10843,10843,143,6,4514,1636,0.3624280017722641,True,0.3624584717607973,-1.3962707168613746,0.033742172135900965,0.9988171912697074,-1.518779729696419,0.6696361463902563,0.96142975880726
q6619,6619,143,6,4299,1587,0.369155617585485,True,0.3691860465116279,-1.364642259004925,0.03448968635316028,0.9987642690437326,-1.487109883716938,0.6696361463902563,0.96142975880726
q11682,11682,143,6,3187,1222,0.3834326953247568,True,0.3834692597239649,-1.2981185702565299,0.03987165553393866,0.9983492038299648,-1.4200780007416975,0.6696361463902563,0.96142975880726
q11594,11594,143,6,2923,1133,0.3876154635648307,True,0.38765389876880985,-1.2787749652960672,0.041583477783038725,0.9982046726196863,-1.4005635389138342,0.6696361463902563,0.96142975880726
q17497,17497,143,6,3032,1189,0.3921503957783641,True,0.39218595450049454,-1.257893450266743,0.04078048635482338,0.9982732213806759,-1.3798142612072954,0.6696361463902563,0.96142975880726
q6872,6872,143,6,22028,8652,0.3927728345741783,True,0.3927777021199328,-1.255171983464199,0.015129546528323889,0.9997619704504298,-1.3791511926716025,0.6696361463902563,0.96142975880726
q11845,11845,143,6,3007,1180,0.3924176920518789,True,0.3924534574468085,-1.2566630547644921,0.040946811798977474,0.9982591317053379,-1.378566532897992,0.6696361463902563,0.96142975880726
q10615,10615,143,6,4960,1954,0.3939516129032258,True,0.39397298931667,-1.2496782588437436,0.03187195283428683,0.9989445414905682,-1.372535639916193,0.6696361463902563,0.96142975880726
q10722,10722,143,6,5955,2355,0.3954659949622166,True,0.3954835460040296,-1.2427419962200987,0.029077377984964688,0.9991213596025746,-1.365848417352587,0.6696361463902563,0.96142975880726
q10633,10633,143,6,5890,2384,0.4047538200339559,True,0.40476998811746734,-1.2002508646721721,0.029176777260914548,0.9991153474991501,-1.3233866568470931,0.6696361463902563,0.96142975880726
q10357,10357,143,6,6502,2673,0.4111042756075054,True,0.41111794556358605,-1.171342973412705,0.027735995605149815,0.9992004923962474,-1.2946146570577841,0.6696361463902563,0.96142975880726
q11575,11575,143,6,3290,1360,0.4133738601823708,True,0.41340018231540565,-1.1609749563444034,0.03897284823669536,0.9984226750691625,-1.2832552142818052,0.6696361463902563,0.96142975880726
q10856,10856,143,6,4869,2036,0.4181556787841446,True,0.41817248459958933,-1.1393346600801826,0.03201284468181781,0.9989351993903718,-1.2622966991706188,0.6696361463902563,0.96142975880726
q6780,6780,143,6,14349,6026,0.4199595790647432,True,0.4199651567944251,-1.1312189621885975,0.018644281517051317,0.9996385761977377,-1.2550727511201294,0.6696361463902563,0.96142975880726
q6951,6951,143,6,105723,45164,0.4271918125668019,True,0.4271925012296167,-1.0985676561893265,0.006862222002770514,0.9999510231672565,-1.2228153297373263,0.6696361463902563,0.96142975880726
q6880,6880,143,6,15915,6826,0.4289035501099592,True,0.42890801708972104,-1.0908323759096508,0.017682637461418124,0.9996748862726821,-1.2147448833371184,0.6696361463902563,0.96142975880726
q10822,10822,143,6,5265,2284,0.4338081671415005,True,0.43382073680212685,-1.0687099387706644,0.03072545339622995,0.9990190366005971,-1.1918471983667644,0.6696361463902563,0.96142975880726
q10647,10647,143,6,13504,5982,0.4429798578199052,True,0.44298407997038136,-1.027549598923649,0.01917213220893224,0.9996178294094008,-1.151416959093833,0.6696361463902563,0.96142975880726
q11705,11705,143,6,3239,1441,0.4448903982710713,True,0.4449074074074074,-1.0189253435486723,0.039137580243806445,0.9984093339421846,-1.1414144078663397,0.6696361463902563,0.96142975880726
q6984,6984,143,6,87259,39494,0.4526066079143698,True,0.4526071510428604,-0.9844437159837872,0.007538916177703615,0.9999408881439582,-1.1086857417408427,0.6696361463902563,0.96142975880726
q11692,11692,143,6,2431,1146,0.4714109419991772,True,0.4714226973684211,-0.9004005871742885,0.04515759371515877,0.9978834728052226,-1.0225393306043948,0.6696361463902563,0.96142975880726
q6719,6719,143,6,876,417,0.476027397260274,True,0.47605473204104903,-0.8797395880185223,0.07521229146621157,0.9941505874352965,-0.998174068082876,0.6696361463902563,0.96142975880726
q10831,10831,143,6,4391,2098,0.4777954907765884,True,0.47780054644808745,-0.8719538885819441,0.0336119619759158,0.9988262918176843,-0.9950921344640826,0.6696361463902563,0.96142975880726
q10845,10845,143,6,7555,3634,0.4810059563203177,True,0.4810084700899947,-0.8576489397407702,0.025630492821599085,0.9993171902539841,-0.9812860163716445,0.6696361463902563,0.96142975880726
q11545,11545,143,6,2602,1271,0.4884704073789392,True,0.48847483672685366,-0.8243553773713509,0.04369199543326308,0.9980183601392734,-0.9467830351713956,0.6696361463902563,0.96142975880726
q6851,6851,143,6,18045,8869,0.4914934885009698,True,0.49149395988030586,-0.8108907273938191,0.016598371813169418,0.9997135235118852,-0.9349303811742353,0.6696361463902563,0.96142975880726
q10354,10354,143,6,5735,2862,0.4990409764603313,True,0.49904114365411434,-0.777219323715143,0.029464403478543136,0.999097835438035,-0.9007135642067186,0.6696361463902563,0.96142975880726
q10794,10794,143,6,6572,3340,0.5082166768107121,True,0.5082154267457781,-0.7362485381303676,0.027557752564464397,0.9992107272296817,-0.8598768907331931,0.6696361463902563,0.96142975880726
q10652,10652,143,6,5031,2564,0.5096402305704631,True,0.5096383147853736,-0.7298887730338338,0.031502604855634025,0.9989688370232792,-0.8533155234972934,0.6696361463902563,0.96142975880726
q11598,11598,143,6,2787,1423,0.5105848582705418,True,0.5105810616929699,-0.7256741222789662,0.04232844108380095,0.9981398909732305,-0.848400629771046,0.6696361463902563,0.96142975880726
q11549,11549,143,6,2910,1490,0.5120274914089347,True,0.5120233596702164,-0.7192246672235266,0.04143377351291974,0.9982175530323818,-0.8420286818553734,0.6696361463902563,0.96142975880726
q10814,10814,143,6,4428,2295,0.5182926829268293,True,0.5182885527207044,-0.6911855302079697,0.033626026048196596,0.9988253105494428,-0.814535145173959,0.6696361463902563,0.96142975880726
q6916,6916,143,6,27415,14288,0.521174539485683,True,0.521173767143274,-0.6782588348969847,0.013522349409714947,0.9998098465732087,-0.8024137902488352,0.6696361463902563,0.96142975880726
q11713,11713,143,6,2102,1110,0.5280685061845861,True,0.5280551592962435,-0.6473859655537822,0.048889657502498976,0.9975200776946818,-0.7697797916549844,0.6696361463902563,0.96142975880726
q10810,10810,143,6,4551,2444,0.5370248297077566,True,0.5370166959578208,-0.6070777729557338,0.03329555983731643,0.9988482596030631,-0.7305429730182404,0.6696361463902563,0.96142975880726
q11837,11837,143,6,2074,1123,0.5414657666345226,True,0.5414457831325301,-0.5871066947457176,0.04936707263734063,0.9974715306179107,-0.7096154716724077,0.6696361463902563,0.96142975880726
q11570,11570,143,6,2178,1200,0.5509641873278237,True,0.5509407985314364,-0.5441663459235179,0.04829336516081172,0.9975800570064234,-0.6668562432669483,0.6696361463902563,0.96142975880726
q6598,6598,143,6,4618,2579,0.5584668687743612,True,0.5584542108681533,-0.5100501417915565,0.03324080057956908,0.9988520405424186,-0.6336294909645173,0.6696361463902563,0.96142975880726
q10878,10878,143,6,4566,2558,0.560227770477442,True,0.5602145828771623,-0.5020375379590527,0.03344708875660272,0.9988377647618123,-0.6256171437110735,0.6696361463902563,0.96142975880726
q6847,6847,143,6,12960,7311,0.5641203703703703,True,0.5641154231926548,-0.48425455233965975,0.019878107557281,0.9995891776550037,-0.6083121075263134,0.6696361463902563,0.96142975880726
q11702,11702,143,6,2232,1291,0.578405017921147,True,0.5783699059561128,-0.4189173881402812,0.04811955980540752,0.9975974023904756,-0.54191980326701,0.6696361463902563,0.96142975880726
q6769,6769,143,6,9901,5739,0.5796384203615796,True,0.5796303777014744,-0.4131108560167786,0.02286128642278107,0.9994566899376595,-0.5371264372835819,0.6696361463902563,0.96142975880726
q11916,11916,143,6,1892,1112,0.587737843551797,True,0.5876914949815109,-0.3758541756197492,0.052443449940304206,0.9971475085255379,-0.49873503461886054,0.6696361463902563,0.96142975880726
q11864,11864,143,6,2708,1596,0.5893648449039882,True,0.5893318567737172,-0.3682458706724665,0.0438670259803331,0.9980024831796063,-0.4915695530007925,0.6696361463902563,0.96142975880726
q11905,11905,143,6,2161,1279,0.5918556223970384,True,0.5918131359851989,-0.35671916020593014,0.04915180402979675,0.9974934785276973,-0.4798210224909131,0.6696361463902563,0.96142975880726
q6707,6707,143,6,12991,7707,0.5932568701408667,True,0.5932496921182266,-0.3500355373738306,0.020062218537056566,0.999581535541115,-0.4741446077469365,0.6696361463902563,0.96142975880726
q6606,6606,143,6,4600,2740,0.5956521739130435,True,0.5956313844816344,-0.33893788592253465,0.03374511844266049,0.9988169849435348,-0.46269742568117744,0.6696361463902563,0.96142975880726
q10612,10612,143,6,6771,4045,0.5974006793678924,True,0.597386296515062,-0.33074712656990524,0.0278351214619959,0.9991947720632227,-0.4546882699218315,0.6696361463902563,0.96142975880726
q11764,11764,143,6,2586,1549,0.5989945862335654,True,0.5989563200618477,-0.3234093085690114,0.04506489416034747,0.9978921352068567,-0.4467731480348219,0.6696361463902563,0.96142975880726
q11849,11849,143,6,1989,1195,0.6008044243338361,True,0.6007537688442212,-0.3149967827256515,0.0514209934291664,0.9972573486043946,-0.4380994901434688,0.6696361463902563,0.96142975880726
q10783,10783,143,6,4327,2641,0.6103535937138895,True,0.6103280961182994,-0.2699650436066722,0.03501542251597956,0.9987263570584803,-0.39377044718350884,0.6696361463902563,0.96142975880726
q10800,10800,143,6,5955,3659,0.6144416456759026,True,0.6144224311618536,-0.2505881640100833,0.029905449532424997,0.9990706499851305,-0.37454732076095626,0.6696361463902563,0.96142975880726
q11951,11951,143,6,5895,3638,0.6171331636980492,True,0.6171132971506106,-0.2378122549855019,0.03009567124191267,0.9990588007823147,-0.36177899419641313,0.6696361463902563,0.96142975880726
q6564,6564,143,6,11275,6990,0.6199556541019956,True,0.6199450159631075,-0.22433132885978047,0.021792181705199472,0.9995062928747384,-0.34846676945642213,0.6696361463902563,0.96142975880726
q6980,6980,143,6,18569,11549,0.6219505627659001,True,0.6219439956919763,-0.2147918977293115,0.01699807340743739,0.9996995644344074,-0.3389975862933311,0.6696361463902563,0.96142975880726
q11557,11557,143,6,2336,1457,0.6237157534246576,True,0.6236628155755242,-0.20657396274216916,0.04795661251022283,0.9976136079101269,-0.33009191578227565,0.6696361463902563,0.96142975880726
q10726,10726,143,6,5429,3407,0.6275557192853196,True,0.6275322283609577,-0.18802016723046922,0.031523314152924295,0.9989674822385859,-0.3120052494016482,0.6696361463902563,0.96142975880726
q6556,6556,143,6,8939,5622,0.6289294104485961,True,0.6289149888143176,-0.18137147904551854,0.024585192270182604,0.9993717149713189,-0.3054869915810983,0.6696361463902563,0.96142975880726
q11776,11776,143,6,2475,1559,0.6298989898989898,True,0.6298465266558966,-0.1768868391913978,0.04673883731218814,0.9977329944524456,-0.3005115959069308,0.6696361463902563,0.96142975880726
q6774,6774,143,6,18224,11511,0.6316395961369623,True,0.6316323731138546,-0.1682767076185231,0.01724357687941149,0.9996908260735575,-0.29249381429302945,0.6696361463902563,0.96142975880726
q6577,6577,143,6,4568,2896,0.6339754816112084,True,0.633946158896914,-0.15709611539995796,0.03448150807487623,0.9987648542895509,-0.281056106953073,0.6696361463902563,0.96142975880726
q11893,11893,143,6,4310,2736,0.6348027842227378,True,0.6347715147297611,-0.1531009060145712,0.03551410671497033,0.9986898685435959,-0.2770450305522049,0.6696361463902563,0.96142975880726
q11924,11924,143,6,2151,1383,0.6429567642956764,True,0.6428903345724907,-0.11359960214105023,0.05049221499280544,0.9973552710316198,-0.23727796826463754,0.6696361463902563,0.96142975880726
q11653,11653,143,6,2020,1299,0.6430693069306931,True,0.6429985155863434,-0.11307072431890947,0.05210617067993458,0.9971839779775689,-0.23670982792866194,0.6696361463902563,0.96142975880726
q6904,6904,143,6,15324,9880,0.6447402766901592,True,0.6447308319738989,-0.1045923971262512,0.01894100842103934,0.9996269847348777,-0.22881458004900893,0.6696361463902563,0.96142975880726
q10806,10806,143,6,4170,2689,0.6448441247002398,True,0.6448093982258452,-0.10420745804310648,0.03630804841688493,0.9986307171405182,-0.2282021224406371,0.6696361463902563,0.96142975880726
q10622,10622,143,6,5851,3809,0.6509998290890446,True,0.650974025974026,-0.07388761415068565,0.030764135937063484,0.9990165674619389,-0.19800026866476533,0.6696361463902563,0.96142975880726
q10766,10766,143,6,5038,3294,0.6538308852719333,True,0.6538003572137329,-0.059908152592486434,0.03320986473673097,0.9988541738180655,-0.18400463950210927,0.6696361463902563,0.96142975880726
q11939,11939,143,6,2189,1436,0.6560073092736409,True,0.6559360730593607,-0.04931078057809316,0.05044139131987385,0.9973605784871404,-0.17316009468206364,0.6696361463902563,0.96142975880726
q11753,11753,143,6,2640,1747,0.6617424242424242,True,0.6616811813706929,-0.020654890339934645,0.04609949112004906,0.997794455683583,-0.14464273532126085,0.6696361463902563,0.96142975880726
q6988,6988,143,6,17600,11726,0.66625,True,0.666240554513948,0.002246553290549308,0.017910150122819712,0.999666469144904,-0.12202030169870166,0.6696361463902563,0.96142975880726
q11623,11623,143,6,2288,1527,0.6673951048951049,True,0.6673219746614242,0.007699877611954968,0.04969992934270903,0.9974374070109828,-0.11630887044628006,0.6696361463902563,0.96142975880726
q11524,11524,143,6,2693,1803,0.6695135536576309,True,0.6694506310319228,0.018458659192769407,0.04587728339461968,0.9978156203366317,-0.1056176927108139,0.6696361463902563,0.96142975880726
q11805,11805,143,6,2608,1749,0.6706288343558282,True,0.6705634342660023,0.024096151301392393,0.046653655372851904,0.9977412315495165,-0.09998506041970318,0.6696361463902563,0.96142975880726
q10934,10934,143,6,5284,3559,0.6735427706283119,True,0.6735099337748345,0.03906737230817572,0.03284542594009392,0.9988791559611079,-0.08514465283196335,0.6696361463902563,0.96142975880726
q11696,11696,143,6,1923,1300,0.6760270410816432,True,0.6759355509355509,0.051440973079055756,0.05452892218584063,0.9969168461164274,-0.07264193410490732,0.6696361463902563,0.96142975880726
q6581,6581,143,6,4494,3042,0.6769025367156208,True,0.6768631813125695,0.05618491707072701,0.035698293616088665,0.9986762618634392,-0.06803247248401338,0.6696361463902563,0.96142975880726
q10785,10785,143,6,4502,3052,0.6779209240337628,True,0.6778814123917388,0.0613998685764314,0.0356922295438387,0.9986767109571987,-0.0628244524599518,0.6696361463902563,0.96142975880726
q11717,11717,143,6,2006,1362,0.678963110667996,True,0.6788739412057798,0.06649097379556936,0.053500434731897924,0.9970317120205444,-0.057644976011699,0.6696361463902563,0.96142975880726
q11531,11531,143,6,2147,1462,0.6809501630181649,True,0.6808659217877095,0.07673215754157198,0.05178862098108047,0.9972181014615854,-0.04744305860211414,0.6696361463902563,0.96142975880726
q6712,6712,143,6,23499,16089,0.6846674326567088,True,0.6846595744680851,0.09632436511012013,0.015700750648417125,0.9997436626253509,-0.027976027852831285,0.6696361463902563,0.96142975880726
q10864,10864,143,6,5565,3823,0.6869721473495058,True,0.6869385555156307,0.10815099271859956,0.0323160972600973,0.9989149524604201,-0.016139042734429676,0.6696361463902563,0.96142975880726
q11723,11723,143,6,1926,1332,0.6915887850467289,True,0.6914893617021277,0.13189868860961737,0.055112582621823586,0.9968506996368884,0.007567215781523307,0.6696361463902563,0.96142975880726
q11812,11812,143,6,4892,3404,0.695829926410466,True,0.6957899039444104,0.15450659019721227,0.034702562806257546,0.9987489868091565,0.03016124471649183,0.6696361463902563,0.96142975880726
q11841,11841,143,6,1991,1389,0.6976393771973882,True,0.6975401606425703,0.16375527085625907,0.0544639044433887,0.9969241715494513,0.03932637038044259,0.6696361463902563,0.96142975880726
q10796,10796,143,6,4745,3317,0.6990516332982086,True,0.6990096923725242,0.1715422617703793,0.0353266102294696,0.9987036478005558,0.04717346286553283,0.6696361463902563,0.96142975880726
q10816,10816,143,6,4184,2935,0.7014818355640535,True,0.7014336917562723,0.18443093187238546,0.03769410734064494,0.99852433417862,0.060034643773225316,0.6696361463902563,0.96142975880726
q6610,6610,143,6,4458,3136,0.7034544638851503,True,0.7034088360618973,0.19497415651664035,0.03657706958793441,0.998610379116511,0.07056839064360863,0.6696361463902563,0.96142975880726
q11540,11540,143,6,4179,2945,0.7047140464225892,True,0.7046650717703349,0.20169941841184885,0.0378175427175907,0.9985146681261191,0.0772768997236079,0.6696361463902563,0.96142975880726
q10754,10754,143,6,6513,4597,0.7058191309688315,True,0.7057875345409886,0.2077215327988577,0.030322571324600808,0.9990445689409205,0.0833342704010874,0.6696361463902563,0.96142975880726
q6924,6924,143,6,14542,10287,0.7073992573236143,True,0.7073849962181118,0.21631346070624077,0.020321188139585982,0.9995706671336924,0.0919663934485654,0.6696361463902563,0.96142975880726
q11660,11660,143,6,3545,2509,0.7077574047954867,True,0.7076988155668359,0.2180043136090411,0.04116447398437703,0.9982406071922423,0.09353189812214081,0.6696361463902563,0.96142975880726
q10627,10627,143,6,6346,4505,0.7098959974787268,True,0.7098629273672601,0.22969145089627668,0.0308256780624046,0.9990126327993779,0.10527983220172962,0.6696361463902563,0.96142975880726
q10658,10658,143,6,5411,3846,0.7107743485492515,True,0.7107354028085735,0.23441663091260764,0.033407622466878145,0.9988405027517963,0.10998139365173061,0.6696361463902563,0.96142975880726
q11794,11794,143,6,1046,745,0.7122370936902486,True,0.7120343839541547,0.24146617374656182,0.07604000139046495,0.9940219075401692,0.11645822265437666,0.6696361463902563,0.96142975880726
q10609,10609,143,6,7445,5320,0.7145735392881128,True,0.7145447219983884,0.2551394636110171,0.028576830995503635,0.9991513241569183,0.1307208636368694,0.6696361463902563,0.96142975880726
q6957,6957,143,6,4721,3386,0.7172209277695404,True,0.7171749258788649,0.26953725017588054,0.035969526754190566,0.998656097242171,0.1450345094997084,0.6696361463902563,0.96142975880726
q10888,10888,143,6,5501,3951,0.7182330485366297,True,0.7181933842239185,0.27513233694643896,0.033353216074950294,0.9988442719421945,0.15065045842373512,0.6696361463902563,0.96142975880726
q6796,6796,143,6,8202,5894,0.7186052182394538,True,0.7185785688162867,0.2772513658591847,0.027325222658031917,0.9992239803713036,0.1528251123652584,0.6696361463902563,0.96142975880726
q10701,10701,143,6,7630,5483,0.718610747051114,True,0.7185820993316734,0.27727079591223003,0.02833092365972603,0.9991658551142348,0.15283563631314645,0.6696361463902563,0.96142975880726
q6811,6811,143,6,19160,13791,0.7197807933194155,True,0.7197693231042221,0.28381240657768686,0.017898364755413527,0.9996669077991284,0.15945171065609529,0.6696361463902563,0.96142975880726
q11609,11609,143,6,4056,2923,0.7206607495069034,True,0.7206063593788513,0.28843384971952113,0.03892728320782833,0.998426355365181,0.1638680071706473,0.6696361463902563,0.96142975880726
q10863,10863,143,6,4200,3030,0.7214285714285714,True,0.7213758628897882,0.2926893203703536,0.038281504692766,0.998478054982289,0.16812548649514505,0.6696361463902563,0.96142975880726
q11600,11600,143,6,2666,1929,0.7235558889722431,True,0.7234720659917511,0.30431547102571943,0.048139596449841705,0.9975954059368277,0.17957505898299045,0.6696361463902563,0.96142975880726
q10365,10365,143,6,6714,4879,0.7266904974679773,True,0.726656738644825,0.32207495560991306,0.03042998361858676,0.999037794588912,0.1975770966543647,0.6696361463902563,0.96142975880726
q10663,10663,143,6,4787,3489,0.7288489659494464,True,0.7288011695906432,0.33410036847197394,0.03611147040611849,0.9986454840384568,0.20950863466932032,0.6696361463902563,0.96142975880726
q10905,10905,143,6,5606,4088,0.7292186942561542,True,0.7291778134474763,0.3362181388982633,0.03338226951386415,0.9988422599258635,0.211665235432777,0.6696361463902563,0.96142975880726
q6667,6667,143,6,17398,12710,0.730543740659846,True,0.7305304902580608,0.34383796184781024,0.018975479846310886,0.9996256262802443,0.21944820933372763,0.6696361463902563,0.96142975880726
q6888,6888,143,6,24109,17647,0.7319673151105396,True,0.7319576939029449,0.3519016927924603,0.01614236020762835,0.9997290439721627,0.22753245868870522,0.6696361463902563,0.96142975880726
q11630,11630,143,6,2545,1866,0.7332023575638507,True,0.7331107619795758,0.35843482212997146,0.04973176890177688,0.9974341310085323,0.23352651616044676,0.6696361463902563,0.96142975880726
q11650,11650,143,6,2560,1879,0.733984375,True,0.7338930105427567,0.3628763252911564,0.0496246983083853,0.9974451393535747,0.23795924925361236,0.6696361463902563,0.96142975880726
q11773,11773,143,6,2515,1848,0.7347912524850895,True,0.734697933227345,0.36745455436758984,0.050107013757847645,0.9973953652724317,0.24251367917482455,0.6696361463902563,0.96142975880726
q6568,6568,143,6,14806,10902,0.7363231122517898,True,0.7363071520226919,0.3766319581988145,0.020688441852999274,0.9995550156795927,0.2522121116974474,0.6696361463902563,0.96142975880726
q6688,6688,143,6,15238,11275,0.7399264995406222,True,0.7399107552989042,0.39730399271766775,0.02046887584958072,0.9995644066848848,0.2728775111959559,0.6696361463902563,0.96142975880726
q6635,6635,143,6,18170,13446,0.7400110071546505,True,0.7399977986902206,0.39780541128991126,0.018746585820558246,0.9996346003827269,0.27339790917872675,0.6696361463902563,0.96142975880726
q10850,10850,143,6,4702,3488,0.741811994895789,True,0.741760578354242,0.407981616358156,0.03691698435473331,0.9985844680339878,0.28327250056886377,0.6696361463902563,0.96142975880726
q10839,10839,143,6,7462,5537,0.7420262664165104,True,0.7419938362588772,0.4093312761059663,0.029313238853440268,0.9991070604049798,0.28476920104655706,0.6696361463902563,0.96142975880726
q6824,6824,143,6,11349,8435,0.7432372896290422,True,0.743215859030837,0.41641402572420183,0.0238004327612709,0.9994111613037596,0.291934456034127,0.6696361463902563,0.96142975880726
q11782,11782,143,6,3064,2279,0.743798955613577,True,0.7437194127243066,0.4193384672717009,0.04582479429928223,0.9978206049728517,0.294387912289611,0.6696361463902563,0.96142975880726
q6884,6884,143,6,15009,11162,0.7436871210606969,True,0.7436708860759493,0.41905649335908984,0.02070632053704213,0.9995542465908503,0.29461754191669404,0.6696361463902563,0.96142975880726
q10762,10762,143,6,5680,4234,0.7454225352112676,True,0.7453793346241859,0.42900320084569327,0.03371916056969726,0.9988188021239752,0.3043357289058731,0.6696361463902563,0.96142975880726
q10868,10868,143,6,6140,4585,0.746742671009772,True,0.7467024914509037,0.4367344293610962,0.03247820832951313,0.9989040510111432,0.3120844593529888,0.6696361463902563,0.96142975880726
q11637,11637,143,6,4349,3248,0.746838353644516,True,0.7467816091954023,0.437197489456942,0.03859262975446542,0.9984532542825085,0.3124059622047201,0.6696361463902563,0.96142975880726
q6644,6644,143,6,15814,11850,0.7493360313646137,True,0.7493202655706608,0.4521026272013088,0.020296651488226618,0.999571702852847,0.3276546674085614,0.6696361463902563,0.96142975880726
q10645,10645,143,6,23621,17705,0.7495448964904111,True,0.7495343324019982,0.453363665323538,0.01661129947753694,0.9997130772209921,0.328961685529872,0.6696361463902563,0.96142975880726
q11882,11882,143,6,2699,2034,0.7536124490552056,True,0.7535185185185185,0.4769554468897924,0.04935403582011346,0.9974728624995668,0.3517566911025801,0.6696361463902563,0.96142975880726
q10361,10361,143,6,4763,3596,0.754986353138778,True,0.7549328295549959,0.4853864945086994,0.03721521983519327,0.998561537809693,0.36055953001924335,0.6696361463902563,0.96142975880726
q10827,10827,143,6,4077,3088,0.7574196713269561,True,0.7573565473271211,0.49990524058347596,0.04033676626368852,0.9983105309159646,0.37496311382117775,0.6696361463902563,0.96142975880726
q10944,10944,143,6,4320,3282,0.7597222222222222,True,0.7596621152510993,0.5138003060600941,0.03929250495240717,0.9983967360583554,0.38886828029136067,0.6696361463902563,0.96142975880726
q11709,11709,143,6,2422,1844,0.7613542526837325,True,0.7612463887742468,0.5233967642827693,0.05257079917044325,0.997133677964813,0.3979452800167939,0.6696361463902563,0.96142975880726
q11962,11962,143,6,2819,2151,0.7630365377793544,True,0.7629432624113475,0.5337198147739436,0.04882970487529004,0.9975261411085757,0.4083994205390833,0.6696361463902563,0.96142975880726
q10887,10887,143,6,4546,3473,0.7639683238011439,True,0.7639102705080273,0.5396235571140583,0.03849961682068503,0.9984606895259388,0.414676690755822,0.6696361463902563,0.96142975880726
q10750,10750,143,6,4701,3593,0.7643054669219315,True,0.7642492556358996,0.5416967390137375,0.037875399367304594,0.9985101266395966,0.4167673159008691,0.6696361463902563,0.96142975880726
q11565,11565,143,6,2015,1542,0.7652605459057072,True,0.7651289682539683,0.5470857611217205,0.05790571157376849,0.996524532435937,0.42130884311491235,0.6696361463902563,0.96142975880726
q6716,6716,143,6,10800,8263,0.7650925925925925,True,0.7650680492546986,0.5467121656453939,0.02501509614181279,0.9993495645251436,0.42212985260588093,0.6696361463902563,0.96142975880726
q10719,10719,143,6,4862,3727,0.7665569724393254,True,0.7665021591610117,0.5555234723545802,0.037346581058955115,0.9985513797382192,0.43059123815235406,0.6696361463902563,0.96142975880726
q10776,10776,143,6,4834,3706,0.766652875465453,True,0.7665977249224405,0.5561118603965748,0.03745900556910454,0.9985426577696923,0.43117500766004463,0.6696361463902563,0.96142975880726
q11639,11639,143,6,3665,2810,0.7667121418826739,True,0.7666393889798145,0.556368429555576,0.043021021200805205,0.9980786405036851,0.43123071920936756,0.6696361463902563,0.96142975880726
q11646,11646,143,6,2167,1662,0.7669589293954776,True,0.7668357933579336,0.5575782901750107,0.05595685268406453,0.9967537878936813,0.43186423540198715,0.6696361463902563,0.96142975880726
q6839,6839,143,6,27116,20790,0.7667060038353739,True,0.7666961684552126,0.556718127169182,0.015819281220682085,0.9997397786621994,0.4322980386112741,0.6696361463902563,0.96142975880726
q10899,10899,143,6,4734,3634,0.7676383607942543,True,0.7675818373812038,0.5621798941291393,0.0378989131001565,0.9985082789450904,0.4372191446548325,0.6696361463902563,0.96142975880726
q10600,10600,143,6,5683,4364,0.7679042759106106,True,0.7678571428571429,0.5638803630475155,0.034602641276010024,0.9987561717498937,0.43902604388146976,0.6696361463902563,0.96142975880726
q11761,11761,143,6,2209,1697,0.7682209144409234,True,0.7680995475113123,0.565378682584496,0.055510104849857606,0.9968052502010086,0.43966200462054833,0.6696361463902563,0.96142975880726
q11912,11912,143,6,2363,1816,0.7685146000846381,True,0.7684010152284264,0.5672434737224414,0.05369190206834971,0.9970104918155859,0.44161174709821466,0.6696361463902563,0.96142975880726
q11799,11799,143,6,2094,1611,0.7693409742120344,True,0.7692124105011933,0.5722702645519981,0.05709321668990548,0.9966210519037517,0.44644905574165616,0.6696361463902563,0.96142975880726
q6783,6783,143,6,12442,9569,0.7690885709692975,True,0.7690669452704332,0.5713682395408878,0.023422551105585658,0.9994297003812996,0.44680571490606213,0.6696361463902563,0.96142975880726
q17487,17487,143,6,793,615,0.7755359394703657,True,0.7751889168765743,0.6096517779197193,0.09345742187419515,0.9909971002153914,0.48097470651646734,0.6696361463902563,0.96142975880726
q6843,6843,143,6,20425,15823,0.77468788249694,True,0.7746744345442084,0.6064086893251334,0.018413602595374987,0.9996474612675708,0.48193116390302176,0.6696361463902563,0.96142975880726
q10668,10668,143,6,6627,5145,0.7763693979176097,True,0.7763277006638504,0.6168474401328112,0.032395630848829744,0.9989096108683067,0.4920028139040155,0.6696361463902563,0.96142975880726
q11632,11632,143,6,2825,2199,0.7784070796460177,True,0.7783085633404104,0.6294211950492283,0.04974403318535932,0.9974328685707788,0.5038169358738048,0.6696361463902563,0.96142975880726
q11657,11657,143,6,2241,1747,0.7795626952253458,True,0.7794380017841214,0.6366234235514747,0.05593346994935533,0.9967564915235481,0.5106541566219923,0.6696361463902563,0.96142975880726
q6836,6836,143,6,16615,13052,0.7855552211856756,True,0.78553803562831,0.675949205147885,0.02072033814521745,0.9995536431305052,0.5513954100095698,0.6696361463902563,0.96142975880726
q11934,11934,143,6,1974,1553,0.786727456940223,True,0.7865822784810127,0.6827554895351925,0.060189528068258835,0.9962460289506869,0.5563515260948516,0.6696361463902563,0.96142975880726
q11684,11684,143,6,2142,1687,0.7875816993464052,True,0.7874475034997667,0.688411839512152,0.057853680212968356,0.996530753756228,0.5621472567773041,0.6696361463902563,0.96142975880726
q10833,10833,143,6,5867,4627,0.7886483722515766,True,0.78859918200409,0.6959648517150596,0.035020132293631906,0.9987260148472235,0.5709290027174854,0.6696361463902563,0.96142975880726
q6928,6928,143,6,21922,17297,0.7890247240215309,True,0.7890115403913698,0.6986759237672734,0.01812893798089907,0.9996582734432704,0.5741720807428862,0.6696361463902563,0.96142975880726
q11827,11827,143,6,996,787,0.7901606425702812,True,0.7898696088264794,0.7043287871132955,0.08511719084812815,0.992520774811829,0.575683111684215,0.6696361463902563,0.96142975880726
q10873,10873,143,6,5780,4595,0.7949826989619377,True,0.7949316727209825,0.7379987571388289,0.03561503394973901,0.9986824212851536,0.6128826045848034,0.6696361463902563,0.96142975880726
q10757,10757,143,6,4438,3543,0.7983325822442542,True,0.7982653750844785,0.7604828553615579,0.040851953922745605,0.9982671742349611,0.6350729083260218,0.6696361463902563,0.96142975880726
q6652,6652,143,6,21525,17221,0.8000464576074332,True,0.8000325188144569,0.7725048403968394,0.018602580578685687,0.9996401905736688,0.6479640468041982,0.6696361463902563,0.96142975880726
q11574,11574,143,6,2715,2181,0.8033149171270718,True,0.8032032400589102,0.7942606061634209,0.05263591001278927,0.9971265938943294,0.6680279929043711,0.6696361463902563,0.96142975880726
q10938,10938,143,6,4878,3932,0.8060680606806068,True,0.8060053289608526,0.8136905326625237,0.0394514421394005,0.9983837605075419,0.6882687585833144,0.6696361463902563,0.96142975880726
q10641,10641,143,6,24852,20030,0.8059713503943344,True,0.8059590391502032,0.813367970342734,0.017478566447347188,0.9996823447178772,0.6888415205623974,0.6696361463902563,0.96142975880726
q6855,6855,143,6,13173,10639,0.8076368329158127,True,0.8076134810991347,0.824930244405607,0.024072749468643156,0.9993976177845265,0.700200635661212,0.6696361463902563,0.96142975880726
q11666,11666,143,6,2774,2244,0.8089401586157173,True,0.8088288288288288,0.8334683460137841,0.05255769460078567,0.9971351026963418,0.7071291071043299,0.6696361463902563,0.96142975880726
q6594,6594,143,6,5761,4660,0.8088873459468843,True,0.8088337382853176,0.8335029133271087,0.0364741146154217,0.9986181801576969,0.7082153670210174,0.6696361463902563,0.96142975880726
q17492,17492,143,6,954,774,0.8113207547169812,True,0.8109947643979057,0.8487797294019082,0.08992093531200336,0.9916599844678019,0.7184300542041238,0.6696361463902563,0.96142975880726
q11900,11900,143,6,2556,2072,0.810641627543036,True,0.8105201407899882,0.8454139851251622,0.054909237130246466,0.9968738238051925,0.7188521133008647,0.6696361463902563,0.96142975880726
q10919,10919,143,6,4530,3712,0.8194260485651215,True,0.8193555506510704,0.9090793156728754,0.04189668327848207,0.9981775755393606,0.7833415623372126,0.6696361463902563,0.96142975880726
q11856,11856,143,6,2295,1892,0.824400871459695,True,0.8242595818815331,0.9453857834267783,0.059395791237925204,0.996344025946882,0.8180763766654348,0.6696361463902563,0.96142975880726
q6602,6602,143,6,5924,4903,0.8276502363268062,True,0.8275949367088608,0.9705012971684321,0.03721221028037287,0.9985617701194716,0.8449767099564701,0.6696361463902563,0.96142975880726
q11873,11873,143,6,2137,1774,0.8301357042583061,True,0.8299812909260992,0.9886898137589063,0.06223976305270134,0.9959869741313516,0.8609134593354354,0.6696361463902563,0.96142975880726
q10768,10768,143,6,5751,4775,0.8302903842809947,True,0.8302329624478443,0.9906189374454524,0.037964708733243,0.9985031027078736,0.8650145921963236,0.6696361463902563,0.96142975880726
q11825,11825,143,6,3457,2872,0.8307781313277408,True,0.8306824754193175,0.9940698105644613,0.049008006947109016,0.9975080865935595,0.8675948722638444,0.6696361463902563,0.96142975880726
q6700,6700,143,6,11685,9734,0.8330338040222508,True,0.8330053054937532,1.0120105182298922,0.02678462084689687,0.9992543594859903,0.8870410448411523,0.6696361463902563,0.96142975880726
q6623,6623,143,6,4525,3772,0.8335911602209944,True,0.8335174547061422,1.01599098224685,0.04308400674827832,0.998073021246132,0.8899651611455366,0.6696361463902563,0.96142975880726
q11852,11852,143,6,2683,2239,0.8345136041744317,True,0.8343889716840537,1.022785404180755,0.05604808205723813,0.9967432288283619,0.8955517013561201,0.6696361463902563,0.96142975880726
q11910,11910,143,6,3172,2651,0.835750315258512,True,0.8356445004727387,1.03262046869823,0.05168313614132648,0.9972293910870444,0.9057963227713196,0.6696361463902563,0.96142975880726
q10731,10731,143,6,4675,3933,0.8412834224598931,True,0.8412104362703166,1.0769090261259597,0.04308374281220177,0.9980730448102175,0.9507658396955463,0.6696361463902563,0.96142975880726
q11816,11816,143,6,3429,2890,0.8428113152522602,True,0.8427113702623906,1.0890513681675014,0.050470784878447854,0.9973575095977234,0.9621944758266624,0.6696361463902563,0.96142975880726
q10903,10903,143,6,4223,3559,0.8427658062988397,True,0.8426846590909091,1.0888345158327086,0.04547779872039546,0.9978534151600728,0.9624565108014899,0.6696361463902563,0.96142975880726
q10618,10618,143,6,5125,4321,0.8431219512195122,True,0.843055013655872,1.0918436926136068,0.04131705502674796,0.9982275633808617,0.9658212300494123,0.6696361463902563,0.96142975880726
q11796,11796,143,6,4580,3862,0.8432314410480349,True,0.8431565160445318,1.0926693492196684,0.04371561904707911,0.9980162209255675,0.9664407672746137,0.6696361463902563,0.96142975880726
q10915,10915,143,6,4962,4187,0.8438129786376461,True,0.8437437034051984,1.0974536898749643,0.042054645625085596,0.9981638328025254,0.9713592647809168,0.6696361463902563,0.96142975880726
q11613,11613,143,6,4655,3931,0.844468313641246,True,0.8443943298969072,1.1027708514555206,0.04348244192824673,0.9980372858335006,0.9765428416007318,0.6696361463902563,0.96142975880726
q10732,10732,143,6,4527,3844,0.8491274574773581,True,0.8490503533568905,1.1413232810136447,0.04456716639510632,0.9979383440395627,1.014918978399913,0.6696361463902563,0.96142975880726
q11674,11674,143,6,2324,1978,0.851118760757315,True,0.8509677419354839,1.1574638973505682,0.06247813319924344,0.9959563010771796,1.02897855810357,0.6696361463902563,0.96142975880726
q10704,10704,143,6,4193,3573,0.8521345098974481,True,0.8520505484024797,1.1666495550229266,0.04663949605115269,0.997742599313259,1.039989005398092,0.6696361463902563,0.96142975880726
q10931,10931,143,6,5052,4305,0.8521377672209026,True,0.8520680783692856,1.1667986900331297,0.042492450337520415,0.9981254754577354,1.0405369487330018,0.6696361463902563,0.96142975880726
q11958,11958,143,6,2218,1899,0.8561767357980162,True,0.85601622352411,1.2007404338487786,0.0647470446531981,0.9956585702708791,1.071759610092117,0.6696361463902563,0.96142975880726
q11742,11742,143,6,2131,1830,0.8587517597372126,True,0.8585834896810507,1.223200107971602,0.06648571112570488,0.9954233584025387,1.093863304550119,0.6696361463902563,0.96142975880726
q11750,11750,143,6,2327,2002,0.8603351955307262,True,0.8601804123711341,1.2373316011857198,0.06388832483393053,0.9957724810652987,1.1083187048994028,0.6696361463902563,0.96142975880726
q6589,6589,143,6,5227,4499,0.8607231681652956,True,0.860654169854629,1.2415482461671559,0.04268564196716474,0.9981084239998822,1.1151273344071635,0.6696361463902563,0.96142975880726
q10773,10773,143,6,5627,4844,0.8608494757419585,True,0.8607853589196873,1.2427178697740304,0.04115490359016409,0.9982414237467201,1.116443493869343,0.6696361463902563,0.96142975880726
q11528,11528,143,6,2224,1916,0.8615107913669064,True,0.8613483146067415,1.2477467618043114,0.06555038623808682,0.9955506526559144,1.118440624499449,0.6696361463902563,0.96142975880726
q11889,11889,143,6,3583,3088,0.8618476137315099,True,0.8617466517857143,1.2513147971322371,0.05170259813533965,0.9972273098592174,1.123882389190944,0.6696361463902563,0.96142975880726
q10742,10742,143,6,4220,3646,0.8639810426540284,True,0.8638948116560057,1.2706970487809652,0.04791581246802301,0.9976176570544438,1.14365838978082,0.6696361463902563,0.96142975880726
q6573,6573,143,6,4258,3680,0.8642555190230155,True,0.864169992956093,1.2731973026947037,0.04773703846738885,0.9976353589868333,1.146173024800725,0.6696361463902563,0.96142975880726
q11860,11860,143,6,2325,2011,0.8649462365591398,True,0.8647893379191746,1.2788392255558678,0.06470443439094603,0.9956642578443121,1.1495259078666744,0.6696361463902563,0.96142975880726
q11768,11768,143,6,2212,1925,0.870253164556962,True,0.8700858563036602,1.327943289566176,0.06732451837712357,0.9953076941594327,1.197987896527827,0.6696361463902563,0.96142975880726
q11755,11755,143,6,2534,2205,0.8701657458563536,True,0.8700197238658777,1.3273204430411851,0.06289160022036948,0.9959028233102495,1.198083920621097,0.6696361463902563,0.96142975880726
q11730,11730,143,6,2539,2212,0.8712091374556912,True,0.8710629921259843,1.337175752142348,0.06301879212149825,0.9958863025435587,1.207878813267212,0.6696361463902563,0.96142975880726
q11936,11936,143,6,3272,2852,0.871638141809291,True,0.8715245951726245,1.3415566645006385,0.055589899670664036,0.9967960882521849,1.2133491397110374,0.6696361463902563,0.96142975880726
q6631,6631,143,6,4406,3842,0.8719927371765774,True,0.87190832766054,1.3452081311269033,0.0479604485268176,0.9976132270343588,1.2179865525613405,0.6696361463902563,0.96142975880726
q11921,11921,143,6,2082,1820,0.8741594620557157,True,0.8739798367738838,1.3650727310297663,0.07018853381773543,0.9949020554376135,1.2344398129008023,0.6696361463902563,0.96142975880726
q10712,10712,143,6,5715,4994,0.873840769903762,True,0.8737753673897831,1.3631003748475383,0.042344792476677266,0.9981384562585599,1.236486741744251,0.6696361463902563,0.96142975880726
q6570,6570,143,6,18140,15852,0.8738699007717751,True,0.8738492916597762,1.363813167861098,0.023774486097871736,0.9994124437257643,1.2387773224646068,0.6696361463902563,0.96142975880726
q11622,11622,143,6,2282,2000,0.8764241893076249,True,0.8762593079281646,1.3872373179877133,0.0675067051481867,0.9952823840844065,1.2569717343867184,0.6696361463902563,0.96142975880726
q10927,10927,143,6,5027,4408,0.8768649293813408,True,0.8767899761336515,1.392444512982041,0.04556258388510312,0.9978454211185701,1.2654046457943067,0.6696361463902563,0.96142975880726
q10854,10854,143,6,4579,4026,0.8792312732037563,True,0.8791484716157205,1.4158092648307317,0.04809054207470625,0.9976002922613448,1.2884024721065808,0.6696361463902563,0.96142975880726
q17501,17501,143,6,1413,1244,0.8803963198867657,True,0.8801272984441302,1.4256148758167269,0.08681879549014561,0.9922210960622615,1.2911845651577605,0.6696361463902563,0.96142975880726
q11867,11867,143,6,2052,1807,0.8806042884990254,True,0.8804188991719435,1.4285486343460185,0.07211867161773672,0.9946193495340291,1.2972234029312113,0.6696361463902563,0.96142975880726
q10656,10656,143,6,5340,4709,0.8818352059925093,True,0.881763714660176,1.4421545349696177,0.044906512927636345,0.9979068944570153,1.3150885760710496,0.6696361463902563,0.96142975880726
q11927,11927,143,6,2650,2343,0.8841509433962265,True,0.8840060354583176,1.4651243746827045,0.06421099700269439,0.995729853313718,1.3350913241274094,0.6696361463902563,0.96142975880726
q10709,10709,143,6,5367,4744,0.8839202534004099,True,0.8838487332339792,1.4635012096935767,0.04510050674460799,0.9978888094415435,1.3363663506140555,0.6696361463902563,0.96142975880726
q11944,11944,143,6,2212,1957,0.8847197106690777,True,0.8845458653411659,1.4707085093001013,0.07040511479161901,0.9948707070350534,1.3394948583109358,0.6696361463902563,0.96142975880726
q11743,11743,143,6,2719,2415,0.8881941890400883,True,0.8880514705882353,1.5075028503912782,0.06426808122008743,0.9957222900253322,1.3772783760235374,0.6696361463902563,0.96142975880726
q6662,6662,143,6,15212,13542,0.8902182487509861,True,0.8901925984355485,1.5304461014560735,0.02738049535662527,0.9992208402229807,1.4050429287651816,0.6696361463902563,0.96142975880726
q11788,11788,143,6,2021,1802,0.8916378030677882,True,0.8914441147378833,1.5440289368470685,0.07544080588863358,0.9941151988658617,1.4113665928111268,0.6696361463902563,0.96142975880726
q10909,10909,143,6,4106,3666,0.8928397467121286,True,0.8927440954467981,1.5582762606894465,0.0531848871546208,0.9970665205011787,1.429762176818698,0.6696361463902563,0.96142975880726
q11819,11819,143,6,1872,1677,0.8958333333333334,True,0.895621996796583,1.5903366128256236,0.07960513894120447,0.9934519570637449,1.4564294255786598,0.6696361463902563,0.96142975880726
q10746,10746,143,6,4636,4153,0.8958153580672994,True,0.8957299978434332,1.5915540858815687,0.05061385476406016,0.9973425468606294,1.4633473809081248,0.6696361463902563,0.96142975880726
q10791,10791,143,6,4294,3847,0.8959012575687005,True,0.8958090803259604,1.5924462361601543,0.0526061888654422,0.9971298286353685,1.4639248604868205,0.6696361463902563,0.96142975880726
q11807,11807,143,6,2338,2100,0.8982035928143712,True,0.8980333475844378,1.6177745212641064,0.07189917337427733,0.9946518775674307,1.4854797110356812,0.6696361463902563,0.96142975880726
q11834,11834,143,6,2109,1895,0.8985301090564248,True,0.8983412322274882,1.6213169742130746,0.07579153773860627,0.9940606793567434,1.4881181892291102,0.6696361463902563,0.96142975880726
q11553,11553,143,6,2277,2057,0.9033816425120772,True,0.9032045654082529,1.678510639961984,0.07438996126140947,0.9942770687618664,1.5453084765369662,0.6696361463902563,0.96142975880726
q11670,11670,143,6,2274,2059,0.905452946350044,True,0.9052747252747253,1.7035982010622923,0.07509178648148629,0.9941692070502632,1.5700821182591596,0.6696361463902563,0.96142975880726
q11720,11720,143,6,3129,2857,0.9130712687759668,True,0.9129392971246006,1.8007645600583149,0.06626455232219967,0.9954536171480913,1.6688351786258069,0.6696361463902563,0.96142975880726
q6655,6655,143,6,14491,13228,0.9128424539369264,True,0.912813966326249,1.7991175010626186,0.030777392743585916,0.99901572055703,1.6731614539695279,0.6696361463902563,0.96142975880726
q10941,10941,143,6,5019,4585,0.9135285913528592,True,0.9134462151394422,1.807447307289643,0.05245023345264023,0.9971467726491108,1.678337360841493,0.6696361463902563,0.96142975880726
q11950,11950,143,6,1867,1710,0.915907873594001,True,0.9156852248394004,1.8373761191534428,0.08692001385808185,0.9922030888019825,1.6997119096659656,0.6696361463902563,0.96142975880726
q11615,11615,143,6,2249,2061,0.9164072921298356,True,0.9162222222222223,1.8446566058445966,0.07940879737148666,0.9934840077724395,1.7091392587697225,0.6696361463902563,0.96142975880726
q11587,11587,143,6,3353,3073,0.9164926931106472,True,0.9163685152057245,1.846647043301897,0.06508690496610614,0.9956130743784286,1.7147837020171022,0.6696361463902563,0.96142975880726
q11687,11687,143,6,2899,2674,0.9223870300103484,True,0.9222413793103448,1.9291770525333483,0.07216113442394836,0.9946130456569512,1.795146736911559,0.6696361463902563,0.96142975880726
q6806,6806,143,6,12450,11478,0.9219277108433735,True,0.9218938237892539,1.9241434537346533,0.03476041436620397,0.9987448175221026,1.7975767651621792,0.6696361463902563,0.96142975880726
q11581,11581,143,6,2114,1951,0.9228949858088932,True,0.922695035460993,1.935777130214139,0.08470671348448959,0.9925922048593712,1.798050568676493,0.6696361463902563,0.96142975880726
q11734,11734,143,6,2559,2364,0.9237983587338804,True,0.9236328125,1.949529255527679,0.07739090341091538,0.9938089377558517,1.8139216283358546,0.6696361463902563,0.96142975880726
q11675,11675,143,6,2333,2163,0.9271324474924988,True,0.926949443016281,1.999392549577786,0.08259186764979293,0.9929549100738261,1.8618748411467612,0.6696361463902563,0.96142975880726
q10346,10346,143,6,4570,4245,0.9288840262582057,True,0.9287901990811639,2.0279388334034545,0.05966373270366469,0.996311088434572,1.8966089399019719,0.6696361463902563,0.96142975880726
q10350,10350,143,6,5181,4840,0.9341825902335456,True,0.9340988035507526,2.114110842881828,0.05793485047889995,0.9965210459269037,1.9828808425641906,0.6696361463902563,0.96142975880726
q10920,10920,143,6,4825,4510,0.9347150259067356,True,0.9346249481972648,2.12298673729646,0.060242395380685786,0.9962394562835819,1.9911630507948652,0.6696361463902563,0.96142975880726
q11535,11535,143,6,2968,2779,0.9363207547169812,True,0.9361737958908724,2.149493129688366,0.07760864016626622,0.9937742692398679,2.01257730352695,0.6696361463902563,0.96142975880726
q11785,11785,143,6,3455,3241,0.9380607814761216,True,0.9379340277777778,2.180329868987534,0.07281474914527566,0.9945155543797097,2.0447461603700328,0.6696361463902563,0.96142975880726
q11897,11897,143,6,1957,1841,0.9407256004087888,True,0.9405005107252298,2.2267382683081873,0.09854375571140105,0.990000550400472,2.0814075523617603,0.6696361463902563,0.96142975880726
q11886,11886,143,6,1059,999,0.943342776203966,True,0.9429245283018868,2.272269696963608,0.13640662888708818,0.98101420927924,2.1071813713677465,0.6696361463902563,0.96142975880726
q6627,6627,143,6,4239,4010,0.9459778249587166,True,0.945872641509434,2.33008335870197,0.06982451979687175,0.9949545304609912,2.194646618027302,0.6696361463902563,0.96142975880726
q6615,6615,143,6,4632,4396,0.9490500863557858,True,0.9489531620979926,2.3936606346654963,0.06856601851045731,0.9951338911456169,2.258310149501616,0.6696361463902563,0.96142975880726
q6911,6911,143,6,9144,8710,0.9525371828521436,True,0.9524876981957354,2.471115125206157,0.05040223864168751,0.9973646635482707,2.340622931597231,0.6696361463902563,0.96142975880726
q11560,11560,143,6,2619,2533,0.9671630393279878,True,0.9669847328244274,2.8583356487772993,0.11128385431362102,0.9872828917284094,2.6992591515291355,0.6696361463902563,0.96142975880726
q11878,11878,143,6,976,951,0.9743852459016392,True,0.973899692937564,3.1043270315544413,0.20349532532342815,0.9587069292791595,2.856965310914855,0.6696361463902563,0.96142975880726
