question_id,question_num,skill_id,part,interaction_rows,correct_rows,accuracy,eligible_item
q3603,3603,74,5,2904,1440,0.49586776859504134,True
q3604,3604,74,5,6083,2068,0.3399638336347197,True
q3605,3605,74,5,3508,1732,0.49372862029646525,True
q3606,3606,74,5,2225,1663,0.7474157303370786,True
q3607,3607,74,5,2968,1598,0.5384097035040432,True
q3608,3608,74,5,1642,1256,0.7649208282582217,True
q3614,3614,74,5,2506,1673,0.6675977653631285,True
q3615,3615,74,5,1535,950,0.6188925081433225,True
q3616,3616,74,5,2025,1272,0.6281481481481481,True
q3617,3617,74,5,1741,967,0.5554279149913842,True
q3618,3618,74,5,2339,1503,0.6425823001282599,True
q3619,3619,74,5,1866,1357,0.7272240085744909,True
q3620,3620,74,5,1935,1160,0.599483204134367,True
q3621,3621,74,5,5760,3314,0.5753472222222222,True
q3622,3622,74,5,6220,2371,0.3811897106109325,True
q3623,3623,74,5,1701,1201,0.7060552616108172,True
q3624,3624,74,5,2091,1399,0.6690578670492587,True
q3625,3625,74,5,5408,4143,0.7660872781065089,True
q3626,3626,74,5,1982,1149,0.5797174571140262,True
q3627,3627,74,5,1930,1211,0.6274611398963731,True
q3629,3629,74,5,3143,1989,0.6328348711422208,True
q3630,3630,74,5,1773,1328,0.7490129723632262,True
q3631,3631,74,5,4298,1546,0.35970218706375057,True
q3633,3633,74,5,30729,9897,0.3220736112467051,True
q3635,3635,74,5,4449,3229,0.7257810743987413,True
q3636,3636,74,5,2808,1637,0.582977207977208,True
q3637,3637,74,5,1829,1446,0.7905959540732641,True
q3638,3638,74,5,2766,1865,0.6742588575560376,True
q3640,3640,74,5,4318,1889,0.43747105141269105,True
q3641,3641,74,5,1087,979,0.9006439742410304,True
q3642,3642,74,5,4176,3090,0.7399425287356322,True
q3643,3643,74,5,2301,1650,0.7170795306388527,True
q3644,3644,74,5,5987,1792,0.2993151828962753,True
q3645,3645,74,5,1916,1336,0.697286012526096,True
q3646,3646,74,5,1364,927,0.6796187683284457,True
q3648,3648,74,5,1422,1067,0.750351617440225,True
q3649,3649,74,5,2302,1588,0.6898349261511729,True
q3650,3650,74,5,1701,1242,0.7301587301587301,True
q3651,3651,74,5,2228,1853,0.8316876122082585,True
q3652,3652,74,5,1637,1292,0.7892486255345144,True
q3653,3653,74,5,1597,1084,0.6787726988102692,True
q3654,3654,74,5,1619,1104,0.6819024088943793,True
q3656,3656,74,5,2807,1429,0.5090844317776986,True
q3657,3657,74,5,1667,1291,0.7744451109778044,True
q3658,3658,74,5,3877,2504,0.6458602011864844,True
q3660,3660,74,5,1823,1183,0.6489303346132749,True
q3661,3661,74,5,1489,1084,0.7280053727333781,True
q3662,3662,74,5,3318,2840,0.8559373116335142,True
q3663,3663,74,5,1957,1119,0.5717935615738375,True
q3664,3664,74,5,2510,1747,0.69601593625498,True
q3667,3667,77,5,8399,5015,0.5970948922490773,True
q3668,3668,77,5,9664,4174,0.43191225165562913,True
q3669,3669,77,5,19630,6954,0.354253693326541,True
q3670,3670,77,5,9056,3946,0.43573321554770317,True
q3671,3671,77,5,6326,4107,0.6492254189061017,True
q3672,3672,77,5,5709,3462,0.6064109301103521,True
q3673,3673,77,5,5165,3144,0.6087124878993223,True
q3674,3674,77,5,9786,7366,0.7527079501328429,True
q3675,3675,77,5,5276,3490,0.6614859742228961,True
q3676,3676,85,5,4803,3815,0.794295232146575,True
q3677,3677,85,5,6139,3734,0.6082423847532171,True
q3678,3678,85,5,5278,4744,0.898825312618416,True
q3679,3679,85,5,6210,3048,0.49082125603864735,True
q3680,3680,85,5,4356,2969,0.6815886134067952,True
q3681,3681,85,5,5988,2281,0.38092852371409486,True
q3683,3683,85,5,5394,4790,0.8880237300704487,True
q3685,3685,85,5,3702,2753,0.7436520799567801,True
q3686,3686,119,5,6349,3777,0.5948968341471098,True
q3690,3690,87,5,9567,6380,0.6668757186160761,True
q3693,3693,85,5,5733,4250,0.7413221698935984,True
q3701,3701,85,5,11192,5891,0.5263581129378128,True
q3702,3702,78,5,6089,4056,0.6661192314008868,True
q3703,3703,78,5,8083,3676,0.4547816404800198,True
q3704,3704,78,5,2854,2050,0.7182901191310441,True
q3705,3705,78,5,600,422,0.7033333333333334,True
q3706,3706,78,5,4825,2240,0.46424870466321244,True
q3707,3707,78,5,6976,3125,0.4479644495412844,True
q3708,3708,78,5,3045,2344,0.7697865353037767,True
q3709,3709,78,5,307,185,0.6026058631921825,True
q3710,3710,78,5,9430,5126,0.5435843054082715,True
q3711,3711,78,5,3140,2405,0.7659235668789809,True
q3712,3712,78,5,3092,2066,0.6681759379042691,True
q3713,3713,78,5,5243,2770,0.52832347892428,True
q3714,3714,78,5,12221,5943,0.48629408395384993,True
q3715,3715,78,5,3208,2454,0.7649625935162094,True
q3716,3716,78,5,698,364,0.5214899713467048,True
q3717,3717,78,5,3346,2297,0.6864913329348475,True
q3718,3718,78,5,284,213,0.75,True
q3720,3720,78,5,3835,2280,0.5945241199478487,True
q3721,3721,78,5,5024,3839,0.7641321656050956,True
q3722,3722,78,5,3429,2231,0.6506270049577136,True
q3724,3724,78,5,3840,3027,0.78828125,True
q3725,3725,78,5,2911,2164,0.743387152181381,True
q3727,3727,78,5,4473,3667,0.8198077353006931,True
q3728,3728,78,5,3435,2242,0.6526928675400291,True
q3729,3729,78,5,3404,2790,0.8196239717978848,True
q3730,3730,78,5,4163,2856,0.6860437184722555,True
q3731,3731,78,5,3429,2358,0.6876640419947506,True
q3734,3734,78,5,3740,1957,0.5232620320855615,True
q3735,3735,78,5,3142,2194,0.6982813494589434,True
q3736,3736,78,5,3180,2745,0.8632075471698113,True
q3737,3737,78,5,4537,2825,0.6226581441481155,True
q3738,3738,78,5,5661,4518,0.7980922098569158,True
q3739,3739,78,5,5122,3215,0.6276844982428739,True
q3740,3740,78,5,4284,3857,0.9003267973856209,True
q3741,3741,78,5,15367,5810,0.37808290492614044,True
q3742,3742,78,5,5635,4256,0.7552795031055901,True
q3743,3743,78,5,350,149,0.4257142857142857,True
q3745,3745,78,5,5628,4181,0.7428926794598436,True
q3746,3746,78,5,2606,1845,0.7079815809669993,True
q3748,3748,78,5,5010,3839,0.7662674650698603,True
q3749,3749,78,5,2812,1742,0.6194879089615932,True
q3750,3750,86,5,4742,3261,0.6876845212990299,True
q3751,3751,86,5,3262,2289,0.7017167381974249,True
q3752,3752,106,5,6942,5266,0.7585710169979832,True
q3753,3753,86,5,6522,4856,0.744556884391291,True
q3754,3754,106,5,5767,4903,0.8501820704005549,True
q3756,3756,96,5,9153,7795,0.851633344258713,True
q3757,3757,86,5,2130,1723,0.8089201877934272,True
q3759,3759,103,5,10140,8502,0.8384615384615385,True
q3760,3760,86,5,3227,2764,0.8565230864580106,True
q3761,3761,106,5,5854,4715,0.8054321831226512,True
q3762,3762,86,5,3417,2955,0.8647936786654961,True
q3763,3763,96,5,11399,9028,0.7919992981840512,True
q3764,3764,86,5,1852,1641,0.8860691144708424,True
q3765,3765,86,5,1297,1179,0.9090208172706246,True
q3766,3766,106,5,4756,4149,0.8723717409587889,True
q3767,3767,86,5,5902,4664,0.7902405964079973,True
q3768,3768,106,5,5117,3758,0.7344146961110025,True
q3769,3769,86,5,6495,4699,0.7234795996920709,True
q3771,3771,86,5,2172,1734,0.7983425414364641,True
q3772,3772,106,5,5894,3585,0.6082456735663386,True
q3773,3773,86,5,7151,5037,0.7043770102083625,True
q3775,3775,96,5,9450,7152,0.7568253968253968,True
q3777,3777,103,5,9935,6753,0.6797181680926019,True
q3778,3778,86,5,4779,3714,0.7771500313873195,True
q3779,3779,106,5,10112,7506,0.7422863924050633,True
q3780,3780,96,5,9294,7914,0.8515171078114913,True
q3781,3781,86,5,3671,2900,0.789975483519477,True
q3782,3782,103,5,14560,10777,0.7401785714285715,True
q3783,3783,106,5,6727,5110,0.7596253902185224,True
q3784,3784,106,5,13583,6555,0.4825885297798719,True
q3786,3786,86,5,2728,2221,0.8141495601173021,True
q3787,3787,106,5,7507,4650,0.6194218729186093,True
q3789,3789,86,5,2469,1900,0.7695423248278656,True
q3790,3790,86,5,9191,6013,0.6542269611576542,True
q3794,3794,106,5,5585,4650,0.8325872873769025,True
q3795,3795,86,5,2460,2184,0.8878048780487805,True
q3796,3796,86,5,3719,2852,0.7668728152729228,True
q3797,3797,86,5,4342,2983,0.6870105941962229,True
q3798,3798,86,5,6339,4501,0.7100489036125572,True
q3799,3799,106,5,8486,4663,0.5494932830544426,True
q3800,3800,86,5,1668,1453,0.8711031175059952,True
q3802,3802,86,5,6309,4735,0.7505151371057219,True
q3803,3803,96,5,13054,10304,0.789336601807875,True
q3804,3804,86,5,4687,3581,0.7640281630040537,True
q3805,3805,103,5,18854,11172,0.5925533043386019,True
q3806,3806,86,5,13775,8646,0.6276588021778584,True
q3807,3807,86,5,3323,2760,0.8305747818236533,True
q3808,3808,103,5,11089,9110,0.8215348543601767,True
q3810,3810,86,5,3074,2473,0.8044892648015615,True
q3811,3811,103,5,11031,8126,0.7366512555525337,True
q3813,3813,86,5,3981,2995,0.752323536799799,True
q3814,3814,86,5,7007,4874,0.6955901241615527,True
q3815,3815,103,5,18306,7123,0.38910739648202775,True
q3816,3816,86,5,5831,4354,0.7466986794717887,True
q3817,3817,106,5,10309,6321,0.6131535551459889,True
q3818,3818,106,5,7587,5369,0.7076578357717148,True
q3819,3819,103,5,14079,8091,0.5746857021095249,True
q3820,3820,103,5,1796,619,0.3446547884187082,True
q3821,3821,86,5,3333,2992,0.8976897689768977,True
q3822,3822,86,5,7907,5682,0.7186037688124447,True
q3823,3823,86,5,5645,4207,0.7452612931798052,True
q3824,3824,86,5,17258,8519,0.49362614439680147,True
q3825,3825,86,5,3813,2910,0.7631785995279308,True
q3826,3826,96,5,13072,9477,0.724984700122399,True
q3828,3828,103,5,8721,7812,0.8957688338493293,True
q3830,3830,106,5,10744,5107,0.47533507073715564,True
q3831,3831,96,5,11622,6623,0.5698674926862847,True
q3832,3832,86,5,3611,2792,0.773193021323733,True
q3834,3834,86,5,3802,3169,0.8335086796422936,True
q3835,3835,86,5,3518,2414,0.6861853325753269,True
q3836,3836,86,5,3230,2511,0.7773993808049535,True
q3837,3837,86,5,4075,3455,0.8478527607361963,True
q3838,3838,103,5,10669,7088,0.6643546724154091,True
q3840,3840,86,5,3221,2551,0.7919900651971438,True
q3841,3841,106,5,7205,4000,0.5551700208188758,True
q3842,3842,106,5,6242,4366,0.6994553027875681,True
q3843,3843,106,5,5294,4013,0.758027956176804,True
q3844,3844,106,5,6872,5290,0.769790454016298,True
q3845,3845,106,5,7948,4021,0.5059134373427278,True
q3846,3846,86,5,4496,2968,0.6601423487544484,True
q3849,3849,74,5,1071,947,0.8842203548085901,True
q3850,3850,74,5,3621,1959,0.5410107705053853,True
q3851,3851,74,5,4728,2437,0.5154399323181049,True
q3852,3852,74,5,2188,1548,0.7074954296160878,True
q3853,3853,74,5,1480,1153,0.779054054054054,True
q3854,3854,74,5,1890,1294,0.6846560846560846,True
q3855,3855,74,5,2196,1371,0.6243169398907104,True
q3856,3856,74,5,1402,1155,0.8238231098430813,True
q3857,3857,74,5,2649,1708,0.6447716119290299,True
q3858,3858,74,5,2189,1654,0.7555961626313386,True
q3859,3859,74,5,2224,1244,0.5593525179856115,True
q3860,3860,74,5,2052,1583,0.7714424951267057,True
q3861,3861,74,5,1779,1168,0.65654862282181,True
q3862,3862,74,5,1480,1303,0.8804054054054054,True
q3863,3863,74,5,1747,1100,0.6296508299942759,True
q3864,3864,74,5,1429,1139,0.7970608817354794,True
q3865,3865,74,5,2383,1339,0.5618967687788502,True
q3866,3866,74,5,2575,1325,0.5145631067961165,True
q3867,3867,74,5,2074,1094,0.5274831243972999,True
q3868,3868,74,5,2038,1198,0.5878312070657508,True
q3869,3869,74,5,2445,1859,0.7603271983640082,True
q3870,3870,74,5,1853,1354,0.730706961683756,True
q3871,3871,74,5,2187,1232,0.563328760859625,True
q3872,3872,74,5,1700,1380,0.8117647058823529,True
q3874,3874,74,5,3115,1593,0.5113964686998395,True
q3875,3875,74,5,2514,937,0.3727128082736675,True
q3876,3876,74,5,1664,1219,0.7325721153846154,True
q3877,3877,74,5,1442,1120,0.7766990291262136,True
q3878,3878,74,5,1400,1199,0.8564285714285714,True
q3879,3879,74,5,1793,1312,0.7317345231455661,True
q3880,3880,74,5,1063,932,0.8767638758231421,True
q3881,3881,74,5,1893,1414,0.7469624933967248,True
q3882,3882,74,5,2649,1636,0.61759154397886,True
q3883,3883,74,5,1577,1237,0.7844007609384908,True
q3884,3884,74,5,10720,7550,0.7042910447761194,True
q3885,3885,74,5,2140,1203,0.5621495327102803,True
q3886,3886,74,5,2189,1264,0.5774326176336226,True
q3887,3887,74,5,1453,1105,0.760495526496903,True
q3888,3888,74,5,1257,948,0.7541766109785203,True
q3889,3889,74,5,1660,1198,0.7216867469879518,True
q3890,3890,74,5,2322,1361,0.5861326442721791,True
q3891,3891,74,5,1985,1255,0.6322418136020151,True
q3892,3892,74,5,2548,1339,0.5255102040816326,True
q3893,3893,74,5,2466,1627,0.6597729115977291,True
q3894,3894,74,5,2895,1442,0.4981001727115717,True
q3895,3895,74,5,1551,980,0.6318504190844616,True
q3896,3896,74,5,2437,1130,0.46368485843249896,True
q3897,3897,74,5,2443,1378,0.5640605812525583,True
q3899,3899,80,5,8630,6119,0.7090382387022016,True
q3900,3900,80,5,4700,3143,0.6687234042553192,True
q3901,3901,83,5,6510,4646,0.7136712749615975,True
q3902,3902,83,5,4667,2703,0.57917291622027,True
q3903,3903,88,5,6824,5373,0.7873681125439624,True
q3904,3904,71,5,1405,1107,0.7879003558718861,True
q3905,3905,83,5,4667,2813,0.602742661238483,True
q3906,3906,84,5,4496,3795,0.8440836298932385,True
q3907,3907,78,5,3216,1801,0.5600124378109452,True
q3908,3908,103,5,8311,5574,0.6706774154734689,True
q3913,3913,74,5,4080,1495,0.36642156862745096,True
q3918,3918,76,5,8007,5416,0.6764081428749844,True
q3920,3920,74,5,1445,614,0.4249134948096886,True
q3922,3922,78,5,16114,3585,0.2224773488891647,True
q3924,3924,85,5,5189,2507,0.48313740605126226,True
q3927,3927,85,5,6059,4048,0.668097045717115,True
q3929,3929,94,5,13543,10049,0.7420069408550543,True
q3932,3932,84,5,3218,1951,0.6062771908017403,True
q3933,3933,84,5,10793,4025,0.37292689706291116,True
q3934,3934,78,5,3686,2808,0.7618014107433533,True
q3936,3936,78,5,2892,1869,0.6462655601659751,True
q3937,3937,103,5,10467,4855,0.4638387312505971,True
q3938,3938,76,5,6187,4061,0.6563762728301277,True
q3939,3939,76,5,5831,4458,0.7645343851826445,True
q3940,3940,76,5,4534,1869,0.41221879135421263,True
q3941,3941,76,5,5422,3612,0.66617484323128,True
q3942,3942,76,5,6536,5505,0.8422582619339045,True
q3943,3943,76,5,6495,4469,0.6880677444187837,True
q3944,3944,76,5,12591,5955,0.47295687395758873,True
q3945,3945,76,5,5688,4347,0.7642405063291139,True
q3946,3946,76,5,6406,4474,0.6984077427411801,True
q3947,3947,76,5,7513,6136,0.81671768933848,True
q3948,3948,76,5,6069,4471,0.7366946778711485,True
q3949,3949,76,5,5701,4374,0.7672338186283109,True
q3950,3950,76,5,33191,17732,0.5342412099665572,True
q3951,3951,76,5,5879,3736,0.6354822248681748,True
q3952,3952,76,5,6406,5336,0.8329690914767406,True
q3953,3953,76,5,6135,4860,0.7921760391198044,True
q3954,3954,76,5,4795,1844,0.3845672575599583,True
q3955,3955,76,5,6637,5796,0.8732861232484557,True
q3956,3956,76,5,19292,7149,0.3705681111341489,True
q3957,3957,76,5,7231,4086,0.5650670723274789,True
q3958,3958,84,5,4729,2948,0.6233876083738634,True
q3959,3959,84,5,4531,2710,0.5981019642463032,True
q3960,3960,84,5,12986,6425,0.4947635915601417,True
q3961,3961,80,5,6714,5989,0.8920166815609175,True
q3962,3962,84,5,6879,2616,0.3802878325337985,True
q3963,3963,83,5,9849,3243,0.32927200731038686,True
q3964,3964,83,5,4314,3522,0.8164116828929068,True
q3965,3965,83,5,5210,3468,0.6656429942418426,True
q3966,3966,83,5,4799,3668,0.7643259012294228,True
q3967,3967,83,5,6468,5177,0.8004019789734076,True
q3968,3968,83,5,5083,3282,0.6456816840448554,True
q3969,3969,83,5,5431,3067,0.5647210458479102,True
q3970,3970,83,5,8584,6769,0.7885601118359739,True
q3971,3971,83,5,4750,3308,0.6964210526315789,True
q3972,3972,83,5,5606,4374,0.7802354620049946,True
q3973,3973,83,5,4321,2890,0.6688266604952557,True
q3974,3974,83,5,12058,5900,0.4893017084093548,True
q3975,3975,83,5,7710,4403,0.5710765239948119,True
q3976,3976,83,5,4654,2857,0.6138805328749463,True
q3977,3977,83,5,5399,4088,0.757177255047231,True
q3978,3978,83,5,5799,3629,0.6257975513019486,True
q3979,3979,83,5,4358,2456,0.5635612666360716,True
q3980,3980,83,5,11498,7153,0.6221081927291703,True
q3981,3981,83,5,6478,4082,0.6301327570237728,True
q3982,3982,83,5,6682,4146,0.6204729123017061,True
q3984,3984,71,5,2233,1842,0.8248992386923422,True
q3986,3986,71,5,1566,1344,0.8582375478927203,True
q3987,3987,71,5,1284,1160,0.9034267912772586,True
q3988,3988,74,5,1470,1189,0.808843537414966,True
q3989,3989,77,5,4982,3080,0.6182256122039341,True
q3991,3991,71,5,5337,3102,0.5812254075323215,True
q3992,3992,86,5,3106,2353,0.75756600128783,True
q3993,3993,74,5,2187,1660,0.7590306355738454,True
q3994,3994,74,5,1619,1201,0.7418159357628166,True
q3995,3995,80,5,6191,3964,0.6402842836375383,True
q3996,3996,83,5,5937,4514,0.7603166582449048,True
q3997,3997,103,5,16786,11000,0.6553079947575361,True
q3998,3998,88,5,17711,13012,0.7346846592513128,True
q3999,3999,76,5,6945,3045,0.43844492440604754,True
q4000,4000,83,5,6657,4992,0.7498873366381252,True
q4003,4003,74,5,1587,1085,0.6836798991808444,True
q4004,4004,84,5,7993,3568,0.44639059176779683,True
q4005,4005,71,5,2904,2191,0.7544765840220385,True
q4006,4006,78,5,3298,2274,0.6895087932080048,True
q4008,4008,77,5,5297,2648,0.49990560694732866,True
q4009,4009,85,5,3807,2071,0.5439978986078277,True
q4010,4010,83,5,469,318,0.6780383795309168,True
q4011,4011,86,5,4061,3286,0.8091603053435115,True
q4012,4012,106,5,5569,4729,0.849165020650027,True
q4013,4013,76,5,4697,3046,0.6484990419416649,True
q4014,4014,85,5,10368,4807,0.4636381172839506,True
q4015,4015,84,5,4525,3599,0.7953591160220994,True
q4016,4016,78,5,2773,1953,0.7042913811756221,True
q4017,4017,80,5,3531,2493,0.7060322854715378,True
q4019,4019,76,5,8603,5170,0.6009531558758573,True
q4020,4020,86,5,6112,3948,0.6459424083769634,True
q4021,4021,98,5,6054,3881,0.6410637594978527,True
q4022,4022,106,5,24512,8415,0.3433012402088773,True
q4024,4024,80,5,13080,4736,0.3620795107033639,True
q4025,4025,76,5,43934,20475,0.4660399690444758,True
q4046,4046,78,5,3930,2542,0.6468193384223918,True
q4048,4048,78,5,2733,1788,0.6542261251372119,True
q4049,4049,78,5,4414,3899,0.8833257816039873,True
q4050,4050,78,5,2661,1957,0.7354378053363397,True
q4051,4051,78,5,3347,2330,0.6961458022109351,True
q4052,4052,78,5,3590,2806,0.7816155988857939,True
q4053,4053,74,5,1632,923,0.5655637254901961,True
q4054,4054,78,5,3941,2431,0.6168485156051764,True
q4058,4058,87,5,11342,7937,0.6997883971080938,True
q4061,4061,90,5,8932,7646,0.8560232870577699,True
q4063,4063,87,5,223,181,0.8116591928251121,True
q4064,4064,90,5,1359,733,0.5393671817512877,True
q4066,4066,87,5,14404,7833,0.5438072757567343,True
q4071,4071,87,5,230,177,0.7695652173913043,True
q4072,4072,119,5,3329,2199,0.6605587263442475,True
q4074,4074,87,5,1424,998,0.7008426966292135,True
q4075,4075,119,5,3404,2476,0.72737955346651,True
q4076,4076,90,5,9727,7328,0.7533669168294438,True
q4079,4079,90,5,909,550,0.605060506050605,True
q4080,4080,119,5,9637,4935,0.512088824322922,True
q4081,4081,119,5,3695,2655,0.7185385656292287,True
q4083,4083,90,5,14362,8601,0.5988720233950703,True
q4084,4084,87,5,8681,5722,0.6591406519986177,True
q4085,4085,119,5,3390,2443,0.7206489675516224,True
q4086,4086,119,5,3029,2495,0.8237041928029053,True
q4088,4088,119,5,3099,2524,0.8144562762181349,True
q4089,4089,119,5,4050,2564,0.6330864197530864,True
q4090,4090,90,5,10243,6689,0.6530313384750561,True
q4091,4091,90,5,1551,1109,0.7150225660863959,True
q4094,4094,87,5,11318,7063,0.6240501855451493,True
q4097,4097,88,5,26708,9750,0.3650591583046278,True
q4098,4098,119,5,4193,2564,0.6114953493918436,True
q4099,4099,83,5,4444,4181,0.9408190819081909,True
q4103,4103,77,5,13637,8482,0.621984307398988,True
q4104,4104,85,5,6162,4305,0.698636806231743,True
q4105,4105,71,5,3292,2485,0.7548602673147023,True
q4106,4106,86,5,3186,2387,0.7492153170119272,True
q4107,4107,76,5,6993,4379,0.6261976261976262,True
q4108,4108,106,5,6277,4315,0.6874303010992512,True
q4110,4110,74,5,3546,1070,0.30174844895657077,True
q4111,4111,87,5,9176,6746,0.735178727114211,True
q4112,4112,85,5,6097,4357,0.7146137444644908,True
q4114,4114,76,5,11611,6058,0.5217466195848764,True
q4115,4115,87,5,17236,10752,0.6238106289162219,True
q4116,4116,83,5,5486,3368,0.6139263580021874,True
q4117,4117,74,5,1421,1093,0.7691766361717101,True
q4118,4118,86,5,2644,2125,0.8037065052950075,True
q4119,4119,85,5,8336,5424,0.6506717850287908,True
q4120,4120,77,5,5091,3677,0.7222549597328619,True
q4121,4121,85,5,21567,6608,0.30639402791301523,True
q4123,4123,85,5,7632,4472,0.5859538784067087,True
q4125,4125,83,5,11572,3378,0.29191151054268927,True
q4126,4126,84,5,7624,4988,0.6542497376705142,True
q4127,4127,94,5,12967,8179,0.6307549934448986,True
q4128,4128,76,5,9173,5808,0.6331625422435408,True
q4129,4129,77,5,5565,3501,0.6291105121293801,True
q4130,4130,74,5,7618,3269,0.42911525334733525,True
q4133,4133,76,5,12798,6297,0.49203000468823255,True
q4134,4134,83,5,10202,3063,0.3002352479905901,True
q4135,4135,77,5,31847,6812,0.21389769837033315,True
q4136,4136,85,5,6086,2530,0.41570818271442656,True
q4137,4137,88,5,19637,13450,0.684931506849315,True
q4139,4139,74,5,8358,5958,0.7128499641062455,True
q4140,4140,85,5,5772,3942,0.682952182952183,True
q4141,4141,85,5,4464,2612,0.5851254480286738,True
q4142,4142,119,5,3023,2374,0.7853126033741317,True
q4143,4143,76,5,8008,4879,0.6092657342657343,True
q4144,4144,71,5,5151,3152,0.6119200155309649,True
q4145,4145,85,5,11787,7109,0.6031220836514805,True
q4147,4147,98,5,3610,2570,0.7119113573407202,True
q4148,4148,74,5,1508,972,0.6445623342175066,True
q4149,4149,86,5,1472,1315,0.8933423913043478,True
q4150,4150,71,5,8327,4880,0.5860453944998198,True
q4151,4151,76,5,17905,5987,0.3343758726612678,True
q4153,4153,88,5,4994,4149,0.8307969563476172,True
q4154,4154,84,5,2645,2031,0.7678638941398865,True
q4155,4155,78,5,3511,2919,0.831387069211051,True
q4156,4156,85,5,3393,2496,0.735632183908046,True
q4159,4159,119,5,4581,3522,0.7688277668631304,True
q4160,4160,94,5,26982,13802,0.5115262026536209,True
q4162,4162,84,5,3609,2599,0.7201440842338598,True
q4164,4164,74,5,1237,840,0.6790622473726758,True
q4165,4165,78,5,3870,2982,0.7705426356589147,True
q4168,4168,76,5,11793,9055,0.7678283727635038,True
q4169,4169,77,5,5938,4324,0.7281913102054564,True
q4170,4170,106,5,4698,3904,0.8309919114516816,True
q4171,4171,84,5,5041,1996,0.3959531838920849,True
q4173,4173,74,5,4370,2843,0.6505720823798627,True
q4174,4174,85,5,4736,2808,0.5929054054054054,True
q4177,4177,88,5,4671,3986,0.8533504602868764,True
q4179,4179,84,5,3073,2319,0.7546371623820372,True
q4180,4180,86,5,1454,1286,0.8844566712517193,True
q4182,4182,76,5,5749,4134,0.719081579405114,True
q4183,4183,74,5,1465,929,0.6341296928327645,True
q4184,4184,71,5,4702,2914,0.6197362824330073,True
q4185,4185,83,5,4003,2766,0.6909817636772421,True
q4186,4186,71,5,20298,9109,0.44876342496797716,True
q4190,4190,76,5,12188,9266,0.7602559894978668,True
q4191,4191,77,5,6371,4618,0.7248469628001883,True
q4192,4192,106,5,4571,3648,0.7980748195143295,True
q4193,4193,85,5,3487,2490,0.7140808718095785,True
q4194,4194,85,5,7242,4966,0.6857221761944214,True
q4195,4195,84,5,5569,3666,0.6582869455916681,True
q4197,4197,84,5,4888,3285,0.6720540098199672,True
q4198,4198,77,5,6681,4823,0.7218979194731328,True
q4201,4201,74,5,2630,1419,0.5395437262357414,True
q4202,4202,76,5,8090,6459,0.7983930778739184,True
q4203,4203,83,5,19389,5690,0.2934653669606478,True
q4204,4204,86,5,4454,2977,0.6683879658733722,True
q4206,4206,85,5,6532,3487,0.5338334353949785,True
q4207,4207,78,5,2917,1840,0.6307850531367843,True
q4208,4208,106,5,3841,2953,0.7688102056756053,True
q4209,4209,84,5,3726,2056,0.5517981749865808,True
q4211,4211,84,5,6217,3431,0.5518738941611709,True
q4212,4212,80,5,5937,3821,0.6435910392454102,True
q4213,4213,119,5,3649,2617,0.7171827898054262,True
q4214,4214,76,5,5537,3619,0.6536030341340076,True
q4215,4215,85,5,6047,3772,0.6237803869687448,True
q4216,4216,71,5,2232,1855,0.8310931899641577,True
q4217,4217,71,5,2835,2429,0.8567901234567902,True
q4219,4219,71,5,3487,2183,0.6260395755663895,True
q4221,4221,71,5,3622,2301,0.635284373274434,True
q4222,4222,71,5,2756,2042,0.7409288824383164,True
q4225,4225,71,5,2724,2171,0.7969897209985316,True
q4226,4226,71,5,1512,1279,0.8458994708994709,True
q4227,4227,71,5,2765,2031,0.7345388788426763,True
q4228,4228,71,5,1519,1358,0.8940092165898618,True
q4229,4229,71,5,3366,2416,0.7177658942364825,True
q4230,4230,71,5,9526,5779,0.6066554692420744,True
q4231,4231,71,5,1765,1470,0.8328611898016998,True
q4232,4232,71,5,3180,2300,0.7232704402515723,True
q4233,4233,71,5,3757,2747,0.731168485493745,True
q4234,4234,71,5,2845,2148,0.7550087873462215,True
q4235,4235,71,5,5303,2854,0.5381859324910429,True
q4236,4236,86,5,2670,2386,0.8936329588014982,True
q4237,4237,86,5,4171,3271,0.7842244066171182,True
q4238,4238,103,5,12444,4663,0.3747187399549984,True
q4239,4239,96,5,12164,9513,0.7820618217691548,True
q4240,4240,96,5,9312,7160,0.7689003436426117,True
q4242,4242,86,5,3437,2373,0.6904276985743381,True
q4243,4243,106,5,225,182,0.8088888888888889,True
q4244,4244,96,5,1058,709,0.6701323251417769,True
q4245,4245,106,5,878,610,0.6947608200455581,True
q4246,4246,86,5,1502,1406,0.9360852197070573,True
q4247,4247,106,5,10344,3731,0.36069218870843,True
q4249,4249,86,5,4675,3359,0.7185026737967914,True
q4250,4250,96,5,17678,7273,0.4114153184749406,True
q4251,4251,106,5,6353,5041,0.7934833936722808,True
q4252,4252,86,5,9705,6938,0.7148892323544564,True
q4253,4253,86,5,4761,3720,0.7813484562066793,True
q4254,4254,86,5,2562,2361,0.9215456674473068,True
q4255,4255,106,5,9769,6367,0.6517555532807862,True
q4256,4256,86,5,5691,4612,0.8104023897381831,True
q4257,4257,106,5,206,173,0.8398058252427184,True
q4258,4258,86,5,5058,3641,0.7198497429814156,True
q4259,4259,86,5,3375,2760,0.8177777777777778,True
q4260,4260,86,5,5079,3518,0.6926560346524906,True
q4261,4261,106,5,1684,862,0.5118764845605701,True
q4262,4262,96,5,10830,7957,0.7347183748845799,True
q4263,4263,86,5,7736,4976,0.6432264736297828,True
q4264,4264,86,5,4285,3242,0.7565927654609101,True
q4265,4265,98,5,7358,4511,0.6130742049469965,True
q4266,4266,84,5,4659,2802,0.601416613007083,True
q4267,4267,84,5,3983,3441,0.8639216670851118,True
q4268,4268,98,5,4585,3448,0.7520174482006543,True
q4269,4269,98,5,301,259,0.8604651162790697,True
q4270,4270,98,5,2925,2097,0.7169230769230769,True
q4271,4271,98,5,3947,3118,0.7899670635926019,True
q4273,4273,85,5,7321,6252,0.8539816964895506,True
q4274,4274,74,5,1626,1394,0.8573185731857319,True
q4275,4275,103,5,11030,7999,0.7252039891205803,True
q4278,4278,74,5,1400,1071,0.765,True
q4279,4279,74,5,2062,1063,0.5155189136760426,True
q4280,4280,83,5,6426,4988,0.7762215997510116,True
q4281,4281,76,5,7002,3399,0.48543273350471294,True
q4283,4283,83,5,5620,4272,0.7601423487544484,True
q4284,4284,85,5,5463,4548,0.8325096101043383,True
q4285,4285,119,5,2862,2476,0.8651292802236199,True
q4286,4286,84,5,2533,1908,0.753257007500987,True
q4287,4287,80,5,4719,2871,0.6083916083916084,True
q4288,4288,94,5,17446,12507,0.7168978562421185,True
q4289,4289,78,5,4568,2786,0.6098949211908932,True
q4290,4290,103,5,9943,4692,0.4718897716986825,True
q4291,4291,84,5,38286,14822,0.38713890194849293,True
q4292,4292,83,5,4096,2132,0.5205078125,True
q4293,4293,85,5,4128,2690,0.6516472868217055,True
q4294,4294,119,5,3781,2905,0.7683152605130917,True
q4295,4295,85,5,4062,3431,0.84465780403742,True
q4296,4296,94,5,17087,10960,0.6414233042664014,True
q4298,4298,80,5,5071,3360,0.6625912048905541,True
q4301,4301,77,5,4871,3135,0.6436050092383494,True
q4302,4302,83,5,360,176,0.4888888888888889,True
q4303,4303,77,5,5593,4034,0.7212587162524584,True
q4305,4305,74,5,1483,1106,0.7457855697909642,True
q4306,4306,83,5,7034,2729,0.38797270400909867,True
q4307,4307,83,5,4343,2592,0.5968224729449689,True
q4309,4309,98,5,4423,2615,0.5912276735247569,True
q4310,4310,86,5,9726,5348,0.5498663376516554,True
q4311,4311,77,5,4627,4121,0.8906418845904474,True
q4312,4312,98,5,3248,2340,0.7204433497536946,True
q4314,4314,83,5,24072,7327,0.3043785310734463,True
q4315,4315,84,5,4221,2774,0.6571902392797915,True
q4322,4322,76,5,6868,3599,0.5240244612696564,True
q4323,4323,76,5,7308,5250,0.7183908045977011,True
q4324,4324,76,5,10933,7601,0.6952346108113052,True
q4325,4325,76,5,13042,5366,0.4114399631958289,True
q4326,4326,76,5,6312,3940,0.6242078580481623,True
q4327,4327,76,5,6830,3219,0.47130307467057103,True
q4328,4328,76,5,8431,6110,0.7247064405171392,True
q4329,4329,83,5,5224,4404,0.8430321592649311,True
q4330,4330,83,5,5459,2881,0.5277523355925994,True
q4331,4331,83,5,4736,2947,0.6222550675675675,True
q4332,4332,83,5,5798,4684,0.8078647809589513,True
q4333,4333,83,5,5430,4086,0.7524861878453039,True
q4334,4334,83,5,4780,3414,0.7142259414225941,True
q4336,4336,83,5,4803,2941,0.6123256298146992,True
q4337,4337,83,5,5725,4401,0.7687336244541485,True
q4338,4338,83,5,4122,3130,0.7593401261523532,True
q4339,4339,84,5,4162,3342,0.8029793368572802,True
q4340,4340,98,5,5610,3539,0.6308377896613191,True
q4342,4342,86,5,2361,1936,0.81999152901313,True
q4343,4343,83,5,4292,2620,0.6104380242311277,True
q4344,4344,103,5,10106,8077,0.7992281812784484,True
q4345,4345,98,5,2957,2427,0.8207642881298614,True
q4348,4348,71,5,3547,2688,0.7578235128277417,True
q4349,4349,71,5,2278,1705,0.7484635645302897,True
q4350,4350,78,5,7718,4644,0.6017102876392848,True
q4351,4351,84,5,4004,2762,0.6898101898101898,True
q4352,4352,106,5,10086,5677,0.5628594090818957,True
q4354,4354,98,5,2005,1653,0.8244389027431421,True
q4355,4355,78,5,2818,1959,0.6951738821859474,True
q4356,4356,78,5,2762,1867,0.6759594496741491,True
q4357,4357,84,5,4511,3877,0.8594546663710929,True
q4358,4358,71,5,2989,2416,0.8082970893275343,True
q4359,4359,77,5,5076,4460,0.8786446020488574,True
q4360,4360,103,5,11997,7743,0.6454113528382096,True
q4361,4361,71,5,1651,1275,0.7722592368261659,True
q4362,4362,71,5,3385,2399,0.7087149187592319,True
q4364,4364,98,5,9252,5276,0.5702550799827064,True
q4365,4365,71,5,2819,2294,0.8137637460092231,True
q4366,4366,103,5,12579,6461,0.5136338341680579,True
q4367,4367,98,5,2237,1820,0.813589628967367,True
q4368,4368,98,5,3504,2601,0.7422945205479452,True
q4369,4369,98,5,3217,2382,0.7404414050357476,True
q4370,4370,84,5,4421,2949,0.6670436552816105,True
q4371,4371,84,5,7343,5203,0.7085659812065913,True
q4372,4372,98,5,2190,1731,0.7904109589041096,True
q4373,4373,98,5,3037,2375,0.7820217319723411,True
q4374,4374,98,5,3179,2601,0.8181818181818182,True
q4375,4375,98,5,3243,2534,0.7813752698119025,True
q4376,4376,84,5,4593,2937,0.6394513389941215,True
q4377,4377,98,5,321,222,0.6915887850467289,True
q4378,4378,84,5,3978,2844,0.7149321266968326,True
q4379,4379,98,5,3025,2219,0.7335537190082645,True
q4380,4380,98,5,5821,3803,0.6533241711046212,True
q4381,4381,98,5,2768,2243,0.8103323699421965,True
q4382,4382,98,5,2887,2214,0.7668860408728784,True
q4383,4383,84,5,3639,3119,0.8571035998900797,True
q4384,4384,98,5,4071,2951,0.7248833210513388,True
q4385,4385,98,5,2423,2047,0.8448204704911267,True
q4386,4386,98,5,2570,2026,0.7883268482490272,True
q4387,4387,98,5,2851,2494,0.8747807786741494,True
q4388,4388,98,5,5257,3787,0.7203728362183754,True
q4389,4389,98,5,2876,2421,0.8417941585535466,True
q4390,4390,84,5,366,229,0.6256830601092896,True
q4393,4393,84,5,3618,2586,0.714759535655058,True
q4394,4394,84,5,3054,2141,0.7010478061558612,True
q4395,4395,84,5,6434,3090,0.48026111283804784,True
q4397,4397,98,5,2867,2432,0.8482734565748169,True
q4400,4400,98,5,2771,1981,0.7149043666546373,True
q4401,4401,98,5,4348,3210,0.7382704691812327,True
q4404,4404,98,5,3334,2546,0.7636472705458909,True
q4405,4405,98,5,2759,2356,0.8539325842696629,True
q4406,4406,98,5,7507,4255,0.5668043159717597,True
q4407,4407,98,5,3569,2594,0.7268142336789016,True
q4408,4408,84,5,4180,2925,0.6997607655502392,True
q4409,4409,98,5,3025,2348,0.7761983471074381,True
q4410,4410,98,5,2912,2458,0.8440934065934066,True
q4411,4411,84,5,3279,2168,0.6611771881671241,True
q4412,4412,98,5,3008,2412,0.8018617021276596,True
q4413,4413,84,5,218,188,0.8623853211009175,True
q4414,4414,98,5,4242,3015,0.7107496463932107,True
q4415,4415,98,5,3034,2440,0.8042188529993408,True
q4416,4416,98,5,5306,4036,0.7606483226535997,True
q4417,4417,98,5,4403,3097,0.7033840563252328,True
q4418,4418,98,5,2620,1965,0.75,True
q4419,4419,84,5,3110,2338,0.7517684887459807,True
q4420,4420,84,5,3793,2938,0.7745847614025837,True
q4421,4421,98,5,2948,2467,0.8368385345997287,True
q4422,4422,84,5,3769,2369,0.628548686654285,True
q4423,4423,98,5,632,404,0.6392405063291139,True
q4424,4424,84,5,3069,2601,0.8475073313782991,True
q4426,4426,98,5,4922,3175,0.6450629825274279,True
q4427,4427,98,5,2174,1847,0.8495860165593376,True
q4428,4428,98,5,4480,3596,0.8026785714285715,True
q4431,4431,84,5,4932,3707,0.7516220600162206,True
q4433,4433,98,5,2645,2250,0.8506616257088847,True
q4434,4434,98,5,1872,813,0.4342948717948718,True
q4435,4435,98,5,2965,2137,0.7207419898819561,True
q4436,4436,98,5,6003,5128,0.85423954689322,True
q4439,4439,84,5,5771,4166,0.7218852885115231,True
q4441,4441,84,5,359,251,0.6991643454038997,True
q4442,4442,98,5,11698,8082,0.6908873311677209,True
q4443,4443,98,5,2392,2017,0.8432274247491639,True
q4444,4444,98,5,5993,4026,0.6717837477056566,True
q4445,4445,84,5,3512,2415,0.6876423690205011,True
q4446,4446,98,5,13534,8001,0.5911777744938673,True
q4447,4447,84,5,4860,2657,0.5467078189300412,True
q4448,4448,84,5,3242,2507,0.7732880937692782,True
q4449,4449,84,5,2919,2316,0.7934224049331963,True
q4452,4452,98,5,6789,3881,0.5716600382972455,True
q4453,4453,84,5,3572,2713,0.759518477043673,True
q4456,4456,84,5,3109,2444,0.7861048568671598,True
q4457,4457,84,5,343,229,0.6676384839650146,True
q4458,4458,84,5,3495,2874,0.8223175965665236,True
q4459,4459,84,5,308,253,0.8214285714285714,True
q4460,4460,98,5,2799,2255,0.8056448731689889,True
q4461,4461,84,5,260,209,0.8038461538461539,True
q4462,4462,98,5,2478,1955,0.7889426957223568,True
q4465,4465,84,5,4676,2350,0.5025662959794697,True
q4466,4466,98,5,4262,3180,0.7461285781323322,True
q4486,4486,80,5,27921,6942,0.24863006339314495,True
q4501,4501,74,5,1667,979,0.5872825434913017,True
q4502,4502,74,5,28234,6300,0.22313522703123892,True
q4503,4503,74,5,1901,1181,0.6212519726459758,True
q4504,4504,74,5,3964,1414,0.3567103935418769,True
q4506,4506,74,5,2335,1542,0.6603854389721627,True
q4507,4507,88,5,11813,8758,0.7413866079742656,True
q4522,4522,90,5,12423,6196,0.49875231425581584,True
q4523,4523,119,5,3400,2427,0.7138235294117647,True
q4531,4531,85,5,8379,4625,0.5519751760353264,True
q4532,4532,85,5,8775,3928,0.44763532763532765,True
q4534,4534,85,5,4148,2048,0.49373191899710706,True
q4544,4544,94,5,21273,16185,0.7608235791848822,True
q4546,4546,119,5,4257,2943,0.6913319238900634,True
q4547,4547,80,5,5793,3173,0.5477300189884343,True
q4548,4548,80,5,4199,2968,0.7068349607049298,True
q4549,4549,80,5,4315,2461,0.5703360370799536,True
q4550,4550,119,5,6578,3677,0.5589844937671025,True
q4551,4551,80,5,6510,4585,0.7043010752688172,True
q4562,4562,71,5,4434,3143,0.7088407758231845,True
q4566,4566,77,5,10229,3936,0.38478834685697527,True
q4567,4567,77,5,6257,3507,0.5604922486814767,True
q4568,4568,85,5,4399,2295,0.5217094794271425,True
q4569,4569,85,5,4100,3301,0.8051219512195122,True
q4570,4570,77,5,6126,5136,0.8383937316356513,True
q4571,4571,77,5,5554,3452,0.6215340295282679,True
q4572,4572,85,5,4919,2257,0.45883309615775564,True
q4573,4573,85,5,5652,4813,0.8515569709837226,True
q4574,4574,83,5,11250,6588,0.5856,True
q4575,4575,83,5,4553,3693,0.8111135515045025,True
q4577,4577,76,5,9086,6387,0.7029495927801013,True
q4578,4578,76,5,6366,4444,0.6980835689601005,True
q4579,4579,76,5,7094,4245,0.5983930081759233,True
q4580,4580,84,5,4644,2902,0.6248923341946597,True
q4581,4581,84,5,3452,2325,0.6735225955967555,True
q4583,4583,83,5,5225,3755,0.7186602870813397,True
q4584,4584,74,5,1732,1378,0.7956120092378753,True
q4585,4585,74,5,1690,1304,0.7715976331360946,True
q4586,4586,74,5,1648,1016,0.616504854368932,True
q4587,4587,74,5,1966,1199,0.6098677517802645,True
q4588,4588,74,5,1890,1330,0.7037037037037037,True
q4589,4589,74,5,2249,1348,0.5993775011116051,True
q4590,4590,74,5,2440,1610,0.6598360655737705,True
q4594,4594,78,5,3654,3035,0.8305966064586754,True
q4595,4595,83,5,7786,5726,0.7354225533007963,True
q4598,4598,83,5,13462,8228,0.6112019016490863,True
q4599,4599,83,5,17108,6030,0.3524666822539163,True
q4606,4606,78,5,3594,2070,0.5759599332220368,True
q4607,4607,78,5,16879,6786,0.40203803542863914,True
q4608,4608,78,5,2931,2078,0.7089730467417263,True
q4609,4609,78,5,6907,4832,0.6995801360938179,True
q4611,4611,78,5,4613,3238,0.7019293301539129,True
q4612,4612,78,5,5330,2502,0.4694183864915572,True
q4613,4613,78,5,3255,2542,0.780952380952381,True
q4615,4615,78,5,4055,3066,0.7561035758323058,True
q4617,4617,83,5,21734,15094,0.6944878991441981,True
q4618,4618,83,5,5692,3414,0.5997891777933942,True
q4621,4621,96,5,11588,8330,0.7188470831895064,True
q4622,4622,84,5,4636,3227,0.6960742018981881,True
q4623,4623,84,5,4243,3317,0.781758189959934,True
q4625,4625,71,5,1527,1258,0.8238375900458416,True
q4626,4626,71,5,4651,3330,0.7159750591270695,True
q4627,4627,119,5,3485,2772,0.7954088952654232,True
q4628,4628,78,5,2464,1614,0.6550324675324676,True
q4629,4629,74,5,2618,1558,0.5951107715813598,True
q4634,4634,71,5,2819,2088,0.7406881873004612,True
q4635,4635,71,5,2726,2082,0.7637564196625092,True
q4636,4636,71,5,1107,976,0.8816621499548328,True
q4637,4637,71,5,2231,1659,0.7436127297176154,True
q4638,4638,71,5,1983,1740,0.8774583963691377,True
q4639,4639,71,5,3506,2593,0.7395892755276668,True
q4640,4640,71,5,1425,1214,0.8519298245614035,True
q4641,4641,71,5,1318,1021,0.7746585735963581,True
q4642,4642,71,5,1588,1366,0.8602015113350125,True
q4643,4643,71,5,2622,2031,0.7745995423340961,True
q4644,4644,71,5,3743,2392,0.6390595778787069,True
q4645,4645,71,5,1688,1357,0.8039099526066351,True
q4646,4646,71,5,2577,2046,0.7939464493597206,True
q4647,4647,71,5,2085,1685,0.8081534772182254,True
q4648,4648,71,5,3928,2672,0.6802443991853361,True
q4649,4649,71,5,7898,5590,0.7077741200303874,True
q4650,4650,71,5,1135,996,0.8775330396475771,True
q4651,4651,71,5,2556,2004,0.784037558685446,True
q4652,4652,71,5,1237,998,0.8067906224737268,True
q4653,4653,71,5,5997,4156,0.6930131732532934,True
q4654,4654,71,5,1869,1536,0.8218298555377207,True
q4655,4655,71,5,1631,1363,0.835683629675046,True
q4656,4656,71,5,1747,1508,0.8631940469376074,True
q4657,4657,71,5,4477,3170,0.7080634353361626,True
q4658,4658,71,5,5043,3377,0.669641086654769,True
q4659,4659,71,5,5738,3290,0.5733705123736493,True
q4660,4660,71,5,1858,1586,0.8536060279870828,True
q4661,4661,71,5,5399,4100,0.7593998888683089,True
q4662,4662,71,5,2269,1639,0.7223446452181578,True
q4663,4663,71,5,1730,1349,0.7797687861271676,True
q4664,4664,71,5,2010,1591,0.791542288557214,True
q4665,4665,71,5,1755,1447,0.8245014245014245,True
q4666,4666,71,5,2633,2051,0.77895936194455,True
q4667,4667,71,5,1643,1357,0.8259281801582471,True
q4668,4668,71,5,7923,5486,0.6924144894610628,True
q4669,4669,71,5,3313,2249,0.6788409296709931,True
q4670,4670,71,5,1195,1024,0.8569037656903765,True
q4671,4671,71,5,1285,1068,0.8311284046692607,True
q4672,4672,71,5,14717,5491,0.3731059319154719,True
q4673,4673,71,5,3228,2559,0.7927509293680297,True
q4674,4674,71,5,2803,1882,0.6714234748483767,True
q4675,4675,71,5,2203,1827,0.8293236495687698,True
q4676,4676,71,5,3788,2151,0.5678458289334741,True
q4677,4677,71,5,3509,2632,0.750071245369051,True
q4678,4678,71,5,2725,2197,0.8062385321100918,True
q4679,4679,71,5,2800,2099,0.7496428571428572,True
q4680,4680,71,5,1705,1478,0.8668621700879765,True
q4681,4681,71,5,2907,2066,0.7106983144134847,True
q4683,4683,71,5,7407,4345,0.586607263399487,True
q4684,4684,71,5,10729,4327,0.4032994687296113,True
q4685,4685,71,5,1845,1505,0.8157181571815718,True
q4686,4686,71,5,2146,1752,0.8164026095060578,True
q4687,4687,83,5,7280,3556,0.48846153846153845,True
q4688,4688,71,5,14490,6207,0.4283643892339545,True
q4689,4689,71,5,1861,1615,0.8678130037614186,True
q4690,4690,71,5,2646,2111,0.7978080120937264,True
q4691,4691,71,5,1641,1405,0.8561852528945765,True
q4692,4692,71,5,1252,984,0.7859424920127795,True
q4694,4694,71,5,1843,1393,0.7558328811720022,True
q4695,4695,71,5,6905,4674,0.6769007965242578,True
q4697,4697,71,5,2217,1799,0.8114569237708615,True
q4698,4698,71,5,3685,2540,0.689280868385346,True
q4699,4699,71,5,3359,2603,0.7749330157785055,True
q4700,4700,71,5,1135,978,0.8616740088105727,True
q4701,4701,71,5,3536,2299,0.6501696832579186,True
q4703,4703,71,5,2434,2080,0.8545603944124898,True
q4704,4704,71,5,3551,2721,0.7662630245001408,True
q4705,4705,71,5,4399,3011,0.6844737440327348,True
q4706,4706,71,5,3658,2710,0.7408419901585566,True
q4707,4707,71,5,5804,3032,0.5223983459682977,True
q4708,4708,71,5,2312,1756,0.759515570934256,True
q4709,4709,71,5,1851,1513,0.8173960021609941,True
q4710,4710,71,5,3690,2335,0.6327913279132791,True
q4711,4711,83,5,5047,3783,0.7495541906082821,True
q4712,4712,71,5,9144,4912,0.537182852143482,True
q4714,4714,83,5,4987,2900,0.5815119310206537,True
q4715,4715,71,5,3654,2852,0.7805145046524357,True
q4716,4716,71,5,1240,1009,0.8137096774193548,True
q4719,4719,71,5,5460,3447,0.6313186813186813,True
q4722,4722,71,5,2892,1990,0.6881051175656985,True
q4724,4724,71,5,5720,4057,0.7092657342657342,True
q4725,4725,71,5,2039,1724,0.8455125061304561,True
q4726,4726,71,5,2271,1701,0.7490092470277411,True
q4730,4730,74,5,11325,5839,0.5155849889624724,True
q4731,4731,88,5,7626,6642,0.8709677419354839,True
q4735,4735,119,5,3357,2604,0.775692582663092,True
q4736,4736,74,5,5042,3375,0.6693772312574375,True
q4737,4737,119,5,3127,2370,0.7579149344419571,True
q4738,4738,71,5,3556,2658,0.7474690663667042,True
q4739,4739,96,5,9433,7523,0.7975193469733913,True
q4740,4740,71,5,4057,2968,0.7315750554596993,True
q4741,4741,86,5,3445,2805,0.8142235123367199,True
q4742,4742,74,5,1242,892,0.7181964573268921,True
q4745,4745,71,5,2780,2024,0.7280575539568346,True
q4748,4748,90,5,11806,9029,0.7647806200237167,True
q4749,4749,78,5,5891,3777,0.6411475131556612,True
q4750,4750,98,5,4973,3862,0.7765936054695355,True
q4751,4751,74,5,2929,1442,0.49231819733697507,True
q4752,4752,86,5,3632,2832,0.7797356828193832,True
q4753,4753,106,5,5861,4786,0.8165842006483536,True
q4754,4754,88,5,15536,11649,0.7498069001029866,True
q4758,4758,103,5,9580,5307,0.5539665970772443,True
q4759,4759,98,5,4283,3113,0.7268269904272706,True
q4761,4761,96,5,178374,98097,0.5499512260755491,True
q4762,4762,74,5,2183,1478,0.6770499312872195,True
q4763,4763,78,5,2878,1882,0.6539263377345379,True
q4764,4764,74,5,2840,1901,0.6693661971830986,True
q4768,4768,83,5,4500,3098,0.6884444444444444,True
q4770,4770,74,5,4212,2456,0.5830959164292497,True
q4771,4771,119,5,34890,15523,0.44491258240183434,True
q4772,4772,78,5,3830,2728,0.7122715404699739,True
q4773,4773,71,5,5415,3523,0.6506001846722068,True
q4774,4774,88,5,25519,12683,0.4970022336298444,True
q4776,4776,84,5,3377,2534,0.7503701510216169,True
q4777,4777,98,5,5298,3293,0.6215553038882597,True
q4778,4778,78,5,3269,2673,0.8176812480881004,True
q4779,4779,74,5,1472,1174,0.7975543478260869,True
q4780,4780,84,5,3474,1978,0.5693724812895797,True
q4781,4781,86,5,2449,1968,0.8035933033891384,True
q4782,4782,74,5,2416,1742,0.7210264900662252,True
q4784,4784,74,5,2035,1387,0.6815724815724816,True
q4785,4785,88,5,10478,7384,0.7047146401985112,True
q4786,4786,74,5,1399,1108,0.7919942816297355,True
q4787,4787,80,5,3967,2606,0.6569195865893622,True
q4788,4788,96,5,11131,4961,0.44569221094241307,True
q4789,4789,80,5,6277,4277,0.6813764537199299,True
q4791,4791,94,5,12144,8189,0.6743247694334651,True
q4792,4792,88,5,19085,9164,0.48016767094576895,True
q4794,4794,85,5,6835,4120,0.6027798098024872,True
q4795,4795,74,5,9437,4535,0.4805552612058917,True
q4796,4796,74,5,2723,1733,0.6364304076386339,True
q4797,4797,98,5,14706,8497,0.5777913776689787,True
q4798,4798,85,5,5477,2955,0.5395289392002921,True
q4800,4800,84,5,4473,2562,0.5727699530516432,True
q4801,4801,71,5,2741,2017,0.7358628237869391,True
q4802,4802,85,5,11936,4188,0.35087131367292224,True
q4803,4803,71,5,2968,1924,0.6482479784366577,True
q4804,4804,119,5,2884,2225,0.771497919556172,True
q4807,4807,106,5,6109,4559,0.7462759862497954,True
q4808,4808,71,5,3427,2295,0.6696819375547126,True
q4809,4809,83,5,4500,3259,0.7242222222222222,True
q4810,4810,85,5,4724,2810,0.5948348856900931,True
q4811,4811,98,5,5161,3529,0.6837822127494672,True
q4812,4812,74,5,1283,1154,0.8994544037412315,True
q4813,4813,98,5,22637,13127,0.5798913283562309,True
q4814,4814,77,5,5773,2305,0.3992724753161268,True
q4815,4815,74,5,4657,2421,0.5198625724715482,True
q4816,4816,80,5,7729,4574,0.5917971277008669,True
q4818,4818,76,5,8220,3605,0.43856447688564476,True
q4819,4819,77,5,17960,8880,0.49443207126948774,True
q4821,4821,83,5,7845,5361,0.6833652007648183,True
q4822,4822,90,5,8908,7021,0.7881679389312977,True
q4823,4823,85,5,10010,4781,0.47762237762237764,True
q4825,4825,85,5,4053,2538,0.6262028127313102,True
q4826,4826,83,5,5332,3164,0.5933983495873969,True
q4829,4829,83,5,29475,14914,0.5059881255301103,True
q4830,4830,78,5,3059,2434,0.7956848643347499,True
q4832,4832,119,5,3354,2155,0.6425163983303518,True
q4834,4834,90,5,10384,7217,0.6950115562403698,True
q4837,4837,90,5,10844,6306,0.5815197344153449,True
q4839,4839,119,5,3893,3251,0.8350886206010789,True
q4840,4840,119,5,4787,2784,0.5815750992270733,True
q4842,4842,87,5,13865,7971,0.5749008294266138,True
q4845,4845,90,5,13471,8728,0.6479103258852349,True
q4846,4846,90,5,10612,7928,0.7470787787410479,True
q4850,4850,71,5,3556,2564,0.7210348706411699,True
q4851,4851,71,5,1731,1392,0.804159445407279,True
q4852,4852,71,5,12316,5731,0.4653296524845729,True
q4853,4853,71,5,1566,1331,0.8499361430395913,True
q4854,4854,71,5,15130,8088,0.5345670852610708,True
q4855,4855,71,5,1655,1396,0.8435045317220544,True
q4857,4857,71,5,4165,2789,0.6696278511404562,True
q4858,4858,71,5,2692,2142,0.7956909361069836,True
q4859,4859,71,5,2081,1786,0.8582412301777992,True
q4860,4860,71,5,4756,3612,0.7594617325483599,True
q4861,4861,71,5,2387,1878,0.7867616254713029,True
q4862,4862,71,5,1182,948,0.8020304568527918,True
q4863,4863,71,5,3589,2552,0.7110615770409585,True
q4864,4864,71,5,2463,1862,0.7559886317498985,True
q4866,4866,71,5,3726,2425,0.6508319914117016,True
q4867,4867,71,5,4886,2932,0.6000818665575113,True
q4868,4868,71,5,2774,2087,0.7523431867339582,True
q4869,4869,71,5,6662,3801,0.5705493845691985,True
q4870,4870,71,5,7401,4721,0.6378867720578301,True
q4871,4871,71,5,2348,1899,0.8087734241908007,True
q4873,4873,71,5,4079,2795,0.6852169649423878,True
q4874,4874,71,5,1844,1416,0.7678958785249458,True
q4875,4875,71,5,3382,2347,0.6939680662329982,True
q4876,4876,71,5,10224,4653,0.4551056338028169,True
q4878,4878,71,5,12163,5690,0.46781221738058043,True
q4879,4879,71,5,6367,4400,0.691063295115439,True
q4880,4880,71,5,1927,1565,0.8121432278152568,True
q4881,4881,71,5,3273,2454,0.7497708524289642,True
q4882,4882,71,5,2950,2054,0.696271186440678,True
q4884,4884,71,5,4383,2839,0.647729865389003,True
q4885,4885,71,5,2416,2023,0.8373344370860927,True
q4887,4887,71,5,1944,1591,0.8184156378600823,True
q4888,4888,71,5,4148,2866,0.6909353905496625,True
q4889,4889,71,5,3417,2409,0.7050043898156277,True
q4890,4890,71,5,1707,1331,0.7797305213825425,True
q4893,4893,74,5,1964,1061,0.540224032586558,True
q4895,4895,76,5,6018,4527,0.7522432701894317,True
q4896,4896,77,5,10160,7370,0.7253937007874016,True
q4898,4898,74,5,2011,1142,0.5678766782695176,True
q4899,4899,78,5,3377,2071,0.6132662126147468,True
q4900,4900,71,5,1246,1072,0.8603531300160514,True
q4902,4902,76,5,5788,3070,0.5304077401520387,True
q4903,4903,80,5,6588,4978,0.7556162720097146,True
q4905,4905,77,5,5847,3486,0.5962031811185223,True
q4907,4907,83,5,5390,4598,0.8530612244897959,True
q4908,4908,84,5,4314,3025,0.701205377839592,True
q4909,4909,77,5,6262,4854,0.775151708719259,True
q4910,4910,78,5,4452,3419,0.7679694519317161,True
q4911,4911,84,5,3218,1919,0.5963331261653201,True
q4912,4912,85,5,5306,4577,0.8626083678854127,True
q4913,4913,74,5,1809,1194,0.6600331674958541,True
q4914,4914,83,5,6359,4264,0.6705456832835351,True
q4915,4915,74,5,5045,1967,0.38989098116947474,True
q4916,4916,84,5,20013,7354,0.367461150252336,True
q4917,4917,86,5,5020,3625,0.7221115537848606,True
q4918,4918,78,5,14139,6441,0.4555484829195841,True
q4919,4919,86,5,12793,6706,0.5241929180020324,True
q4920,4920,77,5,4206,3713,0.8827864954826439,True
q4921,4921,83,5,5406,3481,0.6439141694413615,True
q4922,4922,76,5,5333,4571,0.8571160697543596,True
q4923,4923,78,5,3310,2419,0.7308157099697885,True
q4924,4924,84,5,4049,2435,0.6013830575450728,True
q4925,4925,87,5,10075,6693,0.664317617866005,True
q4926,4926,76,5,4811,3454,0.7179380586156724,True
q4927,4927,74,5,2096,1277,0.6092557251908397,True
q4928,4928,77,5,5815,3217,0.5532244196044712,True
q4929,4929,78,5,2866,1740,0.6071179344033496,True
q4930,4930,74,5,2200,1608,0.730909090909091,True
q4931,4931,74,5,8873,3243,0.3654908148315113,True
q4932,4932,74,5,1302,987,0.7580645161290323,True
q4933,4933,74,5,2525,1539,0.6095049504950495,True
q4935,4935,74,5,1408,949,0.6740056818181818,True
q4936,4936,74,5,3295,1734,0.5262518968133536,True
q4937,4937,74,5,2078,1105,0.5317613089509143,True
q4938,4938,74,5,2298,1366,0.5944299390774587,True
q4939,4939,74,5,1763,1400,0.7941009642654566,True
q4940,4940,74,5,1542,1023,0.6634241245136187,True
q4941,4941,74,5,3033,1614,0.5321463897131553,True
q4942,4942,74,5,1014,889,0.8767258382642998,True
q4943,4943,74,5,2243,1077,0.48016049933125277,True
q4945,4945,74,5,3444,2232,0.6480836236933798,True
q4946,4946,74,5,1490,1073,0.7201342281879195,True
q4947,4947,74,5,8315,3301,0.39699338544798557,True
q4948,4948,74,5,1793,1068,0.5956497490239822,True
q4949,4949,74,5,2039,1293,0.6341343795978421,True
q4950,4950,74,5,1728,1298,0.7511574074074074,True
q4951,4951,74,5,2177,1187,0.5452457510335323,True
q4952,4952,74,5,2110,1133,0.5369668246445498,True
q4953,4953,74,5,3046,1129,0.3706500328299409,True
q4954,4954,74,5,2424,1193,0.49216171617161714,True
q4955,4955,74,5,1450,1060,0.7310344827586207,True
q4956,4956,74,5,2111,1523,0.7214590241591663,True
q4957,4957,74,5,1939,1275,0.6575554409489428,True
q4958,4958,74,5,1581,1246,0.7881087919038583,True
q4959,4959,74,5,3106,2236,0.7198969735994849,True
q4960,4960,74,5,1452,1188,0.8181818181818182,True
q4961,4961,74,5,1556,1159,0.7448586118251928,True
q4962,4962,74,5,1066,873,0.8189493433395872,True
q4963,4963,74,5,1739,1255,0.721679125934445,True
q4964,4964,74,5,1936,1371,0.7081611570247934,True
q4965,4965,74,5,1657,1040,0.627640313820157,True
q4966,4966,74,5,1827,1141,0.6245210727969349,True
q4967,4967,74,5,2363,1316,0.5569191705459162,True
q4968,4968,71,5,2196,1653,0.7527322404371585,True
q4969,4969,74,5,2158,974,0.45134383688600554,True
q4970,4970,74,5,1747,1364,0.7807670291929021,True
q4971,4971,74,5,2030,1776,0.8748768472906404,True
q4972,4972,74,5,1598,1013,0.6339173967459324,True
q4973,4973,74,5,3975,1947,0.489811320754717,True
q4974,4974,74,5,2214,1391,0.6282746160794941,True
q4975,4975,74,5,1374,865,0.6295487627365357,True
q4976,4976,74,5,2311,1363,0.5897879705755085,True
q4977,4977,74,5,1559,1214,0.7787042976266838,True
q4978,4978,74,5,1638,992,0.6056166056166056,True
q4979,4979,74,5,1368,1011,0.7390350877192983,True
q4980,4980,74,5,1997,1236,0.6189283925888833,True
q4981,4981,74,5,3457,2233,0.64593578247035,True
q4983,4983,74,5,2419,1780,0.7358412567176519,True
q4984,4984,74,5,2723,1923,0.7062063900110173,True
q4985,4985,74,5,4849,2458,0.5069086409568984,True
q4986,4986,74,5,1964,1335,0.679735234215886,True
q4987,4987,74,5,1883,1430,0.7594264471587892,True
q4988,4988,74,5,2221,1341,0.6037820801440792,True
q4989,4989,74,5,1888,1237,0.6551906779661016,True
q4990,4990,74,5,3209,1688,0.5260205671548769,True
q4991,4991,74,5,1263,1059,0.838479809976247,True
q4992,4992,74,5,8144,3067,0.37659626719056977,True
q4993,4993,74,5,1643,1073,0.6530736457699331,True
q4994,4994,74,5,1437,1037,0.721642310368824,True
q4995,4995,74,5,1906,1316,0.6904512067156349,True
q4996,4996,74,5,5644,2324,0.4117647058823529,True
q4997,4997,74,5,1700,1307,0.7688235294117647,True
q4998,4998,74,5,2208,1321,0.5982789855072463,True
q4999,4999,74,5,4746,2274,0.47914032869785084,True
q5000,5000,74,5,1480,1063,0.7182432432432433,True
q5001,5001,74,5,1393,1065,0.7645369705671213,True
q5002,5002,74,5,2692,2017,0.7492570579494799,True
q5003,5003,74,5,4854,3059,0.6302018953440461,True
q5005,5005,74,5,1609,1272,0.7905531385954009,True
q5006,5006,74,5,1744,1335,0.7654816513761468,True
q5008,5008,74,5,1417,1217,0.8588567395906845,True
q5009,5009,74,5,1530,1191,0.7784313725490196,True
q5010,5010,74,5,1572,1382,0.8791348600508906,True
q5011,5011,74,5,1818,1446,0.7953795379537953,True
q5012,5012,74,5,1306,839,0.6424196018376723,True
q5013,5013,74,5,1697,1326,0.7813789039481438,True
q5014,5014,74,5,1656,932,0.5628019323671497,True
q5015,5015,74,5,1775,1322,0.7447887323943662,True
q5016,5016,74,5,2277,1433,0.629336846728151,True
q5017,5017,74,5,1478,1161,0.7855209742895806,True
q5018,5018,74,5,2116,1468,0.6937618147448015,True
q5019,5019,74,5,12937,6011,0.46463631444693515,True
q5020,5020,74,5,1610,1252,0.7776397515527951,True
q5021,5021,74,5,2141,1537,0.7178888369920597,True
q5022,5022,74,5,3478,1897,0.5454284071305348,True
q5023,5023,74,5,2037,1271,0.6239567992145312,True
q5024,5024,74,5,8180,4301,0.5257946210268949,True
q5025,5025,74,5,1560,1027,0.6583333333333333,True
q5026,5026,74,5,1925,1533,0.7963636363636364,True
q5027,5027,74,5,1766,1006,0.5696489241223103,True
q5028,5028,74,5,5988,3162,0.5280561122244489,True
q5029,5029,78,5,6340,1941,0.3061514195583596,True
q5030,5030,83,5,4809,3088,0.6421293408192972,True
q5033,5033,98,5,4574,2567,0.5612155662439877,True
q5034,5034,78,5,3322,2696,0.8115593016255268,True
q5035,5035,83,5,15492,4188,0.2703330751355538,True
q5037,5037,98,5,7085,4945,0.6979534227240649,True
q5038,5038,71,5,3335,2263,0.6785607196401799,True
q5039,5039,78,5,4527,3531,0.7799867461895295,True
q5042,5042,78,5,4164,2560,0.6147934678194045,True
q5055,5055,119,5,14755,8722,0.5911216536767198,True
q5058,5058,85,5,5269,3998,0.758777756690074,True
q5068,5068,106,5,9621,7331,0.7619790042615113,True
q5076,5076,106,5,8896,3871,0.43513938848920863,True
q5080,5080,86,5,1754,1468,0.8369441277080958,True
q5081,5081,80,5,4342,2637,0.6073238139106403,True
q5082,5082,88,5,13141,8059,0.6132714405296401,True
q5083,5083,85,5,6078,3432,0.5646594274432379,True
q5084,5084,106,5,7948,5396,0.6789129340714645,True
q5085,5085,71,5,2417,1772,0.7331402565163426,True
q5086,5086,86,5,3461,2262,0.653568332851777,True
q5087,5087,71,5,1248,1064,0.8525641025641025,True
q5088,5088,74,5,1688,932,0.5521327014218009,True
q5089,5089,85,5,4363,2182,0.50011460004584,True
q5090,5090,74,5,2204,1324,0.6007259528130672,True
q5092,5092,77,5,8563,5977,0.698003036319047,True
q5093,5093,80,5,6021,5061,0.8405580468360737,True
q5097,5097,94,5,12690,10192,0.8031520882584713,True
q5098,5098,83,5,8358,5016,0.6001435750179469,True
q5099,5099,119,5,5555,3531,0.6356435643564357,True
q5100,5100,74,5,4076,2386,0.585377821393523,True
q5101,5101,83,5,460,233,0.5065217391304347,True
q5102,5102,77,5,7247,5086,0.7018076445425694,True
q5104,5104,103,5,12933,7370,0.5698600479393798,True
q5105,5105,85,5,3924,2421,0.6169724770642202,True
q5107,5107,76,5,4349,978,0.22487928259369971,True
q5108,5108,76,5,12679,4546,0.3585456266267056,True
q5109,5109,85,5,8000,4456,0.557,True
q5110,5110,90,5,12796,9995,0.7811034698343232,True
q5111,5111,76,5,7620,5345,0.7014435695538058,True
q5113,5113,77,5,6344,2922,0.46059268600252207,True
q5114,5114,80,5,6446,4421,0.6858516909711448,True
q5115,5115,74,5,4132,1542,0.37318489835430785,True
q5116,5116,78,5,9040,3541,0.3917035398230089,True
q5117,5117,77,5,5545,3742,0.6748422001803427,True
q5118,5118,74,5,1789,1122,0.6271660145332588,True
q5119,5119,74,5,5367,3302,0.6152412893609093,True
q5120,5120,74,5,2256,1162,0.5150709219858156,True
q5121,5121,74,5,9297,3739,0.40217274389588037,True
q5122,5122,74,5,3955,1620,0.40960809102402024,True
q5123,5123,74,5,1494,1259,0.8427041499330656,True
q5124,5124,74,5,2032,1233,0.6067913385826772,True
q5125,5125,74,5,2123,1418,0.6679227508243052,True
q5126,5126,74,5,1374,975,0.7096069868995634,True
q5127,5127,74,5,1923,1320,0.6864274570982839,True
q5128,5128,74,5,2382,1300,0.5457598656591099,True
q5129,5129,74,5,2297,1687,0.7344362211580322,True
q5130,5130,74,5,1344,1104,0.8214285714285714,True
q5131,5131,74,5,1485,1098,0.7393939393939394,True
q5132,5132,74,5,1467,914,0.6230402181322426,True
q5133,5133,74,5,8966,2515,0.28050412670086994,True
q5134,5134,74,5,1861,1152,0.6190220311660397,True
q5135,5135,74,5,17015,5623,0.33047311196003526,True
q5136,5136,74,5,12049,6692,0.5553987882811852,True
q5137,5137,74,5,2950,1293,0.4383050847457627,True
q5138,5138,74,5,1260,834,0.6619047619047619,True
q5139,5139,74,5,1879,1251,0.6657796700372539,True
q5141,5141,74,5,1730,1333,0.7705202312138728,True
q5142,5142,74,5,2200,1484,0.6745454545454546,True
q5143,5143,74,5,2000,1629,0.8145,True
q5145,5145,74,5,1342,1128,0.8405365126676602,True
q5146,5146,74,5,1746,1091,0.6248568155784651,True
q5147,5147,74,5,1723,1415,0.8212420197330238,True
q5148,5148,74,5,1102,934,0.8475499092558983,True
q5149,5149,74,5,1932,1480,0.7660455486542443,True
q5151,5151,74,5,1610,1077,0.668944099378882,True
q5152,5152,78,5,3993,3355,0.8402203856749312,True
q5153,5153,74,5,2102,928,0.44148430066603234,True
q5154,5154,74,5,1488,1166,0.7836021505376344,True
q5155,5155,74,5,1416,919,0.6490112994350282,True
q5156,5156,74,5,1432,1146,0.8002793296089385,True
q5157,5157,74,5,6670,3232,0.4845577211394303,True
q5158,5158,74,5,1501,968,0.6449033977348434,True
q5159,5159,74,5,1470,1114,0.7578231292517007,True
q5160,5160,74,5,6792,2217,0.32641342756183744,True
q5162,5162,74,5,1518,1186,0.7812911725955204,True
q5163,5163,74,5,2575,1708,0.6633009708737864,True
q5164,5164,74,5,1702,1202,0.7062279670975323,True
q5165,5165,74,5,2864,2105,0.734986033519553,True
q5166,5166,74,5,4175,2431,0.5822754491017964,True
q5167,5167,74,5,2342,1224,0.5226302305721605,True
q5168,5168,74,5,1199,1002,0.835696413678065,True
q5169,5169,74,5,2642,1975,0.7475397426192278,True
q5170,5170,74,5,1362,1143,0.8392070484581498,True
q5171,5171,74,5,1163,1003,0.8624247635425624,True
q5172,5172,74,5,1391,1134,0.8152408339324227,True
q5173,5173,74,5,2413,1500,0.6216328222130129,True
q5174,5174,74,5,3342,1877,0.56163973668462,True
q5175,5175,74,5,2520,1344,0.5333333333333333,True
q5176,5176,74,5,1340,1169,0.8723880597014926,True
q5177,5177,74,5,2202,1607,0.7297910990009082,True
q5178,5178,74,5,2231,1273,0.5705961452263559,True
q5179,5179,74,5,2220,1654,0.7450450450450451,True
q5180,5180,74,5,1579,1321,0.8366054464851171,True
q5181,5181,74,5,1316,1195,0.9080547112462006,True
q5182,5182,74,5,3230,2267,0.7018575851393188,True
q5183,5183,74,5,1474,1038,0.7042062415196744,True
q5184,5184,74,5,1693,1511,0.8924985233313645,True
q5185,5185,74,5,3441,2715,0.7890148212728858,True
q5186,5186,74,5,1243,1131,0.909895414320193,True
q5187,5187,74,5,2306,1205,0.5225498699045967,True
q5188,5188,74,5,5568,2897,0.5202945402298851,True
q5189,5189,74,5,1627,1115,0.6853103872157345,True
q5190,5190,74,5,3036,2009,0.6617259552042161,True
q5191,5191,74,5,4427,2907,0.6566523605150214,True
q5192,5192,74,5,2371,1737,0.7326022775200337,True
q5193,5193,74,5,1355,944,0.6966789667896679,True
q5194,5194,74,5,1604,1160,0.7231920199501247,True
q5195,5195,74,5,1768,1204,0.6809954751131222,True
q5196,5196,74,5,3179,1315,0.4136520918527839,True
q5197,5197,74,5,6503,3168,0.48715977241273256,True
q5198,5198,74,5,12137,3457,0.28483150696218174,True
q5199,5199,74,5,1625,1127,0.6935384615384615,True
q5200,5200,74,5,6447,3926,0.6089654102683418,True
q5201,5201,74,5,1701,1238,0.7278071722516167,True
q5202,5202,74,5,1494,1043,0.6981258366800536,True
q5203,5203,74,5,1623,1130,0.696241528034504,True
q5204,5204,74,5,1843,1355,0.7352143244709712,True
q5205,5205,74,5,1477,1140,0.7718348002708192,True
q5207,5207,74,5,1744,1359,0.779243119266055,True
q5208,5208,74,5,2181,1675,0.7679963319578175,True
q5209,5209,74,5,2093,1511,0.7219302436693741,True
q5210,5210,74,5,1920,1476,0.76875,True
q5211,5211,74,5,2015,1059,0.5255583126550869,True
q5212,5212,74,5,1441,887,0.6155447605829285,True
q5213,5213,74,5,5476,2209,0.40339663988312635,True
q5214,5214,74,5,1871,1598,0.8540887226082309,True
q5215,5215,74,5,1699,1315,0.773984696880518,True
q5216,5216,74,5,1596,1019,0.6384711779448622,True
q5217,5217,74,5,1359,1067,0.7851361295069904,True
q5222,5222,90,5,11792,6699,0.5680970149253731,True
q5224,5224,90,5,16949,8481,0.500383503451531,True
q5225,5225,90,5,10096,6858,0.6792789223454834,True
q5227,5227,119,5,3105,2443,0.7867954911433173,True
q5232,5232,119,5,4627,3102,0.6704127944672574,True
q5235,5235,119,5,8155,4328,0.5307173513182097,True
q5236,5236,90,5,10645,8861,0.8324095819633631,True
q5239,5239,119,5,4661,2805,0.601802188371594,True
q5240,5240,90,5,17039,9156,0.5373554786078996,True
q5241,5241,119,5,4572,3167,0.6926946631671042,True
q5244,5244,119,5,2994,2331,0.7785571142284569,True
q5247,5247,90,5,38325,19309,0.5038225701239399,True
q5249,5249,90,5,11402,7494,0.6572531134888616,True
q5254,5254,119,5,2783,2220,0.797700323392023,True
q5255,5255,90,5,28851,17926,0.6213302831790926,True
q5258,5258,87,5,9609,6183,0.6434592569466125,True
q5261,5261,119,5,5229,3355,0.6416140753490152,True
q5263,5263,119,5,3123,2470,0.7909061799551713,True
q5268,5268,119,5,3495,2636,0.7542203147353362,True
q5269,5269,119,5,6645,3141,0.47268623024830697,True
q5273,5273,119,5,5304,2643,0.4983031674208145,True
q5274,5274,90,5,11114,7751,0.6974086737448263,True
q5275,5275,119,5,4165,2651,0.6364945978391356,True
q5290,5290,80,5,7017,4374,0.6233433091064557,True
q5291,5291,80,5,4940,2660,0.5384615384615384,True
q5292,5292,80,5,5026,4137,0.8231197771587744,True
q5293,5293,80,5,6072,3822,0.6294466403162056,True
q5294,5294,84,5,13292,9621,0.723818838399037,True
q5295,5295,80,5,4903,3105,0.6332857434223944,True
q5296,5296,80,5,6523,2998,0.4596044764678829,True
q5297,5297,80,5,5613,4121,0.7341884910030286,True
q5298,5298,80,5,4822,3336,0.6918291165491497,True
q5299,5299,80,5,5063,3453,0.6820067153861347,True
q5300,5300,98,5,3340,2479,0.7422155688622755,True
q5301,5301,98,5,6425,3507,0.5458365758754864,True
q5302,5302,98,5,3333,2346,0.7038703870387039,True
q5303,5303,98,5,3214,2055,0.6393901680149346,True
q5335,5335,78,5,8008,2727,0.34053446553446554,True
q5354,5354,90,5,8770,4129,0.4708095781071836,True
q5355,5355,78,5,3597,2277,0.6330275229357798,True
q5356,5356,78,5,3072,2172,0.70703125,True
q5357,5357,78,5,5081,3789,0.7457193465853178,True
q5358,5358,78,5,8450,5246,0.6208284023668639,True
q5359,5359,78,5,2720,1783,0.6555147058823529,True
q5360,5360,78,5,3694,2242,0.6069301570113698,True
q5361,5361,78,5,3436,2469,0.7185681024447031,True
q5362,5362,78,5,4867,3993,0.8204232586809123,True
q5363,5363,78,5,3754,2539,0.676345231752797,True
q5364,5364,78,5,2177,1408,0.6467615985300873,True
q5365,5365,78,5,14359,6417,0.4468974162546138,True
q5366,5366,78,5,9327,5266,0.5645974053822237,True
q5367,5367,78,5,5556,2067,0.3720302375809935,True
q5368,5368,86,5,5263,3612,0.6863005890176705,True
q5369,5369,106,5,4315,3882,0.8996523754345307,True
q5370,5370,106,5,6571,4486,0.6826966976107137,True
q5371,5371,106,5,5931,4777,0.8054291013319845,True
q5372,5372,106,5,5180,4359,0.8415057915057915,True
q5374,5374,86,5,3407,2742,0.8048136190196654,True
q5375,5375,86,5,2076,1796,0.8651252408477842,True
q5376,5376,98,5,9410,5451,0.5792773645058449,True
q5377,5377,84,5,4110,2748,0.6686131386861314,True
q5378,5378,98,5,2833,2198,0.7758559830568302,True
q5380,5380,84,5,3123,2387,0.7643291706692283,True
q5381,5381,84,5,4299,2966,0.6899278902070249,True
q5382,5382,71,5,1575,1309,0.8311111111111111,True
q5383,5383,71,5,1938,1447,0.7466460268317854,True
q5384,5384,71,5,28626,15994,0.5587228393767903,True
q5385,5385,71,5,10864,7277,0.6698269513991163,True
q5386,5386,71,5,4852,3138,0.6467436108821105,True
q5387,5387,71,5,5063,3660,0.7228915662650602,True
q5399,5399,74,5,7694,2565,0.3333766571354302,True
q5402,5402,90,5,12982,8839,0.6808658142042828,True
q5404,5404,78,5,7797,2490,0.3193535975375144,True
q5408,5408,78,5,3084,2431,0.7882619974059663,True
q5409,5409,78,5,4942,2891,0.5849858356940509,True
q5410,5410,78,5,15295,11806,0.7718862373324615,True
q5412,5412,78,5,3175,2140,0.6740157480314961,True
q5418,5418,78,5,17535,5432,0.3097804391217565,True
q5419,5419,78,5,5117,2558,0.4999022864959937,True
q5420,5420,78,5,3827,2672,0.6981970211654037,True
q5421,5421,78,5,21153,8151,0.38533541341653665,True
q5422,5422,78,5,3539,2657,0.7507770556654422,True
q5424,5424,98,5,14710,6137,0.41719918422841606,True
q5425,5425,78,5,3233,2230,0.6897618311166099,True
q5426,5426,71,5,6373,3257,0.5110622940530363,True
q5427,5427,83,5,5852,3071,0.5247778537252221,True
q5428,5428,86,5,12160,6889,0.5665296052631579,True
q5429,5429,86,5,1675,1208,0.7211940298507463,True
q5430,5430,103,5,266,212,0.7969924812030075,True
q5431,5431,86,5,3108,2642,0.8500643500643501,True
q5432,5432,86,5,3876,2837,0.7319401444788441,True
q5433,5433,96,5,18341,11522,0.6282100212638351,True
q5434,5434,106,5,6219,5136,0.8258562469850458,True
q5435,5435,96,5,9642,6623,0.6868906865795478,True
q5436,5436,96,5,207,173,0.8357487922705314,True
q5438,5438,96,5,9736,7382,0.7582169268693508,True
q5439,5439,96,5,242,203,0.8388429752066116,True
q5440,5440,86,5,3546,3075,0.8671742808798646,True
q5441,5441,96,5,10754,5205,0.4840059512739446,True
q5442,5442,96,5,10169,5802,0.5705575769495526,True
q5444,5444,103,5,13160,6664,0.5063829787234042,True
q5446,5446,86,5,5144,3657,0.7109253499222395,True
q5447,5447,106,5,6951,5243,0.7542799597180262,True
q5450,5450,86,5,1091,629,0.5765352887259395,True
q5451,5451,103,5,14094,7776,0.5517241379310345,True
q5453,5453,103,5,22529,11649,0.5170668915619868,True
q5455,5455,96,5,12439,5750,0.46225580834472224,True
q5457,5457,86,5,3702,3124,0.8438681793625068,True
q5458,5458,106,5,21206,13051,0.6154390266905593,True
q5459,5459,96,5,9846,8341,0.8471460491570181,True
q5460,5460,106,5,10884,5672,0.5211319367879456,True
q5461,5461,106,5,7093,4408,0.6214577752713943,True
q5463,5463,103,5,11409,8127,0.7123323691822245,True
q5464,5464,106,5,6598,3554,0.5386480751742952,True
q5465,5465,106,5,9347,5339,0.5711993152883278,True
q5466,5466,96,5,10072,7079,0.7028395552025417,True
q5467,5467,96,5,10270,8016,0.7805258033106134,True
q5468,5468,106,5,6259,4707,0.7520370666240613,True
q5469,5469,86,5,3164,2416,0.7635903919089759,True
q5470,5470,103,5,19480,7658,0.3931211498973306,True
q5471,5471,86,5,2936,2163,0.736716621253406,True
q5472,5472,106,5,7837,4933,0.6294500446599464,True
q5473,5473,106,5,3964,3453,0.8710898082744702,True
q5474,5474,106,5,7359,4549,0.6181546405761652,True
q5475,5475,103,5,9812,7783,0.7932123929881777,True
q5476,5476,106,5,5238,4017,0.7668957617411226,True
q5477,5477,106,5,5499,4556,0.828514275322786,True
q5478,5478,103,5,11137,5360,0.48127862081350453,True
q5479,5479,106,5,7723,5647,0.731192541758384,True
q5480,5480,106,5,7869,5464,0.6943703138899479,True
q5481,5481,86,5,8738,7386,0.8452735179674983,True
q5482,5482,86,5,5155,4044,0.7844810863239573,True
q5483,5483,86,5,1580,1414,0.8949367088607595,True
q5484,5484,86,5,13170,8152,0.6189825360668185,True
q5485,5485,96,5,11214,7746,0.6907437132156233,True
q5486,5486,96,5,11855,8643,0.7290594685786588,True
q5487,5487,106,5,4672,3890,0.8326198630136986,True
q5488,5488,86,5,6151,4678,0.7605267436189238,True
q5489,5489,106,5,8194,6779,0.8273126678057114,True
q5490,5490,96,5,12760,7413,0.5809561128526646,True
q5491,5491,86,5,4409,3725,0.8448627806758903,True
q5493,5493,86,5,23288,7902,0.3393163861216077,True
q5495,5495,96,5,11360,8230,0.7244718309859155,True
q5497,5497,103,5,10736,7634,0.7110655737704918,True
q5499,5499,106,5,4553,3391,0.7447836591258511,True
q5504,5504,106,5,6177,3518,0.5695321353407803,True
q5505,5505,106,5,6462,5373,0.8314763231197771,True
q5506,5506,106,5,10141,4029,0.3972980968346317,True
q5507,5507,96,5,11614,9036,0.7780265197175822,True
q5508,5508,96,5,11854,8029,0.6773241100050615,True
q5509,5509,96,5,10202,7976,0.7818074887277005,True
q5510,5510,96,5,9509,5502,0.578609738142812,True
q5512,5512,86,5,2913,2421,0.831101956745623,True
q5513,5513,86,5,7743,5732,0.740281544620948,True
q5514,5514,86,5,2714,1986,0.7317612380250552,True
q5517,5517,86,5,1659,1435,0.8649789029535865,True
q5520,5520,96,5,8810,7098,0.8056753688989784,True
q5522,5522,86,5,3084,2676,0.867704280155642,True
q5523,5523,106,5,4949,3941,0.7963224893917963,True
q5525,5525,106,5,5362,4555,0.8494964565460649,True
q5526,5526,103,5,15157,10866,0.7168964834729827,True
q5528,5528,119,5,4496,3661,0.814279359430605,True
q5529,5529,84,5,361,262,0.7257617728531855,True
q5531,5531,80,5,9068,5033,0.5550286722540803,True
q5532,5532,80,5,6416,5163,0.8047069825436409,True
q5533,5533,84,5,6371,4897,0.7686391461309057,True
q5535,5535,80,5,5264,3930,0.746580547112462,True
q5536,5536,84,5,256,217,0.84765625,True
q5537,5537,80,5,4503,3533,0.7845880524095048,True
q5538,5538,84,5,3735,3183,0.8522088353413655,True
q5539,5539,98,5,2573,2125,0.8258841818888457,True
q5540,5540,80,5,16072,7358,0.4578148332503733,True
q5542,5542,98,5,2118,1760,0.8309726156751652,True
q5543,5543,84,5,3663,3057,0.8345618345618345,True
q5544,5544,84,5,4619,3370,0.7295951504654687,True
q5545,5545,80,5,3960,2751,0.6946969696969697,True
q5547,5547,80,5,12142,7028,0.5788173282819964,True
q5548,5548,84,5,3324,2328,0.7003610108303249,True
q5549,5549,84,5,5287,2524,0.47739738982409685,True
q5550,5550,98,5,4723,3047,0.6451408003387678,True
q5551,5551,98,5,2434,2143,0.8804437140509449,True
q5552,5552,80,5,3688,2545,0.6900759219088937,True
q5554,5554,80,5,546,311,0.5695970695970696,True
q5555,5555,84,5,3355,2611,0.778241430700447,True
q5556,5556,80,5,460,363,0.7891304347826087,True
q5557,5557,80,5,9029,4179,0.4628419537047292,True
q5558,5558,84,5,4639,2946,0.6350506574692821,True
q5559,5559,84,5,7172,3244,0.45231455660903513,True
q5560,5560,84,5,3236,2139,0.6610012360939431,True
q5561,5561,84,5,3301,2157,0.653438352014541,True
q5562,5562,84,5,2552,1800,0.7053291536050157,True
q5563,5563,84,5,6394,3820,0.5974350954019393,True
q5564,5564,84,5,33053,9855,0.2981575046138021,True
q5565,5565,84,5,2961,2379,0.8034447821681864,True
q5566,5566,98,5,3748,3074,0.82017075773746,True
q5567,5567,84,5,3562,2778,0.7798989331836047,True
q5568,5568,84,5,3403,2961,0.8701146047605054,True
q5569,5569,98,5,4443,3631,0.8172406031960388,True
q5570,5570,80,5,7396,4899,0.6623850730124392,True
q5571,5571,98,5,4126,3082,0.7469704314105672,True
q5572,5572,84,5,4364,3206,0.7346471127406049,True
q5573,5573,80,5,4727,3953,0.8362597842183203,True
q5576,5576,80,5,4540,3674,0.809251101321586,True
q5577,5577,84,5,14407,7485,0.519539112931214,True
q5578,5578,84,5,3651,2674,0.7324020816214736,True
q5580,5580,84,5,4024,3035,0.7542246520874751,True
q5582,5582,80,5,5928,4643,0.7832321187584346,True
q5583,5583,84,5,8011,4294,0.5360129821495444,True
q5584,5584,98,5,3477,2995,0.8613747483462755,True
q5586,5586,84,5,3954,2949,0.7458270106221547,True
q5587,5587,98,5,1959,1615,0.8244002041858091,True
q5588,5588,98,5,4041,2542,0.6290522147983173,True
q5589,5589,84,5,3022,1930,0.6386499007279947,True
q5591,5591,80,5,7299,5705,0.7816139197150295,True
q5592,5592,98,5,1948,1565,0.803388090349076,True
q5593,5593,98,5,3003,2349,0.7822177822177823,True
q5594,5594,80,5,5672,4307,0.7593441466854725,True
q5595,5595,98,5,5195,3931,0.7566891241578441,True
q5597,5597,98,5,4072,2974,0.7303536345776032,True
q5598,5598,98,5,3657,2607,0.7128794093519278,True
q5599,5599,84,5,2797,2065,0.7382910260993922,True
q5600,5600,98,5,3323,2667,0.8025880228708998,True
q5602,5602,98,5,293,195,0.6655290102389079,True
q5603,5603,84,5,4940,4151,0.8402834008097166,True
q5606,5606,98,5,2666,2142,0.8034508627156789,True
q5608,5608,74,5,1747,1217,0.6966227819118489,True
q5609,5609,83,5,4781,3535,0.739385065885798,True
q5610,5610,85,5,4179,3181,0.7611868868150276,True
q5611,5611,98,5,11580,6944,0.5996545768566494,True
q5612,5612,88,5,11754,9487,0.8071294878339289,True
q5613,5613,83,5,4993,2963,0.5934308031243741,True
q5614,5614,74,5,5363,2368,0.44154391198955806,True
q5615,5615,85,5,8441,5627,0.6666271768747779,True
q5616,5616,77,5,7032,5774,0.821103526734926,True
q5617,5617,119,5,5495,3112,0.5663330300272975,True
q5618,5618,76,5,11091,5115,0.4611847443873411,True
q5619,5619,86,5,1832,1607,0.8771834061135371,True
q5620,5620,74,5,1681,1374,0.8173706127305176,True
q5621,5621,98,5,6825,4079,0.5976556776556776,True
q5622,5622,76,5,8357,6368,0.7619959315543855,True
q5624,5624,96,5,11053,4869,0.440513887632317,True
q5626,5626,83,5,4480,3379,0.7542410714285714,True
q5627,5627,74,5,7739,2564,0.331308954645303,True
q5628,5628,86,5,2284,1840,0.8056042031523643,True
q5629,5629,77,5,16416,5946,0.3622076023391813,True
q5631,5631,74,5,1643,1333,0.8113207547169812,True
q5633,5633,71,5,4022,2618,0.6509199403281949,True
q5634,5634,98,5,2408,2028,0.8421926910299004,True
q5636,5636,77,5,4861,2856,0.5875334293355277,True
q5638,5638,94,5,13135,8683,0.6610582413399315,True
q5639,5639,86,5,3670,2837,0.773024523160763,True
q5640,5640,76,5,9786,6604,0.6748416104639281,True
q5642,5642,98,5,8768,4805,0.5480155109489051,True
q5643,5643,71,5,2728,2116,0.7756598240469208,True
q5644,5644,80,5,3776,2869,0.7597987288135594,True
q5645,5645,83,5,6907,5575,0.8071521644708267,True
q5647,5647,74,5,12139,4194,0.3454979817118379,True
q5658,5658,87,5,12339,9876,0.8003890104546559,True
q5659,5659,87,5,47108,12745,0.270548526789505,True
q5660,5660,87,5,11924,10125,0.8491278094599127,True
q5661,5661,90,5,15577,11839,0.7600308146626437,True
q5662,5662,87,5,14036,6500,0.46309489883157595,True
q5666,5666,119,5,3054,2624,0.8592010478061559,True
q5668,5668,119,5,3175,2538,0.7993700787401575,True
q5670,5670,119,5,3530,2727,0.7725212464589235,True
q5671,5671,90,5,11903,7867,0.6609258170209191,True
q5672,5672,119,5,2981,2418,0.8111372022811137,True
q5679,5679,85,5,6678,3814,0.5711290805630428,True
q5680,5680,85,5,13523,6935,0.512829993344672,True
q5684,5684,98,5,6835,4304,0.6297000731528896,True
q5688,5688,71,5,16106,6441,0.3999130758723457,True
q5689,5689,74,5,1446,1183,0.818118948824343,True
q5690,5690,119,5,4464,3056,0.6845878136200717,True
q5692,5692,80,5,9988,5225,0.5231277533039648,True
q5696,5696,85,5,4070,3366,0.827027027027027,True
q5697,5697,77,5,6172,4210,0.6821127673363577,True
q5698,5698,77,5,9458,4432,0.4685980122647494,True
q5699,5699,77,5,7377,5704,0.7732140436491799,True
q5700,5700,85,5,4264,2083,0.48850844277673544,True
q5702,5702,77,5,7227,5110,0.7070707070707071,True
q5703,5703,77,5,5573,3245,0.5822716669657276,True
q5704,5704,85,5,9796,6137,0.6264801959983667,True
q5705,5705,85,5,4218,3400,0.8060692271218587,True
q5706,5706,85,5,6324,3979,0.629190385831752,True
q5707,5707,85,5,5503,4692,0.8526258404506633,True
q5708,5708,85,5,283,148,0.5229681978798587,True
q5709,5709,83,5,7876,4332,0.5500253936008126,True
q5710,5710,83,5,5451,4291,0.7871950100898918,True
q5711,5711,83,5,6478,4448,0.6866316764433467,True
q5712,5712,83,5,5124,3105,0.6059718969555035,True
q5713,5713,71,5,1259,1104,0.8768864177918984,True
q5714,5714,76,5,7211,6063,0.8407987796422133,True
q5715,5715,76,5,6040,4523,0.748841059602649,True
q5716,5716,76,5,6876,4312,0.627108784176847,True
q5717,5717,76,5,5771,4087,0.7081961531796915,True
q5718,5718,76,5,11496,6104,0.5309672929714684,True
q5719,5719,83,5,11512,8496,0.7380125086865879,True
q5720,5720,83,5,25643,7641,0.2979760558437,True
q5721,5721,76,5,6669,4213,0.6317288948867896,True
q5722,5722,83,5,3981,2738,0.6877668927405175,True
q5723,5723,98,5,3442,2567,0.7457873329459617,True
q5726,5726,74,5,2241,1178,0.5256581883087907,True
q5728,5728,74,5,1531,1027,0.6708033964728936,True
q5729,5729,74,5,1462,1061,0.725718194254446,True
q5730,5730,77,5,5517,1952,0.35381547942722497,True
q5732,5732,88,5,13625,11295,0.8289908256880734,True
q5733,5733,88,5,10307,8128,0.7885902784515378,True
q5734,5734,88,5,8239,6557,0.7958490108022819,True
q5739,5739,94,5,15747,7975,0.5064456721915286,True
q5747,5747,94,5,18016,14753,0.8188832149200711,True
q5748,5748,94,5,16909,12138,0.7178425690460701,True
q5749,5749,74,5,1463,991,0.6773752563226247,True
q5750,5750,74,5,1991,1287,0.6464088397790055,True
q5751,5751,74,5,1263,1023,0.8099762470308789,True
q5752,5752,74,5,1721,1230,0.7147007553747821,True
q5753,5753,74,5,1733,1121,0.6468551644547028,True
q5754,5754,74,5,15376,10529,0.6847684703433923,True
q5755,5755,74,5,1719,1392,0.8097731239092496,True
q5756,5756,74,5,20437,9093,0.4449283162890835,True
q5757,5757,103,5,15094,12164,0.8058831323704784,True
q5760,5760,83,5,4077,3724,0.9134167279862644,True
q5762,5762,83,5,8570,5324,0.6212368728121354,True
q5764,5764,98,5,7600,4285,0.5638157894736842,True
q5766,5766,83,5,5060,3189,0.6302371541501977,True
q5788,5788,74,5,5179,2811,0.5427688743000579,True
q5789,5789,74,5,12407,6999,0.5641170307084711,True
q5790,5790,74,5,3471,1898,0.5468164794007491,True
q5791,5791,74,5,2812,1523,0.5416073968705548,True
q5792,5792,74,5,2019,1355,0.671124318969787,True
q5793,5793,74,5,1412,916,0.6487252124645893,True
q5794,5794,74,5,1925,1201,0.623896103896104,True
q5795,5795,74,5,400,200,0.5,True
q5796,5796,74,5,3154,1634,0.5180722891566265,True
q5797,5797,74,5,1396,961,0.6883954154727794,True
q5798,5798,74,5,1837,1355,0.7376156777354382,True
q5799,5799,74,5,1312,914,0.6966463414634146,True
q5800,5800,74,5,1623,961,0.59211337030191,True
q5801,5801,74,5,1350,919,0.6807407407407408,True
q5802,5802,74,5,4203,2899,0.6897454199381394,True
q5803,5803,74,5,1522,1063,0.6984231274638634,True
q5804,5804,74,5,3512,1685,0.4797835990888383,True
q5805,5805,74,5,45378,13985,0.3081889902595972,True
q5807,5807,74,5,5728,2696,0.47067039106145253,True
q5808,5808,74,5,2181,1307,0.599266391563503,True
q5810,5810,74,5,1493,1329,0.8901540522438044,True
q5811,5811,74,5,1617,1270,0.7854050711193569,True
q5812,5812,74,5,4249,3183,0.7491174393975053,True
q5814,5814,74,5,1143,948,0.8293963254593176,True
q5815,5815,74,5,9507,5003,0.5262438203429052,True
q5816,5816,74,5,1226,973,0.7936378466557912,True
q5817,5817,74,5,1251,728,0.5819344524380495,True
q5818,5818,74,5,1820,1236,0.6791208791208792,True
q5819,5819,74,5,4160,2914,0.7004807692307692,True
q5820,5820,74,5,1088,1003,0.921875,True
q5821,5821,74,5,1937,1573,0.8120805369127517,True
q5822,5822,74,5,1493,1008,0.6751507032819826,True
q5824,5824,74,5,1797,1116,0.6210350584307178,True
q5825,5825,74,5,2117,1502,0.7094945677846008,True
q5827,5827,74,5,1466,993,0.6773533424283765,True
q5828,5828,74,5,1683,1457,0.8657159833630422,True
q5830,5830,74,5,1861,1426,0.7662547017732402,True
q5832,5832,98,5,4354,3927,0.9019292604501608,True
q5833,5833,84,5,3709,2432,0.6557023456457266,True
q5834,5834,98,5,703,446,0.6344238975817923,True
q5835,5835,98,5,2678,2262,0.8446601941747572,True
q5836,5836,98,5,2494,2152,0.8628708901363272,True
q5837,5837,98,5,206,191,0.9271844660194175,True
q5838,5838,80,5,7610,4925,0.6471747700394218,True
q5839,5839,84,5,5292,4571,0.8637566137566137,True
q5840,5840,98,5,275,222,0.8072727272727273,True
q5842,5842,98,5,287,261,0.9094076655052264,True
q5843,5843,84,5,6652,4276,0.6428141912206855,True
q5844,5844,98,5,2238,1916,0.8561215370866846,True
q5845,5845,98,5,3109,2126,0.6838211643615311,True
q5846,5846,98,5,3201,2547,0.795688847235239,True
q5850,5850,84,5,4163,2375,0.5705020417967812,True
q5851,5851,80,5,7351,4449,0.6052237790776765,True
q5852,5852,84,5,4552,3474,0.7631810193321616,True
q5853,5853,80,5,5618,3855,0.686187255250979,True
q5855,5855,98,5,9436,4458,0.4724459516744383,True
q5856,5856,98,5,3602,1902,0.5280399777901166,True
q5857,5857,98,5,4614,3198,0.6931079323797139,True
q5858,5858,80,5,9562,5507,0.5759255385902531,True
q5859,5859,119,5,2839,2442,0.8601620288834096,True
q5861,5861,80,5,588,468,0.7959183673469388,True
q5862,5862,80,5,3779,2496,0.6604921937020376,True
q5863,5863,80,5,3847,2832,0.7361580452300494,True
q5864,5864,80,5,5108,4377,0.8568911511354738,True
q5865,5865,74,5,1426,1255,0.8800841514726507,True
q5867,5867,74,5,1700,928,0.5458823529411765,True
q5868,5868,74,5,3284,1582,0.4817295980511571,True
q5869,5869,74,5,1664,1257,0.7554086538461539,True
q5870,5870,74,5,1684,1345,0.7986935866983373,True
q5871,5871,74,5,1403,929,0.662152530292231,True
q5872,5872,74,5,1497,989,0.6606546426185704,True
q5873,5873,74,5,1787,1200,0.6715165081141579,True
q5874,5874,74,5,2344,1594,0.6800341296928327,True
q5875,5875,74,5,3219,1820,0.5653929791860827,True
q5876,5876,74,5,1617,1172,0.7247990105132962,True
q5877,5877,74,5,1577,1095,0.6943563728598605,True
q5878,5878,74,5,7276,2553,0.35087960417811986,True
q5880,5880,74,5,2595,1304,0.502504816955684,True
q5881,5881,74,5,1212,992,0.8184818481848185,True
q5882,5882,74,5,1619,958,0.5917232859789994,True
q5884,5884,74,5,1451,870,0.5995864920744314,True
q5885,5885,74,5,2009,1221,0.6077650572424091,True
q5886,5886,74,5,1482,1039,0.7010796221322537,True
q5887,5887,74,5,1409,849,0.602555003548616,True
q5888,5888,74,5,1919,1145,0.5966649296508598,True
q5891,5891,74,5,1829,1267,0.6927282668124658,True
q5892,5892,74,5,1429,1047,0.7326801959412176,True
q5894,5894,74,5,3641,1848,0.5075528700906344,True
q5895,5895,119,5,4128,3338,0.8086240310077519,True
q5896,5896,119,5,4621,3762,0.8141095001082017,True
q5897,5897,87,5,9804,5228,0.5332517339861281,True
q5898,5898,119,5,2963,2161,0.7293283833952076,True
q5901,5901,119,5,5775,3606,0.6244155844155844,True
q5902,5902,119,5,3352,2631,0.7849045346062052,True
q5904,5904,98,5,14486,7126,0.49192323622808226,True
q5905,5905,84,5,3126,2321,0.7424824056301983,True
q5906,5906,80,5,7814,5012,0.6414128487330433,True
q5907,5907,84,5,434,247,0.5691244239631337,True
q5908,5908,80,5,5298,3811,0.7193280483201208,True
q5909,5909,80,5,4497,3273,0.7278185456971314,True
q5910,5910,84,5,5593,2756,0.49275880564991953,True
q5911,5911,98,5,3127,2314,0.7400063959066198,True
q5912,5912,80,5,11206,5493,0.4901838300910227,True
q5913,5913,84,5,4397,3930,0.8937912212872413,True
q5914,5914,84,5,5281,3127,0.592122704033327,True
q5916,5916,84,5,5925,3736,0.630548523206751,True
q5917,5917,84,5,12808,6273,0.48977201748906934,True
q5918,5918,84,5,3661,2322,0.6342529363561868,True
q5919,5919,84,5,3068,2156,0.7027379400260756,True
q5920,5920,84,5,3895,2768,0.7106546854942234,True
q5922,5922,80,5,6731,3764,0.5592036844451047,True
q5923,5923,84,5,7553,3822,0.5060240963855421,True
q5924,5924,84,5,4012,2698,0.672482552342971,True
q5925,5925,80,5,5994,3991,0.6658324991658325,True
q5926,5926,84,5,6250,2870,0.4592,True
q5927,5927,80,5,4665,2476,0.5307609860664523,True
q5928,5928,80,5,5317,2561,0.48166259168704156,True
q5930,5930,80,5,5047,3104,0.6150188230632059,True
q5931,5931,84,5,4178,3232,0.7735758736237435,True
q5932,5932,84,5,2817,1972,0.7000354987575435,True
q5933,5933,84,5,3577,3106,0.8683254123567236,True
q5934,5934,80,5,5558,4118,0.74091399784095,True
q5935,5935,84,5,3421,2160,0.6313943291435253,True
q5936,5936,84,5,4454,3457,0.7761562640323305,True
q5937,5937,84,5,6502,3820,0.5875115349123347,True
q5938,5938,84,5,3116,2041,0.6550064184852374,True
q5939,5939,71,5,2199,1802,0.8194633924511141,True
q5941,5941,84,5,3995,3252,0.814017521902378,True
q5942,5942,84,5,4168,3599,0.8634836852207294,True
q5943,5943,84,5,3509,2674,0.7620404673696209,True
q5944,5944,84,5,5860,3854,0.657679180887372,True
q5946,5946,80,5,4413,3596,0.8148651710854294,True
q5947,5947,84,5,3541,2664,0.7523298503247671,True
q5948,5948,84,5,30402,12737,0.4189527004802316,True
q5949,5949,84,5,6112,3680,0.6020942408376964,True
q5950,5950,80,5,7497,3837,0.5118047218887555,True
q5951,5951,80,5,6869,3731,0.5431649439510846,True
q5952,5952,80,5,4413,3019,0.684115114434625,True
q5953,5953,80,5,11359,6137,0.5402764327845762,True
q5954,5954,80,5,5250,3464,0.6598095238095238,True
q5955,5955,80,5,5390,3647,0.6766233766233766,True
q5956,5956,84,5,3857,2213,0.5737619911848587,True
q5957,5957,84,5,9603,6061,0.6311569301260023,True
q5958,5958,84,5,3640,2944,0.8087912087912088,True
q5959,5959,98,5,4085,2958,0.7241126070991432,True
q5961,5961,84,5,4407,2893,0.6564556387565237,True
q5962,5962,98,5,3581,2951,0.8240714884110584,True
q5963,5963,84,5,782,294,0.37595907928388744,True
q5964,5964,84,5,3816,2779,0.7282494758909853,True
q5965,5965,80,5,5307,3509,0.6612021857923497,True
q5966,5966,98,5,3130,2555,0.8162939297124601,True
q5967,5967,84,5,7831,4912,0.6272506704124633,True
q5968,5968,84,5,9357,3126,0.334081436357807,True
q5969,5969,84,5,4244,2940,0.6927426955702167,True
q5970,5970,80,5,4587,3155,0.6878133856551123,True
q5971,5971,84,5,4109,2971,0.7230469700657094,True
q5972,5972,80,5,7615,5349,0.7024294156270519,True
q5973,5973,84,5,4183,3032,0.7248386325603634,True
q5974,5974,84,5,3363,2165,0.6437704430567945,True
q5975,5975,84,5,3259,2281,0.6999079472230746,True
q5976,5976,84,5,6419,3767,0.5868515345069325,True
q5977,5977,80,5,5021,3474,0.691894045010954,True
q5978,5978,80,5,5048,3346,0.6628367670364501,True
q5979,5979,80,5,5395,3985,0.7386468952734013,True
q5980,5980,98,5,3142,2561,0.8150859325270529,True
q5982,5982,98,5,2275,1820,0.8,True
q5983,5983,98,5,2639,2208,0.8366805608184918,True
q5984,5984,98,5,3279,2661,0.8115279048490394,True
q5985,5985,98,5,2211,1829,0.8272274988692899,True
q5986,5986,98,5,2852,2442,0.8562412342215989,True
q5988,5988,84,5,4214,2278,0.540579022306597,True
q5989,5989,84,5,6234,3385,0.5429900545396215,True
q5990,5990,98,5,2591,2104,0.8120416827479737,True
q5991,5991,80,5,5002,3794,0.7584966013594562,True
q5992,5992,119,5,2768,2488,0.8988439306358381,True
q5993,5993,98,5,2828,2421,0.8560820367751061,True
q5994,5994,98,5,2750,2359,0.8578181818181818,True
q5995,5995,84,5,4473,2585,0.577911915940085,True
q5997,5997,98,5,5427,3347,0.6167311590197162,True
q5998,5998,84,5,3508,2917,0.8315279361459521,True
q5999,5999,98,5,4208,2601,0.6181083650190115,True
q6000,6000,98,5,4730,3676,0.7771670190274842,True
q6001,6001,84,5,3189,2423,0.7597993101285669,True
q6002,6002,84,5,4620,3423,0.740909090909091,True
q6003,6003,98,5,3711,2367,0.6378334680679062,True
q6004,6004,98,5,2801,2148,0.7668689753659408,True
q6005,6005,84,5,322,154,0.4782608695652174,True
q6006,6006,98,5,2551,2082,0.8161505292042336,True
q6007,6007,84,5,7694,3558,0.46243826358201195,True
q6008,6008,98,5,5520,3089,0.5596014492753624,True
q6009,6009,98,5,3769,2840,0.7535155213584506,True
q6011,6011,98,5,3392,2733,0.8057193396226415,True
q6012,6012,98,5,2182,1826,0.8368469294225481,True
q6014,6014,80,5,6027,4393,0.7288866766218682,True
q6015,6015,98,5,3303,2378,0.7199515591886164,True
q6016,6016,98,5,3119,2372,0.760500160307791,True
q6017,6017,96,5,12619,10191,0.807591726761233,True
q6018,6018,86,5,2945,2540,0.8624787775891342,True
q6019,6019,86,5,2866,2327,0.8119330076762038,True
q6020,6020,96,5,15812,10462,0.6616493802175563,True
q6022,6022,96,5,12204,7402,0.606522451655195,True
q6023,6023,86,5,2880,2433,0.8447916666666667,True
q6024,6024,103,5,8788,4495,0.5114929449248976,True
q6026,6026,96,5,12842,5716,0.4451020090328609,True
q6027,6027,86,5,4184,3290,0.7863288718929254,True
q6028,6028,96,5,12045,5423,0.4502283105022831,True
q6029,6029,103,5,14790,7528,0.5089925625422583,True
q6030,6030,103,5,9105,5338,0.5862712795167491,True
q6032,6032,77,5,6935,5716,0.82422494592646,True
q6033,6033,106,5,9761,5171,0.529761294949288,True
q6034,6034,106,5,5539,3832,0.6918216284527893,True
q6035,6035,106,5,7129,4992,0.7002384626174779,True
q6038,6038,103,5,9829,5538,0.5634347339505544,True
q6039,6039,106,5,10438,4434,0.424794021843265,True
q6041,6041,86,5,3112,2524,0.8110539845758354,True
q6042,6042,106,5,8976,5894,0.6566399286987522,True
q6043,6043,103,5,10971,8841,0.8058517910855892,True
q6044,6044,103,5,10542,4837,0.4588313413014608,True
q6045,6045,103,5,20110,7828,0.3892590750870214,True
q6046,6046,86,5,3244,2640,0.813810110974106,True
q6047,6047,96,5,8769,6630,0.7560725282244269,True
q6048,6048,103,5,13688,5921,0.4325686732904734,True
q6049,6049,103,5,35708,8018,0.22454351965946007,True
q6050,6050,103,5,10071,4456,0.4424585443352199,True
q6051,6051,103,5,322,223,0.6925465838509317,True
q6053,6053,103,5,15806,11699,0.7401619638112109,True
q6056,6056,90,5,19021,10102,0.5310972083486672,True
q6058,6058,87,5,12022,9030,0.7511229412743304,True
q6066,6066,90,5,11433,8224,0.7193212630105834,True
q6067,6067,119,5,3188,2947,0.9244040150564617,True
q6068,6068,87,5,11248,5435,0.48319701280227595,True
q6069,6069,87,5,17075,7500,0.43923865300146414,True
q6070,6070,119,5,16467,4960,0.30120847756118296,True
q6075,6075,90,5,9446,6402,0.6777471945797163,True
q6077,6077,119,5,7066,5201,0.7360600056609115,True
q6078,6078,87,5,2051,1002,0.4885421745490005,True
q6079,6079,119,5,3377,2302,0.6816701214095351,True
q6080,6080,119,5,4358,2930,0.6723267553923818,True
q6083,6083,119,5,237,189,0.7974683544303798,True
q6084,6084,119,5,3648,2804,0.768640350877193,True
q6086,6086,119,5,8645,4873,0.5636784268363215,True
q6087,6087,87,5,16580,12349,0.7448130277442702,True
q6088,6088,119,5,3537,2414,0.6824992931863161,True
q6089,6089,119,5,4966,3467,0.698147402335884,True
q6090,6090,119,5,363,299,0.8236914600550964,True
q6091,6091,87,5,14350,10012,0.6977003484320558,True
q6092,6092,119,5,4743,3570,0.7526881720430108,True
q6093,6093,119,5,4701,3621,0.7702616464582004,True
q6094,6094,119,5,4283,3260,0.761148727527434,True
q6095,6095,119,5,3306,2382,0.720508166969147,True
q6096,6096,119,5,4319,3152,0.7297985644825191,True
q6102,6102,87,5,14581,8238,0.5649818256635347,True
q6104,6104,119,5,3360,2520,0.75,True
q6105,6105,119,5,3300,2809,0.8512121212121212,True
q6106,6106,90,5,9857,5329,0.5406310236380237,True
q6107,6107,119,5,3603,2264,0.6283652511795725,True
q6108,6108,119,5,6960,3691,0.530316091954023,True
q6109,6109,119,5,3567,2558,0.7171292402579198,True
q6110,6110,87,5,14887,9948,0.6682340296903339,True
q6112,6112,87,5,15238,9986,0.6553353458459116,True
q6113,6113,119,5,4118,3288,0.7984458474987858,True
q6114,6114,87,5,9464,5762,0.6088334742180896,True
q6116,6116,119,5,3461,2935,0.848020803236059,True
q6117,6117,119,5,3134,2633,0.8401403956604978,True
q6118,6118,87,5,9288,5637,0.6069121447028424,True
q6119,6119,119,5,12115,7191,0.5935617003714404,True
q6121,6121,87,5,8528,5498,0.6446998123827392,True
q6123,6123,119,5,5472,3414,0.6239035087719298,True
q6124,6124,119,5,3848,2392,0.6216216216216216,True
q6125,6125,119,5,5972,4696,0.7863362357669123,True
q6126,6126,90,5,11566,6944,0.6003804253847485,True
q6129,6129,119,5,4937,3473,0.7034636418877861,True
q6131,6131,90,5,13636,7903,0.5795687885010267,True
q6132,6132,119,5,4627,2996,0.6475037821482602,True
q6133,6133,119,5,4153,3640,0.8764748374668914,True
q6134,6134,119,5,4767,3926,0.8235787707153346,True
q6136,6136,87,5,15393,7000,0.45475216007276037,True
q6137,6137,119,5,3424,2483,0.7251752336448598,True
q6140,6140,87,5,16724,10604,0.6340588375986607,True
q6141,6141,87,5,12269,9530,0.776754421713261,True
q6143,6143,83,5,4048,3373,0.8332509881422925,True
q6144,6144,88,5,8403,6314,0.7513983101273355,True
q6145,6145,76,5,9449,7025,0.7434649169224257,True
q6146,6146,85,5,5920,4524,0.7641891891891892,True
q6148,6148,74,5,5607,3331,0.5940788300338862,True
q6149,6149,78,5,4324,3405,0.7874653098982424,True
q6150,6150,76,5,6392,4003,0.6262515644555695,True
q6151,6151,85,5,3858,2121,0.5497667185069984,True
q6152,6152,90,5,14143,6017,0.4254401470692215,True
q6153,6153,74,5,2414,1488,0.6164043082021541,True
q6154,6154,77,5,5470,3107,0.5680073126142596,True
q6155,6155,84,5,4459,3355,0.7524108544516708,True
q6157,6157,83,5,5736,2358,0.4110878661087866,True
q6158,6158,78,5,5876,3496,0.5949625595643295,True
q6159,6159,85,5,4411,3350,0.7594649739288143,True
q6161,6161,85,5,3712,1993,0.5369073275862069,True
q6162,6162,80,5,14531,8132,0.5596311334388548,True
q6164,6164,94,5,17892,8389,0.4688687681645428,True
q6165,6165,74,5,2985,1538,0.5152428810720268,True
q6166,6166,85,5,11730,4747,0.40468883205456097,True
q6167,6167,71,5,1910,1528,0.8,True
q6168,6168,76,5,26077,15513,0.5948920504659279,True
q6169,6169,84,5,4167,2199,0.5277177825773938,True
q6171,6171,96,5,34534,9150,0.2649562749753866,True
q6172,6172,83,5,5676,2983,0.5255461592670895,True
q6173,6173,77,5,16102,7907,0.49105701155136006,True
q6174,6174,83,5,4930,3020,0.6125760649087221,True
q6176,6176,98,5,17750,7155,0.4030985915492958,True
q6178,6178,85,5,7309,2983,0.40812696675331783,True
q6179,6179,85,5,6912,4056,0.5868055555555556,True
q6180,6180,77,5,8928,5230,0.5857974910394266,True
q6181,6181,80,5,9215,5125,0.5561584373304395,True
q6192,6192,87,5,10140,7258,0.7157790927021697,True
q6197,6197,87,5,9885,5827,0.5894790085988872,True
q6198,6198,90,5,9804,6532,0.6662586699306405,True
q6201,6201,119,5,4441,3365,0.7577122269759063,True
q6204,6204,119,5,208,129,0.6201923076923077,True
q6206,6206,90,5,14605,8556,0.5858267716535434,True
q6207,6207,119,5,3058,2554,0.8351863963374755,True
q6209,6209,119,5,4155,3110,0.7484957882069796,True
q6211,6211,88,5,7347,5951,0.8099904723016197,True
q6212,6212,88,5,6374,3248,0.509570128647631,True
q6213,6213,88,5,29749,11251,0.3781975864734949,True
q6215,6215,88,5,16517,10879,0.6586547193800327,True
q6216,6216,88,5,9293,7782,0.8374044980092543,True
q6217,6217,88,5,10646,8409,0.7898741311290626,True
q6219,6219,88,5,11121,7898,0.7101879327398615,True
q6220,6220,88,5,6805,5626,0.8267450404114621,True
q6227,6227,74,5,4062,1666,0.4101427868045298,True
q6228,6228,88,5,5702,5209,0.9135391090845317,True
q6229,6229,71,5,2829,1998,0.7062566277836692,True
q6230,6230,77,5,7976,5227,0.6553410230692076,True
q6232,6232,85,5,3565,2554,0.7164095371669004,True
q6233,6233,83,5,4871,2775,0.5696982139191131,True
q6234,6234,90,5,14117,7774,0.5506835729970957,True
q6235,6235,119,5,5647,2868,0.5078802904196918,True
q6236,6236,74,5,1186,1080,0.9106239460370995,True
q6238,6238,71,5,2652,1988,0.7496229260935143,True
q6239,6239,78,5,2853,2131,0.7469330529267437,True
q6240,6240,85,5,3935,2160,0.5489199491740788,True
q6241,6241,119,5,6785,2911,0.4290346352247605,True
q6242,6242,94,5,14585,12418,0.8514226945491944,True
q6244,6244,106,5,3720,2791,0.750268817204301,True
q6245,6245,85,5,5935,4405,0.7422072451558551,True
q6246,6246,71,5,1324,1039,0.7847432024169184,True
q6247,6247,84,5,3337,2788,0.8354809709319748,True
q6248,6248,74,5,1583,1076,0.6797220467466835,True
q6249,6249,76,5,5936,3470,0.5845687331536388,True
q6251,6251,119,5,4410,2741,0.6215419501133786,True
q6252,6252,83,5,4789,2839,0.5928168719983296,True
q6256,6256,78,5,12931,4683,0.36215296574124195,True
q6257,6257,86,5,5649,4272,0.7562400424853957,True
q6258,6258,83,5,10726,7551,0.7039903039343651,True
q6259,6259,83,5,6653,5114,0.7686757853599879,True
q6260,6260,74,5,1806,1311,0.7259136212624585,True
q6262,6262,88,5,12354,7990,0.64675408774486,True
q6263,6263,71,5,6796,3413,0.5022071806945262,True
q6264,6264,85,5,4881,3800,0.7785289899610736,True
q6265,6265,83,5,4760,2360,0.4957983193277311,True
q6266,6266,74,5,4037,1440,0.3567005201882586,True
q6267,6267,74,5,2615,1458,0.5575525812619503,True
q6268,6268,74,5,2322,1461,0.6291989664082688,True
q6269,6269,74,5,17935,3707,0.20669082798996377,True
q6270,6270,74,5,1517,1209,0.7969676994067239,True
q6271,6271,74,5,1284,1120,0.8722741433021807,True
q6272,6272,74,5,3078,1374,0.44639376218323584,True
q6273,6273,74,5,2592,1524,0.5879629629629629,True
q6275,6275,74,5,1764,1166,0.6609977324263039,True
q6276,6276,74,5,7041,3135,0.44524925436727736,True
q6277,6277,74,5,1588,1246,0.7846347607052897,True
q6278,6278,74,5,7525,4662,0.6195348837209302,True
q6279,6279,74,5,2484,1326,0.533816425120773,True
q6281,6281,74,5,4266,3582,0.8396624472573839,True
q6282,6282,74,5,2081,1495,0.7184046131667468,True
q6283,6283,74,5,1786,1243,0.6959686450167973,True
q6284,6284,74,5,1950,1311,0.6723076923076923,True
q6285,6285,74,5,2625,1970,0.7504761904761905,True
q6286,6286,74,5,1563,1282,0.8202175303902751,True
q6287,6287,74,5,1154,1054,0.9133448873483535,True
q6288,6288,74,5,1443,1149,0.7962577962577962,True
q6289,6289,74,5,1708,1193,0.6984777517564403,True
q6290,6290,74,5,2406,1891,0.78595178719867,True
q6291,6291,74,5,1148,1116,0.9721254355400697,True
q6292,6292,74,5,4113,3890,0.9457816678823243,True
q6296,6296,74,5,1333,1033,0.7749437359339835,True
q6297,6297,74,5,4664,1393,0.2986706689536878,True
q6298,6298,74,5,1993,883,0.4430506773707978,True
q6299,6299,74,5,1409,1022,0.7253371185237757,True
q6300,6300,74,5,1768,1445,0.8173076923076923,True
q6301,6301,74,5,5326,2744,0.5152084115659031,True
q6302,6302,74,5,2212,1591,0.719258589511754,True
q6303,6303,74,5,4305,3002,0.69732868757259,True
q6304,6304,74,5,1423,1121,0.7877723120168658,True
q6306,6306,74,5,4214,3375,0.8009017560512577,True
q6308,6308,74,5,3051,1901,0.6230744018354638,True
q6310,6310,74,5,1759,1032,0.5866969869243889,True
q6312,6312,74,5,2013,1173,0.5827123695976155,True
q6313,6313,74,5,1763,1283,0.7277368122518435,True
q6314,6314,74,5,5147,1947,0.37827860889838744,True
q6315,6315,74,5,1870,976,0.5219251336898396,True
q6316,6316,74,5,2053,1379,0.671699951290794,True
q6317,6317,74,5,3408,1699,0.49853286384976525,True
q6320,6320,94,5,12127,7423,0.6121052197575657,True
q6327,6327,94,5,23920,11555,0.4830685618729097,True
q6328,6328,94,5,29724,8424,0.2834073475979007,True
q6329,6329,94,5,16805,12041,0.7165129425766141,True
q6330,6330,94,5,20397,13110,0.6427415796440653,True
q6331,6331,94,5,23983,9139,0.3810615852895801,True
q6332,6332,94,5,17313,11799,0.6815110032923237,True
q6338,6338,88,5,25555,12920,0.5055762081784386,True
q6339,6339,85,5,4281,2800,0.6540527914038776,True
q6341,6341,74,5,1693,1339,0.7909037212049616,True
q6342,6342,74,5,1566,1088,0.6947637292464879,True
q6343,6343,74,5,2770,1270,0.4584837545126354,True
q6344,6344,74,5,1615,1208,0.7479876160990712,True
q6346,6346,84,5,3830,2592,0.6767624020887728,True
q6347,6347,80,5,4215,2517,0.5971530249110321,True
q6348,6348,80,5,5765,4207,0.7297484822202949,True
q6349,6349,84,5,4663,2453,0.5260561870040746,True
q6350,6350,80,5,4514,2773,0.6143110323438192,True
q6354,6354,84,5,3768,2818,0.7478768577494692,True
q6356,6356,80,5,4885,3589,0.7346980552712384,True
q6357,6357,98,5,2553,1968,0.7708578143360753,True
q6359,6359,84,5,6338,3038,0.4793310192489744,True
q6360,6360,80,5,6344,3242,0.5110340479192939,True
q6362,6362,80,5,4904,3439,0.7012642740619902,True
q6365,6365,80,5,18821,4805,0.25529993092821845,True
q6366,6366,85,5,7307,5037,0.6893389900095799,True
q6367,6367,85,5,3438,1779,0.5174520069808028,True
q6368,6368,85,5,5942,2202,0.3705822955233928,True
q6369,6369,85,5,4053,2828,0.697754749568221,True
q6370,6370,85,5,4655,3977,0.8543501611170784,True
q6371,6371,85,5,4179,3134,0.7499401770758555,True
q6372,6372,85,5,4654,3178,0.6828534593897723,True
q6373,6373,85,5,3813,2395,0.6281143456595857,True
q6374,6374,85,5,4450,2986,0.6710112359550562,True
q6375,6375,85,5,4475,2621,0.5856983240223463,True
q6376,6376,85,5,4158,2506,0.6026936026936027,True
q6377,6377,85,5,5668,4044,0.7134791813690896,True
q6378,6378,85,5,4626,3596,0.7773454388240381,True
q6379,6379,85,5,6077,3300,0.5430311008721409,True
q6380,6380,85,5,3796,2875,0.7573761854583773,True
q6381,6381,85,5,5162,4238,0.8209996125532739,True
q6382,6382,85,5,27551,10514,0.38161954194040143,True
q6383,6383,85,5,6149,4121,0.6701902748414377,True
q6384,6384,85,5,7079,3321,0.46913405848283657,True
q6385,6385,85,5,7322,5431,0.741737230264955,True
q6386,6386,85,5,3911,3128,0.799795448734339,True
q6387,6387,85,5,4791,2824,0.5894385305781674,True
q6388,6388,85,5,5856,4581,0.7822745901639344,True
q6389,6389,85,5,3859,1766,0.45763151075408137,True
q6391,6391,77,5,5632,4174,0.7411221590909091,True
q6392,6392,77,5,7019,4338,0.6180367573728451,True
q6393,6393,77,5,7526,6009,0.7984321020462397,True
q6394,6394,77,5,7969,5433,0.681766846530305,True
q6395,6395,77,5,8610,5715,0.6637630662020906,True
q6396,6396,77,5,7967,5904,0.7410568595456257,True
q6397,6397,77,5,5694,3867,0.6791359325605901,True
q6398,6398,77,5,5742,2703,0.47074190177638453,True
q6399,6399,77,5,8572,4903,0.571978534764349,True
q6400,6400,77,5,4306,3853,0.8947979563399907,True
q6401,6401,77,5,7839,6111,0.7795637198622273,True
q6402,6402,77,5,6224,4926,0.791452442159383,True
q6403,6403,77,5,4965,2705,0.5448136958710977,True
q6404,6404,77,5,5798,4277,0.7376681614349776,True
q6405,6405,77,5,4767,2529,0.5305223410950283,True
q6406,6406,77,5,8434,3428,0.4064500829973915,True
q6407,6407,77,5,4838,4076,0.8424968995452666,True
q6408,6408,77,5,7122,5487,0.7704296545914069,True
q6409,6409,77,5,5334,4618,0.8657667791526059,True
q6410,6410,77,5,5392,3588,0.6654302670623146,True
q6411,6411,103,5,10382,7520,0.7243305721440956,True
q6412,6412,106,5,6584,4010,0.6090522478736331,True
q6413,6413,106,5,9921,5108,0.514867452877734,True
q6414,6414,106,5,8090,4206,0.5199011124845488,True
q6415,6415,106,5,5627,3666,0.6515016882886085,True
q6416,6416,88,5,5864,4874,0.8311732605729877,True
q6417,6417,96,5,9940,6386,0.6424547283702213,True
q6418,6418,85,5,3848,3227,0.8386174636174636,True
q6419,6419,76,5,6581,5412,0.8223674213645342,True
q6421,6421,77,5,5420,3856,0.7114391143911439,True
q6422,6422,71,5,1072,917,0.855410447761194,True
q6424,6424,74,5,1252,1138,0.9089456869009584,True
q6425,6425,77,5,7024,4008,0.570615034168565,True
q6426,6426,84,5,3625,2462,0.6791724137931034,True
q6428,6428,85,5,5475,3151,0.5755251141552511,True
q6429,6429,74,5,1237,1039,0.8399353274050121,True
q6430,6430,77,5,4366,3400,0.7787448465414567,True
q6431,6431,88,5,11796,7726,0.6549677856900644,True
q6432,6432,71,5,20501,13477,0.6573825667040633,True
q6433,6433,103,5,14388,9818,0.6823742007228246,True
q6434,6434,98,5,3401,2574,0.7568362246398118,True
q6435,6435,78,5,4906,3823,0.7792498980839788,True
q6436,6436,85,5,4441,2830,0.6372438639945958,True
q6437,6437,83,5,4447,3417,0.7683831796716888,True
q6438,6438,85,5,4474,3054,0.6826106392489942,True
q6439,6439,86,5,9974,5141,0.515440144375376,True
q6440,6440,94,5,17131,12658,0.7388944019613566,True
q6442,6442,71,5,177707,55040,0.3097233085922333,True
q6443,6443,94,5,13478,8251,0.6121828164416085,True
q6444,6444,77,5,23240,11534,0.4962994836488812,True
q6445,6445,76,5,5736,3110,0.5421896792189679,True
q6446,6446,85,5,28380,9244,0.32572233967582803,True
q6447,6447,83,5,9499,5846,0.6154332034951048,True
q6448,6448,85,5,9854,5441,0.5521615587578649,True
q6449,6449,74,5,1260,820,0.6507936507936508,True
q6450,6450,77,5,4711,2697,0.5724899172150286,True
q6451,6451,71,5,2490,1948,0.7823293172690763,True
q6452,6452,106,5,6133,4909,0.8004239360834828,True
q6454,6454,88,5,10165,7086,0.6970978848991638,True
q6455,6455,98,5,4064,3000,0.7381889763779528,True
q6456,6456,86,5,1351,1212,0.8971132494448557,True
q6457,6457,71,5,1459,1160,0.7950651130911583,True
q6458,6458,76,5,13468,8365,0.6211018711018711,True
q6459,6459,86,5,2701,2160,0.7997038134024436,True
q6460,6460,71,5,3442,2780,0.8076699593259733,True
q6461,6461,76,5,5683,3291,0.5790955481259898,True
q6462,6462,83,5,4138,2100,0.5074915418076366,True
q6463,6463,86,5,5134,3211,0.6254382547721076,True
q6464,6464,74,5,1334,1018,0.7631184407796102,True
q6467,6467,77,5,8795,5195,0.5906765207504264,True
q6468,6468,119,5,2690,2073,0.770631970260223,True
q6470,6470,86,5,1317,1149,0.8724373576309795,True
q6471,6471,74,5,1445,1137,0.7868512110726643,True
q6472,6472,83,5,24748,9895,0.3998302893163084,True
q6473,6473,83,5,4144,2958,0.7138030888030888,True
q6474,6474,119,5,5046,3024,0.5992865636147443,True
q6475,6475,71,5,1830,1437,0.7852459016393443,True
q6476,6476,77,5,5034,2774,0.5510528406833533,True
q6477,6477,83,5,16938,9544,0.5634667611288228,True
q6478,6478,85,5,5665,3316,0.5853486319505737,True
q6479,6479,83,5,7647,4264,0.5576042892637636,True
q6480,6480,76,5,7480,6759,0.9036096256684492,True
q6481,6481,77,5,9685,4690,0.48425400103252453,True
q6482,6482,77,5,15340,9604,0.6260756192959582,True
q6483,6483,78,5,7893,3256,0.4125174204991765,True
q6484,6484,85,5,4342,3148,0.7250115154306771,True
q6485,6485,86,5,2535,2168,0.8552268244575937,True
q6487,6487,80,5,7498,2816,0.3755668178180848,True
q6488,6488,77,5,6888,3920,0.5691056910569106,True
q6489,6489,98,5,8139,5003,0.61469467993611,True
q6490,6490,77,5,5212,4143,0.7948963929393706,True
q6492,6492,71,5,2342,1920,0.8198121263877028,True
q6493,6493,85,5,4262,2427,0.5694509619896763,True
q6500,6500,119,5,6489,3045,0.4692556634304207,True
q6505,6505,80,5,4881,2866,0.5871747592706412,True
q6506,6506,74,5,1575,1156,0.7339682539682539,True
q6518,6518,80,5,4318,3551,0.8223714682723483,True
q6519,6519,80,5,4158,2696,0.6483886483886484,True
q6520,6520,98,5,4014,2347,0.5847035376183358,True
q6526,6526,119,5,4283,2856,0.6668223208031754,True
q6528,6528,90,5,34830,14545,0.4175997703129486,True
q6529,6529,119,5,3750,2571,0.6856,True
q6530,6530,119,5,4110,3059,0.7442822384428224,True
q6531,6531,119,5,4574,2835,0.6198076082203761,True
q6532,6532,119,5,18023,5091,0.2824723963824003,True
q6535,6535,119,5,3346,2198,0.6569037656903766,True
q6536,6536,119,5,2967,2273,0.7660936973373779,True
q6537,6537,119,5,4127,2788,0.6755512478798158,True
q6539,6539,90,5,11813,7246,0.6133920257343605,True
q6542,6542,87,5,8391,5163,0.6153021094029317,True
q6543,6543,90,5,15072,8716,0.5782908704883227,True
q6545,6545,90,5,9455,6058,0.6407191961924907,True
q6546,6546,119,5,4178,2543,0.6086644327429392,True
q6549,6549,119,5,26549,8013,0.3018192775622434,True
q6551,6551,119,5,6114,4087,0.6684658161596336,True
q6552,6552,119,5,10410,5131,0.49289145052833816,True
q6554,6554,85,6,8934,4902,0.5486903962390867,True
q6556,6556,143,6,8939,5622,0.6289294104485961,True
q6561,6561,74,6,11266,7677,0.6814308538966802,True
q6562,6562,83,6,11268,6233,0.5531593894213702,True
q6563,6563,85,6,11272,9374,0.8316181689141235,True
q6564,6564,143,6,11275,6990,0.6199556541019956,True
q6566,6566,85,6,14807,8814,0.5952589991220368,True
q6567,6567,76,6,14807,5762,0.3891402714932127,True
q6568,6568,143,6,14806,10902,0.7363231122517898,True
q6569,6569,87,6,18136,10021,0.5525474194971328,True
q6570,6570,143,6,18140,15852,0.8738699007717751,True
q6571,6571,83,6,18142,8373,0.4615257413736082,True
q6572,6572,77,6,18146,10676,0.5883390278849333,True
q6573,6573,143,6,4258,3680,0.8642555190230155,True
q6574,6574,119,6,4257,3588,0.842847075405215,True
q6575,6575,77,6,4257,2252,0.5290110406389477,True
q6576,6576,74,6,4258,3511,0.8245655237200563,True
q6577,6577,143,6,4568,2896,0.6339754816112084,True
q6578,6578,85,6,4569,2601,0.5692711753118844,True
q6580,6580,86,6,4567,3285,0.7192905627326472,True
q6581,6581,143,6,4494,3042,0.6769025367156208,True
q6582,6582,76,6,4493,1904,0.4237703093701313,True
q6583,6583,77,6,4493,3062,0.6815045626530158,True
q6585,6585,143,6,4521,1574,0.34815306348153063,True
q6586,6586,86,6,4521,3557,0.7867728378677283,True
q6587,6587,77,6,4520,2761,0.6108407079646018,True
q6588,6588,88,6,4520,3952,0.8743362831858407,True
q6589,6589,143,6,5227,4499,0.8607231681652956,True
q6590,6590,83,6,5226,4276,0.8182166092613854,True
q6591,6591,83,6,5227,1549,0.2963458963076334,True
q6593,6593,77,6,5762,3333,0.5784449843804235,True
q6594,6594,143,6,5761,4660,0.8088873459468843,True
q6596,6596,76,6,5762,4012,0.6962860118014579,True
q6598,6598,143,6,4618,2579,0.5584668687743612,True
q6599,6599,85,6,4616,2030,0.43977469670710573,True
q6600,6600,85,6,4617,1692,0.3664717348927875,True
q6601,6601,74,6,5926,3838,0.647654404319946,True
q6602,6602,143,6,5924,4903,0.8276502363268062,True
q6603,6603,84,6,5923,1023,0.17271652878608812,True
q6604,6604,85,6,5924,5508,0.9297771775827144,True
q6606,6606,143,6,4600,2740,0.5956521739130435,True
q6607,6607,76,6,4598,2744,0.5967812092214007,True
q6609,6609,74,6,4457,3423,0.768005384787974,True
q6610,6610,143,6,4458,3136,0.7034544638851503,True
q6611,6611,78,6,4457,2962,0.6645725824545659,True
q6612,6612,85,6,4457,3620,0.8122055194076733,True
q6613,6613,87,6,4628,3332,0.7199654278305964,True
q6615,6615,143,6,4632,4396,0.9490500863557858,True
q6616,6616,77,6,4630,2575,0.5561555075593952,True
q6617,6617,88,6,4300,3868,0.8995348837209303,True
q6618,6618,76,6,4301,3013,0.7005347593582888,True
q6619,6619,143,6,4299,1587,0.369155617585485,True
q6620,6620,83,6,4300,3672,0.8539534883720931,True
q6622,6622,88,6,4527,3133,0.6920698034018113,True
q6623,6623,143,6,4525,3772,0.8335911602209944,True
q6624,6624,76,6,4526,3273,0.7231551038444543,True
q6625,6625,119,6,4239,3617,0.8532672800188724,True
q6627,6627,143,6,4239,4010,0.9459778249587166,True
q6628,6628,85,6,4239,3568,0.8417079499882048,True
q6629,6629,77,6,4406,2602,0.5905583295506128,True
q6630,6630,74,6,4406,3842,0.8719927371765774,True
q6631,6631,143,6,4406,3842,0.8719927371765774,True
q6632,6632,119,6,4406,2523,0.5726282342260554,True
q6634,6634,85,6,18171,8689,0.4781795168125034,True
q6635,6635,143,6,18170,13446,0.7400110071546505,True
q6636,6636,83,6,18174,13692,0.7533839551006933,True
q6641,6641,74,6,15803,14163,0.8962222362842498,True
q6642,6642,71,6,15802,8171,0.5170864447538286,True
q6643,6643,85,6,15807,6824,0.4317074713734421,True
q6644,6644,143,6,15814,11850,0.7493360313646137,True
q6649,6649,83,6,21504,16294,0.7577194940476191,True
q6650,6650,76,6,21517,6366,0.295859088162848,True
q6652,6652,143,6,21525,17221,0.8000464576074332,True
q6653,6653,77,6,14483,9395,0.6486915694262239,True
q6654,6654,77,6,14482,7294,0.5036597155089076,True
q6655,6655,143,6,14491,13228,0.9128424539369264,True
q6656,6656,84,6,14486,11296,0.7797873809195085,True
q6661,6661,85,6,15206,10617,0.6982112324082599,True
q6662,6662,143,6,15212,13542,0.8902182487509861,True
q6663,6663,78,6,15210,13637,0.8965811965811966,True
q6666,6666,77,6,17395,15969,0.9180224202356999,True
q6667,6667,143,6,17398,12710,0.730543740659846,True
q6685,6685,77,6,15222,12274,0.8063329391669951,True
q6686,6686,85,6,15227,2983,0.19590201615551323,True
q6687,6687,84,6,15220,11829,0.7772010512483575,True
q6688,6688,143,6,15238,11275,0.7399264995406222,True
q6697,6697,87,6,11672,9332,0.7995202193283071,True
q6698,6698,77,6,11670,9506,0.8145672664952871,True
q6700,6700,143,6,11685,9734,0.8330338040222508,True
q6705,6705,85,6,12991,5817,0.4477715341390193,True
q6707,6707,143,6,12991,7707,0.5932568701408667,True
q6708,6708,86,6,12987,9632,0.7416647416647416,True
q6710,6710,85,6,23498,14053,0.5980508979487617,True
q6711,6711,83,6,23495,15563,0.6623962545222388,True
q6712,6712,143,6,23499,16089,0.6846674326567088,True
q6713,6713,77,6,10797,4610,0.42697045475595075,True
q6714,6714,78,6,10798,9591,0.8882200407482868,True
q6716,6716,143,6,10800,8263,0.7650925925925925,True
q6717,6717,77,6,872,690,0.7912844036697247,True
q6718,6718,78,6,876,356,0.4063926940639269,True
q6719,6719,143,6,876,417,0.476027397260274,True
q6720,6720,85,6,878,476,0.5421412300683371,True
q6721,6721,106,5,14557,4209,0.2891392457237068,True
q6722,6722,77,5,34554,11594,0.3355327892573942,True
q6723,6723,88,5,11747,8887,0.756533583042479,True
q6724,6724,77,5,6543,4711,0.7200061134036375,True
q6726,6726,74,5,2117,1371,0.6476145488899386,True
q6727,6727,80,5,8711,5102,0.5856962461255883,True
q6728,6728,85,5,5305,3559,0.6708765315739869,True
q6729,6729,74,5,1554,1179,0.7586872586872587,True
q6730,6730,85,5,4619,3000,0.6494912318683698,True
q6731,6731,77,5,43993,11130,0.25299479462641783,True
q6734,6734,74,5,1598,1225,0.7665832290362954,True
q6736,6736,71,5,6189,4393,0.7098077233801907,True
q6737,6737,80,5,4766,3753,0.7874527906000839,True
q6738,6738,86,5,4975,3751,0.7539698492462311,True
q6739,6739,85,5,3611,2984,0.8263638881196345,True
q6743,6743,76,5,8386,4756,0.567135702361078,True
q6744,6744,86,5,3867,2829,0.7315748642358417,True
q6748,6748,78,5,2670,1749,0.6550561797752809,True
q6749,6749,85,5,4241,3228,0.7611412402735204,True
q6750,6750,119,5,5136,3783,0.7365654205607477,True
q6751,6751,76,5,5742,3413,0.5943921978404737,True
q6752,6752,77,5,6947,5419,0.7800489419893479,True
q6753,6753,85,5,14561,5503,0.3779273401552091,True
q6755,6755,76,5,14905,5234,0.3511573297551157,True
q6756,6756,83,5,5487,3461,0.6307636231091671,True
q6757,6757,74,5,1720,1174,0.6825581395348838,True
q6758,6758,80,5,11234,4838,0.4306569343065693,True
q6759,6759,85,5,9431,4084,0.4330399745520093,True
q6760,6760,83,5,25017,6245,0.24963025142902825,True
q6769,6769,143,6,9901,5739,0.5796384203615796,True
q6772,6772,77,6,9907,6691,0.6753810437064701,True
q6773,6773,119,6,18220,4867,0.26712403951701424,True
q6774,6774,143,6,18224,11511,0.6316395961369623,True
q6775,6775,77,6,18238,11250,0.6168439521877399,True
q6778,6778,77,6,14331,8173,0.5703021422091968,True
q6780,6780,143,6,14349,6026,0.4199595790647432,True
q6781,6781,78,6,12408,10444,0.8417150225660864,True
q6782,6782,76,6,12432,11080,0.8912483912483913,True
q6783,6783,143,6,12442,9569,0.7690885709692975,True
q6794,6794,77,6,8148,4998,0.6134020618556701,True
q6796,6796,143,6,8202,5894,0.7186052182394538,True
q6805,6805,119,6,12448,5539,0.4449710796915167,True
q6806,6806,143,6,12450,11478,0.9219277108433735,True
q6807,6807,77,6,12449,9125,0.7329906016547514,True
q6808,6808,85,6,12445,7893,0.6342306147047007,True
q6809,6809,74,6,19133,10561,0.5519782574609313,True
q6810,6810,76,6,19141,11079,0.5788098845410375,True
q6811,6811,143,6,19160,13791,0.7197807933194155,True
q6821,6821,77,6,11349,9186,0.809410520750727,True
q6822,6822,80,6,11349,7576,0.6675478015684201,True
q6823,6823,85,6,11349,10585,0.9326812935060358,True
q6824,6824,143,6,11349,8435,0.7432372896290422,True
q6833,6833,80,6,16605,11955,0.7199638663053297,True
q6834,6834,84,6,16618,8532,0.5134191840173306,True
q6835,6835,76,6,16616,12496,0.7520462205103514,True
q6836,6836,143,6,16615,13052,0.7855552211856756,True
q6838,6838,86,6,27075,17661,0.6522991689750692,True
q6839,6839,143,6,27116,20790,0.7667060038353739,True
q6841,6841,119,6,20408,16516,0.8092904743237946,True
q6842,6842,87,6,20399,11942,0.5854208539634296,True
q6843,6843,143,6,20425,15823,0.77468788249694,True
q6844,6844,71,6,20414,14629,0.7166160478103263,True
q6845,6845,84,6,12956,11041,0.8521920345785736,True
q6846,6846,85,6,12956,8537,0.6589225069465885,True
q6847,6847,143,6,12960,7311,0.5641203703703703,True
q6848,6848,83,6,12958,8402,0.6484025312548233,True
q6850,6850,119,6,18042,14311,0.7932047444850904,True
q6851,6851,143,6,18045,8869,0.4914934885009698,True
q6852,6852,80,6,18049,15086,0.8358357803756441,True
q6854,6854,76,6,13171,10226,0.7764027029079037,True
q6855,6855,143,6,13173,10639,0.8076368329158127,True
q6870,6870,76,6,22025,13371,0.6070828603859251,True
q6871,6871,88,6,22019,15087,0.6851809800626731,True
q6872,6872,143,6,22028,8652,0.39277283457417833,True
q6877,6877,119,6,15897,9387,0.5904887714663144,True
q6878,6878,77,6,15908,3794,0.2384963540357053,True
q6879,6879,83,6,15909,7955,0.5000314287510215,True
q6880,6880,143,6,15915,6826,0.4289035501099592,True
q6881,6881,85,6,15005,12096,0.8061312895701432,True
q6882,6882,71,6,14994,12409,0.8275977057489663,True
q6883,6883,83,6,15005,4760,0.3172275908030656,True
q6884,6884,143,6,15009,11162,0.7436871210606969,True
q6886,6886,85,6,24097,16340,0.6780927086359297,True
q6888,6888,143,6,24109,17647,0.7319673151105396,True
q6901,6901,98,6,15306,12952,0.8462041029661571,True
q6903,6903,76,6,15315,8495,0.554684949396017,True
q6904,6904,143,6,15324,9880,0.6447402766901592,True
q6909,6909,78,6,9141,6455,0.7061590635597855,True
q6910,6910,74,6,9138,6997,0.7657036550667542,True
q6911,6911,143,6,9144,8710,0.9525371828521435,True
q6912,6912,77,6,9140,7687,0.8410284463894967,True
q6914,6914,76,6,27401,26222,0.9569723732710484,True
q6916,6916,143,6,27415,14288,0.521174539485683,True
q6921,6921,76,6,14531,10241,0.7047691143073429,True
q6923,6923,71,6,14528,11209,0.771544603524229,True
q6924,6924,143,6,14542,10287,0.7073992573236143,True
q6926,6926,76,6,21892,5277,0.24104695779280103,True
q6927,6927,78,6,21902,13514,0.6170212765957447,True
q6928,6928,143,6,21922,17297,0.7890247240215309,True
q6949,6949,83,6,105708,49683,0.4700022704052673,True
q6951,6951,143,6,105723,45164,0.42719181256680194,True
q6952,6952,85,6,105743,28534,0.26984292104441904,True
q6953,6953,78,6,5017,3649,0.7273270879011361,True
q6954,6954,119,6,5020,4113,0.8193227091633466,True
q6955,6955,119,6,5019,2747,0.5473201833034469,True
q6956,6956,143,6,5017,1116,0.22244369144907314,True
q6957,6957,143,6,4721,3386,0.7172209277695404,True
q6958,6958,78,6,4721,3630,0.7689048930311375,True
q6959,6959,80,6,4720,2210,0.4682203389830508,True
q6960,6960,76,6,4723,3984,0.8435316536099936,True
q6979,6979,83,6,18553,16973,0.9148385705815771,True
q6980,6980,143,6,18569,11549,0.6219505627659001,True
q6981,6981,76,6,87246,36229,0.415251128991587,True
q6982,6982,80,6,87238,53380,0.6118893142896444,True
q6984,6984,143,6,87259,39494,0.45260660791436985,True
q6985,6985,119,6,17582,9761,0.5551700602889319,True
q6986,6986,83,6,17582,11931,0.6785917415538619,True
q6988,6988,143,6,17600,11726,0.66625,True
q8183,8183,88,5,4965,4213,0.848539778449144,True
q8184,8184,86,5,6313,2461,0.3898305084745763,True
q8185,8185,74,5,4207,3526,0.838126931304968,True
q8186,8186,71,5,4604,3432,0.7454387489139879,True
q8187,8187,83,5,4308,3782,0.8779015784586816,True
q8188,8188,119,5,4966,3156,0.6355215465163109,True
q8189,8189,74,5,4264,3780,0.8864915572232646,True
q8190,8190,77,5,4565,1723,0.3774370208105148,True
q8191,8191,76,5,4545,1972,0.4338833883388339,True
q8192,8192,86,5,4672,3097,0.6628852739726028,True
q8194,8194,98,5,4293,3808,0.8870253901700442,True
q8196,8196,83,5,4424,3896,0.8806509945750453,True
q8197,8197,85,5,4501,3778,0.8393690291046434,True
q8198,8198,88,5,6502,4407,0.6777914487849892,True
q8199,8199,74,5,4516,2973,0.658325952170062,True
q8200,8200,71,5,4702,3818,0.811994895789026,True
q8201,8201,78,5,4444,3818,0.8591359135913591,True
q8202,8202,76,5,4342,3517,0.8099953938277291,True
q8203,8203,78,5,4328,3566,0.8239371534195934,True
q8204,8204,77,5,4544,3445,0.7581426056338029,True
q8206,8206,77,5,4149,2401,0.5786936611231622,True
q8207,8207,85,5,4366,3635,0.8325698579935868,True
q8210,8210,85,5,4921,2923,0.5939849624060151,True
q8211,8211,119,5,4262,3288,0.7714687939934303,True
q8363,8363,88,5,4922,4198,0.8529053230394149,True
q8365,8365,85,5,4198,2532,0.6031443544545021,True
q8366,8366,74,5,4659,1699,0.364670530156686,True
q8367,8367,74,5,4390,2719,0.6193621867881549,True
q8369,8369,106,5,5463,4092,0.7490389895661724,True
q8370,8370,85,5,4330,2481,0.5729792147806004,True
q8371,8371,88,5,5848,3393,0.5801983584131327,True
q8372,8372,94,5,5306,2625,0.4947229551451187,True
q8374,8374,77,5,4468,2125,0.47560429722470904,True
q8375,8375,76,5,4293,3694,0.8604705334265083,True
q8376,8376,83,5,4844,3314,0.6841453344343518,True
q8377,8377,74,5,5498,1741,0.31666060385594763,True
q8378,8378,77,5,4257,3447,0.8097251585623678,True
q8379,8379,74,5,4149,2901,0.6992046276211136,True
q8381,8381,84,5,4896,3203,0.6542075163398693,True
q8383,8383,80,5,6210,2950,0.4750402576489533,True
q8384,8384,85,5,4376,1386,0.31672760511882997,True
q8386,8386,77,5,4555,1243,0.2728869374313941,True
q8387,8387,78,5,4224,2664,0.6306818181818182,True
q8388,8388,83,5,4423,3149,0.7119602080036175,True
q8389,8389,76,5,4436,2393,0.5394499549143372,True
q8390,8390,71,5,4623,3166,0.6848366861345446,True
q8391,8391,74,5,4509,1463,0.3244621867376358,True
q8392,8392,76,5,4533,1542,0.34017207147584383,True
q8393,8393,96,5,5924,2308,0.3896016205266712,True
q8394,8394,74,5,4059,1752,0.43163340724316335,True
q8395,8395,74,5,2381,1448,0.6081478370432591,True
q8397,8397,74,5,1723,1255,0.7283807312826466,True
q8399,8399,74,5,6345,3134,0.49393223010244286,True
q8400,8400,74,5,10510,6760,0.6431969552806851,True
q8401,8401,74,5,3018,1711,0.5669317428760768,True
q8403,8403,74,5,1781,942,0.5289163391353172,True
q8404,8404,74,5,2407,1229,0.5105941005400914,True
q8405,8405,74,5,3811,2968,0.7787982156914196,True
q8406,8406,74,5,2109,1435,0.6804172593646278,True
q8407,8407,74,5,2017,1321,0.6549330689142291,True
q8408,8408,74,5,2014,1335,0.6628599801390268,True
q8410,8410,74,5,1720,1363,0.7924418604651163,True
q8411,8411,74,5,1447,1093,0.7553559087767795,True
q8412,8412,74,5,1997,1428,0.7150726089133701,True
q8413,8413,74,5,1665,1212,0.7279279279279279,True
q8415,8415,74,5,2083,1227,0.5890542486797887,True
q8416,8416,74,5,2547,1763,0.6921868865331763,True
q8418,8418,74,5,2042,1444,0.7071498530852106,True
q8419,8419,74,5,1368,1102,0.8055555555555556,True
q8420,8420,74,5,1613,1338,0.8295102293862369,True
q8421,8421,74,5,1549,1203,0.776630083925113,True
q8422,8422,74,5,2915,2162,0.7416809605488851,True
q8423,8423,74,5,15330,8101,0.5284409654272668,True
q8424,8424,74,5,1754,1485,0.8466362599771949,True
q8425,8425,83,5,9035,7138,0.7900387382401771,True
q8426,8426,74,5,1677,1042,0.6213476446034586,True
q8427,8427,74,5,2100,1409,0.670952380952381,True
q8428,8428,74,5,1398,1144,0.8183118741058655,True
q8429,8429,74,5,1614,1143,0.70817843866171,True
q8430,8430,74,5,3473,2347,0.6757846242441693,True
q8431,8431,74,5,1516,1077,0.7104221635883905,True
q8432,8432,74,5,1354,1088,0.8035450516986706,True
q8433,8433,74,5,1402,1031,0.7353780313837375,True
q8434,8434,74,5,2521,1556,0.617215390717969,True
q8435,8435,74,5,1389,1236,0.8898488120950324,True
q8436,8436,74,5,1501,1365,0.9093937375083277,True
q8437,8437,74,5,1310,1088,0.8305343511450382,True
q8438,8438,74,5,2426,2275,0.937757625721352,True
q8439,8439,74,5,2602,1398,0.5372790161414297,True
q8440,8440,74,5,1952,1016,0.5204918032786885,True
q8441,8441,74,5,1521,905,0.5950032873109796,True
q8442,8442,74,5,1601,1215,0.7589006870705809,True
q8443,8443,74,5,2383,1579,0.6626101552664708,True
q8444,8444,74,5,1287,797,0.6192696192696193,True
q8445,8445,74,5,2236,1489,0.6659212880143113,True
q8446,8446,74,5,1411,1077,0.7632884479092842,True
q8447,8447,74,5,1248,1035,0.8293269230769231,True
q8448,8448,74,5,1661,1142,0.687537627934979,True
q8449,8449,74,5,1516,1172,0.7730870712401056,True
q8450,8450,74,5,1502,1271,0.8462050599201065,True
q8451,8451,74,5,1600,1327,0.829375,True
q8452,8452,74,5,2596,1482,0.5708782742681048,True
q8453,8453,74,5,2356,1054,0.4473684210526316,True
q8454,8454,74,5,2173,1666,0.7666820064427059,True
q8456,8456,74,5,2608,1665,0.638420245398773,True
q8457,8457,74,5,1913,1221,0.6382645060115003,True
q8458,8458,74,5,1236,1067,0.8632686084142395,True
q8459,8459,74,5,1498,1064,0.7102803738317757,True
q8461,8461,74,5,2400,1516,0.6316666666666667,True
q8462,8462,74,5,1473,958,0.6503733876442634,True
q8463,8463,74,5,2724,1468,0.5389133627019089,True
q8464,8464,74,5,2298,1837,0.799390774586597,True
q8465,8465,74,5,2103,1417,0.6737993342843557,True
q8466,8466,74,5,1437,997,0.6938065414057063,True
q8467,8467,74,5,1836,1492,0.8126361655773421,True
q8468,8468,74,5,1887,1076,0.570217276099629,True
q8469,8469,74,5,2220,1159,0.5220720720720721,True
q8470,8470,74,5,1426,1058,0.7419354838709677,True
q8471,8471,74,5,2488,1079,0.4336816720257235,True
q8472,8472,74,5,2789,2528,0.9064180709931875,True
q8473,8473,74,5,3322,1633,0.49157134256472007,True
q8474,8474,74,5,2218,1614,0.7276825969341749,True
q8475,8475,74,5,1510,1130,0.7483443708609272,True
q8476,8476,74,5,1411,1211,0.8582565556343019,True
q8477,8477,74,5,3057,1955,0.639515865227347,True
q8478,8478,74,5,1745,1093,0.6263610315186247,True
q8479,8479,74,5,1205,954,0.791701244813278,True
q8480,8480,74,5,1660,1072,0.6457831325301204,True
q8481,8481,74,5,2853,1767,0.619348054679285,True
q8483,8483,74,5,1325,1020,0.769811320754717,True
q8484,8484,74,5,1693,1233,0.7282929710572947,True
q8485,8485,74,5,1641,1278,0.7787934186471663,True
q8486,8486,74,5,1993,1315,0.6598093326643252,True
q8487,8487,74,5,2823,1631,0.5777541622387531,True
q8488,8488,74,5,1657,1436,0.8666264333132166,True
q8489,8489,74,5,1458,1106,0.7585733882030178,True
q8490,8490,74,5,1267,792,0.6250986582478295,True
q8491,8491,85,5,4418,1514,0.34268899954730647,True
q8492,8492,85,5,4207,2767,0.6577133349179938,True
q8493,8493,85,5,4360,3716,0.8522935779816514,True
q8494,8494,76,5,5085,1923,0.3781710914454277,True
q8495,8495,77,5,4052,3730,0.920533070088845,True
q8496,8496,83,5,4770,2093,0.43878406708595385,True
q8497,8497,83,5,4445,2145,0.48256467941507314,True
q8498,8498,85,5,4735,2226,0.47011615628299896,True
q8499,8499,85,5,4165,2880,0.6914765906362546,True
q8500,8500,77,5,5045,1331,0.26382556987115957,True
q8501,8501,77,5,4300,2921,0.6793023255813954,True
q8502,8502,76,5,4857,1087,0.22380070002058883,True
q8503,8503,77,5,4332,3596,0.830101569713758,True
q8504,8504,85,5,4373,1977,0.452092385090327,True
q8505,8505,83,5,4269,3338,0.7819161396111501,True
q8506,8506,85,5,6040,3519,0.5826158940397351,True
q8507,8507,85,5,4346,1203,0.276806258628624,True
q8508,8508,85,5,4269,2906,0.6807214804403842,True
q8509,8509,85,5,4806,1186,0.24677486475239285,True
q8510,8510,83,5,4459,2438,0.5467593630858937,True
q8511,8511,76,5,4217,3065,0.7268200142281243,True
q8512,8512,76,5,4223,3024,0.7160786170968506,True
q8513,8513,83,5,4376,2495,0.5701553930530164,True
q8514,8514,85,5,4289,2325,0.5420844019584985,True
q8515,8515,85,5,4581,1653,0.3608382449246889,True
q8516,8516,76,5,4521,2247,0.49701393497013935,True
q8517,8517,77,5,4248,2606,0.6134651600753296,True
q8518,8518,77,5,4289,3266,0.7614828631382606,True
q8519,8519,85,5,5963,3096,0.519201744088546,True
q8520,8520,85,5,4182,3023,0.7228598756575801,True
q8521,8521,77,5,4357,2045,0.46935965113610284,True
q8522,8522,77,5,4287,3242,0.7562397947282482,True
q8523,8523,77,5,4409,2128,0.4826491267861193,True
q8524,8524,85,5,4368,1122,0.25686813186813184,True
q8525,8525,85,5,4746,1720,0.36241045090602614,True
q8526,8526,76,5,4372,2055,0.4700365965233303,True
q8527,8527,76,5,4506,1625,0.36063027075011095,True
q8528,8528,83,5,4279,3739,0.8738022902547324,True
q8529,8529,77,5,4363,2757,0.6319046527618611,True
q8530,8530,76,5,4728,2411,0.5099407783417935,True
q8531,8531,77,5,5213,4223,0.8100901592173413,True
q8532,8532,85,5,8014,1760,0.21961567257299724,True
q8533,8533,77,5,4472,2169,0.48501788908765653,True
q8534,8534,77,5,4382,2997,0.6839342765860338,True
q8535,8535,77,5,4570,3985,0.8719912472647703,True
q8536,8536,76,5,4394,2350,0.5348202093764224,True
q8537,8537,77,5,4189,3581,0.8548579613272858,True
q8538,8538,77,5,4395,2189,0.49806598407281,True
q8539,8539,77,5,4333,2393,0.5522732517885991,True
q8540,8540,77,5,4258,2097,0.49248473461719117,True
q8541,8541,85,5,5053,4026,0.7967544033247576,True
q8542,8542,85,5,4396,2786,0.6337579617834395,True
q8543,8543,85,5,4251,2820,0.6633733239237827,True
q8544,8544,85,5,4343,2495,0.5744876813262721,True
q8545,8545,85,5,4306,2878,0.6683697166744078,True
q8546,8546,85,5,4429,1862,0.42041092797471213,True
q8547,8547,85,5,4504,2518,0.5590586145648313,True
q8548,8548,85,5,4553,1547,0.33977597188666814,True
q8549,8549,85,5,11138,2126,0.19087807505835877,True
q8550,8550,85,5,4631,2865,0.618656877564241,True
q8551,8551,85,5,4270,3168,0.7419203747072599,True
q8552,8552,85,5,4325,3319,0.7673988439306358,True
q8553,8553,85,5,4316,2456,0.5690454124189064,True
q8554,8554,85,5,4548,2352,0.5171503957783641,True
q8555,8555,85,5,4383,3114,0.7104722792607803,True
q8556,8556,85,5,5336,3690,0.6915292353823088,True
q8557,8557,85,5,4299,3600,0.837404047452896,True
q8558,8558,85,5,4303,1903,0.4422495933069951,True
q8559,8559,85,5,4374,1919,0.43872885230909925,True
q8560,8560,85,5,4455,2753,0.6179573512906846,True
q8561,8561,85,5,4495,3191,0.7098998887652948,True
q8562,8562,85,5,4470,2399,0.53668903803132,True
q8563,8563,85,5,4356,2081,0.47773186409550045,True
q8564,8564,85,5,4298,3553,0.8266635644485807,True
q8565,8565,85,5,4319,2602,0.602454271822181,True
q8566,8566,77,5,4162,2989,0.7181643440653532,True
q8567,8567,77,5,4729,3786,0.8005920913512371,True
q8568,8568,77,5,4298,3038,0.7068403908794788,True
q8569,8569,77,5,4444,2969,0.668091809180918,True
q8570,8570,77,5,4389,2838,0.6466165413533834,True
q8571,8571,77,5,4172,3420,0.8197507190795782,True
q8572,8572,77,5,4311,2649,0.6144745998608212,True
q8573,8573,77,5,7008,1836,0.261986301369863,True
q8574,8574,77,5,4638,1526,0.32902112979732645,True
q8575,8575,77,5,4505,2157,0.4788013318534961,True
q8576,8576,77,5,4459,1918,0.4301412872841444,True
q8577,8577,77,5,4478,2351,0.5250111656989728,True
q8578,8578,77,5,4700,3136,0.6672340425531915,True
q8579,8579,77,5,4204,2945,0.700523311132255,True
q8580,8580,77,5,4285,3255,0.7596266044340724,True
q8581,8581,77,5,4321,2739,0.6338810460541542,True
q8582,8582,77,5,4405,3903,0.886038592508513,True
q8583,8583,77,5,4427,3554,0.8028009939010616,True
q8584,8584,77,5,4281,3831,0.8948843728100911,True
q8585,8585,77,5,4150,3646,0.8785542168674699,True
q8586,8586,77,5,4537,3327,0.7333039453383293,True
q8587,8587,106,5,4563,4220,0.9248301555993864,True
q8588,8588,106,5,5155,2309,0.44791464597478176,True
q8589,8589,106,5,4453,3979,0.8935549068044015,True
q8590,8590,106,5,4924,2847,0.5781884646628757,True
q8601,8601,85,5,4682,1810,0.38658692866296457,True
q8602,8602,76,5,4354,2354,0.5406522737712448,True
q8603,8603,77,5,4653,2819,0.605845690952074,True
q8604,8604,85,5,8756,1871,0.21368204659661946,True
q8605,8605,77,5,4325,2745,0.6346820809248555,True
q8606,8606,77,5,4806,2393,0.4979192675821889,True
q8607,8607,85,5,4239,3021,0.7126680820948337,True
q8608,8608,77,5,4582,3794,0.8280226975120035,True
q8609,8609,76,5,4295,2871,0.6684516880093132,True
q8610,8610,77,5,4478,2370,0.5292541313086199,True
q8611,8611,77,5,4411,2461,0.55792337338472,True
q8612,8612,76,5,4463,2143,0.48017028904324444,True
q8613,8613,77,5,4286,1778,0.4148390107326178,True
q8614,8614,77,5,4337,2614,0.6027207747290754,True
q8615,8615,85,5,4332,2615,0.6036472760849492,True
q8616,8616,85,5,4572,1753,0.3834208223972003,True
q8617,8617,77,5,4394,3071,0.6989076012744652,True
q8618,8618,85,5,4938,1059,0.21445929526123936,True
q8619,8619,77,5,4500,1739,0.3864444444444444,True
q8620,8620,83,5,4167,3390,0.8135349172066235,True
q8621,8621,85,5,4525,1660,0.36685082872928176,True
q8622,8622,85,5,4299,3759,0.8743893928820656,True
q8623,8623,85,5,4924,2423,0.4920796100731113,True
q8624,8624,76,5,4746,1497,0.31542351453855877,True
q8625,8625,85,5,4435,2129,0.48004509582863586,True
q8626,8626,85,5,4762,2896,0.6081478370432591,True
q8627,8627,77,5,4297,3128,0.7279497323714219,True
q8628,8628,83,5,4555,2374,0.521185510428101,True
q8629,8629,77,5,4413,2353,0.5331973714026739,True
q8630,8630,77,5,6763,2458,0.3634481738873281,True
q8631,8631,77,5,4204,2114,0.5028544243577545,True
q8632,8632,76,5,4205,3606,0.857550535077289,True
q8633,8633,76,5,4208,3081,0.7321768060836502,True
q8634,8634,77,5,4321,3472,0.8035177042351308,True
q8635,8635,85,5,5483,1542,0.2812329016961517,True
q8636,8636,83,5,4523,2173,0.4804333407030732,True
q8637,8637,85,5,4320,3482,0.8060185185185185,True
q8638,8638,77,5,4228,4014,0.9493850520340587,True
q8639,8639,85,5,4293,2966,0.6908921500116468,True
q8640,8640,85,5,4216,3730,0.8847248576850095,True
q8641,8641,85,5,4411,2395,0.5429607798685105,True
q8642,8642,76,5,4408,2826,0.6411070780399274,True
q8643,8643,85,5,5643,1611,0.28548644338118023,True
q8644,8644,77,5,4454,1548,0.3475527615626403,True
q8645,8645,76,5,4651,1554,0.33412169425929905,True
q8646,8646,83,5,4734,2141,0.45226024503591045,True
q8647,8647,77,5,4415,1706,0.38640996602491506,True
q8648,8648,85,5,4673,2529,0.541194093729938,True
q8649,8649,77,5,4366,2639,0.6044434264773247,True
q8650,8650,77,5,4195,3081,0.734445768772348,True
q8652,8652,90,5,20020,7822,0.3907092907092907,True
q8655,8655,119,5,5191,3657,0.704488537853978,True
q8656,8656,87,5,14721,9931,0.6746144962978059,True
q8661,8661,119,5,4475,3275,0.7318435754189944,True
q8662,8662,119,5,4717,2993,0.6345134619461522,True
q8665,8665,119,5,4785,3210,0.670846394984326,True
q8667,8667,87,5,9317,6143,0.659332403134056,True
q8668,8668,87,5,13087,8745,0.6682203713608925,True
q8670,8670,119,5,3961,2548,0.6432719010350921,True
q8671,8671,87,5,14146,7215,0.5100381733352184,True
q8672,8672,119,5,4790,3145,0.6565762004175365,True
q8673,8673,90,5,236,181,0.7669491525423728,True
q8674,8674,87,5,295,177,0.6,True
q8675,8675,90,5,255,220,0.8627450980392157,True
q8677,8677,119,5,3015,2247,0.745273631840796,True
q8679,8679,119,5,3329,2417,0.7260438570141183,True
q8680,8680,119,5,2699,1887,0.6991478325305669,True
q8683,8683,90,5,12188,7426,0.6092878240892682,True
q8688,8688,119,5,4049,2913,0.719436897999506,True
q8689,8689,119,5,5019,2876,0.5730225144451085,True
q8690,8690,119,5,3949,2638,0.668017219549253,True
q8694,8694,119,5,3013,2162,0.7175572519083969,True
q8695,8695,119,5,12864,6294,0.48927238805970147,True
q8696,8696,119,5,4396,3906,0.8885350318471338,True
q8697,8697,119,5,4199,2711,0.6456299118837818,True
q8698,8698,87,5,8749,5898,0.6741341867642017,True
q8701,8701,78,5,10791,5683,0.5266425725141322,True
q8703,8703,88,5,5578,4107,0.7362854069558982,True
q8704,8704,88,5,4429,4011,0.9056220365771055,True
q8705,8705,88,5,4668,3772,0.8080548414738646,True
q8706,8706,88,5,5111,3971,0.7769516728624535,True
q8707,8707,88,5,5724,4147,0.7244933612858141,True
q8708,8708,88,5,4330,3985,0.9203233256351039,True
q8709,8709,88,5,4812,4041,0.8397755610972568,True
q8710,8710,88,5,5027,4073,0.8102247861547642,True
q8711,8711,88,5,4793,3987,0.8318380972251199,True
q8712,8712,88,5,4576,3914,0.8553321678321678,True
q8713,8713,88,5,5214,3650,0.7000383582662064,True
q8714,8714,88,5,4993,3634,0.7278189465251352,True
q8715,8715,88,5,4676,3924,0.8391787852865698,True
q8716,8716,88,5,4965,3296,0.6638469284994964,True
q8717,8717,88,5,5453,3105,0.5694113332110765,True
q8753,8753,77,5,4191,2736,0.6528274874731568,True
q8754,8754,77,5,4314,3647,0.8453871117292536,True
q8755,8755,83,5,4151,3863,0.9306191279209829,True
q8756,8756,83,5,4262,3954,0.9277334584702018,True
q8757,8757,83,5,4549,2316,0.5091228841503627,True
q8758,8758,85,5,4436,3574,0.8056807935076645,True
q8759,8759,83,5,6960,3927,0.5642241379310344,True
q8760,8760,85,5,4202,2797,0.6656354117087101,True
q8761,8761,76,5,4302,2557,0.594374709437471,True
q8762,8762,77,5,4974,3831,0.770205066344994,True
q8763,8763,77,5,4219,2351,0.5572410523820811,True
q8764,8764,77,5,4543,1520,0.3345806735637244,True
q8765,8765,85,5,4345,2428,0.5588032220943613,True
q8766,8766,85,5,4210,3574,0.8489311163895487,True
q8767,8767,85,5,4182,3814,0.9120038259206121,True
q8768,8768,85,5,4245,3809,0.8972909305064782,True
q8769,8769,85,5,4231,2607,0.6161663909241314,True
q8770,8770,85,5,6266,1323,0.2111394829237153,True
q8771,8771,85,5,4343,2329,0.53626525443242,True
q8772,8772,74,5,4373,2261,0.5170363594786188,True
q8773,8773,76,5,4923,3444,0.6995734308348568,True
q8774,8774,85,5,5087,3785,0.7440534696284647,True
q8775,8775,76,5,4214,3178,0.7541528239202658,True
q8776,8776,85,5,4230,3173,0.7501182033096927,True
q8777,8777,85,5,4441,2322,0.5228552127899122,True
q8778,8778,77,5,4752,1618,0.3404882154882155,True
q8779,8779,85,5,4342,1978,0.4555504375863657,True
q8780,8780,77,5,4350,3681,0.8462068965517241,True
q8781,8781,77,5,4418,2715,0.6145314622000906,True
q8782,8782,85,5,4165,3202,0.7687875150060024,True
q8783,8783,85,5,4973,1993,0.4007641262819224,True
q8784,8784,77,5,4172,2882,0.6907957813998082,True
q8785,8785,77,5,4338,3084,0.710926694329184,True
q8786,8786,77,5,4331,2152,0.4968829369660586,True
q8787,8787,77,5,5022,1844,0.36718438868976505,True
q8788,8788,83,5,7674,3044,0.39666406046390407,True
q8789,8789,76,5,4684,1742,0.37190435525192145,True
q8790,8790,85,5,4965,2616,0.5268882175226586,True
q8791,8791,85,5,5293,2492,0.4708105044398262,True
q8792,8792,85,5,4584,2772,0.6047120418848168,True
q8793,8793,76,5,4304,3236,0.7518587360594795,True
q8794,8794,77,5,4582,2636,0.5752946311654299,True
q8795,8795,76,5,4306,2655,0.6165815141662796,True
q8796,8796,85,5,4267,3658,0.8572767752519335,True
q8797,8797,77,5,5636,2805,0.4976933995741661,True
q8798,8798,77,5,4750,1883,0.39642105263157895,True
q8799,8799,85,5,4159,1918,0.46116855013224334,True
q8800,8800,85,5,4070,3250,0.7985257985257985,True
q8801,8801,76,5,4288,2909,0.6784048507462687,True
q8802,8802,76,5,4190,2705,0.6455847255369929,True
q8853,8853,77,5,4247,3717,0.8752060277843183,True
q8854,8854,76,5,4423,1733,0.39181550983495367,True
q8855,8855,83,5,4342,3748,0.863196683555965,True
q8856,8856,76,5,4741,2371,0.5001054629824931,True
q8857,8857,77,5,4756,1662,0.3494533221194281,True
q8858,8858,85,5,4299,2089,0.48592695975808325,True
q8859,8859,85,5,4353,2023,0.46473696301401335,True
q8860,8860,85,5,4447,2028,0.4560377782774904,True
q8861,8861,76,5,4466,2150,0.48141513658755036,True
q8862,8862,85,5,4218,3136,0.7434803224276908,True
q8863,8863,85,5,4492,3103,0.6907836153161175,True
q8864,8864,76,5,4376,1927,0.4403564899451554,True
q8865,8865,77,5,4272,1964,0.4597378277153558,True
q8866,8866,85,5,4388,4100,0.9343664539653601,True
q8867,8867,85,5,4352,1760,0.40441176470588236,True
q8868,8868,76,5,4511,2244,0.4974506761250277,True
q8869,8869,77,5,4255,3754,0.8822561692126909,True
q8870,8870,76,5,4442,3239,0.7291760468257542,True
q8871,8871,85,5,4494,2663,0.5925678682688028,True
q8872,8872,77,5,4315,3591,0.8322132097334878,True
q8873,8873,77,5,4204,3486,0.8292102759276879,True
q8874,8874,77,5,4121,3696,0.8968696918223732,True
q8875,8875,77,5,4218,3976,0.9426268373636795,True
q8876,8876,85,5,4352,3136,0.7205882352941176,True
q8877,8877,77,5,4296,3416,0.7951582867783985,True
q8878,8878,83,5,4295,3276,0.7627473806752038,True
q8879,8879,85,5,4413,3346,0.7582143666440063,True
q8880,8880,77,5,4397,3106,0.7063907209460996,True
q8881,8881,76,5,4553,2861,0.62837689435537,True
q8882,8882,77,5,4335,2529,0.5833910034602076,True
q8883,8883,76,5,4744,1434,0.3022765598650928,True
q8884,8884,85,5,4350,1759,0.40436781609195405,True
q8885,8885,77,5,4524,1996,0.4412024756852343,True
q8886,8886,83,5,5016,3270,0.6519138755980861,True
q8887,8887,76,5,4290,2905,0.6771561771561772,True
q8888,8888,77,5,4875,2552,0.5234871794871795,True
q8889,8889,76,5,4404,1542,0.35013623978201636,True
q8890,8890,85,5,4423,1911,0.43205968799457384,True
q8891,8891,77,5,4276,3567,0.8341908325537886,True
q8892,8892,76,5,4530,4057,0.8955849889624724,True
q8893,8893,77,5,4578,1511,0.33005679335954563,True
q8894,8894,76,5,4497,1826,0.40604847676228595,True
q8895,8895,85,5,4952,916,0.18497576736672053,True
q8896,8896,76,5,4166,3976,0.9543927028324531,True
q8897,8897,85,5,4341,2335,0.5378944943561391,True
q8898,8898,77,5,4569,1894,0.41453272050776974,True
q8899,8899,85,5,4189,3207,0.7655765099068991,True
q8900,8900,85,5,4657,3280,0.7043160833154392,True
q8901,8901,85,5,4400,2327,0.5288636363636363,True
q8902,8902,77,5,4144,3764,0.9083011583011583,True
q8903,8903,78,5,5022,2587,0.5151334129828753,True
q8906,8906,78,5,4530,2838,0.6264900662251656,True
q8907,8907,78,5,4375,2849,0.6512,True
q8908,8908,78,5,4377,2832,0.6470185058259081,True
q8909,8909,78,5,5111,1807,0.3535511641557425,True
q8910,8910,78,5,6575,1901,0.28912547528517113,True
q8916,8916,71,5,6416,3090,0.4816084788029925,True
q8929,8929,78,5,6174,1354,0.2193067703271785,True
q8934,8934,78,5,4269,3600,0.8432888264230499,True
q8935,8935,78,5,6090,2224,0.3651888341543514,True
q8936,8936,78,5,4445,3863,0.8690663667041619,True
q8937,8937,78,5,4494,2393,0.5324877614597241,True
q8939,8939,78,5,4251,3227,0.7591155022347683,True
q8941,8941,78,5,4577,2054,0.4487655669652611,True
q8942,8942,78,5,5218,3434,0.6581065542353393,True
q8943,8943,78,5,6377,3102,0.4864356280382625,True
q8945,8945,78,5,4210,4013,0.9532066508313539,True
q8946,8946,78,5,4486,2450,0.5461435577351761,True
q8947,8947,78,5,4385,3693,0.8421892816419613,True
q8949,8949,78,5,4431,2340,0.5280974949221394,True
q8951,8951,78,5,4244,3018,0.7111215834118756,True
q8954,8954,78,5,4433,3058,0.6898263027295285,True
q8957,8957,78,5,4617,2686,0.5817630495993069,True
q8960,8960,78,5,4360,2941,0.6745412844036697,True
q8963,8963,78,5,4408,3332,0.7558983666061706,True
q8966,8966,78,5,4221,2960,0.701255626628761,True
q8970,8970,78,5,5213,3251,0.6236332246307309,True
q8971,8971,78,5,4312,2966,0.687847866419295,True
q8973,8973,78,5,4928,2022,0.41030844155844154,True
q8975,8975,78,5,4379,2983,0.6812057547385247,True
q8977,8977,78,5,4725,2331,0.49333333333333335,True
q8980,8980,78,5,4421,3845,0.8697127346754128,True
q8983,8983,78,5,4491,4072,0.9067022934758405,True
q8986,8986,78,5,4778,2059,0.4309334449560486,True
q8991,8991,78,5,4310,3046,0.7067285382830626,True
q8993,8993,78,5,4474,2651,0.5925346446133214,True
q8994,8994,78,5,4629,2816,0.6083387340678332,True
q8996,8996,78,5,4389,3941,0.89792663476874,True
q8999,8999,78,5,4402,2582,0.5865515674693321,True
q9000,9000,78,5,4347,3748,0.8622038187255578,True
q9002,9002,78,5,4267,3353,0.7857979845324584,True
q9004,9004,78,5,4278,3440,0.80411407199626,True
q9005,9005,78,5,4549,3710,0.8155638601890526,True
q9006,9006,78,5,4374,3371,0.7706904435299498,True
q9007,9007,78,5,4514,2669,0.5912715994683208,True
q9011,9011,78,5,4691,2021,0.43082498401193775,True
q9014,9014,78,5,4304,2778,0.6454460966542751,True
q9015,9015,78,5,4483,2499,0.5574392148115102,True
q9018,9018,78,5,4521,3426,0.7577969475779694,True
q9019,9019,78,5,4440,2976,0.6702702702702703,True
q9023,9023,94,5,5130,3414,0.6654970760233918,True
q9024,9024,78,5,5734,3020,0.5266829438437391,True
q9025,9025,94,5,5640,2504,0.44397163120567373,True
q9026,9026,78,5,4703,1732,0.36827556878588136,True
q9027,9027,83,5,4618,3066,0.6639237765266349,True
q9028,9028,85,5,4236,3443,0.812795089707271,True
q9029,9029,85,5,4388,2553,0.5818140382862352,True
q9030,9030,77,5,4309,2635,0.6115107913669064,True
q9031,9031,85,5,7818,2084,0.2665643387055513,True
q9032,9032,77,5,4397,2054,0.46713668410279735,True
q9033,9033,85,5,4247,2270,0.5344949376030139,True
q9034,9034,77,5,3997,3862,0.966224668501376,True
q9035,9035,77,5,4246,3400,0.8007536504945831,True
q9036,9036,77,5,4614,2509,0.5437798006068487,True
q9037,9037,76,5,4361,3708,0.8502637009860123,True
q9038,9038,85,5,4379,2548,0.5818680063941539,True
q9039,9039,85,5,4542,1541,0.33927785116688686,True
q9040,9040,77,5,4649,1454,0.3127554312755431,True
q9041,9041,77,5,7249,2561,0.353290108980549,True
q9042,9042,85,5,4259,3674,0.862643813101667,True
q9043,9043,77,5,4335,3504,0.8083044982698961,True
q9044,9044,85,5,4253,1642,0.38608041382553493,True
q9045,9045,76,5,4670,2271,0.48629550321199144,True
q9046,9046,83,5,4382,3060,0.6983112733911456,True
q9047,9047,83,5,4401,2321,0.5273801408770734,True
q9048,9048,76,5,4373,1879,0.4296821404070432,True
q9049,9049,83,5,4414,2845,0.6445400996828273,True
q9050,9050,83,5,4162,3941,0.9469005285920231,True
q9051,9051,76,5,4332,3765,0.8691135734072022,True
q9052,9052,83,5,5003,1751,0.3499900059964022,True
q9053,9053,77,5,4429,2110,0.4764055091442764,True
q9054,9054,85,5,4304,2918,0.6779739776951673,True
q9055,9055,77,5,4328,2126,0.4912199630314233,True
q9056,9056,76,5,4460,3390,0.7600896860986547,True
q9057,9057,85,5,4233,3102,0.7328136073706591,True
q9058,9058,76,5,4307,2670,0.6199210587415834,True
q9059,9059,76,5,4439,2343,0.5278215814372607,True
q9060,9060,77,5,4178,2978,0.7127812350406894,True
q9061,9061,77,5,4239,1310,0.309035149799481,True
q9062,9062,85,5,6011,2211,0.3678256529695558,True
q9063,9063,77,5,4246,2277,0.5362694300518135,True
q9064,9064,76,5,5087,2718,0.534303125614311,True
q9065,9065,83,5,4180,3499,0.8370813397129186,True
q9066,9066,77,5,4278,3609,0.8436185133239832,True
q9067,9067,85,5,4519,1912,0.42310245629564064,True
q9068,9068,76,5,4615,2120,0.4593716143011918,True
q9069,9069,77,5,4261,3805,0.8929828678713917,True
q9070,9070,85,5,4376,3691,0.8434643510054844,True
q9071,9071,85,5,5073,1831,0.3609304159274591,True
q9072,9072,85,5,4497,3533,0.7856348676895708,True
q9073,9073,77,5,4564,2176,0.4767747589833479,True
q9074,9074,76,5,4363,1491,0.34173733669493467,True
q9075,9075,83,5,4477,3170,0.7080634353361626,True
q9076,9076,88,5,4940,4487,0.9082995951417004,True
q9077,9077,71,5,4129,3801,0.9205618793896827,True
q9078,9078,86,5,5508,3168,0.5751633986928104,True
q9079,9079,74,5,4221,3599,0.8526415541340915,True
q9080,9080,86,5,4396,3624,0.824385805277525,True
q9081,9081,85,5,4144,3275,0.7902992277992278,True
q9082,9082,94,5,5456,2937,0.5383064516129032,True
q9083,9083,94,5,5621,3548,0.6312044120263298,True
q9085,9085,83,5,4406,2111,0.4791193826600091,True
q9086,9086,78,5,4280,3309,0.7731308411214953,True
q9087,9087,86,5,4926,3321,0.6741778319123021,True
q9088,9088,71,5,4242,4040,0.9523809523809523,True
q9089,9089,98,5,4731,2915,0.6161488057493131,True
q9090,9090,74,5,4656,1876,0.4029209621993127,True
q9091,9091,78,5,4600,3223,0.7006521739130435,True
q9092,9092,77,5,5449,2255,0.41383740135804736,True
q9093,9093,80,5,4759,3069,0.6448833788611052,True
q9095,9095,76,5,4445,2828,0.6362204724409449,True
q9096,9096,74,5,5110,1909,0.3735812133072407,True
q9097,9097,71,5,4755,3048,0.6410094637223974,True
q9098,9098,86,5,4928,3039,0.6166801948051948,True
q9099,9099,85,5,4272,2466,0.577247191011236,True
q9100,9100,80,5,4831,3540,0.7327675429517698,True
q9101,9101,74,5,4236,2929,0.6914542020774316,True
q9102,9102,83,5,4272,3128,0.7322097378277154,True
q9103,9103,119,5,4374,2902,0.6634659350708734,True
q9104,9104,76,5,4447,1818,0.4088149314144367,True
q9106,9106,76,5,4236,3243,0.7655807365439093,True
q9107,9107,85,5,4230,3485,0.8238770685579196,True
q9108,9108,77,5,4296,2576,0.5996275605214153,True
q9109,9109,77,5,4651,2746,0.5904106643732531,True
q9110,9110,85,5,4373,2030,0.46421221129659274,True
q9111,9111,85,5,4403,2655,0.6029979559391324,True
q9112,9112,76,5,4298,3661,0.8517915309446255,True
q9113,9113,85,5,4434,1651,0.37235002255299954,True
q9114,9114,85,5,4241,3775,0.8901202546569206,True
q9115,9115,76,5,4215,3643,0.8642941874258601,True
q9116,9116,77,5,4653,2444,0.5252525252525253,True
q9117,9117,77,5,4293,3922,0.9135802469135802,True
q9118,9118,76,5,4414,2207,0.5,True
q9119,9119,74,5,4506,1910,0.42387927208166887,True
q9120,9120,77,5,4462,2260,0.5064993276557598,True
q9121,9121,77,5,4382,2607,0.5949338201734368,True
q9122,9122,85,5,4242,3188,0.7515322960867515,True
q9123,9123,85,5,4304,2685,0.6238382899628253,True
q9124,9124,76,5,4324,3639,0.8415818686401481,True
q9125,9125,85,5,4461,1872,0.41963685272360457,True
q9126,9126,77,5,4221,4036,0.9561715233357024,True
q9127,9127,85,5,4248,2373,0.5586158192090396,True
q9128,9128,77,5,4221,3018,0.7149964463397299,True
q9129,9129,83,5,4571,2370,0.5184861080726318,True
q9130,9130,76,5,4398,2269,0.5159163256025466,True
q9131,9131,77,5,7113,3260,0.45831575987628287,True
q9132,9132,77,5,4206,2877,0.6840228245363766,True
q9133,9133,77,5,4133,3702,0.8957173965642391,True
q9134,9134,76,5,5069,3464,0.6833695008877491,True
q9135,9135,77,5,4456,3559,0.7986983842010772,True
q9136,9136,83,5,4644,1498,0.32256675279931096,True
q9137,9137,85,5,4335,2696,0.6219146482122261,True
q9138,9138,77,5,4142,2755,0.6651376146788991,True
q9139,9139,85,5,4303,3262,0.7580757610969091,True
q9140,9140,85,5,4485,1515,0.3377926421404682,True
q9141,9141,77,5,4189,3456,0.8250179040343757,True
q9142,9142,76,5,4466,2038,0.4563367666815943,True
q9143,9143,77,5,4676,1950,0.4170230966638152,True
q9144,9144,77,5,4043,3832,0.9478110314123176,True
q9145,9145,77,5,4394,3372,0.7674101046882112,True
q9146,9146,85,5,4246,2540,0.598210080075365,True
q9147,9147,76,5,4352,3075,0.7065716911764706,True
q9148,9148,85,5,4310,3377,0.7835266821345708,True
q9149,9149,83,5,4354,2911,0.6685806155259532,True
q9150,9150,77,5,4294,2457,0.572193758733116,True
q9151,9151,76,5,4769,2881,0.6041098762843363,True
q9152,9152,77,5,4186,3064,0.7319636884854276,True
q9153,9153,76,5,4445,3688,0.8296962879640045,True
q9154,9154,85,5,4345,2676,0.6158803222094361,True
q9155,9155,83,5,5111,1480,0.2895715124241831,True
q9156,9156,76,5,4612,1889,0.4095836947094536,True
q9157,9157,85,5,5009,2969,0.5927330804551807,True
q9158,9158,85,5,4173,4072,0.975796788880901,True
q9159,9159,85,5,5245,3183,0.6068636796949476,True
q9160,9160,76,5,4633,1882,0.40621627455212606,True
q9161,9161,85,5,4760,1100,0.23109243697478993,True
q9162,9162,85,5,4497,1870,0.41583277740716035,True
q9163,9163,77,5,4246,3283,0.7731983042863871,True
q9164,9164,85,5,4420,1770,0.4004524886877828,True
q9165,9165,85,5,4371,3048,0.6973232669869595,True
q9166,9166,85,5,4186,3558,0.849976110845676,True
q9167,9167,85,5,4893,1272,0.25996321275291234,True
q9168,9168,85,5,4107,3823,0.9308497686876065,True
q9169,9169,85,5,4419,1705,0.3858338990721883,True
q9170,9170,85,5,4292,2453,0.5715284249767009,True
q9171,9171,77,5,4094,3868,0.9447972642892037,True
q9172,9172,76,5,4434,3890,0.8773116824537663,True
q9173,9173,85,5,4271,2862,0.6701006789978927,True
q9174,9174,85,5,4274,2216,0.5184838558727187,True
q9175,9175,85,5,4159,3814,0.9170473671555662,True
q9176,9176,76,5,4325,1790,0.4138728323699422,True
q9177,9177,85,5,4440,1933,0.43536036036036035,True
q9178,9178,76,5,5323,1723,0.3236896486943453,True
q9179,9179,85,5,4780,865,0.1809623430962343,True
q9180,9180,77,5,4361,1677,0.3845448291676221,True
q9181,9181,77,5,4591,2521,0.5491178392507079,True
q9182,9182,85,5,4741,1676,0.35351191731702175,True
q9183,9183,85,5,4140,3212,0.7758454106280194,True
q9184,9184,85,5,5841,1146,0.19619928094504366,True
q9185,9185,85,5,4208,2253,0.5354087452471483,True
q9186,9186,85,5,4263,3000,0.7037297677691766,True
q9187,9187,77,5,4549,1780,0.3912947900637503,True
q9188,9188,77,5,4440,2903,0.6538288288288289,True
q9189,9189,85,5,4358,2911,0.6679669573198715,True
q9190,9190,76,5,4256,3267,0.7676221804511278,True
q9191,9191,76,5,4550,3380,0.7428571428571429,True
q9192,9192,85,5,4369,2496,0.571297779812314,True
q9193,9193,85,5,4611,1001,0.2170895684233355,True
q9194,9194,77,5,4283,2876,0.6714919448984357,True
q9195,9195,85,5,4382,2478,0.5654952076677316,True
q9196,9196,76,5,5329,3847,0.7218990429724151,True
q9197,9197,85,5,4119,3405,0.8266569555717407,True
q9198,9198,85,5,4538,1766,0.3891582194799471,True
q9199,9199,85,5,4363,2592,0.5940866376346551,True
q9200,9200,85,5,4376,2963,0.6771023765996343,True
q9201,9201,85,5,4410,1998,0.4530612244897959,True
q9202,9202,76,5,4714,1169,0.24798472634705135,True
q9203,9203,85,5,4151,3533,0.8511202119971091,True
q9204,9204,76,5,4295,3556,0.8279394644935972,True
q9205,9205,76,5,5053,3065,0.6065703542450029,True
q9326,9326,87,5,5442,3885,0.7138919514884233,True
q9333,9333,87,5,5703,4442,0.7788883044011924,True
q9335,9335,87,5,5127,3210,0.6260971328262142,True
q9336,9336,87,5,5591,3615,0.6465748524414238,True
q9338,9338,87,5,5329,3615,0.6783636704822669,True
q9339,9339,87,5,5702,3503,0.6143458435636618,True
q9342,9342,87,5,5442,4015,0.7377802278574054,True
q9343,9343,90,5,7610,3018,0.39658344283837055,True
q9348,9348,119,5,4740,3152,0.6649789029535865,True
q9355,9355,119,5,4346,3581,0.8239760699493788,True
q9357,9357,119,5,4567,3428,0.7506021458287716,True
q9361,9361,87,5,7125,2546,0.35733333333333334,True
q9362,9362,80,5,5236,2254,0.4304812834224599,True
q9363,9363,87,5,5030,3430,0.6819085487077535,True
q9365,9365,119,5,4357,3763,0.8636676612347945,True
q9367,9367,119,5,4291,3501,0.8158937310650198,True
q9371,9371,119,5,4526,3532,0.7803800265134777,True
q9380,9380,119,5,4327,3980,0.9198058701178645,True
q9381,9381,119,5,4401,4075,0.9259259259259259,True
q9383,9383,119,5,4587,3524,0.7682581207761063,True
q9387,9387,119,5,4365,4061,0.9303550973654067,True
q9396,9396,87,5,5676,4541,0.8000352360817478,True
q9401,9401,119,5,4292,3164,0.7371854613233924,True
q9406,9406,119,5,4396,3552,0.8080072793448589,True
q9407,9407,119,5,4384,3389,0.7730383211678832,True
q9408,9408,119,5,4660,2908,0.6240343347639485,True
q9413,9413,90,5,6022,4860,0.8070408502158751,True
q9416,9416,87,5,5728,2532,0.4420391061452514,True
q9421,9421,119,5,4623,2403,0.5197923426346528,True
q9425,9425,85,5,4415,3436,0.7782559456398641,True
q9426,9426,85,5,4427,2841,0.6417438445900158,True
q9427,9427,85,5,4207,2456,0.5837889232231994,True
q9429,9429,85,5,4771,2100,0.4401592957451268,True
q9431,9431,85,5,4575,1951,0.426448087431694,True
q9432,9432,85,5,4489,2330,0.5190465582535085,True
q9433,9433,85,5,4151,3860,0.9298964105034931,True
q9434,9434,85,5,4326,2041,0.4717984281091077,True
q9435,9435,85,5,4287,3229,0.7532073711219968,True
q9436,9436,85,5,4098,2943,0.7181551976573939,True
q9437,9437,85,5,4626,2241,0.48443579766536965,True
q9438,9438,85,5,4364,2479,0.5680568285976169,True
q9439,9439,85,5,4334,3131,0.7224273188740193,True
q9440,9440,85,5,4436,1816,0.40937781785392247,True
q9441,9441,85,5,4339,2784,0.6416224936621341,True
q9442,9442,85,5,4264,2034,0.47701688555347094,True
q9443,9443,85,5,4322,3459,0.8003239241092087,True
q9444,9444,85,5,4510,1901,0.4215077605321508,True
q9445,9445,85,5,4173,4022,0.9638150011981788,True
q9446,9446,85,5,4227,3791,0.8968535604447598,True
q9448,9448,85,5,4286,2732,0.6374241717218853,True
q9449,9449,85,5,4309,2100,0.4873520538407983,True
q9450,9450,77,5,4474,2182,0.4877067501117568,True
q9451,9451,103,5,9762,1997,0.20456873591477157,True
q9452,9452,77,5,4338,3177,0.7323651452282157,True
q9453,9453,77,5,4361,2609,0.598257280440266,True
q9454,9454,77,5,8742,4851,0.5549073438572409,True
q9455,9455,77,5,4177,3225,0.7720852286329902,True
q9456,9456,77,5,4292,2391,0.5570829450139795,True
q9457,9457,77,5,4203,3252,0.7737330478229836,True
q9458,9458,77,5,4678,1946,0.4159897392047884,True
q9459,9459,77,5,6085,2886,0.4742810188989318,True
q9460,9460,77,5,4685,1415,0.30202774813233724,True
q9461,9461,77,5,5508,3747,0.6802832244008714,True
q9462,9462,77,5,7466,4417,0.5916153227966783,True
q9463,9463,77,5,4251,2560,0.6022112444130793,True
q9464,9464,77,5,4179,3279,0.7846374730796841,True
q9465,9465,77,5,4611,2934,0.6363044892648015,True
q9466,9466,77,5,4350,2704,0.6216091954022989,True
q9467,9467,106,5,4680,3970,0.8482905982905983,True
q9468,9468,106,5,7145,2086,0.2919524142757173,True
q9469,9469,106,5,5022,2007,0.3996415770609319,True
q9470,9470,106,5,5029,3128,0.6219924438258103,True
q9471,9471,106,5,4612,3763,0.8159150043365134,True
q9472,9472,106,5,5212,2857,0.5481580966999232,True
q9473,9473,106,5,4744,3962,0.8351602023608768,True
q9474,9474,106,5,5365,4358,0.8123019571295433,True
q9475,9475,76,5,4203,2874,0.6837972876516774,True
q9476,9476,76,5,4553,3581,0.7865143861190423,True
q9477,9477,76,5,8782,5631,0.6411979048052835,True
q9478,9478,76,5,4411,2951,0.669009294944457,True
q9479,9479,76,5,6131,2231,0.36388843581797425,True
q9480,9480,76,5,4294,2731,0.636003726129483,True
q9481,9481,76,5,4569,1901,0.4160647844167214,True
q9482,9482,76,5,4807,2126,0.4422716871229457,True
q9483,9483,76,5,4199,3136,0.7468444867825673,True
q9484,9484,76,5,5522,1449,0.2624049257515393,True
q9485,9485,76,5,5782,3363,0.5816326530612245,True
q9486,9486,76,5,4748,2627,0.5532855939342881,True
q9487,9487,76,5,5801,1753,0.3021892777107395,True
q9488,9488,76,5,4331,2122,0.4899561302239667,True
q9489,9489,76,5,4241,3124,0.7366187219995284,True
q9490,9490,76,5,4966,2341,0.47140555779299237,True
q9491,9491,76,5,4462,2515,0.5636485880770955,True
q9492,9492,80,5,6585,2741,0.41624905087319664,True
q9493,9493,84,5,4549,2700,0.5935370411079358,True
q9495,9495,84,5,4914,2455,0.4995929995929996,True
q9496,9496,84,5,4891,3882,0.7937027192803108,True
q9497,9497,84,5,5449,3108,0.5703798862176546,True
q9498,9498,84,5,4833,3526,0.7295675563831988,True
q9499,9499,84,5,4945,2298,0.4647118301314459,True
q9500,9500,83,5,4307,3856,0.8952867425121894,True
q9501,9501,83,5,4573,2877,0.6291274874261973,True
q9502,9502,83,5,4498,2523,0.5609159626500667,True
q9503,9503,83,5,4451,2205,0.49539429341720964,True
q9504,9504,83,5,4365,2973,0.6810996563573883,True
q9505,9505,83,5,4443,3520,0.7922574836821967,True
q9506,9506,83,5,5740,1224,0.2132404181184669,True
q9507,9507,83,5,4358,3270,0.7503441945846718,True
q9508,9508,83,5,4305,2909,0.675725900116144,True
q9509,9509,83,5,4325,3278,0.7579190751445086,True
q9510,9510,83,5,4150,3822,0.9209638554216868,True
q9511,9511,83,5,4217,3620,0.8584301636234289,True
q9512,9512,83,5,4410,1929,0.43741496598639457,True
q9513,9513,83,5,4398,2777,0.6314233742610278,True
q9514,9514,83,5,4444,2119,0.4768226822682268,True
q9515,9515,83,5,4316,3660,0.8480074142724745,True
q9516,9516,83,5,5058,1411,0.2789640173981811,True
q9517,9517,83,5,4270,2685,0.6288056206088993,True
q9518,9518,83,5,4308,2795,0.6487929433611885,True
q9519,9519,83,5,6480,1757,0.271141975308642,True
q9520,9520,83,5,4506,2605,0.5781180648024856,True
q9521,9521,83,5,4465,2779,0.6223964165733482,True
q9522,9522,83,5,5224,2195,0.4201761102603369,True
q9523,9523,83,5,4321,3927,0.9088174033788475,True
q9524,9524,83,5,4386,2445,0.5574555403556771,True
q9525,9525,94,5,5647,3107,0.5502036479546661,True
q9526,9526,94,5,5165,2079,0.4025169409486931,True
q9527,9527,94,5,5215,4019,0.7706615532118888,True
q9528,9528,94,5,5359,2510,0.46837096473222617,True
q9529,9529,94,5,7088,4727,0.6669018058690744,True
q9530,9530,94,5,5533,4353,0.7867341406108802,True
q9531,9531,94,5,5467,3048,0.5575269800621914,True
q9533,9533,94,5,5321,3630,0.6822025934974629,True
q9534,9534,94,5,5530,3179,0.5748643761301989,True
q9535,9535,94,5,5477,4430,0.8088369545371554,True
q9536,9536,94,5,5247,3047,0.5807127882599581,True
q9537,9537,94,5,5284,4396,0.8319454958364875,True
q9538,9538,94,5,5034,2422,0.48112832737385774,True
q9539,9539,94,5,11006,1543,0.14019625658731602,True
q9541,9541,94,5,5365,2982,0.5558247903075489,True
q9542,9542,94,5,5143,2842,0.5525957612288548,True
q9543,9543,94,5,5694,1676,0.2943449244819108,True
q9544,9544,94,5,6012,1215,0.20209580838323354,True
q9545,9545,94,5,5077,4220,0.8311995272798897,True
q9547,9547,94,5,5171,2551,0.4933281763682073,True
q9548,9548,94,5,6885,2498,0.3628177196804648,True
q9549,9549,94,5,5761,1673,0.29040097205346294,True
q9575,9575,119,5,3546,2182,0.6153412295544275,True
q9576,9576,119,5,3972,2939,0.7399295065458208,True
q9580,9580,119,5,22647,14466,0.6387601006755862,True
q9581,9581,119,5,3323,2347,0.7062894974420704,True
q9582,9582,87,5,312,174,0.5576923076923077,True
q9583,9583,119,5,3291,2311,0.7022181707687633,True
q9587,9587,87,5,1553,816,0.5254346426271732,True
q9588,9588,119,5,3864,2898,0.75,True
q9590,9590,87,5,776,356,0.4587628865979381,True
q9591,9591,119,5,4135,3204,0.7748488512696493,True
q9592,9592,119,5,3113,2453,0.7879858657243817,True
q9596,9596,119,5,3569,2495,0.6990753712524517,True
q9597,9597,87,5,963,656,0.6812045690550363,True
q9600,9600,119,5,9438,6166,0.6533163805891079,True
q9601,9601,119,5,4679,2834,0.6056849754220988,True
q9602,9602,119,5,2564,2095,0.8170826833073322,True
q9603,9603,119,5,2819,2141,0.7594891805604824,True
q9607,9607,87,5,12153,7971,0.6558874352011849,True
q9609,9609,119,5,5322,2787,0.5236753100338218,True
q9610,9610,119,5,3608,2556,0.7084257206208425,True
q9611,9611,119,5,5130,3158,0.6155945419103314,True
q9614,9614,119,5,4211,2652,0.6297791498456423,True
q9616,9616,119,5,3275,2605,0.7954198473282442,True
q9617,9617,119,5,4168,3192,0.7658349328214972,True
q9618,9618,119,5,4643,3459,0.744992461770407,True
q9619,9619,119,5,2829,2542,0.8985507246376812,True
q9620,9620,119,5,2934,2482,0.8459441036128152,True
q9621,9621,87,5,12875,11404,0.885747572815534,True
q9622,9622,90,5,709,565,0.7968970380818053,True
q9623,9623,78,5,2639,1789,0.6779082985979538,True
q9624,9624,78,5,5557,4103,0.7383480295123268,True
q9625,9625,78,5,12997,5335,0.4104793413864738,True
q9627,9627,78,5,2914,2026,0.6952642415923129,True
q9628,9628,78,5,2899,1791,0.6177992411176267,True
q9630,9630,78,5,2552,1889,0.7402037617554859,True
q9632,9632,78,5,3147,2004,0.6367969494756911,True
q9633,9633,78,5,3161,2652,0.8389750079088896,True
q9634,9634,78,5,2663,1879,0.7055951933909125,True
q9636,9636,78,5,3154,2374,0.7526949904882688,True
q9637,9637,78,5,3016,1958,0.6492042440318302,True
q9639,9639,78,5,4524,2319,0.5125994694960212,True
q9640,9640,78,5,804,310,0.3855721393034826,True
q9641,9641,78,5,19674,9606,0.488258615431534,True
q9642,9642,78,5,428,324,0.7570093457943925,True
q9643,9643,78,5,4515,2848,0.6307862679955704,True
q9644,9644,78,5,2370,1688,0.7122362869198312,True
q9645,9645,78,5,292,233,0.797945205479452,True
q9646,9646,78,5,3042,1922,0.6318211702827088,True
q9647,9647,78,5,2383,1748,0.7335291649181703,True
q9648,9648,78,5,5720,2153,0.3763986013986014,True
q9649,9649,78,5,3725,2867,0.7696644295302013,True
q9650,9650,78,5,2958,1787,0.6041244083840432,True
q9651,9651,78,5,2437,1645,0.6750102585145671,True
q9652,9652,78,5,5722,2428,0.42432715833624607,True
q9653,9653,78,5,3597,2365,0.6574923547400612,True
q9654,9654,78,5,608,310,0.5098684210526315,True
q9655,9655,78,5,326,202,0.6196319018404908,True
q9656,9656,78,5,4076,2539,0.6229146221786065,True
q9657,9657,78,5,2883,1827,0.6337148803329865,True
q9659,9659,78,5,377,226,0.5994694960212201,True
q9660,9660,78,5,482,229,0.475103734439834,True
q9661,9661,78,5,3952,2443,0.618168016194332,True
q9662,9662,78,5,3793,2878,0.7587661481676773,True
q9663,9663,78,5,247,154,0.6234817813765182,True
q9665,9665,78,5,204,96,0.47058823529411764,True
q9666,9666,78,5,3615,1933,0.534716459197787,True
q9667,9667,78,5,2938,1828,0.6221919673247107,True
q9668,9668,76,5,4893,1928,0.3940322910279992,True
q9669,9669,85,5,4220,3186,0.7549763033175355,True
q9670,9670,83,5,4506,1724,0.38260097647581004,True
q9671,9671,85,5,4506,1445,0.32068353306702174,True
q9672,9672,83,5,6038,1643,0.27210997018880423,True
q9673,9673,77,5,4344,3239,0.7456261510128913,True
q9674,9674,85,5,4185,3302,0.7890083632019116,True
q9675,9675,83,5,4473,1824,0.40778001341381626,True
q9676,9676,77,5,4543,3353,0.7380585516178737,True
q9677,9677,85,5,3936,3673,0.9331808943089431,True
q9678,9678,85,5,4589,2955,0.6439311396818479,True
q9679,9679,85,5,4574,2378,0.519895059029296,True
q9680,9680,85,5,4191,3778,0.9014554998806967,True
q9681,9681,83,5,4439,2562,0.5771570173462491,True
q9682,9682,85,5,4244,1641,0.3866635249764373,True
q9683,9683,85,5,4324,2464,0.5698427382053654,True
q9684,9684,76,5,4308,3598,0.8351903435468895,True
q9685,9685,76,5,4373,2994,0.6846558426709353,True
q9686,9686,77,5,4218,3493,0.828117591275486,True
q9687,9687,85,5,4294,3276,0.7629250116441546,True
q9688,9688,76,5,4481,2182,0.48694487837536266,True
q9689,9689,85,5,4083,3179,0.7785941709527309,True
q9690,9690,77,5,4267,2652,0.6215139442231076,True
q9691,9691,77,5,4229,3466,0.819579096713171,True
q9692,9692,76,5,4472,1932,0.43202146690518783,True
q9693,9693,77,5,4340,3015,0.6947004608294931,True
q9694,9694,85,5,4318,1582,0.3663733209819361,True
q9695,9695,85,5,4429,3159,0.7132535561074734,True
q9696,9696,77,5,4406,3049,0.692010894235134,True
q9697,9697,83,5,4697,1387,0.29529486906536084,True
q9698,9698,77,5,4305,2726,0.6332171893147502,True
q9699,9699,85,5,4483,2006,0.44746821325005576,True
q9700,9700,77,5,4351,2625,0.6033095840036773,True
q9701,9701,76,5,4470,2238,0.5006711409395973,True
q9702,9702,83,5,4261,3552,0.8336071344754752,True
q9703,9703,76,5,4145,3645,0.879372738238842,True
q9704,9704,85,5,4276,2599,0.6078110383536015,True
q9705,9705,85,5,4095,3699,0.9032967032967033,True
q9706,9706,77,5,4486,3310,0.7378510922871154,True
q9707,9707,85,5,4247,3403,0.8012714857546503,True
q9708,9708,77,5,4051,3865,0.9540854110096273,True
q9709,9709,74,5,4252,3251,0.7645813734713076,True
q9710,9710,77,5,4868,1605,0.32970419063270334,True
q9711,9711,83,5,4350,1941,0.44620689655172413,True
q9712,9712,85,5,4203,3962,0.9426600047585059,True
q9713,9713,85,5,4174,3217,0.770723526593196,True
q9714,9714,85,5,4266,3942,0.9240506329113924,True
q9715,9715,76,5,4261,3925,0.9211452710631307,True
q9716,9716,76,5,4247,3780,0.890040028255239,True
q9717,9717,76,5,4308,2842,0.659702878365831,True
q9718,9718,77,5,4363,3098,0.7100618840247536,True
q9719,9719,85,5,4347,2383,0.5481941568898091,True
q9720,9720,85,5,4190,2986,0.7126491646778043,True
q9721,9721,96,5,9446,2764,0.2926106288376032,True
q9722,9722,77,5,4162,3649,0.8767419509851033,True
q9723,9723,77,5,5146,2869,0.5575204041974349,True
q9724,9724,85,5,4326,2443,0.5647249190938511,True
q9725,9725,96,5,6062,3125,0.5155064335202904,True
q9726,9726,77,5,4215,3191,0.7570581257413997,True
q9727,9727,85,5,4400,3307,0.7515909090909091,True
q9728,9728,85,5,4190,2564,0.6119331742243437,True
q9729,9729,77,5,4151,3984,0.9597687304264033,True
q9730,9730,77,5,4252,3564,0.8381937911571026,True
q9731,9731,83,5,5527,2002,0.3622218201555998,True
q9732,9732,76,5,4358,2424,0.5562184488297384,True
q9733,9733,77,5,4441,1604,0.36117991443368613,True
q9734,9734,83,5,4382,3438,0.7845732542218166,True
q9735,9735,83,5,4318,2363,0.547244094488189,True
q9736,9736,85,5,4141,3060,0.7389519439748853,True
q9737,9737,85,5,4352,3282,0.7541360294117647,True
q9738,9738,85,5,4311,1559,0.36163303177916956,True
q9739,9739,85,5,4285,3604,0.841073512252042,True
q9740,9740,76,5,4291,2852,0.664646935446283,True
q9741,9741,83,5,6560,1914,0.2917682926829268,True
q9742,9742,85,5,4320,1717,0.3974537037037037,True
q9743,9743,76,5,4352,2284,0.5248161764705882,True
q9744,9744,77,5,6622,3577,0.540169133192389,True
q9745,9745,77,5,4647,3835,0.8252636109317839,True
q9746,9746,76,5,4298,2858,0.6649604467194044,True
q9747,9747,77,5,4253,2599,0.6110980484363978,True
q9748,9748,94,5,5427,4376,0.8063386769854431,True
q9749,9749,76,5,4356,1926,0.44214876033057854,True
q9750,9750,77,5,4651,2569,0.552354332401634,True
q9751,9751,76,5,4425,1883,0.42553672316384183,True
q9752,9752,77,5,4419,2069,0.46820547635211585,True
q9753,9753,85,5,4144,3954,0.9541505791505791,True
q9754,9754,77,5,7012,4098,0.5844266970907016,True
q9755,9755,74,5,4255,3136,0.7370152761457109,True
q9756,9756,76,5,5390,2780,0.5157699443413729,True
q9757,9757,85,5,4320,3062,0.7087962962962963,True
q9758,9758,77,5,4156,3878,0.9331087584215592,True
q9759,9759,76,5,7228,4653,0.6437465412285556,True
q9760,9760,85,5,4407,1435,0.325618334467892,True
q9761,9761,76,5,4330,3190,0.7367205542725174,True
q9762,9762,76,5,4299,3830,0.8909048615957199,True
q9763,9763,85,5,4852,3394,0.6995053586150041,True
q9764,9764,76,5,4293,3801,0.8853948287910552,True
q9765,9765,77,5,4377,1817,0.41512451450765364,True
q9766,9766,76,5,4408,3390,0.7690562613430127,True
q9767,9767,85,5,5647,3040,0.5383389410306357,True
q9769,9769,77,5,4282,3766,0.8794955628211116,True
q9770,9770,71,5,4607,2540,0.551334925113957,True
q9771,9771,78,5,4496,2813,0.6256672597864769,True
q9772,9772,106,5,4316,4039,0.9358202038924931,True
q9773,9773,78,5,4284,3106,0.7250233426704015,True
q9774,9774,87,5,5983,3024,0.5054320574962393,True
q9776,9776,83,5,4486,2349,0.5236290682122158,True
q9777,9777,86,5,4516,3906,0.8649247121346324,True
q9778,9778,83,5,4285,3291,0.7680280046674446,True
q9779,9779,76,5,4270,3894,0.911943793911007,True
q9782,9782,85,5,4235,3540,0.8358913813459268,True
q9784,9784,74,5,4876,2380,0.48810500410172275,True
q9785,9785,71,5,4374,3453,0.789437585733882,True
q9786,9786,71,5,4183,3955,0.9454936648338513,True
q9787,9787,87,5,6389,4986,0.7804038190640162,True
q9789,9789,83,5,4499,3035,0.6745943543009558,True
q9790,9790,77,5,4530,2558,0.5646799116997793,True
q9791,9791,86,5,5588,2486,0.4448818897637795,True
q9792,9792,77,5,6365,1420,0.22309505106048705,True
q9793,9793,98,5,4419,3539,0.8008599230595157,True
q9794,9794,74,5,4088,3943,0.9645303326810176,True
q9795,9795,98,5,4409,2976,0.6749829893399864,True
q9796,9796,76,5,4288,3547,0.8271921641791045,True
q9797,9797,74,5,4209,2427,0.5766215253029223,True
q9830,9830,85,5,4366,2029,0.46472743930371047,True
q9831,9831,77,5,4256,2607,0.612546992481203,True
q9832,9832,76,5,4437,1922,0.433175569078206,True
q9833,9833,85,5,4338,1720,0.396496081143384,True
q9834,9834,77,5,4903,3278,0.6685702631042219,True
q9835,9835,76,5,5165,3358,0.6501452081316553,True
q9836,9836,77,5,4382,2244,0.5120949338201735,True
q9837,9837,85,5,4368,1827,0.4182692307692308,True
q9838,9838,83,5,4396,2319,0.5275250227479527,True
q9839,9839,85,5,4374,2055,0.46982167352537724,True
q9840,9840,76,5,4427,2619,0.591597018296815,True
q9841,9841,85,5,4442,2083,0.4689329131022062,True
q9842,9842,85,5,4157,3875,0.9321626172720712,True
q9843,9843,85,5,5692,1175,0.20643007730147575,True
q9844,9844,77,5,4219,3611,0.8558900213320693,True
q9845,9845,85,5,5127,3166,0.6175151160522723,True
q9846,9846,83,5,4288,3356,0.7826492537313433,True
q9847,9847,85,5,4348,2207,0.5075896964121435,True
q9848,9848,76,5,4322,2432,0.5627024525682555,True
q9849,9849,85,5,4218,2900,0.687529634898056,True
q9850,9850,85,5,4201,3577,0.8514639371578195,True
q9851,9851,77,5,4280,3748,0.8757009345794392,True
q9852,9852,77,5,4398,3908,0.8885857207821737,True
q9853,9853,85,5,4677,1413,0.3021167415009622,True
q9854,9854,83,5,4444,2842,0.6395139513951396,True
q9855,9855,83,5,4777,3181,0.6658990998534645,True
q9856,9856,76,5,4438,2242,0.5051825146462371,True
q9857,9857,76,5,4316,4064,0.9416126042632067,True
q9858,9858,85,5,4211,3876,0.9204464497744004,True
q9859,9859,85,5,4039,3495,0.8653131963357267,True
q9860,9860,85,5,4269,2946,0.6900913562895291,True
q9861,9861,77,5,5724,2509,0.4383298392732355,True
q9862,9862,85,5,4359,2795,0.6412021105758201,True
q9863,9863,85,5,4822,1320,0.2737453338863542,True
q9864,9864,76,5,4346,3402,0.7827887712839392,True
q9865,9865,76,5,5219,1684,0.3226671776202338,True
q9866,9866,85,5,4286,2557,0.5965935604293047,True
q9867,9867,76,5,4983,1441,0.2891832229580574,True
q9868,9868,77,5,4213,3954,0.9385236173747923,True
q9869,9869,76,5,4373,3556,0.8131717356505831,True
q9870,9870,76,5,4320,2141,0.49560185185185185,True
q9871,9871,85,5,5078,1275,0.2510831035840882,True
q9872,9872,83,5,4505,2201,0.48856825749167593,True
q9873,9873,76,5,6218,1153,0.1854293985204246,True
q9874,9874,85,5,4456,1712,0.38420107719928187,True
q9875,9875,77,5,4414,2872,0.6506570004531037,True
q9876,9876,83,5,4479,2467,0.5507925876311677,True
q9877,9877,76,5,4504,2425,0.5384103019538188,True
q9878,9878,85,5,5638,1236,0.2192266761262859,True
q9879,9879,83,5,4712,2878,0.6107809847198642,True
q9881,9881,74,5,4189,3344,0.7982812126999284,True
q9882,9882,76,5,4623,2930,0.6337875838200303,True
q9883,9883,94,5,6638,3931,0.5921964447122627,True
q9884,9884,86,5,4469,3821,0.8550011188185276,True
q9885,9885,85,5,4472,1769,0.39557245080500897,True
q9886,9886,77,5,4143,3735,0.9015206372194062,True
q9887,9887,76,5,4284,3752,0.8758169934640523,True
q9888,9888,71,5,4398,3966,0.9017735334242838,True
q9889,9889,119,5,4429,3376,0.7622488146308422,True
q9890,9890,77,5,4263,1630,0.3823598404879193,True
q9891,9891,83,5,4370,2588,0.5922196796338672,True
q9892,9892,74,5,4203,3731,0.8876992624315965,True
q9893,9893,85,5,4494,1908,0.42456608811748997,True
q9894,9894,106,5,5123,3386,0.6609408549677923,True
q9895,9895,74,5,4021,3046,0.757523004227804,True
q9896,9896,71,5,5828,2636,0.45229924502402197,True
q9897,9897,77,5,4206,3562,0.8468854018069425,True
q9898,9898,103,5,6233,3312,0.5313653136531366,True
q9899,9899,83,5,5078,3332,0.6561638440330839,True
q9901,9901,74,5,4995,3718,0.7443443443443444,True
q9902,9902,83,5,4236,2842,0.6709159584513692,True
q9903,9903,119,5,4608,3291,0.7141927083333334,True
q9904,9904,77,5,4267,2657,0.6226857276775252,True
q9907,9907,74,5,4831,1428,0.2955909749534258,True
q9909,9909,76,5,4397,2335,0.5310438935637934,True
q9910,9910,85,5,5580,3344,0.5992831541218638,True
q9911,9911,85,5,4722,2520,0.5336721728081322,True
q9912,9912,85,5,4480,1937,0.4323660714285714,True
q9913,9913,85,5,5047,1039,0.20586487021993263,True
q9914,9914,85,5,4283,3759,0.8776558487041793,True
q9915,9915,85,5,4342,1617,0.37240902809765086,True
q9916,9916,85,5,4279,2617,0.6115914933395653,True
q9917,9917,85,5,4376,2075,0.4741773308957952,True
q9918,9918,85,5,4527,2802,0.6189529489728297,True
q9919,9919,85,5,4292,3660,0.8527493010251631,True
q9920,9920,85,5,4334,2552,0.5888324873096447,True
q9921,9921,85,5,4470,2458,0.5498881431767337,True
q9922,9922,85,5,4709,1686,0.35803779995752816,True
q9923,9923,85,5,4126,2902,0.7033446437227339,True
q9924,9924,85,5,4225,3489,0.8257988165680473,True
q9925,9925,85,5,4407,2068,0.46925346040390287,True
q9926,9926,85,5,4125,2927,0.7095757575757575,True
q9927,9927,85,5,4203,2713,0.6454913157268618,True
q9928,9928,85,5,4314,2880,0.6675938803894298,True
q9929,9929,85,5,4282,2633,0.6148995796356843,True
q9930,9930,85,5,4366,2533,0.5801649106733853,True
q9931,9931,85,5,4269,3028,0.7092996017802764,True
q9932,9932,85,5,4461,2128,0.4770230889934992,True
q9933,9933,85,5,4216,3245,0.7696869070208728,True
q9934,9934,85,5,5539,3535,0.6382018414876331,True
q9935,9935,77,5,4305,3275,0.7607433217189314,True
q9936,9936,77,5,4161,3669,0.8817591925018025,True
q9937,9937,77,5,4664,3103,0.6653087478559176,True
q9938,9938,77,5,4160,2909,0.6992788461538462,True
q9939,9939,77,5,4169,2739,0.6569920844327177,True
q9940,9940,77,5,5768,1793,0.3108529819694868,True
q9941,9941,77,5,4368,3321,0.7603021978021978,True
q9942,9942,77,5,4223,3653,0.8650248638408714,True
q9943,9943,77,5,4295,2722,0.6337601862630966,True
q9944,9944,77,5,4330,2713,0.6265588914549653,True
q9945,9945,77,5,4110,3782,0.9201946472019464,True
q9946,9946,77,5,4634,3552,0.7665084160552439,True
q9947,9947,77,5,5682,3391,0.59679690249912,True
q9948,9948,77,5,4109,3524,0.8576295935750791,True
q9949,9949,77,5,4333,2040,0.4708054465728133,True
q9950,9950,77,5,4872,2454,0.5036945812807881,True
q9951,9951,77,5,4696,1822,0.38798977853492334,True
q9952,9952,77,5,4386,2559,0.5834473324213406,True
q9953,9953,77,5,4276,2507,0.5862956033676333,True
q9954,9954,77,5,5199,2431,0.46758992113868053,True
q9955,9955,77,5,4419,1622,0.367051369088029,True
q9956,9956,106,5,4627,3845,0.8309920034579641,True
q9957,9957,106,5,4539,4014,0.88433575677462,True
q9958,9958,106,5,6441,2444,0.3794441856854526,True
q9959,9959,106,5,5318,2399,0.451109439638962,True
q9960,9960,76,5,4206,3609,0.8580599144079886,True
q9961,9961,76,5,4302,3909,0.9086471408647141,True
q9962,9962,76,5,4357,2788,0.639889832453523,True
q9963,9963,76,5,4499,3668,0.8152922871749277,True
q9964,9964,76,5,4373,2160,0.49394008689686714,True
q9965,9965,76,5,4599,3502,0.761469884757556,True
q9966,9966,76,5,4298,3014,0.7012563983248022,True
q9967,9967,76,5,4158,3890,0.9355459355459356,True
q9968,9968,76,5,5059,1834,0.36252223759636293,True
q9969,9969,76,5,4456,3547,0.7960053859964094,True
q9970,9970,76,5,4290,3215,0.7494172494172494,True
q9971,9971,76,5,4549,1986,0.43657946801494835,True
q9972,9972,76,5,4323,2759,0.6382142030996992,True
q9973,9973,76,5,4286,3179,0.7417172188520765,True
q9974,9974,76,5,4458,1624,0.3642889187976671,True
q9975,9975,76,5,4715,3934,0.8343584305408271,True
q9976,9976,76,5,4556,3236,0.7102721685689201,True
q9977,9977,76,5,4322,2194,0.5076353540027765,True
q9978,9978,76,5,4332,3418,0.7890120036934442,True
q9979,9979,76,5,4368,3544,0.8113553113553114,True
q9980,9980,76,5,4304,2176,0.5055762081784386,True
q9981,9981,84,5,4378,3222,0.735952489721334,True
q9982,9982,84,5,5225,2604,0.4983732057416268,True
q9983,9983,84,5,4427,2838,0.6410661847752428,True
q9984,9984,84,5,7141,2464,0.3450497129253606,True
q9985,9985,83,5,4774,3046,0.6380393799748638,True
q9986,9986,83,5,4379,2756,0.6293674354875542,True
q9988,9988,83,5,4382,3337,0.7615244180739389,True
q9989,9989,83,5,4265,3751,0.8794841735052755,True
q9990,9990,83,5,4743,3606,0.7602783048703352,True
q9991,9991,83,5,4365,2917,0.6682703321878579,True
q9992,9992,83,5,4312,3260,0.7560296846011132,True
q9993,9993,83,5,4536,2777,0.6122134038800705,True
q9994,9994,83,5,4275,3369,0.7880701754385965,True
q9995,9995,83,5,4381,2987,0.6818078064368865,True
q9996,9996,83,5,4486,3024,0.6740971912617031,True
q9997,9997,83,5,4622,2084,0.4508870618779749,True
q9998,9998,83,5,4384,2751,0.6275091240875912,True
q9999,9999,83,5,4315,3790,0.8783314020857474,True
q10000,10000,83,5,4436,2527,0.5696573489630298,True
q10001,10001,83,5,4261,2899,0.680356723773762,True
q10002,10002,83,5,4345,2302,0.5298043728423475,True
q10003,10003,83,5,4339,3104,0.715372205577322,True
q10004,10004,83,5,4421,3812,0.862248360099525,True
q10005,10005,83,5,4707,2910,0.6182281708094327,True
q10006,10006,83,5,4427,3339,0.7542353738423312,True
q10007,10007,71,5,4284,3523,0.8223622782446312,True
q10008,10008,71,5,4191,3957,0.9441660701503222,True
q10009,10009,71,5,6077,2363,0.3888431792002633,True
q10010,10010,78,5,4657,2870,0.6162765729010092,True
q10011,10011,78,5,3448,2741,0.794953596287703,True
q10012,10012,78,5,3551,2344,0.6600957476767108,True
q10013,10013,78,5,3869,3012,0.7784957353321271,True
q10014,10014,78,5,3943,2670,0.6771493786457012,True
q10016,10016,78,5,3424,2418,0.7061915887850467,True
q10017,10017,78,5,3406,2495,0.7325308279506753,True
q10018,10018,78,5,4354,2943,0.6759301791456133,True
q10020,10020,78,5,24072,6773,0.28136424061149884,True
q10021,10021,78,5,257,170,0.6614785992217899,True
q10022,10022,78,5,12180,6568,0.5392446633825945,True
q10023,10023,78,5,221,173,0.7828054298642534,True
q10024,10024,78,5,4310,3136,0.7276102088167054,True
q10025,10025,78,5,3136,2194,0.6996173469387755,True
q10026,10026,78,5,13359,6601,0.4941238116625496,True
q10027,10027,78,5,13855,6907,0.49852038975099244,True
q10028,10028,78,5,5316,3029,0.5697893152746426,True
q10029,10029,78,5,4974,2720,0.5468435866505831,True
q10030,10030,78,5,3032,2076,0.6846965699208444,True
q10031,10031,78,5,2871,2091,0.7283176593521421,True
q10032,10032,78,5,7999,3608,0.45105638204775594,True
q10033,10033,78,5,4321,2656,0.6146725295070585,True
q10034,10034,78,5,4866,2699,0.5546650226058364,True
q10035,10035,78,5,211,162,0.7677725118483413,True
q10036,10036,78,5,3732,2861,0.7666130760986066,True
q10037,10037,78,5,215,150,0.6976744186046512,True
q10038,10038,78,5,4020,2079,0.5171641791044777,True
q10039,10039,78,5,8911,4883,0.5479744136460555,True
q10042,10042,78,5,14547,6881,0.4730184917852478,True
q10043,10043,78,5,3800,2748,0.7231578947368421,True
q10044,10044,78,5,3216,2549,0.7925995024875622,True
q10045,10045,78,5,4097,2217,0.5411276543812545,True
q10046,10046,78,5,3913,2698,0.6894965499616662,True
q10047,10047,78,5,4245,2699,0.6358068315665489,True
q10048,10048,78,5,5233,4204,0.8033632715459583,True
q10049,10049,78,5,3339,2554,0.7648996705600479,True
q10050,10050,78,5,4713,4064,0.862295777636325,True
q10051,10051,78,5,4305,3302,0.7670150987224158,True
q10052,10052,78,5,4195,2926,0.6974970202622169,True
q10054,10054,78,5,2914,2252,0.7728208647906658,True
q10055,10055,78,5,3559,2327,0.6538353470075864,True
q10056,10056,76,5,4341,3012,0.6938493434692468,True
q10057,10057,76,5,4407,2612,0.5926934422509643,True
q10058,10058,76,5,4356,3443,0.7904040404040404,True
q10059,10059,76,5,4149,3173,0.7647625933959991,True
q10060,10060,76,5,4395,2364,0.5378839590443686,True
q10061,10061,76,5,4565,1814,0.3973713033953998,True
q10062,10062,76,5,4817,2461,0.5108988997301225,True
q10063,10063,76,5,4818,1674,0.34744707347447074,True
q10064,10064,76,5,4908,3415,0.6958027709861451,True
q10065,10065,76,5,4267,3971,0.9306304194984767,True
q10066,10066,76,5,4289,2465,0.5747260433667521,True
q10067,10067,76,5,5358,3753,0.700447928331467,True
q10069,10069,76,5,4241,2340,0.5517566611648196,True
q10070,10070,76,5,4654,1930,0.41469703480876663,True
q10071,10071,76,5,4206,3512,0.8349976224441275,True
q10072,10072,76,5,4449,2692,0.6050797932119577,True
q10073,10073,76,5,4866,2159,0.44369091656391285,True
q10074,10074,76,5,4392,2438,0.5551001821493625,True
q10075,10075,76,5,4378,3582,0.8181818181818182,True
q10076,10076,76,5,4289,3033,0.7071578456516671,True
q10077,10077,84,5,4992,1891,0.37880608974358976,True
q10078,10078,84,5,4486,3201,0.7135532768613464,True
q10079,10079,84,5,7199,1535,0.21322405889706902,True
q10080,10080,84,5,4710,2934,0.6229299363057325,True
q10081,10081,83,5,4518,1778,0.3935369632580788,True
q10082,10082,83,5,5506,1228,0.22302942244823828,True
q10083,10083,83,5,4290,2946,0.6867132867132867,True
q10084,10084,83,5,4208,2943,0.6993821292775665,True
q10085,10085,83,5,4539,1768,0.3895131086142322,True
q10086,10086,83,5,4310,2716,0.6301624129930394,True
q10087,10087,83,5,4214,2248,0.5334598955861415,True
q10088,10088,83,5,4309,3957,0.9183105128800185,True
q10089,10089,83,5,4446,2667,0.5998650472334683,True
q10090,10090,83,5,4418,2582,0.5844273426889995,True
q10091,10091,83,5,4359,1973,0.45262674925441615,True
q10092,10092,83,5,4434,2191,0.4941362201172756,True
q10093,10093,83,5,4284,3055,0.7131185807656396,True
q10094,10094,83,5,4330,2385,0.5508083140877598,True
q10095,10095,83,5,4303,4058,0.9430629793167558,True
q10096,10096,83,5,4386,2842,0.6479708162334701,True
q10097,10097,83,5,4338,3863,0.8905025357307514,True
q10098,10098,83,5,4195,3531,0.8417163289630513,True
q10099,10099,83,5,5597,2395,0.427907807754154,True
q10100,10100,83,5,4501,1924,0.4274605643190402,True
q10101,10101,83,5,4092,3723,0.9098240469208211,True
q10102,10102,84,5,5837,1596,0.2734281308891554,True
q10103,10103,71,5,4822,3065,0.6356283699709664,True
q10105,10105,83,5,4295,2966,0.690570430733411,True
q10109,10109,83,5,4390,2226,0.5070615034168565,True
q10110,10110,77,5,4208,3187,0.7573669201520913,True
q10111,10111,77,5,4734,1299,0.2743979721166033,True
q10112,10112,76,5,4346,2443,0.5621260929590428,True
q10113,10113,77,5,4335,2722,0.6279123414071511,True
q10114,10114,85,5,6392,3045,0.4763767209011264,True
q10115,10115,85,5,4467,1574,0.35236176404745917,True
q10116,10116,85,5,4188,3202,0.7645654250238777,True
q10117,10117,77,5,4573,1585,0.34659960638530507,True
q10118,10118,85,5,4668,2372,0.508140531276778,True
q10119,10119,77,5,4336,2853,0.6579797047970479,True
q10120,10120,77,5,4186,3138,0.749641662685141,True
q10121,10121,77,5,4246,2562,0.6033914272256241,True
q10122,10122,85,5,4268,1947,0.45618556701030927,True
q10123,10123,83,5,4339,2421,0.557962664208343,True
q10124,10124,83,5,4460,2748,0.6161434977578475,True
q10125,10125,85,5,4232,1662,0.3927221172022684,True
q10126,10126,85,5,4177,2633,0.6303567153459421,True
q10127,10127,85,5,4674,1999,0.42768506632434744,True
q10128,10128,83,5,8204,2096,0.2554851292052657,True
q10129,10129,76,5,4342,2860,0.6586826347305389,True
q10130,10130,76,5,4563,2270,0.49747972824895903,True
q10131,10131,77,5,4318,2671,0.6185734136174155,True
q10132,10132,76,5,4521,3539,0.7827914178279142,True
q10133,10133,83,5,5954,2056,0.3453140745717165,True
q10134,10134,77,5,4327,3020,0.6979431476773746,True
q10135,10135,85,5,4239,2529,0.5966029723991507,True
q10136,10136,77,5,5990,1305,0.21786310517529214,True
q10137,10137,77,5,4709,2854,0.6060734763219368,True
q10138,10138,77,5,4537,3400,0.7493938726030417,True
q10139,10139,85,5,4432,2153,0.4857851985559567,True
q10140,10140,77,5,4881,1208,0.24749026838762547,True
q10141,10141,85,5,4508,3808,0.84472049689441,True
q10142,10142,76,5,4324,2730,0.6313598519888992,True
q10143,10143,85,5,4254,2987,0.7021626704278326,True
q10144,10144,77,5,4383,2619,0.5975359342915811,True
q10145,10145,85,5,4344,2874,0.6616022099447514,True
q10146,10146,85,5,5497,1647,0.2996179734400582,True
q10147,10147,76,5,4562,1830,0.40113985094256904,True
q10148,10148,78,5,6875,1740,0.2530909090909091,True
q10149,10149,85,5,4441,1541,0.3469939202882234,True
q10150,10150,83,5,6579,1908,0.29001367989056087,True
q10151,10151,83,5,4231,3903,0.9224769558024107,True
q10152,10152,83,5,4350,2744,0.6308045977011494,True
q10153,10153,77,5,4388,3368,0.7675478577939836,True
q10154,10154,85,5,4250,2672,0.6287058823529412,True
q10155,10155,77,5,4295,3605,0.8393480791618161,True
q10156,10156,85,5,4311,2615,0.6065877986546045,True
q10157,10157,85,5,4249,2127,0.5005883737349964,True
q10158,10158,85,5,4354,2988,0.6862655029857602,True
q10159,10159,85,5,4325,1799,0.41595375722543354,True
q10160,10160,85,5,4299,2721,0.6329378925331473,True
q10161,10161,85,5,5385,4039,0.7500464252553389,True
q10162,10162,85,5,4076,3334,0.8179587831207066,True
q10163,10163,85,5,4343,2754,0.6341238775040294,True
q10164,10164,85,5,4613,1391,0.3015391285497507,True
q10165,10165,85,5,4318,1681,0.389300602130616,True
q10166,10166,85,5,4293,3786,0.8819007686932215,True
q10167,10167,85,5,4759,3104,0.6522378650977096,True
q10168,10168,85,5,4276,3492,0.8166510757717493,True
q10169,10169,85,5,4323,3539,0.8186444598658339,True
q10170,10170,85,5,4349,3357,0.7719015865716257,True
q10171,10171,85,5,4151,2664,0.6417730667309082,True
q10172,10172,85,5,4382,2038,0.4650844363304427,True
q10173,10173,85,5,4243,3109,0.73273627150601,True
q10174,10174,85,5,4380,2075,0.4737442922374429,True
q10175,10175,85,5,4551,1524,0.3348714568226763,True
q10176,10176,85,5,4196,2851,0.6794566253574833,True
q10177,10177,85,5,4209,3214,0.7636018056545498,True
q10179,10179,85,5,4415,2554,0.5784824462061156,True
q10180,10180,85,5,4168,3843,0.9220249520153551,True
q10181,10181,77,5,4496,3146,0.6997330960854092,True
q10182,10182,77,5,4182,3393,0.8113342898134863,True
q10183,10183,77,5,4192,2433,0.5803912213740458,True
q10184,10184,77,5,4251,2910,0.68454481298518,True
q10185,10185,77,5,6173,1783,0.28883849019925484,True
q10186,10186,77,5,4352,2393,0.5498621323529411,True
q10187,10187,77,5,4486,2993,0.6671868033883193,True
q10188,10188,77,5,5293,3304,0.6242206688078594,True
q10189,10189,77,5,4308,3398,0.7887650882079852,True
q10190,10190,77,5,5205,2387,0.45859750240153696,True
q10191,10191,77,5,4309,2127,0.49361800881875145,True
q10192,10192,77,5,4324,3399,0.7860777058279371,True
q10193,10193,77,5,4639,2799,0.60336279370554,True
q10194,10194,77,5,4296,1895,0.4411080074487896,True
q10195,10195,77,5,4524,3531,0.7805039787798409,True
q10196,10196,77,5,4781,3080,0.6442166910688141,True
q10197,10197,77,5,4597,1083,0.23558842723515336,True
q10198,10198,77,5,4164,3761,0.9032180595581172,True
q10199,10199,77,5,4378,2289,0.5228414801279123,True
q10200,10200,77,5,4291,2655,0.61873689116756,True
q10201,10201,77,5,4252,3427,0.8059736594543744,True
q10203,10203,106,5,6019,2390,0.3970759262335936,True
q10204,10204,106,5,5812,2141,0.3683757742601514,True
q10205,10205,106,5,5246,2250,0.428898208158597,True
q10206,10206,76,5,4527,2897,0.639938148884471,True
q10207,10207,76,5,4665,3761,0.8062165058949625,True
q10208,10208,76,5,4277,3944,0.9221416880991349,True
q10209,10209,76,5,4467,3590,0.8036713678083726,True
q10210,10210,76,5,4155,3449,0.8300842358604091,True
q10211,10211,76,5,4415,2459,0.556964892412231,True
q10212,10212,76,5,4314,2498,0.579044969865554,True
q10213,10213,76,5,4605,1680,0.36482084690553745,True
q10214,10214,76,5,4563,1538,0.3370589524435678,True
q10215,10215,76,5,4333,3253,0.7507500576967459,True
q10216,10216,76,5,4202,3211,0.7641599238457877,True
q10217,10217,76,5,4352,1906,0.43795955882352944,True
q10218,10218,76,5,4193,2959,0.7056999761507274,True
q10219,10219,76,5,4613,2426,0.5259050509429872,True
q10220,10220,76,5,4344,3518,0.8098526703499079,True
q10221,10221,76,5,4646,3560,0.7662505380972879,True
q10222,10222,76,5,5097,2910,0.5709240729841083,True
q10223,10223,76,5,4515,3183,0.704983388704319,True
q10224,10224,76,5,4314,3554,0.8238293926750115,True
q10225,10225,76,5,4402,3130,0.7110404361653794,True
q10226,10226,76,5,6179,3232,0.5230619841398284,True
q10227,10227,84,5,4488,3261,0.7266042780748663,True
q10228,10228,84,5,5049,3076,0.609229550406021,True
q10229,10229,84,5,4624,4044,0.8745674740484429,True
q10230,10230,84,5,4728,2092,0.44247038917089676,True
q10231,10231,83,5,4241,3739,0.8816316906390003,True
q10233,10233,83,5,4474,4070,0.9097004917299956,True
q10234,10234,83,5,4281,3345,0.7813594954449895,True
q10235,10235,83,5,4570,2945,0.6444201312910285,True
q10236,10236,83,5,6191,2679,0.4327249232757228,True
q10237,10237,83,5,4401,3316,0.753465121563281,True
q10238,10238,83,5,4254,3020,0.7099200752233192,True
q10239,10239,83,5,6074,2303,0.37915706289101087,True
q10240,10240,83,5,4361,3103,0.7115340518229764,True
q10241,10241,83,5,4683,2364,0.5048046124279308,True
q10242,10242,83,5,4316,3578,0.8290083410565339,True
q10243,10243,83,5,4583,2044,0.44599607244163214,True
q10244,10244,83,5,4252,3660,0.8607714016933208,True
q10245,10245,83,5,4478,2142,0.47833854399285397,True
q10246,10246,83,5,4400,2662,0.605,True
q10247,10247,83,5,4289,2461,0.573793425040802,True
q10248,10248,83,5,4174,3089,0.7400574988021082,True
q10249,10249,83,5,4235,3366,0.7948051948051948,True
q10250,10250,83,5,4264,3179,0.7455440900562852,True
q10251,10251,83,5,5073,2234,0.4403705893948354,True
q10256,10256,77,5,4114,2668,0.6485172581429266,True
q10257,10257,76,5,4661,1562,0.3351212186226132,True
q10258,10258,77,5,4206,3943,0.937470280551593,True
q10259,10259,83,5,4216,3437,0.8152277039848197,True
q10260,10260,76,5,4442,2317,0.5216118865375957,True
q10261,10261,76,5,4319,3796,0.8789071544338968,True
q10262,10262,76,5,4358,2389,0.5481872418540615,True
q10263,10263,77,5,4777,3631,0.7601004814737283,True
q10264,10264,77,5,4158,3959,0.9521404521404522,True
q10265,10265,85,5,4383,2183,0.49806068902578143,True
q10266,10266,77,5,6636,2108,0.3176612417118746,True
q10267,10267,85,5,4538,2799,0.616791538122521,True
q10268,10268,77,5,4369,3266,0.7475394827191577,True
q10269,10269,76,5,4314,2574,0.5966620305980529,True
q10270,10270,76,5,4400,2986,0.6786363636363636,True
q10271,10271,77,5,4537,1577,0.34758651091029313,True
q10272,10272,76,5,6498,1710,0.2631578947368421,True
q10273,10273,85,5,4235,3285,0.7756788665879575,True
q10274,10274,76,5,4350,2762,0.6349425287356322,True
q10275,10275,77,5,4071,3863,0.9489069024809629,True
q10276,10276,76,5,4377,2559,0.5846470185058259,True
q10277,10277,77,5,4119,3455,0.8387958242291819,True
q10278,10278,77,5,4279,3146,0.7352185089974294,True
q10279,10279,77,5,4362,2429,0.5568546538285191,True
q10280,10280,85,5,4391,2432,0.5538601685265315,True
q10281,10281,85,5,4397,1479,0.3363657038890152,True
q10282,10282,77,5,4159,3822,0.9189709064679009,True
q10283,10283,77,5,4222,2844,0.6736144007579347,True
q10284,10284,85,5,4154,3401,0.8187289359653346,True
q10285,10285,76,5,4297,2943,0.6848964393763091,True
q10286,10286,76,5,4302,2769,0.6436541143654114,True
q10287,10287,76,5,4330,3339,0.7711316397228637,True
q10288,10288,77,5,5259,1962,0.3730747290359384,True
q10289,10289,77,5,4334,3804,0.8777111213659436,True
q10290,10290,77,5,4313,2013,0.4667284952469279,True
q10291,10291,85,5,6792,1799,0.26487043580683156,True
q10292,10292,85,5,4595,3828,0.8330794341675735,True
q10293,10293,85,5,6349,3566,0.5616632540557568,True
q10294,10294,85,5,5044,2198,0.4357652656621729,True
q10295,10295,76,5,4736,2112,0.44594594594594594,True
q10296,10296,85,5,4278,1897,0.4434315100514259,True
q10297,10297,83,5,4204,3636,0.8648905803996194,True
q10298,10298,85,5,4145,3391,0.8180940892641737,True
q10299,10299,85,5,4106,3710,0.9035557720409158,True
q10300,10300,76,5,4571,2969,0.6495296434040692,True
q10301,10301,85,5,4341,2050,0.47224141902787375,True
q10302,10302,76,5,4321,3534,0.817866234667901,True
q10303,10303,77,5,4608,2711,0.5883246527777778,True
q10304,10304,76,5,8871,1839,0.20730470071017923,True
q10305,10305,85,5,4558,2114,0.4637999122422115,True
q10306,10306,88,5,4405,4028,0.9144154370034052,True
q10309,10309,74,5,4231,3368,0.7960293074923186,True
q10310,10310,85,5,4228,3716,0.8789025543992431,True
q10311,10311,71,5,4329,3813,0.8808038808038808,True
q10312,10312,78,5,4353,3345,0.7684355616815989,True
q10314,10314,74,5,4963,1076,0.21680435220632682,True
q10315,10315,86,5,4431,3943,0.8898668472128187,True
q10316,10316,83,5,5124,3600,0.702576112412178,True
q10317,10317,85,5,5479,3199,0.5838656689176857,True
q10319,10319,84,5,4420,3505,0.7929864253393665,True
q10320,10320,76,5,4395,2312,0.5260523321956769,True
q10322,10322,83,5,5277,1688,0.31987871896911124,True
q10323,10323,96,5,6108,4821,0.7892927308447937,True
q10324,10324,77,5,4066,2954,0.7265125430398426,True
q10325,10325,94,5,8760,3532,0.4031963470319635,True
q10326,10326,77,5,4230,3512,0.8302600472813239,True
q10327,10327,71,5,4385,3561,0.8120866590649943,True
q10328,10328,78,5,4391,3355,0.7640628558414939,True
q10330,10330,74,5,4157,3500,0.8419533317296127,True
q10331,10331,86,5,6187,3262,0.5272345240019396,True
q10332,10332,85,5,4358,1972,0.45250114731528224,True
q10334,10334,78,5,4546,1800,0.3959524857017158,True
q10335,10335,77,5,4371,1922,0.4397163120567376,True
q10345,10345,85,6,4574,3589,0.7846523830345431,True
q10346,10346,143,6,4570,4245,0.9288840262582057,True
q10347,10347,106,6,4572,3906,0.8543307086614174,True
q10348,10348,83,6,5178,4443,0.858053302433372,True
q10349,10349,77,6,5179,3957,0.7640471133423441,True
q10350,10350,143,6,5181,4840,0.9341825902335457,True
q10352,10352,85,6,5735,2077,0.3621621621621622,True
q10353,10353,106,6,5736,3282,0.5721757322175732,True
q10354,10354,143,6,5735,2862,0.4990409764603313,True
q10355,10355,78,6,5734,3691,0.6437042204394838,True
q10357,10357,143,6,6502,2673,0.4111042756075054,True
q10359,10359,85,6,6500,5149,0.7921538461538462,True
q10360,10360,76,6,4764,3569,0.7491603694374476,True
q10361,10361,143,6,4763,3596,0.754986353138778,True
q10362,10362,77,6,4764,2738,0.5747271200671704,True
q10363,10363,86,6,4764,2373,0.4981108312342569,True
q10365,10365,143,6,6714,4879,0.7266904974679773,True
q10366,10366,85,6,6713,2070,0.3083569194100998,True
q10367,10367,90,6,6713,1475,0.21972292566661702,True
q10600,10600,143,6,5683,4364,0.7679042759106106,True
q10602,10602,84,6,7261,3411,0.4697700041316623,True
q10604,10604,77,6,7263,4325,0.5954839597962275,True
q10605,10605,143,6,7262,2305,0.3174056733682181,True
q10607,10607,86,6,7447,5373,0.7214985900362562,True
q10609,10609,143,6,7445,5320,0.7145735392881128,True
q10612,10612,143,6,6771,4045,0.5974006793678924,True
q10613,10613,74,6,6770,2593,0.38301329394387,True
q10614,10614,85,6,4962,1208,0.2434502216848045,True
q10615,10615,143,6,4960,1954,0.39395161290322583,True
q10617,10617,77,6,4961,1814,0.36565208627292883,True
q10618,10618,143,6,5125,4321,0.8431219512195122,True
q10619,10619,85,6,5121,1934,0.3776606131614919,True
q10621,10621,85,6,5124,3667,0.7156518345042935,True
q10622,10622,143,6,5851,3809,0.6509998290890446,True
q10623,10623,77,6,5855,1688,0.2883005977796755,True
q10624,10624,85,6,5853,2589,0.442337262942081,True
q10626,10626,74,6,6347,571,0.08996376240743659,True
q10627,10627,143,6,6346,4505,0.7098959974787268,True
q10629,10629,77,6,6347,3972,0.6258074680951631,True
q10630,10630,77,6,5886,5494,0.9334012911994564,True
q10632,10632,85,6,5884,4012,0.681849082256968,True
q10633,10633,143,6,5890,2384,0.4047538200339559,True
q10634,10634,76,6,28203,16268,0.5768180689997519,True
q10635,10635,77,6,28209,25843,0.9161260590591656,True
q10637,10637,143,6,28211,7704,0.2730849668568998,True
q10640,10640,77,6,24847,18737,0.7540950617780818,True
q10641,10641,143,6,24852,20030,0.8059713503943344,True
q10642,10642,98,6,23616,20794,0.8805047425474255,True
q10644,10644,85,6,23620,19157,0.8110499576629975,True
q10645,10645,143,6,23621,17705,0.7495448964904111,True
q10646,10646,85,6,13501,6956,0.5152210947337235,True
q10647,10647,143,6,13504,5982,0.44297985781990523,True
q10648,10648,83,6,13494,6521,0.48325181562175784,True
q10650,10650,71,6,5032,3442,0.6840222575516693,True
q10651,10651,90,6,5031,3682,0.7318624527926854,True
q10652,10652,143,6,5031,2564,0.5096402305704631,True
q10653,10653,77,6,5031,3647,0.7249055853707016,True
q10654,10654,74,6,5341,1674,0.31342445234974725,True
q10655,10655,77,6,5337,3648,0.6835300730747611,True
q10656,10656,143,6,5340,4709,0.8818352059925093,True
q10658,10658,143,6,5411,3846,0.7107743485492515,True
q10659,10659,76,6,5412,858,0.15853658536585366,True
q10660,10660,78,6,5411,4709,0.8702642764738495,True
q10661,10661,98,6,5412,4756,0.8787878787878788,True
q10662,10662,77,6,4788,2466,0.5150375939849624,True
q10663,10663,143,6,4787,3489,0.7288489659494464,True
q10664,10664,83,6,4786,4400,0.9193480986209779,True
q10665,10665,85,6,4787,1100,0.2297890119072488,True
q10667,10667,85,6,6629,3571,0.5386936189470508,True
q10668,10668,143,6,6627,5145,0.7763693979176097,True
q10701,10701,143,6,7630,5483,0.718610747051114,True
q10702,10702,74,6,7629,3834,0.5025560361777428,True
q10703,10703,85,6,7631,3659,0.47949154763464813,True
q10704,10704,143,6,4193,3573,0.8521345098974481,True
q10705,10705,83,6,4194,2646,0.630901287553648,True
q10706,10706,86,6,4195,3744,0.8924910607866507,True
q10707,10707,76,6,4194,2223,0.5300429184549357,True
q10708,10708,83,6,5366,4480,0.8348863212821469,True
q10709,10709,143,6,5367,4744,0.8839202534004099,True
q10710,10710,74,6,5368,4280,0.797317436661699,True
q10711,10711,96,6,5370,3169,0.5901303538175047,True
q10712,10712,143,6,5715,4994,0.873840769903762,True
q10713,10713,85,6,5715,5152,0.9014873140857392,True
q10715,10715,88,6,5715,5058,0.8850393700787401,True
q10716,10716,77,6,4862,4090,0.8412176059234883,True
q10717,10717,98,6,4863,3706,0.7620810199465351,True
q10719,10719,143,6,4862,3727,0.7665569724393254,True
q10720,10720,86,6,5957,5602,0.9404062447540709,True
q10721,10721,76,6,5955,5196,0.872544080604534,True
q10722,10722,143,6,5955,2355,0.3954659949622166,True
q10726,10726,143,6,5429,3407,0.6275557192853196,True
q10727,10727,71,6,5430,4797,0.8834254143646408,True
q10728,10728,77,6,4674,3555,0.7605905006418485,True
q10729,10729,74,6,4674,1900,0.4065040650406504,True
q10730,10730,84,6,4675,4173,0.8926203208556149,True
q10731,10731,143,6,4675,3933,0.8412834224598931,True
q10732,10732,143,6,4527,3844,0.8491274574773581,True
q10733,10733,71,6,4527,3301,0.7291804727192401,True
q10734,10734,85,6,4527,2315,0.5113761873205214,True
q10735,10735,90,6,4527,4144,0.9153965098299094,True
q10736,10736,143,6,5452,996,0.18268525311812178,True
q10737,10737,76,6,5450,3700,0.6788990825688074,True
q10740,10740,74,6,4220,3787,0.89739336492891,True
q10741,10741,85,6,4220,1285,0.30450236966824645,True
q10742,10742,143,6,4220,3646,0.8639810426540284,True
q10744,10744,77,6,4638,3342,0.720569210866753,True
q10745,10745,85,6,4636,3523,0.7599223468507333,True
q10746,10746,143,6,4636,4153,0.8958153580672994,True
q10747,10747,78,6,4637,3381,0.729135216734958,True
q10749,10749,85,6,4700,3457,0.735531914893617,True
q10750,10750,143,6,4701,3593,0.7643054669219315,True
q10751,10751,106,6,4700,3883,0.8261702127659575,True
q10752,10752,83,6,6514,5651,0.867516119128032,True
q10753,10753,77,6,6512,3190,0.48986486486486486,True
q10754,10754,143,6,6513,4597,0.7058191309688315,True
q10756,10756,78,6,4438,3125,0.7041460117169897,True
q10757,10757,143,6,4438,3543,0.7983325822442542,True
q10758,10758,83,6,4438,3461,0.7798557908968003,True
q10759,10759,76,6,4439,3889,0.8760982203198918,True
q10760,10760,83,6,5683,3693,0.6498328347703678,True
q10761,10761,76,6,5681,2820,0.4963914803731737,True
q10762,10762,143,6,5680,4234,0.7454225352112676,True
q10765,10765,85,6,5038,1421,0.28205637157602226,True
q10766,10766,143,6,5038,3294,0.6538308852719333,True
q10767,10767,74,6,5038,3896,0.7733227471218738,True
q10768,10768,143,6,5751,4775,0.8302903842809947,True
q10769,10769,80,6,5751,2922,0.5080855503390714,True
q10772,10772,74,6,5627,4755,0.845032877199218,True
q10773,10773,143,6,5627,4844,0.8608494757419585,True
q10774,10774,76,6,5628,4353,0.773454157782516,True
q10776,10776,143,6,4834,3706,0.766652875465453,True
q10777,10777,74,6,4833,3415,0.7066004552038072,True
q10778,10778,78,6,4835,4335,0.8965873836608066,True
q10779,10779,87,6,4834,3389,0.7010757136946628,True
q10780,10780,119,6,4327,3858,0.891610815807719,True
q10781,10781,83,6,4327,3188,0.7367691241044604,True
q10782,10782,85,6,4328,2184,0.5046210720887245,True
q10783,10783,143,6,4327,2641,0.6103535937138895,True
q10785,10785,143,6,4502,3052,0.6779209240337628,True
q10786,10786,85,6,4503,3064,0.6804352653786364,True
q10787,10787,119,6,4500,2649,0.5886666666666667,True
q10789,10789,76,6,4294,1829,0.42594317652538427,True
q10790,10790,77,6,4294,3368,0.784350256171402,True
q10791,10791,143,6,4294,3847,0.8959012575687005,True
q10792,10792,71,6,6571,2250,0.34241363567189165,True
q10794,10794,143,6,6572,3340,0.5082166768107121,True
q10795,10795,76,6,6572,5189,0.789561777236762,True
q10796,10796,143,6,4745,3317,0.6990516332982086,True
q10797,10797,77,6,4745,3619,0.7626975763962065,True
q10799,10799,80,6,4746,3476,0.7324062368310156,True
q10800,10800,143,6,5955,3659,0.6144416456759026,True
q10802,10802,76,6,5953,3463,0.5817235007559214,True
q10803,10803,88,6,5953,1070,0.17974130690408197,True
q10805,10805,74,6,4173,2983,0.7148334531512102,True
q10806,10806,143,6,4170,2689,0.6448441247002398,True
q10807,10807,77,6,4171,1894,0.454087748741309,True
q10808,10808,85,6,4551,3753,0.8246539222148979,True
q10809,10809,78,6,4551,3114,0.6842452208305867,True
q10810,10810,143,6,4551,2444,0.5370248297077566,True
q10811,10811,119,6,4551,3267,0.7178642056690837,True
q10812,10812,77,6,4429,3119,0.7042221720478663,True
q10813,10813,74,6,4428,3316,0.7488708220415538,True
q10814,10814,143,6,4428,2295,0.5182926829268293,True
q10815,10815,71,6,4428,2940,0.6639566395663956,True
q10816,10816,143,6,4184,2935,0.7014818355640535,True
q10817,10817,77,6,4184,3010,0.7194072657743786,True
q10818,10818,119,6,4184,3861,0.9228011472275335,True
q10819,10819,85,6,4182,3344,0.7996174079387852,True
q10821,10821,85,6,5262,2664,0.5062713797035348,True
q10822,10822,143,6,5265,2284,0.4338081671415005,True
q10823,10823,106,6,5260,3734,0.7098859315589353,True
q10824,10824,77,6,4077,3673,0.9009075300466028,True
q10825,10825,83,6,4077,3202,0.7853814078979642,True
q10827,10827,143,6,4077,3088,0.7574196713269561,True
q10828,10828,85,6,4392,2782,0.6334244080145719,True
q10829,10829,77,6,4391,3825,0.8710999772261444,True
q10831,10831,143,6,4391,2098,0.47779549077658845,True
q10832,10832,74,6,5872,5306,0.9036103542234333,True
q10833,10833,143,6,5867,4627,0.7886483722515766,True
q10834,10834,103,6,5867,1974,0.33645815578660304,True
q10835,10835,77,6,5868,4317,0.7356850715746421,True
q10836,10836,85,6,7464,4204,0.5632368703108253,True
q10839,10839,143,6,7462,5537,0.7420262664165104,True
q10840,10840,87,6,4514,3740,0.8285334514842712,True
q10841,10841,74,6,4514,2276,0.5042091271599468,True
q10842,10842,83,6,4514,3772,0.8356225077536553,True
q10843,10843,143,6,4514,1636,0.3624280017722641,True
q10845,10845,143,6,7555,3634,0.4810059563203177,True
q10846,10846,83,6,7558,6460,0.8547234718179413,True
q10848,10848,85,6,4702,4231,0.8998298596341983,True
q10849,10849,87,6,4703,2462,0.5234956410801616,True
q10850,10850,143,6,4702,3488,0.741811994895789,True
q10851,10851,76,6,4701,4195,0.8923633269517124,True
q10852,10852,84,6,4580,3109,0.6788209606986899,True
q10854,10854,143,6,4579,4026,0.8792312732037563,True
q10855,10855,85,6,4581,3068,0.6697227679545951,True
q10856,10856,143,6,4869,2036,0.4181556787841446,True
q10857,10857,85,6,4869,3714,0.762784966112138,True
q10860,10860,77,6,4200,3860,0.919047619047619,True
q10861,10861,74,6,4200,2996,0.7133333333333334,True
q10862,10862,78,6,4200,4059,0.9664285714285714,True
q10863,10863,143,6,4200,3030,0.7214285714285714,True
q10864,10864,143,6,5565,3823,0.6869721473495058,True
q10865,10865,80,6,5567,3565,0.6403808155200288,True
q10866,10866,85,6,5564,2040,0.3666427030913012,True
q10868,10868,143,6,6140,4585,0.746742671009772,True
q10869,10869,77,6,6140,4749,0.7734527687296417,True
q10871,10871,119,6,6139,4918,0.8011076722593257,True
q10872,10872,85,6,5780,5068,0.8768166089965398,True
q10873,10873,143,6,5780,4595,0.7949826989619377,True
q10874,10874,96,6,5781,3146,0.5441965057948451,True
q10875,10875,88,6,5780,5390,0.9325259515570934,True
q10876,10876,85,6,4566,2487,0.5446780551905388,True
q10878,10878,143,6,4566,2558,0.560227770477442,True
q10879,10879,85,6,4571,2956,0.6466856267775104,True
q10880,10880,76,6,4623,1788,0.3867618429591175,True
q10881,10881,143,6,4624,1605,0.34710207612456745,True
q10882,10882,77,6,4621,1934,0.41852412897641206,True
q10883,10883,74,6,4622,2634,0.569883167459974,True
q10884,10884,85,6,4548,2725,0.5991644678979772,True
q10886,10886,76,6,4547,4030,0.8862986584561249,True
q10887,10887,143,6,4546,3473,0.7639683238011439,True
q10888,10888,143,6,5501,3951,0.7182330485366297,True
q10889,10889,74,6,5502,4171,0.7580879680116321,True
q10890,10890,84,6,5501,3351,0.6091619705508089,True
q10891,10891,77,6,5501,3597,0.6538811125249955,True
q10892,10892,96,6,5059,4070,0.8045068195295513,True
q10893,10893,143,6,5058,1680,0.33214709371293,True
q10897,10897,85,6,4734,1730,0.3654414871144909,True
q10898,10898,119,6,4735,3051,0.644350580781415,True
q10899,10899,143,6,4734,3634,0.7676383607942543,True
q10902,10902,77,6,4219,2927,0.693766295330647,True
q10903,10903,143,6,4223,3559,0.8427658062988397,True
q10905,10905,143,6,5606,4088,0.7292186942561542,True
q10906,10906,77,6,5608,4773,0.8511055634807418,True
q10907,10907,85,6,5606,3455,0.6163039600428113,True
q10909,10909,143,6,4106,3666,0.8928397467121286,True
q10910,10910,74,6,4107,3393,0.8261504747991234,True
q10911,10911,76,6,4107,2974,0.7241295349403457,True
q10912,10912,106,6,4961,3712,0.7482362426930055,True
q10913,10913,88,6,4964,4409,0.8881950040290089,True
q10914,10914,74,6,4963,4035,0.8130163207737255,True
q10915,10915,143,6,4962,4187,0.8438129786376461,True
q10916,10916,83,6,4529,3509,0.7747847206888938,True
q10918,10918,84,6,4530,3531,0.7794701986754967,True
q10919,10919,143,6,4530,3712,0.8194260485651215,True
q10920,10920,143,6,4825,4510,0.9347150259067357,True
q10921,10921,90,6,4825,4026,0.8344041450777202,True
q10922,10922,94,6,4826,3988,0.8263572316618317,True
q10923,10923,77,6,4825,4531,0.9390673575129533,True
q10925,10925,77,6,5027,1873,0.3725880246667993,True
q10927,10927,143,6,5027,4408,0.8768649293813408,True
q10928,10928,85,6,5052,1939,0.3838083927157561,True
q10929,10929,84,6,5052,1071,0.21199524940617578,True
q10931,10931,143,6,5052,4305,0.8521377672209026,True
q10932,10932,103,6,5284,3278,0.6203633610900833,True
q10933,10933,77,6,5284,4676,0.8849356548069645,True
q10934,10934,143,6,5284,3559,0.6735427706283119,True
q10935,10935,83,6,5284,4623,0.8749053747161242,True
q10936,10936,85,6,4879,3331,0.682721869235499,True
q10938,10938,143,6,4878,3932,0.8060680606806068,True
q10939,10939,85,6,4881,3119,0.6390083999180496,True
q10941,10941,143,6,5019,4585,0.9135285913528591,True
q10942,10942,85,6,5019,1753,0.3492727634987049,True
q10943,10943,86,6,5021,3265,0.6502688707428799,True
q10944,10944,143,6,4320,3282,0.7597222222222222,True
q10947,10947,77,6,4322,3445,0.7970846830171217,True
q11523,11523,98,6,2692,2008,0.7459138187221397,True
q11524,11524,143,6,2693,1803,0.6695135536576309,True
q11525,11525,77,6,2694,868,0.32219747587230885,True
q11526,11526,83,6,2694,2249,0.8348181143281366,True
q11527,11527,85,6,2224,1964,0.8830935251798561,True
q11528,11528,143,6,2224,1916,0.8615107913669064,True
q11529,11529,71,6,2225,1037,0.46606741573033705,True
q11530,11530,77,6,2224,1976,0.8884892086330936,True
q11531,11531,143,6,2147,1462,0.6809501630181649,True
q11532,11532,77,6,2148,1882,0.8761638733705773,True
q11534,11534,76,6,2148,1832,0.8528864059590316,True
q11535,11535,143,6,2968,2779,0.9363207547169812,True
q11536,11536,71,6,2968,1870,0.6300539083557951,True
q11537,11537,77,6,2968,1594,0.5370619946091644,True
q11539,11539,85,6,4179,835,0.1998085666427375,True
q11540,11540,143,6,4179,2945,0.7047140464225892,True
q11541,11541,71,6,4176,2586,0.6192528735632183,True
q11545,11545,143,6,2602,1271,0.48847040737893926,True
q11546,11546,77,6,2603,2128,0.8175182481751825,True
q11547,11547,86,6,2907,1605,0.5521155830753354,True
q11549,11549,143,6,2910,1490,0.5120274914089347,True
q11550,11550,76,6,2910,1480,0.5085910652920962,True
q11551,11551,98,6,2276,1892,0.8312829525483304,True
q11552,11552,74,6,2276,960,0.421792618629174,True
q11553,11553,143,6,2277,2057,0.9033816425120773,True
q11556,11556,85,6,2336,1683,0.7204623287671232,True
q11557,11557,143,6,2336,1457,0.6237157534246576,True
q11558,11558,88,6,2336,1938,0.8296232876712328,True
q11559,11559,77,6,2619,2365,0.903016418480336,True
q11560,11560,143,6,2619,2533,0.9671630393279878,True
q11561,11561,74,6,2620,1652,0.6305343511450382,True
q11563,11563,85,6,2015,1693,0.8401985111662531,True
q11564,11564,86,6,2013,1775,0.8817685047193244,True
q11565,11565,143,6,2015,1542,0.7652605459057072,True
q11566,11566,88,6,2015,1847,0.9166253101736973,True
q11567,11567,76,6,2179,2006,0.9206057824690225,True
q11568,11568,86,6,2180,1815,0.8325688073394495,True
q11569,11569,83,6,2183,1690,0.7741639945029776,True
q11570,11570,143,6,2178,1200,0.5509641873278237,True
q11572,11572,85,6,2713,2415,0.8901584961297456,True
q11574,11574,143,6,2715,2181,0.8033149171270718,True
q11575,11575,143,6,3290,1360,0.4133738601823708,True
q11576,11576,76,6,3290,861,0.26170212765957446,True
q11579,11579,87,6,2114,2018,0.9545884578997161,True
q11580,11580,88,6,2115,2024,0.9569739952718677,True
q11581,11581,143,6,2114,1951,0.9228949858088931,True
q11582,11582,76,6,2114,1688,0.7984862819299905,True
q11583,11583,143,6,4067,1177,0.28940250799114825,True
q11585,11585,76,6,4065,2481,0.6103321033210332,True
q11586,11586,77,6,4065,1687,0.4150061500615006,True
q11587,11587,143,6,3353,3073,0.9164926931106472,True
q11589,11589,83,6,3351,2781,0.8299015219337511,True
q11590,11590,85,6,3352,1941,0.5790572792362768,True
q11591,11591,77,6,2919,2462,0.8434395340870161,True
q11593,11593,88,6,2919,2531,0.8670777663583419,True
q11594,11594,143,6,2923,1133,0.3876154635648307,True
q11595,11595,85,6,2788,1885,0.6761119081779053,True
q11598,11598,143,6,2787,1423,0.5105848582705418,True
q11599,11599,85,6,2666,2105,0.7895723930982745,True
q11600,11600,143,6,2666,1929,0.7235558889722431,True
q11601,11601,74,6,2665,1942,0.7287054409005629,True
q11603,11603,96,6,3646,2621,0.7188699945145365,True
q11604,11604,76,6,3644,1919,0.5266190998902305,True
q11605,11605,119,6,3643,2762,0.7581663464177876,True
q11606,11606,143,6,3642,967,0.2655134541460736,True
q11607,11607,103,6,4053,1431,0.3530717986676536,True
q11608,11608,77,6,4055,3254,0.802466091245376,True
q11609,11609,143,6,4056,2923,0.7206607495069034,True
q11610,11610,78,6,4053,2172,0.535899333826795,True
q11612,11612,85,6,4658,3266,0.7011592958351224,True
q11613,11613,143,6,4655,3931,0.844468313641246,True
q11615,11615,143,6,2249,2061,0.9164072921298355,True
q11616,11616,77,6,2249,1749,0.7776789684304135,True
q11618,11618,71,6,2251,2020,0.8973789426921368,True
q11619,11619,76,6,2280,1474,0.6464912280701754,True
q11621,11621,98,6,2281,1894,0.8303375712406839,True
q11622,11622,143,6,2282,2000,0.8764241893076249,True
q11623,11623,143,6,2288,1527,0.6673951048951049,True
q11625,11625,77,6,2287,1723,0.7533887188456493,True
q11627,11627,74,6,2545,964,0.3787819253438114,True
q11628,11628,76,6,2547,2248,0.8826069886140557,True
q11629,11629,71,6,2544,2119,0.8329402515723271,True
q11630,11630,143,6,2545,1866,0.7332023575638507,True
q11632,11632,143,6,2825,2199,0.7784070796460177,True
q11633,11633,85,6,2824,1879,0.6653682719546742,True
q11634,11634,83,6,2824,1386,0.49079320113314445,True
q11636,11636,83,6,4350,1797,0.4131034482758621,True
q11637,11637,143,6,4349,3248,0.746838353644516,True
q11639,11639,143,6,3665,2810,0.7667121418826739,True
q11641,11641,85,6,3665,3180,0.8676671214188267,True
q11642,11642,98,6,3663,825,0.22522522522522523,True
q11643,11643,87,6,2165,1825,0.8429561200923787,True
q11644,11644,85,6,2163,1704,0.7877947295423023,True
q11645,11645,78,6,2165,1748,0.8073903002309469,True
q11646,11646,143,6,2167,1662,0.7669589293954776,True
q11647,11647,88,6,2559,1226,0.47909339585775695,True
q11648,11648,85,6,2562,2197,0.8575331772053083,True
q11650,11650,143,6,2560,1879,0.733984375,True
q11651,11651,98,6,2023,1881,0.9298072170044488,True
q11652,11652,85,6,2020,1791,0.8866336633663366,True
q11653,11653,143,6,2020,1299,0.6430693069306931,True
q11654,11654,74,6,2021,1620,0.801583374567046,True
q11655,11655,87,6,2241,1616,0.7211066488174922,True
q11656,11656,77,6,2240,1887,0.8424107142857142,True
q11657,11657,143,6,2241,1747,0.7795626952253458,True
q11658,11658,76,6,2241,1643,0.7331548415885766,True
q11659,11659,98,6,3546,1861,0.5248166948674563,True
q11660,11660,143,6,3545,2509,0.7077574047954867,True
q11664,11664,85,6,2774,2425,0.8741888968997837,True
q11665,11665,88,6,2775,1637,0.5899099099099099,True
q11666,11666,143,6,2774,2244,0.8089401586157173,True
q11668,11668,87,6,2273,1740,0.7655081390233172,True
q11670,11670,143,6,2274,2059,0.905452946350044,True
q11672,11672,76,6,2323,2109,0.9078777442961687,True
q11674,11674,143,6,2324,1978,0.851118760757315,True
q11675,11675,143,6,2333,2163,0.9271324474924989,True
q11676,11676,85,6,2333,2186,0.936990998714102,True
q11677,11677,98,6,2333,972,0.4166309472781826,True
q11678,11678,85,6,2334,1182,0.506426735218509,True
q11679,11679,85,6,3186,2917,0.9155681104833647,True
q11680,11680,85,6,3187,2058,0.6457483526827738,True
q11681,11681,98,6,3187,625,0.19610919359899592,True
q11682,11682,143,6,3187,1222,0.3834326953247568,True
q11683,11683,77,6,2141,1868,0.8724894908921065,True
q11684,11684,143,6,2142,1687,0.7875816993464052,True
q11685,11685,74,6,2142,838,0.3912231559290383,True
q11687,11687,143,6,2899,2674,0.9223870300103484,True
q11688,11688,77,6,2899,1986,0.6850638151086581,True
q11691,11691,98,6,2432,1776,0.7302631578947368,True
q11692,11692,143,6,2431,1146,0.47141094199917727,True
q11694,11694,85,6,2431,1713,0.704648292883587,True
q11695,11695,77,6,1923,1190,0.6188247529901196,True
q11696,11696,143,6,1923,1300,0.6760270410816432,True
q11697,11697,83,6,1924,1672,0.8690228690228691,True
q11699,11699,87,6,2232,2146,0.9614695340501792,True
q11700,11700,98,6,2232,1560,0.6989247311827957,True
q11701,11701,85,6,2231,1396,0.6257283729269386,True
q11702,11702,143,6,2232,1291,0.578405017921147,True
q11703,11703,83,6,3237,3014,0.9311090515909793,True
q11705,11705,143,6,3239,1441,0.4448903982710713,True
q11708,11708,86,6,2421,1830,0.7558859975216853,True
q11709,11709,143,6,2422,1844,0.7613542526837325,True
q11710,11710,77,6,2421,1384,0.5716646014043784,True
q11711,11711,86,6,2102,1821,0.8663177925784966,True
q11712,11712,74,6,2102,1612,0.7668886774500476,True
q11713,11713,143,6,2102,1110,0.5280685061845861,True
q11714,11714,76,6,2103,1052,0.5002377555872562,True
q11715,11715,76,6,2005,1901,0.9481296758104738,True
q11717,11717,143,6,2006,1362,0.678963110667996,True
q11718,11718,86,6,2005,1527,0.7615960099750624,True
q11719,11719,77,6,3129,1525,0.4873761585170981,True
q11720,11720,143,6,3129,2857,0.9130712687759668,True
q11723,11723,143,6,1926,1332,0.6915887850467289,True
q11724,11724,74,6,1925,1427,0.7412987012987013,True
q11725,11725,85,6,1925,1668,0.8664935064935065,True
q11726,11726,86,6,1925,1706,0.8862337662337663,True
q11727,11727,119,6,2541,2349,0.9244391971664699,True
q11728,11728,77,6,2541,743,0.2924045651318379,True
q11729,11729,83,6,2541,1541,0.6064541519086973,True
q11730,11730,143,6,2539,2212,0.8712091374556912,True
q11731,11731,85,6,2560,595,0.232421875,True
q11732,11732,119,6,2560,2298,0.89765625,True
q11733,11733,88,6,2560,1387,0.541796875,True
q11734,11734,143,6,2559,2364,0.9237983587338804,True
q11735,11735,77,6,2180,1669,0.7655963302752293,True
q11736,11736,143,6,2180,571,0.26192660550458713,True
q11738,11738,74,6,2179,1549,0.710876548875631,True
q11739,11739,76,6,2131,1164,0.5462224307836696,True
q11742,11742,143,6,2131,1830,0.8587517597372126,True
q11743,11743,143,6,2719,2415,0.8881941890400883,True
q11744,11744,71,6,2720,874,0.32132352941176473,True
q11746,11746,77,6,2721,2300,0.8452774715178243,True
q11747,11747,77,6,2328,2004,0.8608247422680413,True
q11748,11748,87,6,2328,2105,0.9042096219931272,True
q11749,11749,98,6,2326,1320,0.5674978503869303,True
q11750,11750,143,6,2327,2002,0.8603351955307262,True
q11751,11751,77,6,2642,2053,0.7770628311884936,True
q11752,11752,94,6,2639,2210,0.8374384236453202,True
q11753,11753,143,6,2640,1747,0.6617424242424242,True
q11755,11755,143,6,2534,2205,0.8701657458563536,True
q11758,11758,77,6,2533,1861,0.7347019344650612,True
q11759,11759,77,6,2211,1432,0.6476707372229761,True
q11760,11760,85,6,2210,979,0.4429864253393665,True
q11761,11761,143,6,2209,1697,0.7682209144409234,True
q11764,11764,143,6,2586,1549,0.5989945862335654,True
q11765,11765,76,6,2585,1442,0.5578336557059961,True
q11766,11766,76,6,2585,1641,0.634816247582205,True
q11767,11767,85,6,2215,2100,0.9480812641083521,True
q11768,11768,143,6,2212,1925,0.870253164556962,True
q11770,11770,88,6,2215,1896,0.8559819413092551,True
q11771,11771,77,6,2518,1900,0.7545671167593329,True
q11773,11773,143,6,2515,1848,0.7347912524850895,True
q11775,11775,86,6,2475,1942,0.7846464646464646,True
q11776,11776,143,6,2475,1559,0.6298989898989898,True
q11777,11777,119,6,2474,2378,0.9611964430072757,True
q11779,11779,77,6,3065,1015,0.33115823817292006,True
q11782,11782,143,6,3064,2279,0.743798955613577,True
q11783,11783,87,6,3457,1111,0.3213769164015042,True
q11784,11784,77,6,3458,3080,0.8906882591093117,True
q11785,11785,143,6,3455,3241,0.9380607814761216,True
q11786,11786,77,6,3457,3313,0.9583453861729824,True
q11787,11787,88,6,2021,1659,0.8208807521029193,True
q11788,11788,143,6,2021,1802,0.8916378030677882,True
q11789,11789,77,6,2021,1807,0.8941118258287977,True
q11791,11791,98,6,1046,971,0.9282982791586998,True
q11792,11792,119,6,1046,931,0.890057361376673,True
q11793,11793,77,6,1046,689,0.6586998087954111,True
q11794,11794,143,6,1046,745,0.7122370936902486,True
q11796,11796,143,6,4580,3862,0.8432314410480349,True
q11797,11797,94,6,4585,2303,0.5022900763358779,True
q11798,11798,74,6,4583,4104,0.8954833078769365,True
q11799,11799,143,6,2094,1611,0.7693409742120344,True
q11800,11800,76,6,2093,1383,0.6607740086000956,True
q11803,11803,86,6,2610,1554,0.5954022988505747,True
q11804,11804,76,6,2610,2039,0.7812260536398468,True
q11805,11805,143,6,2608,1749,0.6706288343558282,True
q11806,11806,71,6,2608,2377,0.9114263803680982,True
q11807,11807,143,6,2338,2100,0.8982035928143712,True
q11809,11809,77,6,2338,1139,0.4871685201026518,True
q11812,11812,143,6,4892,3404,0.695829926410466,True
q11813,11813,80,6,4891,3765,0.7697812308321407,True
q11815,11815,88,6,3428,2863,0.8351808634772462,True
q11816,11816,143,6,3429,2890,0.8428113152522602,True
q11818,11818,76,6,3429,1744,0.5086030912802566,True
q11819,11819,143,6,1872,1677,0.8958333333333334,True
q11820,11820,85,6,1872,1158,0.6185897435897436,True
q11821,11821,86,6,1872,1839,0.9823717948717948,True
q11822,11822,83,6,1873,1655,0.8836091831286705,True
q11824,11824,88,6,3455,2503,0.7244573082489146,True
q11825,11825,143,6,3457,2872,0.8307781313277408,True
q11826,11826,77,6,3456,2120,0.6134259259259259,True
q11827,11827,143,6,996,787,0.7901606425702812,True
q11828,11828,77,6,996,522,0.5240963855421686,True
q11829,11829,74,6,996,644,0.6465863453815262,True
q11830,11830,76,6,996,740,0.7429718875502008,True
q11831,11831,85,6,2110,1859,0.8810426540284361,True
q11832,11832,98,6,2110,1536,0.7279620853080568,True
q11833,11833,77,6,2110,1906,0.9033175355450237,True
q11834,11834,143,6,2109,1895,0.8985301090564248,True
q11835,11835,83,6,2074,1673,0.8066538090646095,True
q11836,11836,85,6,2074,1145,0.5520732883317261,True
q11837,11837,143,6,2074,1123,0.5414657666345226,True
q11838,11838,86,6,2074,1591,0.7671166827386693,True
q11839,11839,77,6,1990,1847,0.9281407035175879,True
q11840,11840,87,6,1991,1674,0.8407835258663988,True
q11841,11841,143,6,1991,1389,0.6976393771973882,True
q11842,11842,86,6,1990,1470,0.7386934673366834,True
q11844,11844,77,6,3008,1821,0.6053856382978723,True
q11845,11845,143,6,3007,1180,0.39241769205187893,True
q11846,11846,86,6,3007,2827,0.9401396740937812,True
q11847,11847,85,6,1985,1553,0.782367758186398,True
q11848,11848,74,6,1985,1378,0.6942065491183879,True
q11849,11849,143,6,1989,1195,0.6008044243338361,True
q11850,11850,83,6,1985,1853,0.9335012594458438,True
q11851,11851,77,6,2689,2321,0.8631461509854965,True
q11852,11852,143,6,2683,2239,0.8345136041744317,True
q11853,11853,98,6,2694,2157,0.8006681514476615,True
q11855,11855,77,6,2295,1196,0.5211328976034858,True
q11856,11856,143,6,2295,1892,0.824400871459695,True
q11857,11857,119,6,2296,1827,0.7957317073170732,True
q11859,11859,98,6,2326,2179,0.9368013757523646,True
q11860,11860,143,6,2325,2011,0.8649462365591398,True
q11862,11862,85,6,2325,1747,0.7513978494623655,True
q11863,11863,85,6,2709,2370,0.8748615725359912,True
q11864,11864,143,6,2708,1596,0.5893648449039882,True
q11866,11866,76,6,2709,1976,0.7294204503506829,True
q11867,11867,143,6,2052,1807,0.8806042884990254,True
q11868,11868,71,6,2052,1772,0.8635477582846004,True
q11869,11869,77,6,2052,1942,0.9463937621832359,True
q11872,11872,76,6,2137,995,0.4656059897051942,True
q11873,11873,143,6,2137,1774,0.8301357042583061,True
q11874,11874,83,6,2137,888,0.4155357978474497,True
q11875,11875,119,6,977,869,0.8894575230296827,True
q11877,11877,85,6,977,819,0.8382804503582395,True
q11878,11878,143,6,976,951,0.9743852459016393,True
q11879,11879,85,6,2702,1692,0.6262028127313102,True
q11880,11880,83,6,2699,2139,0.7925157465728048,True
q11882,11882,143,6,2699,2034,0.7536124490552056,True
q11884,11884,77,6,1059,817,0.7714825306893296,True
q11885,11885,80,6,1059,355,0.3352219074598678,True
q11886,11886,143,6,1059,999,0.943342776203966,True
q11887,11887,77,6,3582,3459,0.9656616415410385,True
q11889,11889,143,6,3583,3088,0.8618476137315099,True
q11891,11891,76,6,4308,3466,0.8045496750232126,True
q11893,11893,143,6,4310,2736,0.6348027842227378,True
q11895,11895,77,6,1957,1843,0.941747572815534,True
q11896,11896,74,6,1957,1649,0.8426162493612672,True
q11897,11897,143,6,1957,1841,0.9407256004087889,True
q11898,11898,98,6,1957,1683,0.8599897802759325,True
q11899,11899,71,6,2556,893,0.34937402190923317,True
q11900,11900,143,6,2556,2072,0.810641627543036,True
q11901,11901,77,6,2556,2220,0.8685446009389671,True
q11903,11903,71,6,2161,1579,0.7306802406293382,True
q11904,11904,85,6,2161,1295,0.5992596020360944,True
q11905,11905,143,6,2161,1279,0.5918556223970384,True
q11907,11907,85,6,3173,2560,0.8068074377560668,True
q11909,11909,86,6,3172,2632,0.8297604035308953,True
q11910,11910,143,6,3172,2651,0.835750315258512,True
q11911,11911,85,6,2365,1819,0.7691331923890063,True
q11912,11912,143,6,2363,1816,0.7685146000846381,True
q11914,11914,85,6,2364,1888,0.7986463620981388,True
q11915,11915,76,6,1893,1617,0.8541996830427893,True
q11916,11916,143,6,1892,1112,0.587737843551797,True
q11917,11917,77,6,1892,1720,0.9090909090909091,True
q11918,11918,86,6,1892,1654,0.8742071881606766,True
q11920,11920,85,6,2083,1880,0.9025444071051368,True
q11921,11921,143,6,2082,1820,0.8741594620557157,True
q11922,11922,119,6,2085,1893,0.9079136690647482,True
q11923,11923,77,6,2152,738,0.3429368029739777,True
q11924,11924,143,6,2151,1383,0.6429567642956764,True
q11925,11925,78,6,2152,1581,0.7346654275092936,True
q11926,11926,98,6,2150,1780,0.827906976744186,True
q11927,11927,143,6,2650,2343,0.8841509433962265,True
q11928,11928,77,6,2650,1657,0.6252830188679245,True
q11930,11930,85,6,2656,2168,0.8162650602409639,True
q11931,11931,76,6,1973,992,0.5027876330461226,True
q11932,11932,71,6,1974,1754,0.8885511651469098,True
q11933,11933,88,6,1974,1862,0.9432624113475178,True
q11934,11934,143,6,1974,1553,0.786727456940223,True
q11935,11935,85,6,3271,2640,0.8070926322225619,True
q11936,11936,143,6,3272,2852,0.871638141809291,True
q11937,11937,80,6,3269,2624,0.802691954726216,True
q11938,11938,83,6,3267,1917,0.5867768595041323,True
q11939,11939,143,6,2189,1436,0.6560073092736409,True
q11940,11940,74,6,2189,1257,0.5742348104157149,True
q11941,11941,76,6,2189,1701,0.7770671539515761,True
q11942,11942,86,6,2189,1544,0.7053449063499315,True
q11943,11943,78,6,2216,1291,0.5825812274368231,True
q11944,11944,143,6,2212,1957,0.8847197106690777,True
q11945,11945,85,6,2213,1613,0.728874830546769,True
q11946,11946,77,6,2214,1488,0.6720867208672087,True
q11947,11947,86,6,1865,1781,0.9549597855227882,True
q11949,11949,83,6,1868,1518,0.8126338329764454,True
q11950,11950,143,6,1867,1710,0.915907873594001,True
q11951,11951,143,6,5895,3638,0.6171331636980492,True
q11954,11954,76,6,5893,3465,0.5879857458001018,True
q11955,11955,76,6,2218,1555,0.7010820559062219,True
q11957,11957,71,6,2216,1754,0.7915162454873647,True
q11958,11958,143,6,2218,1899,0.8561767357980162,True
q11960,11960,94,6,2819,2072,0.7350124157502661,True
q11961,11961,77,6,2820,2614,0.926950354609929,True
q11962,11962,143,6,2819,2151,0.7630365377793544,True
q17042,17042,88,5,6746,1944,0.288170767862437,True
q17043,17043,85,5,1132,998,0.8816254416961131,True
q17044,17044,96,5,2463,2049,0.8319123020706456,True
q17045,17045,76,5,1237,1028,0.8310428455941795,True
q17047,17047,74,5,669,378,0.5650224215246636,True
q17048,17048,86,5,1434,1031,0.7189679218967922,True
q17049,17049,77,5,1172,1044,0.8907849829351536,True
q17050,17050,98,5,1297,1074,0.8280647648419429,True
q17052,17052,119,5,1197,976,0.8153717627401837,True
q17053,17053,83,5,1465,1147,0.7829351535836178,True
q17055,17055,76,5,1258,642,0.5103338632750397,True
q17056,17056,71,5,1681,1089,0.6478286734086853,True
q17057,17057,74,5,1253,817,0.6520351157222666,True
q17058,17058,83,5,1200,608,0.5066666666666667,True
q17059,17059,77,5,1476,847,0.5738482384823849,True
q17060,17060,98,5,1162,1094,0.9414802065404475,True
q17062,17062,71,5,590,531,0.9,True
q17063,17063,85,5,1089,520,0.47750229568411384,True
q17065,17065,78,5,1420,846,0.5957746478873239,True
q17067,17067,76,5,1541,551,0.3575600259571707,True
q17068,17068,77,5,1356,550,0.4056047197640118,True
q17069,17069,83,5,1230,728,0.591869918699187,True
q17070,17070,119,5,1464,888,0.6065573770491803,True
q17071,17071,85,5,659,274,0.4157814871016692,True
q17072,17072,98,5,1249,1178,0.9431545236188951,True
q17074,17074,77,5,1024,1004,0.98046875,True
q17075,17075,71,5,1246,1083,0.8691813804173355,True
q17076,17076,74,5,1087,864,0.7948482060717571,True
q17077,17077,86,5,1416,1032,0.7288135593220338,True
q17078,17078,85,5,1170,1010,0.8632478632478633,True
q17079,17079,88,5,2711,1667,0.6149022500922169,True
q17080,17080,83,5,1164,1075,0.9235395189003437,True
q17081,17081,119,5,1372,1082,0.7886297376093294,True
q17082,17082,83,5,2278,1425,0.625548726953468,True
q17085,17085,85,5,1498,1103,0.7363150867823764,True
q17088,17088,86,5,1282,1023,0.7979719188767551,True
q17089,17089,76,5,1174,695,0.5919931856899489,True
q17090,17090,74,5,6361,1139,0.17905989624272914,True
q17091,17091,80,5,1789,1317,0.7361654555617664,True
q17093,17093,77,5,1249,920,0.7365892714171337,True
q17094,17094,74,5,2133,1066,0.4997655883731833,True
q17095,17095,83,5,1227,794,0.6471067644661777,True
q17096,17096,98,5,2252,1698,0.7539964476021315,True
q17097,17097,71,5,1276,1067,0.8362068965517241,True
q17098,17098,71,5,1818,1000,0.5500550055005501,True
q17099,17099,76,5,1283,717,0.558846453624318,True
q17101,17101,85,5,1743,551,0.31612162937464144,True
q17102,17102,88,5,1622,1353,0.8341553637484587,True
q17103,17103,83,5,1311,1045,0.7971014492753623,True
q17104,17104,86,5,1382,1179,0.8531114327062229,True
q17106,17106,98,5,1622,1329,0.8193588162762022,True
q17107,17107,74,5,1142,778,0.681260945709282,True
q17109,17109,76,5,1200,917,0.7641666666666667,True
q17110,17110,77,5,1055,836,0.7924170616113744,True
q17111,17111,71,5,1192,1003,0.8414429530201343,True
q17112,17112,74,5,2241,595,0.2655064703257474,True
q17114,17114,85,5,1125,608,0.5404444444444444,True
q17116,17116,74,5,1113,991,0.8903863432165319,True
q17117,17117,86,5,1596,1160,0.7268170426065163,True
q17118,17118,76,5,1275,692,0.5427450980392157,True
q17120,17120,85,5,3098,1440,0.4648160103292447,True
q17121,17121,98,5,1322,1045,0.7904689863842662,True
q17122,17122,83,5,1636,947,0.5788508557457213,True
q17123,17123,98,5,1933,1245,0.6440765649249871,True
q17124,17124,74,5,1035,870,0.8405797101449275,True
q17127,17127,78,5,2012,903,0.44880715705765406,True
q17128,17128,83,5,1235,1043,0.8445344129554656,True
q17130,17130,77,5,1325,740,0.5584905660377358,True
q17131,17131,71,5,1217,1014,0.8331963845521775,True
q17132,17132,85,5,1794,1001,0.5579710144927537,True
q17133,17133,98,5,1259,971,0.7712470214455918,True
q17134,17134,85,5,1112,800,0.7194244604316546,True
q17135,17135,98,5,1520,1012,0.6657894736842105,True
q17136,17136,85,5,1059,900,0.8498583569405099,True
q17137,17137,86,5,1538,1141,0.7418725617685306,True
q17138,17138,76,5,1161,883,0.7605512489233419,True
q17139,17139,86,5,8156,2082,0.2552721922511035,True
q17140,17140,96,5,629,533,0.8473767885532592,True
q17141,17141,71,5,1420,1236,0.8704225352112676,True
q17143,17143,76,5,1906,882,0.4627492130115425,True
q17145,17145,76,5,1207,616,0.5103562551781275,True
q17146,17146,119,5,1340,984,0.7343283582089553,True
q17147,17147,86,5,3957,1238,0.3128632802628254,True
q17148,17148,83,5,1543,1033,0.6694750486066104,True
q17150,17150,78,5,1292,908,0.7027863777089783,True
q17151,17151,77,5,1409,579,0.41092973740241306,True
q17153,17153,74,5,1106,831,0.7513562386980108,True
q17154,17154,74,5,1007,685,0.6802383316782522,True
q17155,17155,83,5,1432,925,0.645949720670391,True
q17157,17157,74,5,1107,857,0.7741644083107497,True
q17159,17159,98,5,3509,1663,0.47392419492732973,True
q17160,17160,77,5,1632,563,0.3449754901960784,True
q17161,17161,88,5,670,392,0.5850746268656717,True
q17162,17162,74,5,1193,867,0.7267393126571668,True
q17163,17163,80,5,1813,1501,0.8279095421952565,True
q17164,17164,83,5,1152,969,0.8411458333333334,True
q17165,17165,86,5,1527,1147,0.7511460379829732,True
q17167,17167,71,5,647,445,0.6877897990726429,True
q17168,17168,77,5,1121,881,0.7859054415700267,True
q17169,17169,71,5,1714,1084,0.632438739789965,True
q17170,17170,85,5,1264,713,0.5640822784810127,True
q17171,17171,119,5,1935,1103,0.5700258397932817,True
q17172,17172,76,5,1205,908,0.7535269709543568,True
q17175,17175,86,5,2155,1314,0.6097447795823666,True
q17176,17176,74,5,632,465,0.7357594936708861,True
q17178,17178,85,5,1219,659,0.5406070549630845,True
q17179,17179,98,5,1630,874,0.5361963190184049,True
q17180,17180,83,5,1438,657,0.456884561891516,True
q17181,17181,119,5,1279,1137,0.8889757623143081,True
q17182,17182,76,5,1365,664,0.48644688644688644,True
q17184,17184,77,5,624,285,0.4567307692307692,True
q17185,17185,71,5,1300,840,0.6461538461538462,True
q17186,17186,85,5,1340,953,0.7111940298507463,True
q17187,17187,80,5,634,320,0.5047318611987381,True
q17188,17188,83,5,1252,763,0.6094249201277955,True
q17190,17190,77,5,1668,636,0.381294964028777,True
q17191,17191,71,5,1229,998,0.8120423108218063,True
q17192,17192,88,5,1269,1181,0.9306540583136328,True
q17193,17193,85,5,1047,795,0.7593123209169055,True
q17194,17194,98,5,1415,1192,0.8424028268551237,True
q17195,17195,74,5,1060,974,0.9188679245283019,True
q17197,17197,77,5,1138,810,0.7117750439367311,True
q17198,17198,86,5,1536,1150,0.7486979166666666,True
q17199,17199,83,5,1452,1196,0.8236914600550964,True
q17200,17200,71,5,1879,1394,0.7418839808408728,True
q17201,17201,76,5,1231,892,0.7246141348497157,True
q17202,17202,98,5,1780,1085,0.6095505617977528,True
q17204,17204,77,5,1123,1007,0.8967052537845058,True
q17205,17205,76,5,1163,951,0.8177128116938951,True
q17206,17206,85,5,1092,834,0.7637362637362637,True
q17211,17211,78,5,2711,1698,0.6263371449649576,True
q17212,17212,83,5,1107,959,0.8663053297199639,True
q17213,17213,71,5,1318,1028,0.779969650986343,True
q17214,17214,74,5,1333,971,0.7284321080270068,True
q17216,17216,83,5,1211,863,0.7126341866226259,True
q17217,17217,80,5,1958,1349,0.6889683350357507,True
q17218,17218,85,5,1107,959,0.8663053297199639,True
q17219,17219,76,5,1167,997,0.8543273350471294,True
q17220,17220,86,5,1400,1048,0.7485714285714286,True
q17221,17221,74,5,1173,1046,0.8917306052855924,True
q17222,17222,88,5,1479,1311,0.8864097363083164,True
q17223,17223,86,5,1363,1134,0.8319882611885546,True
q17224,17224,85,5,1351,1087,0.8045891931902295,True
q17225,17225,98,5,1241,990,0.797743755036261,True
q17227,17227,83,5,1298,835,0.6432973805855162,True
q17228,17228,98,5,1261,1130,0.8961141950832673,True
q17230,17230,76,5,1244,933,0.75,True
q17231,17231,71,5,1142,1003,0.8782837127845884,True
q17232,17232,78,5,1127,817,0.7249334516415262,True
q17234,17234,83,5,1229,962,0.7827502034174125,True
q17235,17235,119,5,1614,809,0.5012391573729864,True
q17236,17236,86,5,2615,1570,0.6003824091778203,True
q17237,17237,77,5,1145,574,0.5013100436681223,True
q17238,17238,71,5,1324,975,0.736404833836858,True
q17239,17239,74,5,1269,882,0.6950354609929078,True
q17240,17240,76,5,1202,843,0.7013311148086523,True
q17241,17241,71,5,2226,1161,0.5215633423180593,True
q17242,17242,85,5,1124,932,0.8291814946619217,True
q17243,17243,96,5,2518,1707,0.6779189833200953,True
q17244,17244,94,5,2697,1793,0.6648127549128662,True
q17246,17246,78,5,1354,1117,0.8249630723781388,True
q17247,17247,85,5,4805,1759,0.3660770031217482,True
q17249,17249,74,5,1086,979,0.9014732965009208,True
q17251,17251,71,5,1370,1172,0.8554744525547445,True
q17252,17252,85,5,1159,1035,0.8930112165660051,True
q17253,17253,86,5,619,554,0.8949919224555735,True
q17254,17254,88,5,1505,1272,0.8451827242524917,True
q17255,17255,74,5,1105,835,0.755656108597285,True
q17256,17256,86,5,670,340,0.5074626865671642,True
q17257,17257,83,5,1247,1094,0.8773055332798717,True
q17258,17258,98,5,4156,1427,0.3433589990375361,True
q17259,17259,76,5,1297,798,0.6152659984579799,True
q17260,17260,86,5,1658,1192,0.7189384800965019,True
q17261,17261,74,5,644,419,0.6506211180124224,True
q17262,17262,71,5,1413,1027,0.726822363765039,True
q17263,17263,83,5,1394,928,0.6657101865136298,True
q17265,17265,77,5,1235,800,0.6477732793522267,True
q17266,17266,85,5,1324,520,0.39274924471299094,True
q17267,17267,86,5,1232,1067,0.8660714285714286,True
q17268,17268,76,5,624,481,0.7708333333333334,True
q17272,17272,77,5,1097,973,0.886964448495898,True
q17274,17274,85,5,3520,926,0.2630681818181818,True
q17275,17275,77,5,1055,823,0.7800947867298578,True
q17276,17276,119,5,1274,917,0.7197802197802198,True
q17277,17277,76,5,1219,825,0.6767842493847416,True
q17282,17282,74,5,1022,870,0.8512720156555773,True
q17283,17283,96,5,2545,1433,0.5630648330058939,True
q17284,17284,71,5,1191,1025,0.8606213266162889,True
q17286,17286,88,5,1916,1381,0.7207724425887265,True
q17288,17288,74,5,1137,707,0.6218117854001759,True
q17289,17289,98,5,1948,1486,0.7628336755646817,True
q17291,17291,119,5,1245,968,0.7775100401606426,True
q17293,17293,86,5,2320,1431,0.6168103448275862,True
q17295,17295,71,5,1120,1028,0.9178571428571428,True
q17296,17296,77,5,1137,702,0.6174142480211082,True
q17297,17297,98,5,2485,1126,0.45311871227364187,True
q17298,17298,83,5,1225,717,0.5853061224489796,True
q17299,17299,83,5,1251,734,0.586730615507594,True
q17300,17300,98,5,1562,1204,0.7708066581306018,True
q17301,17301,85,5,1108,975,0.8799638989169675,True
q17303,17303,94,5,2351,1801,0.7660569970225436,True
q17304,17304,76,5,1380,478,0.3463768115942029,True
q17305,17305,76,5,1195,523,0.4376569037656904,True
q17306,17306,77,5,1102,726,0.6588021778584392,True
q17307,17307,76,5,1696,799,0.47110849056603776,True
q17310,17310,74,5,1257,607,0.48289578361177404,True
q17311,17311,98,5,1441,1189,0.8251214434420542,True
q17312,17312,88,5,1725,1466,0.8498550724637681,True
q17313,17313,85,5,1218,778,0.638752052545156,True
q17314,17314,71,5,1240,1042,0.8403225806451613,True
q17315,17315,85,5,1302,514,0.39477726574500765,True
q17316,17316,86,5,1378,1142,0.8287373004354136,True
q17318,17318,98,5,1265,1098,0.8679841897233201,True
q17319,17319,76,5,1234,828,0.6709886547811994,True
q17320,17320,86,5,1419,1130,0.7963354474982381,True
q17321,17321,74,5,1048,975,0.9303435114503816,True
q17322,17322,71,5,1181,928,0.785774767146486,True
q17324,17324,80,5,1854,962,0.5188781014023732,True
q17325,17325,83,5,1327,1071,0.8070836473247928,True
q17326,17326,94,5,1970,1450,0.7360406091370558,True
q17327,17327,77,5,1277,528,0.413469068128426,True
q17328,17328,119,5,1700,1286,0.7564705882352941,True
q17329,17329,74,5,2098,1332,0.6348903717826502,True
q17330,17330,71,5,1514,1031,0.6809775429326288,True
q17331,17331,77,5,1274,721,0.5659340659340659,True
q17332,17332,119,5,1294,1070,0.8268933539412674,True
q17333,17333,83,5,1271,862,0.6782061369000787,True
q17334,17334,76,5,1271,667,0.5247836349331235,True
q17336,17336,71,5,1932,1292,0.6687370600414079,True
q17337,17337,77,5,624,394,0.6314102564102564,True
q17338,17338,98,5,1299,1054,0.8113933795227097,True
q17339,17339,74,5,2272,771,0.33934859154929575,True
q17342,17342,76,5,1162,716,0.6161790017211703,True
q17343,17343,86,5,1130,1051,0.9300884955752212,True
q17344,17344,74,5,1124,873,0.7766903914590747,True
q17346,17346,83,5,1356,1038,0.7654867256637168,True
q17347,17347,71,5,1156,1033,0.893598615916955,True
q17348,17348,76,5,1144,1063,0.9291958041958042,True
q17351,17351,71,5,1555,909,0.5845659163987138,True
q17352,17352,76,5,1624,585,0.3602216748768473,True
q17353,17353,77,5,1189,704,0.592094196804037,True
q17354,17354,98,5,1191,1046,0.8782535684298909,True
q17355,17355,85,5,1478,716,0.4844384303112314,True
q17357,17357,83,5,1828,735,0.4020787746170678,True
q17358,17358,85,5,1132,520,0.45936395759717313,True
q17359,17359,98,5,1641,1080,0.6581352833638026,True
q17360,17360,80,5,1754,1499,0.854618015963512,True
q17361,17361,77,5,1240,820,0.6612903225806451,True
q17362,17362,85,5,1180,984,0.8338983050847457,True
q17363,17363,71,5,1876,1096,0.5842217484008528,True
q17365,17365,86,5,1526,1067,0.6992136304062909,True
q17367,17367,77,5,1097,722,0.658158614402917,True
q17368,17368,88,5,1825,1705,0.9342465753424658,True
q17369,17369,98,5,3196,1658,0.518773466833542,True
q17370,17370,74,5,1163,754,0.648323301805675,True
q17371,17371,98,5,1241,1127,0.9081385979049154,True
q17372,17372,85,5,1189,999,0.840201850294365,True
q17373,17373,86,5,1282,1068,0.8330733229329174,True
q17374,17374,71,5,1912,967,0.5057531380753139,True
q17376,17376,86,5,640,479,0.7484375,True
q17377,17377,98,5,2090,1347,0.6444976076555023,True
q17378,17378,76,5,1160,1030,0.8879310344827587,True
q17380,17380,71,5,1113,966,0.8679245283018868,True
q17381,17381,77,5,1546,857,0.5543337645536869,True
q17384,17384,86,5,1362,1105,0.8113069016152716,True
q17385,17385,83,5,1125,781,0.6942222222222222,True
q17386,17386,77,5,1196,764,0.6387959866220736,True
q17388,17388,74,5,1093,998,0.9130832570905764,True
q17389,17389,80,5,1654,1250,0.7557436517533253,True
q17392,17392,77,5,1258,945,0.7511923688394276,True
q17394,17394,85,5,1942,630,0.32440782698249226,True
q17395,17395,88,5,2802,1590,0.5674518201284796,True
q17396,17396,85,5,2170,980,0.45161290322580644,True
q17397,17397,74,5,1184,840,0.7094594594594594,True
q17398,17398,90,5,3751,1654,0.4409490802452679,True
q17399,17399,83,5,1194,751,0.6289782244556114,True
q17413,17413,83,5,301,276,0.9169435215946844,True
q17414,17414,74,5,350,278,0.7942857142857143,True
q17415,17415,76,5,288,203,0.7048611111111112,True
q17418,17418,77,5,352,154,0.4375,True
q17419,17419,83,5,303,216,0.7128712871287128,True
q17420,17420,85,5,302,154,0.5099337748344371,True
q17421,17421,76,5,299,162,0.5418060200668896,True
q17486,17486,76,6,793,582,0.733921815889029,True
q17487,17487,143,6,793,615,0.7755359394703657,True
q17488,17488,88,6,793,632,0.7969735182849937,True
q17490,17490,119,6,954,819,0.8584905660377359,True
q17491,17491,77,6,954,495,0.5188679245283019,True
q17492,17492,143,6,954,774,0.8113207547169812,True
q17493,17493,80,6,954,765,0.8018867924528302,True
q17494,17494,76,6,3031,2574,0.8492246783239855,True
q17496,17496,86,6,3031,2201,0.7261629825140218,True
q17497,17497,143,6,3032,1189,0.39215039577836414,True
q17498,17498,76,6,1413,1103,0.7806086341118188,True
q17501,17501,143,6,1413,1244,0.8803963198867657,True
q17565,17565,71,5,625,485,0.776,True
q17566,17566,74,5,384,334,0.8697916666666666,True
q17567,17567,86,5,767,657,0.8565840938722294,True
q17570,17570,88,5,1759,1432,0.8140989198408186,True
q17572,17572,86,5,611,507,0.8297872340425532,True
q17573,17573,98,5,853,690,0.8089097303634232,True
q17575,17575,77,5,523,258,0.4933078393881453,True
q17579,17579,83,5,458,336,0.7336244541484717,True
q17580,17580,77,5,523,343,0.655831739961759,True
q17582,17582,85,5,413,371,0.8983050847457628,True
q17583,17583,76,5,422,371,0.8791469194312796,True
q17585,17585,85,5,414,275,0.6642512077294686,True
q17589,17589,85,5,396,329,0.8308080808080808,True
q17590,17590,76,5,692,374,0.5404624277456648,True
q17591,17591,74,5,1511,415,0.2746525479814692,True
q17592,17592,71,5,629,524,0.8330683624801272,True
q17593,17593,83,5,838,609,0.7267303102625299,True
q17594,17594,83,5,475,337,0.7094736842105264,True
