world_model,replicate,order_id,seed,max_mi_delayed_latent,two_corner_delayed_latent,latent_contrast_max_minus_two,max_mi_delayed_observed,two_corner_delayed_observed,observed_contrast_max_minus_two
binary_bktf,0,0,20333801,0.5792499999999999,0.5777500000000001,0.0014999999999998348,0.6518999999999999,0.6513499999999999,0.0005500000000000504
binary_bktf,0,1,20333801,0.5855,0.5815,0.0040000000000000036,0.65325,0.6525,0.0007500000000000284
binary_bktf,0,2,20333801,0.5855,0.5835,0.0020000000000000018,0.6534,0.6534,0.0
binary_bktf,0,3,20333801,0.5820000000000001,0.5805,0.0015000000000000568,0.6528,0.6524500000000001,0.00034999999999996145
binary_bktf,0,4,20333801,0.581,0.5790000000000001,0.0019999999999998908,0.6522999999999999,0.6518,0.0004999999999998339
binary_bktf,0,5,20333801,0.5815,0.58025,0.0012499999999999734,0.6528499999999999,0.65215,0.0006999999999999229
binary_bktf,0,6,20333801,0.5847500000000001,0.5820000000000001,0.00275000000000003,0.653,0.65315,-0.00014999999999998348
binary_bktf,0,7,20333801,0.58225,0.5792499999999999,0.0030000000000001137,0.6527000000000001,0.6517000000000001,0.0010000000000000009
binary_bktf,0,8,20333801,0.581,0.5802499999999999,0.0007500000000000284,0.65225,0.6522999999999999,-4.999999999988347e-05
binary_bktf,0,9,20333801,0.5805,0.578,0.0025000000000000577,0.6528,0.65215,0.0006500000000000394
binary_bktf,0,10,20333801,0.5825,0.58175,0.0007500000000000284,0.65305,0.65305,0.0
binary_bktf,0,11,20333801,0.5775,0.575,0.0025000000000000577,0.6515000000000001,0.6514,0.00010000000000010001
binary_bktf,0,12,20333801,0.579,0.5765,0.0024999999999999467,0.6517499999999999,0.6513500000000001,0.0003999999999998449
binary_bktf,0,13,20333801,0.58375,0.58125,0.0024999999999999467,0.6530000000000001,0.6526,0.000400000000000178
binary_bktf,0,14,20333801,0.5822499999999999,0.581,0.0012499999999999734,0.6518,0.65155,0.0002500000000000835
binary_bktf,0,15,20333801,0.58675,0.5834999999999999,0.003250000000000086,0.6538499999999999,0.6535,0.00034999999999996145
binary_bktf,0,16,20333801,0.58375,0.583,0.0007500000000000284,0.6528999999999999,0.6527499999999999,0.00014999999999998348
binary_bktf,0,17,20333801,0.58575,0.5827500000000001,0.0029999999999998916,0.6533,0.6526,0.0007000000000000339
binary_bktf,0,18,20333801,0.57975,0.5792499999999999,0.000500000000000056,0.6518,0.652,-0.00019999999999997797
binary_bktf,0,19,20333801,0.578,0.57675,0.0012499999999999734,0.65155,0.65155,0.0
binary_bktf,1,0,20433804,0.5827499999999999,0.5820000000000001,0.0007499999999998064,0.6524500000000001,0.6506000000000001,0.0018500000000000183
binary_bktf,1,1,20433804,0.5835,0.58,0.0035000000000000586,0.6527000000000001,0.65045,0.0022500000000000853
binary_bktf,1,2,20433804,0.5824999999999999,0.57775,0.004749999999999921,0.6519499999999999,0.6496999999999999,0.0022499999999999742
binary_bktf,1,3,20433804,0.584,0.5815,0.0024999999999999467,0.6532499999999999,0.6511000000000001,0.002149999999999763
binary_bktf,1,4,20433804,0.5805,0.5770000000000001,0.0034999999999999476,0.652,0.64925,0.00275000000000003
binary_bktf,1,5,20433804,0.58375,0.5794999999999999,0.004250000000000087,0.6526,0.65,0.0025999999999999357
binary_bktf,1,6,20433804,0.58475,0.58175,0.0030000000000000027,0.65325,0.6507499999999999,0.0025000000000000577
binary_bktf,1,7,20433804,0.587,0.58375,0.003249999999999975,0.6531,0.6507499999999999,0.0023500000000000743
binary_bktf,1,8,20433804,0.591,0.58625,0.004749999999999921,0.6543000000000001,0.65165,0.0026500000000001522
binary_bktf,1,9,20433804,0.58825,0.58375,0.0045000000000000595,0.6539,0.6514,0.0025000000000000577
binary_bktf,1,10,20433804,0.58125,0.5772499999999999,0.004000000000000115,0.6517499999999999,0.649,0.002749999999999919
binary_bktf,1,11,20433804,0.58775,0.58375,0.0040000000000000036,0.6538499999999999,0.6511000000000001,0.002749999999999808
binary_bktf,1,12,20433804,0.58375,0.57975,0.0040000000000000036,0.6518,0.6491499999999999,0.0026500000000001522
binary_bktf,1,13,20433804,0.5842499999999999,0.58,0.004249999999999976,0.6524500000000001,0.6500500000000001,0.0023999999999999577
binary_bktf,1,14,20433804,0.58175,0.5775,0.004249999999999976,0.6524500000000001,0.64985,0.0026000000000000467
binary_bktf,1,15,20433804,0.58325,0.581,0.0022500000000000853,0.6524,0.65065,0.0017500000000000293
binary_bktf,1,16,20433804,0.5852499999999999,0.5820000000000001,0.003249999999999864,0.65315,0.6509,0.0022499999999999742
binary_bktf,1,17,20433804,0.5795,0.578,0.0015000000000000568,0.6522,0.65035,0.0018500000000000183
binary_bktf,1,18,20433804,0.5775,0.5745,0.0030000000000000027,0.6503,0.6483,0.0020000000000000018
binary_bktf,1,19,20433804,0.58275,0.5795,0.003249999999999975,0.6517999999999999,0.6489499999999999,0.002850000000000019
binary_bktf,2,0,20533807,0.5742499999999999,0.57725,-0.0030000000000001137,0.6496000000000001,0.6485,0.001100000000000101
binary_bktf,2,1,20533807,0.57975,0.58225,-0.0025000000000000577,0.65075,0.64995,0.0008000000000000229
binary_bktf,2,2,20533807,0.5785000000000001,0.5815,-0.0029999999999998916,0.65105,0.64995,0.0010999999999999899
binary_bktf,2,3,20533807,0.5765,0.57925,-0.00275000000000003,0.6499000000000001,0.64905,0.0008500000000001284
binary_bktf,2,4,20533807,0.5725,0.5775,-0.0050000000000000044,0.6486500000000001,0.64845,0.000200000000000089
binary_bktf,2,5,20533807,0.5705,0.573,-0.0024999999999999467,0.64805,0.6469499999999999,0.001100000000000101
binary_bktf,2,6,20533807,0.575,0.5772499999999999,-0.0022499999999999742,0.6488499999999999,0.6473500000000001,0.0014999999999998348
binary_bktf,2,7,20533807,0.5745,0.5790000000000001,-0.0045000000000000595,0.6498,0.649,0.0008000000000000229
binary_bktf,2,8,20533807,0.57275,0.57675,-0.0040000000000000036,0.6486,0.64825,0.00034999999999996145
binary_bktf,2,9,20533807,0.5760000000000001,0.581,-0.004999999999999893,0.6498499999999998,0.6494,0.0004499999999998394
binary_bktf,2,10,20533807,0.57775,0.5805,-0.00275000000000003,0.64995,0.64875,0.0011999999999999789
binary_bktf,2,11,20533807,0.5720000000000001,0.5770000000000001,-0.0050000000000000044,0.6486,0.648,0.0005999999999999339
binary_bktf,2,12,20533807,0.57525,0.57975,-0.0044999999999999485,0.6500999999999999,0.64955,0.0005499999999999394
binary_bktf,2,13,20533807,0.57575,0.58,-0.004249999999999976,0.6487999999999999,0.6483000000000001,0.0004999999999998339
binary_bktf,2,14,20533807,0.5725,0.57525,-0.00275000000000003,0.6493000000000001,0.64815,0.0011500000000000954
binary_bktf,2,15,20533807,0.5742499999999999,0.578,-0.003750000000000031,0.64925,0.6486500000000001,0.0005999999999999339
binary_bktf,2,16,20533807,0.5727499999999999,0.5765,-0.003750000000000142,0.6487,0.6478499999999999,0.0008500000000001284
binary_bktf,2,17,20533807,0.57475,0.5784999999999999,-0.00374999999999992,0.6493000000000001,0.6484000000000001,0.0009000000000000119
binary_bktf,2,18,20533807,0.5772499999999999,0.58125,-0.004000000000000115,0.6502500000000001,0.6496500000000001,0.0006000000000000449
binary_bktf,2,19,20533807,0.5740000000000001,0.579,-0.004999999999999893,0.64875,0.6483500000000001,0.00039999999999995595
binary_bktf,3,0,20633810,0.5715,0.57575,-0.004249999999999976,0.6456000000000001,0.6492999999999999,-0.0036999999999998145
binary_bktf,3,1,20633810,0.57575,0.5785,-0.00275000000000003,0.6456000000000001,0.649,-0.0033999999999999586
binary_bktf,3,2,20633810,0.5725,0.57375,-0.0012499999999999734,0.6450499999999999,0.648,-0.002950000000000119
binary_bktf,3,3,20633810,0.57075,0.57325,-0.0025000000000000577,0.6443000000000001,0.6472999999999999,-0.0029999999999997806
binary_bktf,3,4,20633810,0.5660000000000001,0.5715,-0.005499999999999949,0.6438000000000001,0.6476500000000001,-0.003849999999999909
binary_bktf,3,5,20633810,0.5690000000000001,0.5715,-0.0024999999999999467,0.6439500000000001,0.6472,-0.003249999999999864
binary_bktf,3,6,20633810,0.5705,0.5742499999999999,-0.00374999999999992,0.6439,0.6474000000000001,-0.0035000000000000586
binary_bktf,3,7,20633810,0.573,0.57625,-0.003250000000000086,0.64565,0.6489,-0.003250000000000086
binary_bktf,3,8,20633810,0.5705,0.5735,-0.0030000000000000027,0.6445000000000001,0.6479,-0.0033999999999999586
binary_bktf,3,9,20633810,0.5720000000000001,0.57625,-0.004249999999999976,0.64445,0.6476,-0.003149999999999986
binary_bktf,3,10,20633810,0.57075,0.5742499999999999,-0.0034999999999999476,0.6442500000000001,0.6474000000000001,-0.003149999999999986
binary_bktf,3,11,20633810,0.5720000000000001,0.575,-0.0029999999999998916,0.6450999999999999,0.64815,-0.003050000000000108
binary_bktf,3,12,20633810,0.57175,0.57575,-0.0040000000000000036,0.6458499999999999,0.6492,-0.003350000000000075
binary_bktf,3,13,20633810,0.568,0.57175,-0.003750000000000031,0.64315,0.6465000000000001,-0.003350000000000075
binary_bktf,3,14,20633810,0.56725,0.5720000000000001,-0.004750000000000032,0.64425,0.64755,-0.0032999999999999696
binary_bktf,3,15,20633810,0.57075,0.57325,-0.0025000000000000577,0.6449000000000001,0.6478,-0.0028999999999999027
binary_bktf,3,16,20633810,0.5735000000000001,0.575,-0.0014999999999998348,0.6457499999999999,0.6486,-0.002850000000000019
binary_bktf,3,17,20633810,0.5692499999999999,0.57425,-0.0050000000000001155,0.64405,0.6480000000000001,-0.00395000000000012
binary_bktf,3,18,20633810,0.5710000000000001,0.573,-0.0019999999999998908,0.64495,0.6475,-0.002549999999999941
binary_bktf,3,19,20633810,0.5710000000000001,0.5742499999999999,-0.003249999999999864,0.6442500000000001,0.64725,-0.0029999999999998916
binary_bktf,4,0,20733813,0.5820000000000001,0.5720000000000001,0.010000000000000009,0.6502,0.6479500000000001,0.0022499999999998632
binary_bktf,4,1,20733813,0.5795,0.5705,0.009000000000000008,0.65035,0.6481,0.0022499999999999742
binary_bktf,4,2,20733813,0.58,0.5725,0.007499999999999951,0.65095,0.64945,0.0015000000000000568
binary_bktf,4,3,20733813,0.5825,0.5745,0.008000000000000007,0.6509,0.64875,0.0021499999999999853
binary_bktf,4,4,20733813,0.5795,0.5715,0.008000000000000007,0.6493000000000001,0.6469,0.0024000000000000687
binary_bktf,4,5,20733813,0.5795,0.5715,0.008000000000000007,0.6508000000000002,0.64875,0.0020500000000001073
binary_bktf,4,6,20733813,0.5795,0.5720000000000001,0.007499999999999951,0.6502500000000001,0.6484000000000001,0.0018500000000000183
binary_bktf,4,7,20733813,0.57825,0.57225,0.006000000000000005,0.6497499999999999,0.6483000000000001,0.0014499999999998403
binary_bktf,4,8,20733813,0.5822499999999999,0.575,0.007249999999999979,0.65065,0.6487999999999999,0.0018500000000000183
binary_bktf,4,9,20733813,0.5805,0.5734999999999999,0.007000000000000117,0.6502500000000001,0.6487,0.0015500000000000513
binary_bktf,4,10,20733813,0.5842499999999999,0.5742499999999999,0.010000000000000009,0.65085,0.6483,0.0025500000000000522
binary_bktf,4,11,20733813,0.58275,0.5760000000000001,0.006749999999999923,0.6505,0.6494,0.0010999999999999899
binary_bktf,4,12,20733813,0.58075,0.57225,0.008499999999999952,0.6498,0.6481,0.0017000000000000348
binary_bktf,4,13,20733813,0.581,0.57225,0.008749999999999925,0.6503999999999999,0.64815,0.0022499999999998632
binary_bktf,4,14,20733813,0.5820000000000001,0.57525,0.006750000000000034,0.6504499999999999,0.6491500000000001,0.0012999999999997458
binary_bktf,4,15,20733813,0.583,0.5755,0.007499999999999951,0.65125,0.64925,0.0020000000000000018
binary_bktf,4,16,20733813,0.57875,0.5727500000000001,0.005999999999999894,0.65,0.64815,0.0018500000000000183
binary_bktf,4,17,20733813,0.5815,0.5755,0.006000000000000005,0.6496500000000001,0.64845,0.0012000000000000899
binary_bktf,4,18,20733813,0.5772499999999999,0.56925,0.007999999999999896,0.6502500000000001,0.6485,0.0017500000000001403
binary_bktf,4,19,20733813,0.58075,0.5742499999999999,0.006500000000000061,0.6496999999999999,0.64825,0.0014499999999999513
binary_bktf,5,0,20833816,0.5852499999999999,0.589,-0.003750000000000031,0.6489,0.6502,-0.0012999999999999678
binary_bktf,5,1,20833816,0.58175,0.5892499999999999,-0.007499999999999951,0.64755,0.64985,-0.0023000000000000798
binary_bktf,5,2,20833816,0.5825,0.5884999999999999,-0.005999999999999894,0.6475,0.6495000000000001,-0.002000000000000113
binary_bktf,5,3,20833816,0.5805,0.58625,-0.005750000000000033,0.6481,0.6501,-0.0020000000000000018
binary_bktf,5,4,20833816,0.5777500000000001,0.58475,-0.006999999999999895,0.64645,0.6491499999999999,-0.0026999999999999247
binary_bktf,5,5,20833816,0.58125,0.58775,-0.00649999999999995,0.648,0.6500499999999999,-0.0020499999999998852
binary_bktf,5,6,20833816,0.5820000000000001,0.58775,-0.005749999999999922,0.6483,0.65035,-0.0020499999999999963
binary_bktf,5,7,20833816,0.58575,0.59275,-0.007000000000000006,0.64845,0.6506000000000001,-0.0021500000000000963
binary_bktf,5,8,20833816,0.5805,0.5865,-0.006000000000000005,0.6472500000000001,0.6492999999999999,-0.0020499999999997742
binary_bktf,5,9,20833816,0.58125,0.58825,-0.007000000000000006,0.64725,0.64955,-0.0022999999999999687
binary_bktf,5,10,20833816,0.5825,0.5885,-0.006000000000000005,0.6475,0.6494500000000001,-0.0019500000000001183
binary_bktf,5,11,20833816,0.5805,0.5865,-0.006000000000000005,0.64645,0.6486,-0.0021499999999999853
binary_bktf,5,12,20833816,0.5815,0.5872499999999999,-0.005749999999999922,0.64725,0.6493000000000001,-0.0020500000000001073
binary_bktf,5,13,20833816,0.5795,0.5852499999999999,-0.005749999999999922,0.6476500000000001,0.6496500000000001,-0.0020000000000000018
binary_bktf,5,14,20833816,0.58275,0.5902499999999999,-0.007499999999999951,0.6474,0.6497499999999999,-0.0023499999999999632
binary_bktf,5,15,20833816,0.5797500000000001,0.58375,-0.0039999999999998925,0.64645,0.64795,-0.0015000000000000568
binary_bktf,5,16,20833816,0.5827500000000001,0.58675,-0.0039999999999998925,0.64845,0.65,-0.0015500000000000513
binary_bktf,5,17,20833816,0.5792499999999999,0.585,-0.005750000000000033,0.6477,0.6496500000000001,-0.0019500000000000073
binary_bktf,5,18,20833816,0.5770000000000001,0.584,-0.006999999999999895,0.6464500000000001,0.6481999999999999,-0.0017499999999998073
binary_bktf,5,19,20833816,0.57675,0.58325,-0.006500000000000061,0.6465000000000001,0.64845,-0.0019499999999998963
binary_bktf,6,0,20933819,0.57775,0.5790000000000001,-0.0012500000000000844,0.6478999999999999,0.6495000000000001,-0.0016000000000001569
binary_bktf,6,1,20933819,0.57475,0.57725,-0.0025000000000000577,0.6472,0.6491499999999999,-0.0019499999999998963
binary_bktf,6,2,20933819,0.57525,0.5765,-0.0012499999999999734,0.64725,0.6486,-0.0013499999999999623
binary_bktf,6,3,20933819,0.5765,0.578,-0.0014999999999999458,0.6478499999999999,0.6492,-0.0013500000000000734
binary_bktf,6,4,20933819,0.5775,0.58025,-0.00275000000000003,0.64755,0.64955,-0.0020000000000000018
binary_bktf,6,5,20933819,0.576,0.5785,-0.0025000000000000577,0.6476999999999999,0.6491,-0.0014000000000000679
binary_bktf,6,6,20933819,0.57875,0.58325,-0.0045000000000000595,0.6473500000000001,0.6496999999999999,-0.002349999999999852
binary_bktf,6,7,20933819,0.57875,0.5805,-0.0017500000000000293,0.64805,0.64945,-0.0013999999999999568
binary_bktf,6,8,20933819,0.5740000000000001,0.574,1.1102230246251565e-16,0.6484000000000001,0.6491500000000001,-0.0007500000000000284
binary_bktf,6,9,20933819,0.57525,0.57675,-0.0014999999999999458,0.6473,0.64845,-0.0011499999999999844
binary_bktf,6,10,20933819,0.5734999999999999,0.5755,-0.002000000000000113,0.64715,0.649,-0.0018500000000000183
binary_bktf,6,11,20933819,0.5777500000000001,0.57975,-0.0019999999999998908,0.6481,0.6501500000000001,-0.0020500000000001073
binary_bktf,6,12,20933819,0.57575,0.5772499999999999,-0.0014999999999999458,0.64775,0.6496000000000001,-0.0018500000000000183
binary_bktf,6,13,20933819,0.5725,0.57625,-0.003750000000000031,0.6464,0.6484000000000001,-0.002000000000000113
binary_bktf,6,14,20933819,0.57575,0.57925,-0.0035000000000000586,0.6476,0.64985,-0.0022500000000000853
binary_bktf,6,15,20933819,0.5715,0.57625,-0.004750000000000032,0.6466999999999998,0.6491,-0.0024000000000001798
binary_bktf,6,16,20933819,0.58,0.58275,-0.00275000000000003,0.64935,0.65145,-0.0020999999999999908
binary_bktf,6,17,20933819,0.57575,0.5790000000000001,-0.003250000000000086,0.64755,0.6494,-0.0018500000000000183
binary_bktf,6,18,20933819,0.5785,0.5795,-0.0010000000000000009,0.64875,0.6501,-0.0013499999999999623
binary_bktf,6,19,20933819,0.574,0.5765,-0.0025000000000000577,0.6472,0.6491,-0.0019000000000000128
binary_bktf,7,0,21033822,0.581,0.58375,-0.00275000000000003,0.6546000000000001,0.6556000000000001,-0.0010000000000000009
binary_bktf,7,1,21033822,0.581,0.5852499999999999,-0.004249999999999976,0.6547,0.6566,-0.0019000000000000128
binary_bktf,7,2,21033822,0.5842499999999999,0.587,-0.00275000000000003,0.65515,0.6561,-0.0009500000000000064
binary_bktf,7,3,21033822,0.583,0.5855,-0.0025000000000000577,0.6555500000000001,0.65685,-0.0012999999999999678
binary_bktf,7,4,21033822,0.5822499999999999,0.588,-0.005750000000000033,0.6546,0.6564,-0.0018000000000000238
binary_bktf,7,5,21033822,0.58175,0.584,-0.0022499999999999742,0.65455,0.6561,-0.0015500000000000513
binary_bktf,7,6,21033822,0.5875,0.5895,-0.0020000000000000018,0.65555,0.6568999999999999,-0.0013499999999999623
binary_bktf,7,7,21033822,0.581,0.582,-0.0010000000000000009,0.6545000000000001,0.6553,-0.0007999999999999119
binary_bktf,7,8,21033822,0.5792499999999999,0.583,-0.003750000000000031,0.6536500000000001,0.65535,-0.0016999999999999238
binary_bktf,7,9,21033822,0.58275,0.58575,-0.0030000000000000027,0.65535,0.65655,-0.0011999999999999789
binary_bktf,7,10,21033822,0.5822499999999999,0.583,-0.0007500000000000284,0.6542500000000001,0.6553999999999999,-0.0011499999999997623
binary_bktf,7,11,21033822,0.58225,0.5842499999999999,-0.0019999999999998908,0.655,0.65625,-0.0012499999999999734
binary_bktf,7,12,21033822,0.58475,0.5865,-0.0017500000000000293,0.6560999999999999,0.65755,-0.0014500000000000624
binary_bktf,7,13,21033822,0.5822499999999999,0.58625,-0.004000000000000115,0.65495,0.65665,-0.0016999999999999238
binary_bktf,7,14,21033822,0.5845,0.5875,-0.0030000000000000027,0.6553999999999999,0.6566999999999998,-0.0012999999999999678
binary_bktf,7,15,21033822,0.5855,0.5885,-0.0030000000000000027,0.6559,0.6572499999999999,-0.0013499999999998513
binary_bktf,7,16,21033822,0.58475,0.58575,-0.0010000000000000009,0.6550499999999999,0.6557999999999999,-0.0007500000000000284
binary_bktf,7,17,21033822,0.582,0.585,-0.0030000000000000027,0.6552000000000001,0.6563499999999999,-0.0011499999999997623
binary_bktf,7,18,21033822,0.58075,0.585,-0.004249999999999976,0.6549,0.6563499999999999,-0.0014499999999998403
binary_bktf,7,19,21033822,0.5815,0.5855,-0.0040000000000000036,0.65375,0.6550999999999999,-0.0013499999999998513
binary_bktf,8,0,21133825,0.59075,0.591,-0.00024999999999997247,0.65015,0.6502000000000001,-5.0000000000105516e-05
binary_bktf,8,1,21133825,0.5945,0.59575,-0.0012499999999999734,0.6518999999999999,0.6524000000000001,-0.000500000000000167
binary_bktf,8,2,21133825,0.59125,0.59325,-0.0020000000000000018,0.6502500000000001,0.6511499999999999,-0.0008999999999997899
binary_bktf,8,3,21133825,0.5925,0.595,-0.0024999999999999467,0.6517000000000001,0.65265,-0.0009499999999998954
binary_bktf,8,4,21133825,0.5915,0.593,-0.0014999999999999458,0.6509999999999999,0.6516,-0.0006000000000000449
binary_bktf,8,5,21133825,0.5954999999999999,0.59575,-0.0002500000000000835,0.6519499999999999,0.65225,-0.000300000000000078
binary_bktf,8,6,21133825,0.5925,0.593,-0.0004999999999999449,0.6521000000000001,0.6521000000000001,0.0
binary_bktf,8,7,21133825,0.5965,0.5975,-0.0010000000000000009,0.65155,0.6519999999999999,-0.00044999999999995044
binary_bktf,8,8,21133825,0.59325,0.597,-0.00374999999999992,0.6514,0.6526,-0.0011999999999999789
binary_bktf,8,9,21133825,0.59125,0.591,0.0002500000000000835,0.65185,0.65205,-0.00019999999999997797
binary_bktf,8,10,21133825,0.5920000000000001,0.595,-0.0029999999999998916,0.6507,0.65185,-0.0011500000000000954
binary_bktf,8,11,21133825,0.5972500000000001,0.59775,-0.0004999999999999449,0.65205,0.6524000000000001,-0.0003500000000000725
binary_bktf,8,12,21133825,0.59025,0.59375,-0.0034999999999999476,0.6508000000000002,0.6518999999999999,-0.0010999999999997678
binary_bktf,8,13,21133825,0.5920000000000001,0.5927500000000001,-0.0007500000000000284,0.6507499999999999,0.6514,-0.0006500000000000394
binary_bktf,8,14,21133825,0.5954999999999999,0.59575,-0.0002500000000000835,0.6517000000000001,0.65205,-0.00034999999999996145
binary_bktf,8,15,21133825,0.59425,0.5975,-0.003250000000000086,0.6517000000000001,0.6528,-0.0010999999999999899
binary_bktf,8,16,21133825,0.5945,0.594,0.000500000000000056,0.65155,0.6520999999999999,-0.0005499999999999394
binary_bktf,8,17,21133825,0.59125,0.59325,-0.0020000000000000018,0.6513,0.6518999999999999,-0.0005999999999999339
binary_bktf,8,18,21133825,0.5915,0.5927500000000001,-0.0012500000000000844,0.65155,0.65185,-0.000300000000000078
binary_bktf,8,19,21133825,0.59075,0.593,-0.0022499999999999742,0.65065,0.6513,-0.0006500000000000394
binary_bktf,9,0,21233828,0.581,0.5832499999999999,-0.0022499999999999742,0.6509,0.65125,-0.00034999999999996145
binary_bktf,9,1,21233828,0.5820000000000001,0.5827500000000001,-0.0007500000000000284,0.6514500000000001,0.6513,0.0001500000000000945
binary_bktf,9,2,21233828,0.5834999999999999,0.58625,-0.0027500000000001412,0.65215,0.6526,-0.00044999999999995044
binary_bktf,9,3,21233828,0.585,0.58775,-0.00275000000000003,0.65305,0.6536,-0.0005499999999999394
binary_bktf,9,4,21233828,0.5835,0.58625,-0.00275000000000003,0.65215,0.6526499999999998,-0.0004999999999998339
binary_bktf,9,5,21233828,0.5834999999999999,0.58575,-0.0022500000000000853,0.6516,0.6518,-0.000200000000000089
binary_bktf,9,6,21233828,0.58375,0.586,-0.0022499999999999742,0.6511499999999999,0.65165,-0.000500000000000056
binary_bktf,9,7,21233828,0.579,0.5830000000000001,-0.004000000000000115,0.6506000000000001,0.6514,-0.0007999999999999119
binary_bktf,9,8,21233828,0.5844999999999999,0.588,-0.0035000000000000586,0.65255,0.6533,-0.0007500000000000284
binary_bktf,9,9,21233828,0.58075,0.5865,-0.005750000000000033,0.65125,0.6525,-0.0012499999999999734
binary_bktf,9,10,21233828,0.58225,0.584,-0.0017499999999999183,0.6516,0.65205,-0.00045000000000006146
binary_bktf,9,11,21233828,0.584,0.5855,-0.0015000000000000568,0.6517499999999999,0.652,-0.0002500000000000835
binary_bktf,9,12,21233828,0.57825,0.5815,-0.003249999999999975,0.6505,0.6511499999999999,-0.0006499999999999284
binary_bktf,9,13,21233828,0.577,0.5815,-0.0045000000000000595,0.65065,0.6516,-0.0009500000000000064
binary_bktf,9,14,21233828,0.57875,0.583,-0.004249999999999976,0.6505500000000001,0.65125,-0.0006999999999999229
binary_bktf,9,15,21233828,0.58475,0.58775,-0.0030000000000000027,0.6524500000000001,0.6528999999999999,-0.0004499999999998394
binary_bktf,9,16,21233828,0.58175,0.58375,-0.0020000000000000018,0.65045,0.65105,-0.0006000000000000449
binary_bktf,9,17,21233828,0.5802499999999999,0.583,-0.00275000000000003,0.65155,0.6520999999999999,-0.0005499999999999394
binary_bktf,9,18,21233828,0.583,0.58675,-0.003750000000000031,0.6511,0.6524000000000001,-0.0013000000000000789
binary_bktf,9,19,21233828,0.58175,0.58575,-0.0040000000000000036,0.652,0.6528,-0.0008000000000000229
binary_bktf,10,0,21333831,0.59025,0.5855,0.004750000000000032,0.6526,0.6524499999999999,0.0001500000000000945
binary_bktf,10,1,21333831,0.5870000000000001,0.584,0.0030000000000001137,0.6526499999999998,0.6528,-0.00015000000000020552
binary_bktf,10,2,21333831,0.59125,0.58875,0.0025000000000000577,0.6528999999999999,0.65335,-0.00045000000000006146
binary_bktf,10,3,21333831,0.588,0.5834999999999999,0.0045000000000000595,0.6522999999999999,0.6527000000000001,-0.000400000000000178
binary_bktf,10,4,21333831,0.591,0.58825,0.002749999999999919,0.6518,0.6525,-0.0006999999999999229
binary_bktf,10,5,21333831,0.5885,0.5845,0.0040000000000000036,0.65265,0.6528,-0.0001500000000000945
binary_bktf,10,6,21333831,0.59,0.58675,0.003249999999999975,0.6519999999999999,0.6522,-0.000200000000000089
binary_bktf,10,7,21333831,0.59325,0.588,0.005250000000000088,0.6539,0.6537000000000001,0.00019999999999997797
binary_bktf,10,8,21333831,0.59125,0.58875,0.0025000000000000577,0.6528499999999999,0.65325,-0.00040000000000006697
binary_bktf,10,9,21333831,0.593,0.5915,0.0014999999999999458,0.6528,0.65345,-0.0006499999999999284
binary_bktf,10,10,21333831,0.59175,0.588,0.003750000000000031,0.65215,0.6520999999999999,5.0000000000105516e-05
binary_bktf,10,11,21333831,0.59125,0.58625,0.0050000000000000044,0.65255,0.6524000000000001,0.00014999999999987246
binary_bktf,10,12,21333831,0.5947499999999999,0.59425,0.0004999999999999449,0.6533,0.65435,-0.0010499999999999954
binary_bktf,10,13,21333831,0.588,0.5852499999999999,0.00275000000000003,0.65155,0.6524500000000001,-0.0009000000000001229
binary_bktf,10,14,21333831,0.5870000000000001,0.5842499999999999,0.0027500000000001412,0.6516,0.65205,-0.00045000000000006146
binary_bktf,10,15,21333831,0.5920000000000001,0.5882499999999999,0.003750000000000142,0.65235,0.6527,-0.00034999999999996145
binary_bktf,10,16,21333831,0.593,0.5905,0.0024999999999999467,0.6532499999999999,0.6535,-0.0002500000000000835
binary_bktf,10,17,21333831,0.59475,0.5905,0.004249999999999976,0.65405,0.6541,-4.999999999999449e-05
binary_bktf,10,18,21333831,0.59425,0.59125,0.0029999999999998916,0.6535499999999999,0.6539499999999999,-0.00040000000000006697
binary_bktf,10,19,21333831,0.59175,0.58875,0.0030000000000000027,0.6535,0.6539,-0.00040000000000006697
binary_bktf,11,0,21433834,0.5710000000000001,0.57975,-0.008749999999999925,0.64715,0.6497499999999999,-0.0025999999999999357
binary_bktf,11,1,21433834,0.57475,0.5822499999999999,-0.007499999999999951,0.6497999999999999,0.6527000000000001,-0.0029000000000001247
binary_bktf,11,2,21433834,0.57625,0.58375,-0.007499999999999951,0.6487999999999999,0.65165,-0.002850000000000019
binary_bktf,11,3,21433834,0.5695,0.57625,-0.006750000000000034,0.64775,0.6497999999999999,-0.0020499999999998852
binary_bktf,11,4,21433834,0.57075,0.57875,-0.008000000000000007,0.6486500000000001,0.6514,-0.002749999999999919
binary_bktf,11,5,21433834,0.5785,0.5865,-0.008000000000000007,0.6501500000000001,0.65305,-0.0028999999999999027
binary_bktf,11,6,21433834,0.57525,0.5834999999999999,-0.008249999999999869,0.649,0.6518999999999999,-0.0028999999999999027
binary_bktf,11,7,21433834,0.57525,0.58325,-0.008000000000000007,0.6496999999999999,0.6520999999999999,-0.0023999999999999577
binary_bktf,11,8,21433834,0.5745,0.58275,-0.00824999999999998,0.6487,0.6517999999999999,-0.0030999999999998806
binary_bktf,11,9,21433834,0.57625,0.58375,-0.007499999999999951,0.64955,0.6522,-0.002650000000000041
binary_bktf,11,10,21433834,0.5745,0.58,-0.005499999999999949,0.64905,0.6511,-0.0020499999999999963
binary_bktf,11,11,21433834,0.5775,0.5844999999999999,-0.006999999999999895,0.65015,0.6524500000000001,-0.0023000000000000798
binary_bktf,11,12,21433834,0.5734999999999999,0.585,-0.011500000000000066,0.64815,0.65155,-0.0033999999999999586
binary_bktf,11,13,21433834,0.5717500000000001,0.58,-0.008249999999999869,0.64815,0.6507999999999999,-0.00264999999999993
binary_bktf,11,14,21433834,0.57175,0.58,-0.00824999999999998,0.6478,0.6510499999999999,-0.003249999999999864
binary_bktf,11,15,21433834,0.573,0.5795,-0.006500000000000061,0.6480499999999999,0.65015,-0.002100000000000102
binary_bktf,11,16,21433834,0.56825,0.5770000000000001,-0.008750000000000036,0.64685,0.6499000000000001,-0.003050000000000108
binary_bktf,11,17,21433834,0.5720000000000001,0.5815,-0.009499999999999953,0.64845,0.6520500000000001,-0.0036000000000001586
binary_bktf,11,18,21433834,0.57425,0.57875,-0.0044999999999999485,0.6492500000000001,0.6505,-0.0012499999999998623
binary_bktf,11,19,21433834,0.5715,0.57975,-0.00824999999999998,0.64815,0.6510499999999999,-0.0028999999999999027
binary_bktf,12,0,21533837,0.57425,0.56325,0.01100000000000001,0.64725,0.6428,0.004449999999999954
binary_bktf,12,1,21533837,0.5760000000000001,0.5677499999999999,0.008250000000000202,0.6467499999999999,0.6431999999999999,0.003550000000000053
binary_bktf,12,2,21533837,0.575,0.568,0.007000000000000006,0.6478,0.64455,0.003250000000000086
binary_bktf,12,3,21533837,0.5710000000000001,0.56175,0.009250000000000091,0.6466,0.6428999999999999,0.0037000000000000366
binary_bktf,12,4,21533837,0.57325,0.5619999999999999,0.011250000000000093,0.64825,0.6439499999999999,0.0043000000000000815
binary_bktf,12,5,21533837,0.57475,0.5672499999999999,0.007500000000000062,0.64725,0.64405,0.0031999999999999806
binary_bktf,12,6,21533837,0.5775,0.5685,0.009000000000000008,0.6485500000000001,0.6448,0.003750000000000031
binary_bktf,12,7,21533837,0.5727500000000001,0.564,0.008750000000000147,0.6466,0.6426,0.0040000000000000036
binary_bktf,12,8,21533837,0.575,0.5665,0.008499999999999952,0.6474500000000001,0.6436999999999999,0.003750000000000142
binary_bktf,12,9,21533837,0.57525,0.5672499999999999,0.008000000000000118,0.64845,0.6449000000000001,0.003549999999999831
binary_bktf,12,10,21533837,0.57525,0.568,0.00725000000000009,0.6486000000000002,0.6452,0.0034000000000001807
binary_bktf,12,11,21533837,0.57525,0.56575,0.009500000000000064,0.64655,0.64315,0.0033999999999999586
binary_bktf,12,12,21533837,0.57575,0.56625,0.009499999999999953,0.6478,0.6441,0.0037000000000000366
binary_bktf,12,13,21533837,0.574,0.5655,0.008499999999999952,0.64725,0.6432499999999999,0.004000000000000115
binary_bktf,12,14,21533837,0.573,0.56275,0.010249999999999981,0.6472,0.643,0.0041999999999999815
binary_bktf,12,15,21533837,0.575,0.56575,0.00924999999999998,0.6476,0.6435,0.0040999999999999925
binary_bktf,12,16,21533837,0.57475,0.5645,0.010249999999999981,0.6472,0.6435499999999998,0.003650000000000153
binary_bktf,12,17,21533837,0.57325,0.56625,0.007000000000000006,0.6476000000000001,0.64405,0.003550000000000053
binary_bktf,12,18,21533837,0.57225,0.563,0.009250000000000091,0.64755,0.6431999999999999,0.004350000000000076
binary_bktf,12,19,21533837,0.5720000000000001,0.5642499999999999,0.007750000000000146,0.647,0.6435,0.0035000000000000586
binary_bktf,13,0,21633840,0.5884999999999999,0.5882499999999999,0.00024999999999997247,0.6563,0.6559,0.00039999999999995595
binary_bktf,13,1,21633840,0.586,0.5842499999999999,0.0017500000000000293,0.6561499999999999,0.6554000000000001,0.0007499999999998064
binary_bktf,13,2,21633840,0.58725,0.58775,-0.0004999999999999449,0.6559,0.65535,0.0005500000000000504
binary_bktf,13,3,21633840,0.58275,0.5827500000000001,-1.1102230246251565e-16,0.65435,0.6544500000000001,-0.00010000000000010001
binary_bktf,13,4,21633840,0.58825,0.5885,-0.00024999999999997247,0.65575,0.6557,5.0000000000105516e-05
binary_bktf,13,5,21633840,0.584,0.586,-0.0020000000000000018,0.65585,0.65595,-9.999999999998899e-05
binary_bktf,13,6,21633840,0.5870000000000001,0.58625,0.0007500000000000284,0.65675,0.6566,0.00014999999999998348
binary_bktf,13,7,21633840,0.58475,0.5842499999999999,0.000500000000000056,0.65555,0.65535,0.00019999999999997797
binary_bktf,13,8,21633840,0.58525,0.586,-0.0007499999999999174,0.6564,0.6566500000000001,-0.0002500000000000835
binary_bktf,13,9,21633840,0.58625,0.5877500000000001,-0.0015000000000000568,0.6567000000000001,0.657,-0.00029999999999996696
binary_bktf,13,10,21633840,0.58475,0.5837500000000001,0.0009999999999998899,0.65535,0.65495,0.00039999999999995595
binary_bktf,13,11,21633840,0.58575,0.5870000000000001,-0.0012500000000000844,0.6552500000000001,0.65575,-0.0004999999999999449
binary_bktf,13,12,21633840,0.585,0.585,0.0,0.6554499999999999,0.6550499999999999,0.00039999999999995595
binary_bktf,13,13,21633840,0.5872499999999999,0.5865,0.0007499999999999174,0.6564000000000001,0.6563,0.00010000000000010001
binary_bktf,13,14,21633840,0.58475,0.58325,0.0014999999999999458,0.65595,0.65575,0.00019999999999997797
binary_bktf,13,15,21633840,0.584,0.5835,0.0004999999999999449,0.65555,0.65485,0.0006999999999999229
binary_bktf,13,16,21633840,0.5840000000000001,0.58375,0.0002500000000000835,0.655,0.6547499999999999,0.0002500000000000835
binary_bktf,13,17,21633840,0.58625,0.58575,0.000500000000000056,0.6566,0.6562,0.00039999999999995595
binary_bktf,13,18,21633840,0.5820000000000001,0.58375,-0.0017499999999999183,0.65405,0.6550500000000001,-0.001000000000000112
binary_bktf,13,19,21633840,0.58125,0.57975,0.0015000000000000568,0.6556000000000001,0.6544,0.0012000000000000899
binary_bktf,14,0,21733843,0.5770000000000001,0.576,0.001000000000000112,0.6460499999999999,0.6452000000000001,0.0008499999999997954
binary_bktf,14,1,21733843,0.57875,0.57775,0.0010000000000000009,0.64715,0.6463500000000001,0.0007999999999999119
binary_bktf,14,2,21733843,0.579,0.5790000000000001,-1.1102230246251565e-16,0.6459999999999999,0.64575,0.00024999999999986144
binary_bktf,14,3,21733843,0.5795,0.57775,0.0017500000000000293,0.6472,0.64665,0.0005500000000000504
binary_bktf,14,4,21733843,0.5802499999999999,0.5770000000000001,0.003249999999999864,0.64755,0.64645,0.0010999999999999899
binary_bktf,14,5,21733843,0.579,0.576,0.0030000000000000027,0.6469,0.64555,0.0013500000000000734
binary_bktf,14,6,21733843,0.57875,0.5775,0.0012499999999999734,0.64655,0.6461999999999999,0.0003500000000000725
binary_bktf,14,7,21733843,0.579,0.576,0.0030000000000000027,0.64775,0.6466999999999998,0.0010500000000002174
binary_bktf,14,8,21733843,0.5805,0.5805,0.0,0.64685,0.64625,0.0006000000000000449
binary_bktf,14,9,21733843,0.5805,0.57825,0.0022499999999999742,0.64685,0.6458499999999999,0.001000000000000112
binary_bktf,14,10,21733843,0.5745,0.57275,0.0017500000000000293,0.6453,0.6446500000000001,0.0006499999999999284
binary_bktf,14,11,21733843,0.58075,0.57875,0.0020000000000000018,0.6476,0.64685,0.0007499999999999174
binary_bktf,14,12,21733843,0.5775,0.57475,0.00275000000000003,0.6464,0.6454499999999999,0.0009500000000001174
binary_bktf,14,13,21733843,0.5825,0.5805,0.0020000000000000018,0.6467,0.6461,0.0006000000000000449
binary_bktf,14,14,21733843,0.57825,0.57675,0.0015000000000000568,0.6459,0.64565,0.0002500000000000835
binary_bktf,14,15,21733843,0.57825,0.57475,0.0035000000000000586,0.6463500000000001,0.64535,0.001000000000000112
binary_bktf,14,16,21733843,0.5802499999999999,0.57675,0.0034999999999999476,0.64685,0.6454499999999999,0.0014000000000001789
binary_bktf,14,17,21733843,0.5784999999999999,0.578,0.0004999999999999449,0.6467499999999999,0.6462,0.0005499999999999394
binary_bktf,14,18,21733843,0.57675,0.5770000000000001,-0.0002500000000000835,0.64545,0.6451499999999999,0.000300000000000078
binary_bktf,14,19,21733843,0.576,0.57375,0.0022499999999999742,0.64605,0.6452,0.0008500000000000174
binary_bktf,15,0,21833846,0.5902499999999999,0.583,0.007249999999999979,0.6581999999999999,0.6563499999999999,0.0018500000000000183
binary_bktf,15,1,21833846,0.5895,0.58125,0.00824999999999998,0.6575,0.6550999999999999,0.0024000000000000687
binary_bktf,15,2,21833846,0.586,0.5775,0.008499999999999952,0.6559999999999999,0.6539,0.0020999999999998797
binary_bktf,15,3,21833846,0.5905,0.58075,0.009750000000000036,0.65665,0.6542999999999999,0.0023500000000000743
binary_bktf,15,4,21833846,0.59,0.5795,0.010499999999999954,0.6572,0.6547,0.0025000000000000577
binary_bktf,15,5,21833846,0.589,0.58,0.009000000000000008,0.65645,0.6547499999999999,0.0017000000000000348
binary_bktf,15,6,21833846,0.589,0.57975,0.00924999999999998,0.6566500000000001,0.65455,0.002100000000000102
binary_bktf,15,7,21833846,0.585,0.57525,0.009749999999999925,0.6554500000000002,0.65315,0.0023000000000001908
binary_bktf,15,8,21833846,0.58675,0.58025,0.00649999999999995,0.6566,0.65495,0.0016499999999999293
binary_bktf,15,9,21833846,0.584,0.5785,0.005499999999999949,0.6552500000000001,0.6538499999999999,0.0014000000000001789
binary_bktf,15,10,21833846,0.58775,0.5795,0.00824999999999998,0.6563999999999999,0.65425,0.0021499999999998742
binary_bktf,15,11,21833846,0.58875,0.58075,0.008000000000000007,0.65715,0.6552500000000001,0.0018999999999999018
binary_bktf,15,12,21833846,0.58475,0.57825,0.00649999999999995,0.6552,0.6538499999999999,0.0013500000000000734
binary_bktf,15,13,21833846,0.5855,0.5792499999999999,0.006250000000000089,0.6557999999999999,0.65425,0.0015499999999999403
binary_bktf,15,14,21833846,0.5915,0.5835,0.008000000000000007,0.65715,0.6555,0.0016500000000000403
binary_bktf,15,15,21833846,0.591,0.5815,0.009499999999999953,0.6575,0.6552,0.0022999999999999687
binary_bktf,15,16,21833846,0.5870000000000001,0.5802499999999999,0.006750000000000145,0.6566,0.6549,0.0016999999999999238
binary_bktf,15,17,21833846,0.5827500000000001,0.57625,0.006500000000000061,0.6552,0.6536,0.0016000000000000458
binary_bktf,15,18,21833846,0.58975,0.5815,0.00824999999999998,0.6568999999999999,0.6548999999999999,0.0020000000000000018
binary_bktf,15,19,21833846,0.586,0.57775,0.00824999999999998,0.6563499999999999,0.6546000000000001,0.0017499999999998073
binary_bktf,16,0,21933849,0.5915,0.59875,-0.007249999999999979,0.6544999999999999,0.6557499999999998,-0.0012499999999999734
binary_bktf,16,1,21933849,0.58975,0.59725,-0.007499999999999951,0.65375,0.65565,-0.0018999999999999018
binary_bktf,16,2,21933849,0.5922499999999999,0.5985,-0.006250000000000089,0.65445,0.6555,-0.0010499999999999954
binary_bktf,16,3,21933849,0.59175,0.598,-0.006249999999999978,0.654,0.65535,-0.0013499999999999623
binary_bktf,16,4,21933849,0.5934999999999999,0.601,-0.007500000000000062,0.65445,0.6559,-0.0014500000000000624
binary_bktf,16,5,21933849,0.5915,0.5972500000000001,-0.005750000000000033,0.6538999999999998,0.6555000000000001,-0.0016000000000002679
binary_bktf,16,6,21933849,0.59125,0.599,-0.007749999999999924,0.6545000000000001,0.6562,-0.0016999999999999238
binary_bktf,16,7,21933849,0.59125,0.59875,-0.007499999999999951,0.65435,0.65565,-0.0012999999999999678
binary_bktf,16,8,21933849,0.592,0.6,-0.008000000000000007,0.65305,0.6546,-0.0015499999999999403
binary_bktf,16,9,21933849,0.5930000000000001,0.5980000000000001,-0.0050000000000000044,0.6537000000000001,0.6548999999999999,-0.0011999999999998678
binary_bktf,16,10,21933849,0.594,0.59925,-0.005249999999999977,0.6541,0.6549,-0.0008000000000000229
binary_bktf,16,11,21933849,0.58825,0.59425,-0.005999999999999894,0.6533500000000001,0.6541499999999999,-0.0007999999999998009
binary_bktf,16,12,21933849,0.5925,0.6004999999999999,-0.007999999999999896,0.6542,0.6559999999999999,-0.0017999999999999128
binary_bktf,16,13,21933849,0.5920000000000001,0.5985,-0.00649999999999995,0.6544,0.65535,-0.0009500000000000064
binary_bktf,16,14,21933849,0.592,0.59775,-0.005750000000000033,0.6546000000000001,0.6557,-0.0010999999999998789
binary_bktf,16,15,21933849,0.5935,0.602,-0.008499999999999952,0.6553999999999999,0.6569499999999999,-0.0015500000000000513
binary_bktf,16,16,21933849,0.5922499999999999,0.5995,-0.00725000000000009,0.6539499999999999,0.6552000000000001,-0.0012500000000001954
binary_bktf,16,17,21933849,0.59125,0.59725,-0.005999999999999894,0.6545000000000001,0.6555000000000001,-0.0010000000000000009
binary_bktf,16,18,21933849,0.59,0.597,-0.007000000000000006,0.6539500000000001,0.6554000000000001,-0.0014499999999999513
binary_bktf,16,19,21933849,0.5892499999999999,0.596,-0.006750000000000034,0.65325,0.6546500000000001,-0.0014000000000000679
binary_bktf,17,0,22033852,0.58075,0.58125,-0.000500000000000056,0.6527,0.6528,-0.00010000000000010001
binary_bktf,17,1,22033852,0.5775,0.57775,-0.00024999999999997247,0.6504500000000002,0.6508499999999999,-0.0003999999999997339
binary_bktf,17,2,22033852,0.58225,0.5842499999999999,-0.0019999999999998908,0.6525,0.65315,-0.0006500000000000394
binary_bktf,17,3,22033852,0.581,0.5814999999999999,-0.0004999999999999449,0.6515000000000001,0.6521000000000001,-0.0006000000000000449
binary_bktf,17,4,22033852,0.58,0.58325,-0.003250000000000086,0.6515000000000001,0.65265,-0.0011499999999998733
binary_bktf,17,5,22033852,0.5775,0.5782499999999999,-0.0007499999999999174,0.6503,0.6507,-0.00039999999999995595
binary_bktf,17,6,22033852,0.58525,0.58625,-0.0010000000000000009,0.65265,0.65305,-0.00040000000000006697
binary_bktf,17,7,22033852,0.5827500000000001,0.58375,-0.0009999999999998899,0.65125,0.6519999999999999,-0.0007499999999999174
binary_bktf,17,8,22033852,0.5755,0.57825,-0.00275000000000003,0.6500499999999999,0.6506000000000001,-0.0005500000000001615
binary_bktf,17,9,22033852,0.57775,0.5792499999999999,-0.0014999999999999458,0.6507,0.6513,-0.0006000000000000449
binary_bktf,17,10,22033852,0.5785,0.57875,-0.00024999999999997247,0.6511500000000001,0.6515000000000001,-0.00034999999999996145
binary_bktf,17,11,22033852,0.58125,0.58125,0.0,0.6517499999999999,0.6518999999999999,-0.00014999999999998348
binary_bktf,17,12,22033852,0.5792499999999999,0.58,-0.0007500000000000284,0.6514500000000001,0.6517499999999999,-0.00029999999999985594
binary_bktf,17,13,22033852,0.584,0.5845,-0.000500000000000056,0.65275,0.65315,-0.00039999999999995595
binary_bktf,17,14,22033852,0.5805,0.581,-0.0004999999999999449,0.6516,0.65205,-0.00045000000000006146
binary_bktf,17,15,22033852,0.5792499999999999,0.5805,-0.0012500000000000844,0.6512,0.65205,-0.0008500000000000174
binary_bktf,17,16,22033852,0.58225,0.5825,-0.00024999999999997247,0.652,0.65255,-0.0005499999999999394
binary_bktf,17,17,22033852,0.5830000000000001,0.5842499999999999,-0.0012499999999998623,0.6526,0.6529,-0.000300000000000078
binary_bktf,17,18,22033852,0.5840000000000001,0.5845,-0.0004999999999999449,0.65275,0.6532499999999999,-0.0004999999999998339
binary_bktf,17,19,22033852,0.58175,0.58275,-0.0010000000000000009,0.6517500000000002,0.652,-0.00024999999999986144
binary_bktf,18,0,22133855,0.57175,0.5695,0.0022499999999999742,0.6528999999999999,0.6512,0.0016999999999999238
binary_bktf,18,1,22133855,0.5815,0.5782499999999999,0.003250000000000086,0.65565,0.65405,0.0015999999999999348
binary_bktf,18,2,22133855,0.5805,0.5775,0.0030000000000000027,0.6548999999999999,0.65295,0.0019499999999998963
binary_bktf,18,3,22133855,0.5755,0.5725,0.0030000000000000027,0.65325,0.65155,0.0017000000000000348
binary_bktf,18,4,22133855,0.57575,0.57575,0.0,0.65435,0.6532000000000001,0.0011499999999998733
binary_bktf,18,5,22133855,0.5765,0.5745,0.0020000000000000018,0.6531,0.6518,0.0012999999999999678
binary_bktf,18,6,22133855,0.5790000000000001,0.5752499999999999,0.003750000000000142,0.6555,0.65365,0.0018500000000000183
binary_bktf,18,7,22133855,0.57675,0.5742499999999999,0.0025000000000000577,0.65455,0.6528499999999999,0.0017000000000000348
binary_bktf,18,8,22133855,0.5745,0.5715,0.0030000000000000027,0.65385,0.65205,0.0018000000000000238
binary_bktf,18,9,22133855,0.5765,0.5745,0.0020000000000000018,0.65315,0.6516,0.0015500000000000513
binary_bktf,18,10,22133855,0.5784999999999999,0.575,0.0034999999999999476,0.65385,0.6522,0.0016500000000000403
binary_bktf,18,11,22133855,0.5752499999999999,0.5745,0.0007499999999999174,0.65405,0.6533500000000001,0.0006999999999999229
binary_bktf,18,12,22133855,0.57875,0.57475,0.0040000000000000036,0.6550499999999999,0.6533000000000001,0.0017499999999998073
binary_bktf,18,13,22133855,0.5785,0.575,0.0035000000000000586,0.655,0.653,0.0020000000000000018
binary_bktf,18,14,22133855,0.57775,0.57475,0.0030000000000000027,0.6547999999999999,0.6527000000000001,0.0020999999999998797
binary_bktf,18,15,22133855,0.5734999999999999,0.57125,0.0022499999999998632,0.6528,0.6513499999999999,0.0014500000000001734
binary_bktf,18,16,22133855,0.57875,0.5755,0.003249999999999975,0.6553,0.6533,0.0020000000000000018
binary_bktf,18,17,22133855,0.579,0.5784999999999999,0.000500000000000056,0.6546000000000001,0.6535500000000001,0.0010499999999999954
binary_bktf,18,18,22133855,0.57525,0.5722499999999999,0.0030000000000001137,0.6535499999999999,0.65205,0.0014999999999998348
binary_bktf,18,19,22133855,0.57925,0.5777500000000001,0.0014999999999999458,0.6551,0.6538499999999999,0.0012500000000000844
binary_bktf,19,0,22233858,0.58175,0.5855,-0.003750000000000031,0.65085,0.6512,-0.00034999999999996145
binary_bktf,19,1,22233858,0.579,0.58075,-0.0017500000000000293,0.65,0.6495500000000001,0.00044999999999995044
binary_bktf,19,2,22233858,0.583,0.5852499999999999,-0.0022499999999999742,0.6515000000000001,0.65155,-4.999999999988347e-05
binary_bktf,19,3,22233858,0.58325,0.58675,-0.0034999999999999476,0.6513,0.6514,-9.999999999998899e-05
binary_bktf,19,4,22233858,0.58175,0.5842499999999999,-0.0024999999999999467,0.64985,0.6500499999999999,-0.00019999999999986695
binary_bktf,19,5,22233858,0.584,0.58675,-0.00275000000000003,0.6517499999999999,0.6513499999999999,0.00040000000000006697
binary_bktf,19,6,22233858,0.5845,0.5865,-0.0020000000000000018,0.65235,0.6520500000000001,0.00029999999999985594
binary_bktf,19,7,22233858,0.58325,0.584,-0.0007499999999999174,0.6513499999999999,0.6505,0.0008499999999999064
binary_bktf,19,8,22233858,0.58325,0.5845,-0.0012499999999999734,0.65125,0.6507499999999999,0.000500000000000056
binary_bktf,19,9,22233858,0.584,0.585,-0.0010000000000000009,0.6513499999999999,0.65075,0.0005999999999998229
binary_bktf,19,10,22233858,0.58275,0.5865,-0.003750000000000031,0.65105,0.6511500000000001,-0.00010000000000010001
binary_bktf,19,11,22233858,0.58675,0.5905,-0.003750000000000031,0.65215,0.65185,0.00029999999999996696
binary_bktf,19,12,22233858,0.58225,0.5865,-0.004249999999999976,0.6506000000000001,0.6507999999999999,-0.00019999999999986695
binary_bktf,19,13,22233858,0.5845,0.588,-0.0034999999999999476,0.6505500000000001,0.6511499999999999,-0.0005999999999998229
binary_bktf,19,14,22233858,0.5845,0.588,-0.0034999999999999476,0.6525,0.6522500000000001,0.00024999999999986144
binary_bktf,19,15,22233858,0.581,0.5834999999999999,-0.0024999999999999467,0.65035,0.6500999999999999,0.0002500000000000835
binary_bktf,19,16,22233858,0.5792499999999999,0.5825,-0.003250000000000086,0.6508000000000002,0.6507499999999999,5.000000000021654e-05
binary_bktf,19,17,22233858,0.5772499999999999,0.579,-0.0017500000000000293,0.6494,0.6494,0.0
binary_bktf,19,18,22233858,0.5815,0.58575,-0.004249999999999976,0.6507999999999999,0.6511499999999999,-0.00034999999999996145
binary_bktf,19,19,22233858,0.58625,0.58575,0.000500000000000056,0.6517000000000001,0.6507,0.001000000000000112
continuous_latent_trait,0,0,20333801,0.5754236493156806,0.5753237734915615,9.98758241190778e-05,0.64985,0.6493000000000001,0.0005499999999999394
continuous_latent_trait,0,1,20333801,0.5754236493156806,0.5753237734915615,9.98758241190778e-05,0.64985,0.6493000000000001,0.0005499999999999394
continuous_latent_trait,0,2,20333801,0.5754236493156806,0.5753237734915615,9.98758241190778e-05,0.64985,0.6493000000000001,0.0005499999999999394
continuous_latent_trait,0,3,20333801,0.5754236493156806,0.5753237734915615,9.98758241190778e-05,0.64985,0.6493000000000001,0.0005499999999999394
continuous_latent_trait,0,4,20333801,0.5754236493156806,0.5753237734915615,9.98758241190778e-05,0.64985,0.6493000000000001,0.0005499999999999394
continuous_latent_trait,0,5,20333801,0.5754236493156806,0.5753237734915615,9.98758241190778e-05,0.64985,0.6493000000000001,0.0005499999999999394
continuous_latent_trait,0,6,20333801,0.5754236493156806,0.5753237734915615,9.98758241190778e-05,0.64985,0.6493000000000001,0.0005499999999999394
continuous_latent_trait,0,7,20333801,0.5754236493156806,0.5753237734915615,9.98758241190778e-05,0.64985,0.6493000000000001,0.0005499999999999394
continuous_latent_trait,0,8,20333801,0.5754236493156806,0.5753237734915615,9.98758241190778e-05,0.64985,0.6493000000000001,0.0005499999999999394
continuous_latent_trait,0,9,20333801,0.5754236493156806,0.5753237734915615,9.98758241190778e-05,0.64985,0.6493000000000001,0.0005499999999999394
continuous_latent_trait,0,10,20333801,0.5754236493156806,0.5753237734915615,9.98758241190778e-05,0.64985,0.6493000000000001,0.0005499999999999394
continuous_latent_trait,0,11,20333801,0.5754236493156806,0.5753237734915615,9.98758241190778e-05,0.64985,0.6493000000000001,0.0005499999999999394
continuous_latent_trait,0,12,20333801,0.5754236493156806,0.5753237734915615,9.98758241190778e-05,0.64985,0.6493000000000001,0.0005499999999999394
continuous_latent_trait,0,13,20333801,0.5754236493156806,0.5753237734915615,9.98758241190778e-05,0.64985,0.6493000000000001,0.0005499999999999394
continuous_latent_trait,0,14,20333801,0.5754236493156806,0.5753237734915615,9.98758241190778e-05,0.64985,0.6493000000000001,0.0005499999999999394
continuous_latent_trait,0,15,20333801,0.5754236493156806,0.5753237734915615,9.98758241190778e-05,0.64985,0.6493000000000001,0.0005499999999999394
continuous_latent_trait,0,16,20333801,0.5754236493156806,0.5753237734915615,9.98758241190778e-05,0.64985,0.6493000000000001,0.0005499999999999394
continuous_latent_trait,0,17,20333801,0.5754236493156806,0.5753237734915615,9.98758241190778e-05,0.64985,0.6493000000000001,0.0005499999999999394
continuous_latent_trait,0,18,20333801,0.5754236493156806,0.5753237734915615,9.98758241190778e-05,0.64985,0.6493000000000001,0.0005499999999999394
continuous_latent_trait,0,19,20333801,0.5754236493156806,0.5753237734915615,9.98758241190778e-05,0.64985,0.6493000000000001,0.0005499999999999394
continuous_latent_trait,1,0,20433804,0.5703122660754921,0.5706193631869477,-0.0003070971114556009,0.6484000000000001,0.6476999999999999,0.000700000000000145
continuous_latent_trait,1,1,20433804,0.5703122660754921,0.5706193631869477,-0.0003070971114556009,0.6484000000000001,0.6476999999999999,0.000700000000000145
continuous_latent_trait,1,2,20433804,0.5703122660754921,0.5706193631869477,-0.0003070971114556009,0.6484000000000001,0.6476999999999999,0.000700000000000145
continuous_latent_trait,1,3,20433804,0.5703122660754921,0.5706193631869477,-0.0003070971114556009,0.6484000000000001,0.6476999999999999,0.000700000000000145
continuous_latent_trait,1,4,20433804,0.5703122660754921,0.5706193631869477,-0.0003070971114556009,0.6484000000000001,0.6476999999999999,0.000700000000000145
continuous_latent_trait,1,5,20433804,0.5703122660754921,0.5706193631869477,-0.0003070971114556009,0.6484000000000001,0.6476999999999999,0.000700000000000145
continuous_latent_trait,1,6,20433804,0.5703122660754921,0.5706193631869477,-0.0003070971114556009,0.6484000000000001,0.6476999999999999,0.000700000000000145
continuous_latent_trait,1,7,20433804,0.5703122660754921,0.5706193631869477,-0.0003070971114556009,0.6484000000000001,0.6476999999999999,0.000700000000000145
continuous_latent_trait,1,8,20433804,0.5703122660754921,0.5706193631869477,-0.0003070971114556009,0.6484000000000001,0.6476999999999999,0.000700000000000145
continuous_latent_trait,1,9,20433804,0.5703122660754921,0.5706193631869477,-0.0003070971114556009,0.6484000000000001,0.6476999999999999,0.000700000000000145
continuous_latent_trait,1,10,20433804,0.5703122660754921,0.5706193631869477,-0.0003070971114556009,0.6484000000000001,0.6476999999999999,0.000700000000000145
continuous_latent_trait,1,11,20433804,0.5703122660754921,0.5706193631869477,-0.0003070971114556009,0.6484000000000001,0.6476999999999999,0.000700000000000145
continuous_latent_trait,1,12,20433804,0.5703122660754921,0.5706193631869477,-0.0003070971114556009,0.6484000000000001,0.6476999999999999,0.000700000000000145
continuous_latent_trait,1,13,20433804,0.5703122660754921,0.5706193631869477,-0.0003070971114556009,0.6484000000000001,0.6476999999999999,0.000700000000000145
continuous_latent_trait,1,14,20433804,0.5703122660754921,0.5706193631869477,-0.0003070971114556009,0.6484000000000001,0.6476999999999999,0.000700000000000145
continuous_latent_trait,1,15,20433804,0.5703122660754921,0.5706193631869477,-0.0003070971114556009,0.6484000000000001,0.6476999999999999,0.000700000000000145
continuous_latent_trait,1,16,20433804,0.5703122660754921,0.5706193631869477,-0.0003070971114556009,0.6484000000000001,0.6476999999999999,0.000700000000000145
continuous_latent_trait,1,17,20433804,0.5703122660754921,0.5706193631869477,-0.0003070971114556009,0.6484000000000001,0.6476999999999999,0.000700000000000145
continuous_latent_trait,1,18,20433804,0.5703122660754921,0.5706193631869477,-0.0003070971114556009,0.6484000000000001,0.6476999999999999,0.000700000000000145
continuous_latent_trait,1,19,20433804,0.5703122660754921,0.5706193631869477,-0.0003070971114556009,0.6484000000000001,0.6476999999999999,0.000700000000000145
continuous_latent_trait,2,0,20533807,0.5663308675769083,0.5677606931545475,-0.0014298255776391544,0.6487999999999999,0.6493000000000001,-0.000500000000000167
continuous_latent_trait,2,1,20533807,0.5663308675769083,0.5677606931545475,-0.0014298255776391544,0.6487999999999999,0.6493000000000001,-0.000500000000000167
continuous_latent_trait,2,2,20533807,0.5663308675769083,0.5677606931545475,-0.0014298255776391544,0.6487999999999999,0.6493000000000001,-0.000500000000000167
continuous_latent_trait,2,3,20533807,0.5663308675769083,0.5677606931545475,-0.0014298255776391544,0.6487999999999999,0.6493000000000001,-0.000500000000000167
continuous_latent_trait,2,4,20533807,0.5663308675769083,0.5677606931545475,-0.0014298255776391544,0.6487999999999999,0.6493000000000001,-0.000500000000000167
continuous_latent_trait,2,5,20533807,0.5663308675769083,0.5677606931545475,-0.0014298255776391544,0.6487999999999999,0.6493000000000001,-0.000500000000000167
continuous_latent_trait,2,6,20533807,0.5663308675769083,0.5677606931545475,-0.0014298255776391544,0.6487999999999999,0.6493000000000001,-0.000500000000000167
continuous_latent_trait,2,7,20533807,0.5663308675769083,0.5677606931545475,-0.0014298255776391544,0.6487999999999999,0.6493000000000001,-0.000500000000000167
continuous_latent_trait,2,8,20533807,0.5663308675769083,0.5677606931545475,-0.0014298255776391544,0.6487999999999999,0.6493000000000001,-0.000500000000000167
continuous_latent_trait,2,9,20533807,0.5663308675769083,0.5677606931545475,-0.0014298255776391544,0.6487999999999999,0.6493000000000001,-0.000500000000000167
continuous_latent_trait,2,10,20533807,0.5663308675769083,0.5677606931545475,-0.0014298255776391544,0.6487999999999999,0.6493000000000001,-0.000500000000000167
continuous_latent_trait,2,11,20533807,0.5663308675769083,0.5677606931545475,-0.0014298255776391544,0.6487999999999999,0.6493000000000001,-0.000500000000000167
continuous_latent_trait,2,12,20533807,0.5663308675769083,0.5677606931545475,-0.0014298255776391544,0.6487999999999999,0.6493000000000001,-0.000500000000000167
continuous_latent_trait,2,13,20533807,0.5663308675769083,0.5677606931545475,-0.0014298255776391544,0.6487999999999999,0.6493000000000001,-0.000500000000000167
continuous_latent_trait,2,14,20533807,0.5663308675769083,0.5677606931545475,-0.0014298255776391544,0.6487999999999999,0.6493000000000001,-0.000500000000000167
continuous_latent_trait,2,15,20533807,0.5663308675769083,0.5677606931545475,-0.0014298255776391544,0.6487999999999999,0.6493000000000001,-0.000500000000000167
continuous_latent_trait,2,16,20533807,0.5663308675769083,0.5677606931545475,-0.0014298255776391544,0.6487999999999999,0.6493000000000001,-0.000500000000000167
continuous_latent_trait,2,17,20533807,0.5663308675769083,0.5677606931545475,-0.0014298255776391544,0.6487999999999999,0.6493000000000001,-0.000500000000000167
continuous_latent_trait,2,18,20533807,0.5663308675769083,0.5677606931545475,-0.0014298255776391544,0.6487999999999999,0.6493000000000001,-0.000500000000000167
continuous_latent_trait,2,19,20533807,0.5663308675769083,0.5677606931545475,-0.0014298255776391544,0.6487999999999999,0.6493000000000001,-0.000500000000000167
continuous_latent_trait,3,0,20633810,0.5738982948473648,0.573337940096542,0.0005603547508227225,0.6474000000000001,0.6473,0.00010000000000010001
continuous_latent_trait,3,1,20633810,0.5738982948473648,0.573337940096542,0.0005603547508227225,0.6474000000000001,0.6473,0.00010000000000010001
continuous_latent_trait,3,2,20633810,0.5738982948473648,0.573337940096542,0.0005603547508227225,0.6474000000000001,0.6473,0.00010000000000010001
continuous_latent_trait,3,3,20633810,0.5738982948473648,0.573337940096542,0.0005603547508227225,0.6474000000000001,0.6473,0.00010000000000010001
continuous_latent_trait,3,4,20633810,0.5738982948473648,0.573337940096542,0.0005603547508227225,0.6474000000000001,0.6473,0.00010000000000010001
continuous_latent_trait,3,5,20633810,0.5738982948473648,0.573337940096542,0.0005603547508227225,0.6474000000000001,0.6473,0.00010000000000010001
continuous_latent_trait,3,6,20633810,0.5738982948473648,0.573337940096542,0.0005603547508227225,0.6474000000000001,0.6473,0.00010000000000010001
continuous_latent_trait,3,7,20633810,0.5738982948473648,0.573337940096542,0.0005603547508227225,0.6474000000000001,0.6473,0.00010000000000010001
continuous_latent_trait,3,8,20633810,0.5738982948473648,0.573337940096542,0.0005603547508227225,0.6474000000000001,0.6473,0.00010000000000010001
continuous_latent_trait,3,9,20633810,0.5738982948473648,0.573337940096542,0.0005603547508227225,0.6474000000000001,0.6473,0.00010000000000010001
continuous_latent_trait,3,10,20633810,0.5738982948473648,0.573337940096542,0.0005603547508227225,0.6474000000000001,0.6473,0.00010000000000010001
continuous_latent_trait,3,11,20633810,0.5738982948473648,0.573337940096542,0.0005603547508227225,0.6474000000000001,0.6473,0.00010000000000010001
continuous_latent_trait,3,12,20633810,0.5738982948473648,0.573337940096542,0.0005603547508227225,0.6474000000000001,0.6473,0.00010000000000010001
continuous_latent_trait,3,13,20633810,0.5738982948473648,0.573337940096542,0.0005603547508227225,0.6474000000000001,0.6473,0.00010000000000010001
continuous_latent_trait,3,14,20633810,0.5738982948473648,0.573337940096542,0.0005603547508227225,0.6474000000000001,0.6473,0.00010000000000010001
continuous_latent_trait,3,15,20633810,0.5738982948473648,0.573337940096542,0.0005603547508227225,0.6474000000000001,0.6473,0.00010000000000010001
continuous_latent_trait,3,16,20633810,0.5738982948473648,0.573337940096542,0.0005603547508227225,0.6474000000000001,0.6473,0.00010000000000010001
continuous_latent_trait,3,17,20633810,0.5738982948473648,0.573337940096542,0.0005603547508227225,0.6474000000000001,0.6473,0.00010000000000010001
continuous_latent_trait,3,18,20633810,0.5738982948473648,0.573337940096542,0.0005603547508227225,0.6474000000000001,0.6473,0.00010000000000010001
continuous_latent_trait,3,19,20633810,0.5738982948473648,0.573337940096542,0.0005603547508227225,0.6474000000000001,0.6473,0.00010000000000010001
continuous_latent_trait,4,0,20733813,0.5732405626139271,0.5730448130208657,0.0001957495930613451,0.6496500000000001,0.6484000000000001,0.0012499999999999734
continuous_latent_trait,4,1,20733813,0.5732405626139271,0.5730448130208657,0.0001957495930613451,0.6496500000000001,0.6484000000000001,0.0012499999999999734
continuous_latent_trait,4,2,20733813,0.5732405626139271,0.5730448130208657,0.0001957495930613451,0.6496500000000001,0.6484000000000001,0.0012499999999999734
continuous_latent_trait,4,3,20733813,0.5732405626139271,0.5730448130208657,0.0001957495930613451,0.6496500000000001,0.6484000000000001,0.0012499999999999734
continuous_latent_trait,4,4,20733813,0.5732405626139271,0.5730448130208657,0.0001957495930613451,0.6496500000000001,0.6484000000000001,0.0012499999999999734
continuous_latent_trait,4,5,20733813,0.5732405626139271,0.5730448130208657,0.0001957495930613451,0.6496500000000001,0.6484000000000001,0.0012499999999999734
continuous_latent_trait,4,6,20733813,0.5732405626139271,0.5730448130208657,0.0001957495930613451,0.6496500000000001,0.6484000000000001,0.0012499999999999734
continuous_latent_trait,4,7,20733813,0.5732405626139271,0.5730448130208657,0.0001957495930613451,0.6496500000000001,0.6484000000000001,0.0012499999999999734
continuous_latent_trait,4,8,20733813,0.5732405626139271,0.5730448130208657,0.0001957495930613451,0.6496500000000001,0.6484000000000001,0.0012499999999999734
continuous_latent_trait,4,9,20733813,0.5732405626139271,0.5730448130208657,0.0001957495930613451,0.6496500000000001,0.6484000000000001,0.0012499999999999734
continuous_latent_trait,4,10,20733813,0.5732405626139271,0.5730448130208657,0.0001957495930613451,0.6496500000000001,0.6484000000000001,0.0012499999999999734
continuous_latent_trait,4,11,20733813,0.5732405626139271,0.5730448130208657,0.0001957495930613451,0.6496500000000001,0.6484000000000001,0.0012499999999999734
continuous_latent_trait,4,12,20733813,0.5732405626139271,0.5730448130208657,0.0001957495930613451,0.6496500000000001,0.6484000000000001,0.0012499999999999734
continuous_latent_trait,4,13,20733813,0.5732405626139271,0.5730448130208657,0.0001957495930613451,0.6496500000000001,0.6484000000000001,0.0012499999999999734
continuous_latent_trait,4,14,20733813,0.5732405626139271,0.5730448130208657,0.0001957495930613451,0.6496500000000001,0.6484000000000001,0.0012499999999999734
continuous_latent_trait,4,15,20733813,0.5732405626139271,0.5730448130208657,0.0001957495930613451,0.6496500000000001,0.6484000000000001,0.0012499999999999734
continuous_latent_trait,4,16,20733813,0.5732405626139271,0.5730448130208657,0.0001957495930613451,0.6496500000000001,0.6484000000000001,0.0012499999999999734
continuous_latent_trait,4,17,20733813,0.5732405626139271,0.5730448130208657,0.0001957495930613451,0.6496500000000001,0.6484000000000001,0.0012499999999999734
continuous_latent_trait,4,18,20733813,0.5732405626139271,0.5730448130208657,0.0001957495930613451,0.6496500000000001,0.6484000000000001,0.0012499999999999734
continuous_latent_trait,4,19,20733813,0.5732405626139271,0.5730448130208657,0.0001957495930613451,0.6496500000000001,0.6484000000000001,0.0012499999999999734
continuous_latent_trait,5,0,20833816,0.5749069744236387,0.5754787894991111,-0.0005718150754724372,0.64725,0.6476,-0.00034999999999996145
continuous_latent_trait,5,1,20833816,0.5749069744236387,0.5754787894991111,-0.0005718150754724372,0.64725,0.6476,-0.00034999999999996145
continuous_latent_trait,5,2,20833816,0.5749069744236387,0.5754787894991111,-0.0005718150754724372,0.64725,0.6476,-0.00034999999999996145
continuous_latent_trait,5,3,20833816,0.5749069744236387,0.5754787894991111,-0.0005718150754724372,0.64725,0.6476,-0.00034999999999996145
continuous_latent_trait,5,4,20833816,0.5749069744236387,0.5754787894991111,-0.0005718150754724372,0.64725,0.6476,-0.00034999999999996145
continuous_latent_trait,5,5,20833816,0.5749069744236387,0.5754787894991111,-0.0005718150754724372,0.64725,0.6476,-0.00034999999999996145
continuous_latent_trait,5,6,20833816,0.5749069744236387,0.5754787894991111,-0.0005718150754724372,0.64725,0.6476,-0.00034999999999996145
continuous_latent_trait,5,7,20833816,0.5749069744236387,0.5754787894991111,-0.0005718150754724372,0.64725,0.6476,-0.00034999999999996145
continuous_latent_trait,5,8,20833816,0.5749069744236387,0.5754787894991111,-0.0005718150754724372,0.64725,0.6476,-0.00034999999999996145
continuous_latent_trait,5,9,20833816,0.5749069744236387,0.5754787894991111,-0.0005718150754724372,0.64725,0.6476,-0.00034999999999996145
continuous_latent_trait,5,10,20833816,0.5749069744236387,0.5754787894991111,-0.0005718150754724372,0.64725,0.6476,-0.00034999999999996145
continuous_latent_trait,5,11,20833816,0.5749069744236387,0.5754787894991111,-0.0005718150754724372,0.64725,0.6476,-0.00034999999999996145
continuous_latent_trait,5,12,20833816,0.5749069744236387,0.5754787894991111,-0.0005718150754724372,0.64725,0.6476,-0.00034999999999996145
continuous_latent_trait,5,13,20833816,0.5749069744236387,0.5754787894991111,-0.0005718150754724372,0.64725,0.6476,-0.00034999999999996145
continuous_latent_trait,5,14,20833816,0.5749069744236387,0.5754787894991111,-0.0005718150754724372,0.64725,0.6476,-0.00034999999999996145
continuous_latent_trait,5,15,20833816,0.5749069744236387,0.5754787894991111,-0.0005718150754724372,0.64725,0.6476,-0.00034999999999996145
continuous_latent_trait,5,16,20833816,0.5749069744236387,0.5754787894991111,-0.0005718150754724372,0.64725,0.6476,-0.00034999999999996145
continuous_latent_trait,5,17,20833816,0.5749069744236387,0.5754787894991111,-0.0005718150754724372,0.64725,0.6476,-0.00034999999999996145
continuous_latent_trait,5,18,20833816,0.5749069744236387,0.5754787894991111,-0.0005718150754724372,0.64725,0.6476,-0.00034999999999996145
continuous_latent_trait,5,19,20833816,0.5749069744236387,0.5754787894991111,-0.0005718150754724372,0.64725,0.6476,-0.00034999999999996145
continuous_latent_trait,6,0,20933819,0.5719410834080076,0.5716283995696705,0.00031268383833715774,0.6467499999999999,0.6472,-0.00045000000000006146
continuous_latent_trait,6,1,20933819,0.5719410834080076,0.5716283995696705,0.00031268383833715774,0.6467499999999999,0.6472,-0.00045000000000006146
continuous_latent_trait,6,2,20933819,0.5719410834080076,0.5716283995696705,0.00031268383833715774,0.6467499999999999,0.6472,-0.00045000000000006146
continuous_latent_trait,6,3,20933819,0.5719410834080076,0.5716283995696705,0.00031268383833715774,0.6467499999999999,0.6472,-0.00045000000000006146
continuous_latent_trait,6,4,20933819,0.5719410834080076,0.5716283995696705,0.00031268383833715774,0.6467499999999999,0.6472,-0.00045000000000006146
continuous_latent_trait,6,5,20933819,0.5719410834080076,0.5716283995696705,0.00031268383833715774,0.6467499999999999,0.6472,-0.00045000000000006146
continuous_latent_trait,6,6,20933819,0.5719410834080076,0.5716283995696705,0.00031268383833715774,0.6467499999999999,0.6472,-0.00045000000000006146
continuous_latent_trait,6,7,20933819,0.5719410834080076,0.5716283995696705,0.00031268383833715774,0.6467499999999999,0.6472,-0.00045000000000006146
continuous_latent_trait,6,8,20933819,0.5719410834080076,0.5716283995696705,0.00031268383833715774,0.6467499999999999,0.6472,-0.00045000000000006146
continuous_latent_trait,6,9,20933819,0.5719410834080076,0.5716283995696705,0.00031268383833715774,0.6467499999999999,0.6472,-0.00045000000000006146
continuous_latent_trait,6,10,20933819,0.5719410834080076,0.5716283995696705,0.00031268383833715774,0.6467499999999999,0.6472,-0.00045000000000006146
continuous_latent_trait,6,11,20933819,0.5719410834080076,0.5716283995696705,0.00031268383833715774,0.6467499999999999,0.6472,-0.00045000000000006146
continuous_latent_trait,6,12,20933819,0.5719410834080076,0.5716283995696705,0.00031268383833715774,0.6467499999999999,0.6472,-0.00045000000000006146
continuous_latent_trait,6,13,20933819,0.5719410834080076,0.5716283995696705,0.00031268383833715774,0.6467499999999999,0.6472,-0.00045000000000006146
continuous_latent_trait,6,14,20933819,0.5719410834080076,0.5716283995696705,0.00031268383833715774,0.6467499999999999,0.6472,-0.00045000000000006146
continuous_latent_trait,6,15,20933819,0.5719410834080076,0.5716283995696705,0.00031268383833715774,0.6467499999999999,0.6472,-0.00045000000000006146
continuous_latent_trait,6,16,20933819,0.5719410834080076,0.5716283995696705,0.00031268383833715774,0.6467499999999999,0.6472,-0.00045000000000006146
continuous_latent_trait,6,17,20933819,0.5719410834080076,0.5716283995696705,0.00031268383833715774,0.6467499999999999,0.6472,-0.00045000000000006146
continuous_latent_trait,6,18,20933819,0.5719410834080076,0.5716283995696705,0.00031268383833715774,0.6467499999999999,0.6472,-0.00045000000000006146
continuous_latent_trait,6,19,20933819,0.5719410834080076,0.5716283995696705,0.00031268383833715774,0.6467499999999999,0.6472,-0.00045000000000006146
continuous_latent_trait,7,0,21033822,0.5747688190382176,0.574651606983279,0.0001172120549386424,0.6539499999999999,0.65385,9.999999999987796e-05
continuous_latent_trait,7,1,21033822,0.5747688190382176,0.574651606983279,0.0001172120549386424,0.6539499999999999,0.65385,9.999999999987796e-05
continuous_latent_trait,7,2,21033822,0.5747688190382176,0.574651606983279,0.0001172120549386424,0.6539499999999999,0.65385,9.999999999987796e-05
continuous_latent_trait,7,3,21033822,0.5747688190382176,0.574651606983279,0.0001172120549386424,0.6539499999999999,0.65385,9.999999999987796e-05
continuous_latent_trait,7,4,21033822,0.5747688190382176,0.574651606983279,0.0001172120549386424,0.6539499999999999,0.65385,9.999999999987796e-05
continuous_latent_trait,7,5,21033822,0.5747688190382176,0.574651606983279,0.0001172120549386424,0.6539499999999999,0.65385,9.999999999987796e-05
continuous_latent_trait,7,6,21033822,0.5747688190382176,0.574651606983279,0.0001172120549386424,0.6539499999999999,0.65385,9.999999999987796e-05
continuous_latent_trait,7,7,21033822,0.5747688190382176,0.574651606983279,0.0001172120549386424,0.6539499999999999,0.65385,9.999999999987796e-05
continuous_latent_trait,7,8,21033822,0.5747688190382176,0.574651606983279,0.0001172120549386424,0.6539499999999999,0.65385,9.999999999987796e-05
continuous_latent_trait,7,9,21033822,0.5747688190382176,0.574651606983279,0.0001172120549386424,0.6539499999999999,0.65385,9.999999999987796e-05
continuous_latent_trait,7,10,21033822,0.5747688190382176,0.574651606983279,0.0001172120549386424,0.6539499999999999,0.65385,9.999999999987796e-05
continuous_latent_trait,7,11,21033822,0.5747688190382176,0.574651606983279,0.0001172120549386424,0.6539499999999999,0.65385,9.999999999987796e-05
continuous_latent_trait,7,12,21033822,0.5747688190382176,0.574651606983279,0.0001172120549386424,0.6539499999999999,0.65385,9.999999999987796e-05
continuous_latent_trait,7,13,21033822,0.5747688190382176,0.574651606983279,0.0001172120549386424,0.6539499999999999,0.65385,9.999999999987796e-05
continuous_latent_trait,7,14,21033822,0.5747688190382176,0.574651606983279,0.0001172120549386424,0.6539499999999999,0.65385,9.999999999987796e-05
continuous_latent_trait,7,15,21033822,0.5747688190382176,0.574651606983279,0.0001172120549386424,0.6539499999999999,0.65385,9.999999999987796e-05
continuous_latent_trait,7,16,21033822,0.5747688190382176,0.574651606983279,0.0001172120549386424,0.6539499999999999,0.65385,9.999999999987796e-05
continuous_latent_trait,7,17,21033822,0.5747688190382176,0.574651606983279,0.0001172120549386424,0.6539499999999999,0.65385,9.999999999987796e-05
continuous_latent_trait,7,18,21033822,0.5747688190382176,0.574651606983279,0.0001172120549386424,0.6539499999999999,0.65385,9.999999999987796e-05
continuous_latent_trait,7,19,21033822,0.5747688190382176,0.574651606983279,0.0001172120549386424,0.6539499999999999,0.65385,9.999999999987796e-05
continuous_latent_trait,8,0,21133825,0.5748763870407597,0.574831176897044,4.521014371572374e-05,0.6484000000000001,0.6478,0.0006000000000000449
continuous_latent_trait,8,1,21133825,0.5748763870407597,0.574831176897044,4.521014371572374e-05,0.6484000000000001,0.6478,0.0006000000000000449
continuous_latent_trait,8,2,21133825,0.5748763870407597,0.574831176897044,4.521014371572374e-05,0.6484000000000001,0.6478,0.0006000000000000449
continuous_latent_trait,8,3,21133825,0.5748763870407597,0.574831176897044,4.521014371572374e-05,0.6484000000000001,0.6478,0.0006000000000000449
continuous_latent_trait,8,4,21133825,0.5748763870407597,0.574831176897044,4.521014371572374e-05,0.6484000000000001,0.6478,0.0006000000000000449
continuous_latent_trait,8,5,21133825,0.5748763870407597,0.574831176897044,4.521014371572374e-05,0.6484000000000001,0.6478,0.0006000000000000449
continuous_latent_trait,8,6,21133825,0.5748763870407597,0.574831176897044,4.521014371572374e-05,0.6484000000000001,0.6478,0.0006000000000000449
continuous_latent_trait,8,7,21133825,0.5748763870407597,0.574831176897044,4.521014371572374e-05,0.6484000000000001,0.6478,0.0006000000000000449
continuous_latent_trait,8,8,21133825,0.5748763870407597,0.574831176897044,4.521014371572374e-05,0.6484000000000001,0.6478,0.0006000000000000449
continuous_latent_trait,8,9,21133825,0.5748763870407597,0.574831176897044,4.521014371572374e-05,0.6484000000000001,0.6478,0.0006000000000000449
continuous_latent_trait,8,10,21133825,0.5748763870407597,0.574831176897044,4.521014371572374e-05,0.6484000000000001,0.6478,0.0006000000000000449
continuous_latent_trait,8,11,21133825,0.5748763870407597,0.574831176897044,4.521014371572374e-05,0.6484000000000001,0.6478,0.0006000000000000449
continuous_latent_trait,8,12,21133825,0.5748763870407597,0.574831176897044,4.521014371572374e-05,0.6484000000000001,0.6478,0.0006000000000000449
continuous_latent_trait,8,13,21133825,0.5748763870407597,0.574831176897044,4.521014371572374e-05,0.6484000000000001,0.6478,0.0006000000000000449
continuous_latent_trait,8,14,21133825,0.5748763870407597,0.574831176897044,4.521014371572374e-05,0.6484000000000001,0.6478,0.0006000000000000449
continuous_latent_trait,8,15,21133825,0.5748763870407597,0.574831176897044,4.521014371572374e-05,0.6484000000000001,0.6478,0.0006000000000000449
continuous_latent_trait,8,16,21133825,0.5748763870407597,0.574831176897044,4.521014371572374e-05,0.6484000000000001,0.6478,0.0006000000000000449
continuous_latent_trait,8,17,21133825,0.5748763870407597,0.574831176897044,4.521014371572374e-05,0.6484000000000001,0.6478,0.0006000000000000449
continuous_latent_trait,8,18,21133825,0.5748763870407597,0.574831176897044,4.521014371572374e-05,0.6484000000000001,0.6478,0.0006000000000000449
continuous_latent_trait,8,19,21133825,0.5748763870407597,0.574831176897044,4.521014371572374e-05,0.6484000000000001,0.6478,0.0006000000000000449
continuous_latent_trait,9,0,21233828,0.5718988151116023,0.5719380977296731,-3.9282618070735076e-05,0.6506000000000001,0.6513,-0.0006999999999999229
continuous_latent_trait,9,1,21233828,0.5718988151116023,0.5719380977296731,-3.9282618070735076e-05,0.6506000000000001,0.6513,-0.0006999999999999229
continuous_latent_trait,9,2,21233828,0.5718988151116023,0.5719380977296731,-3.9282618070735076e-05,0.6506000000000001,0.6513,-0.0006999999999999229
continuous_latent_trait,9,3,21233828,0.5718988151116023,0.5719380977296731,-3.9282618070735076e-05,0.6506000000000001,0.6513,-0.0006999999999999229
continuous_latent_trait,9,4,21233828,0.5718988151116023,0.5719380977296731,-3.9282618070735076e-05,0.6506000000000001,0.6513,-0.0006999999999999229
continuous_latent_trait,9,5,21233828,0.5718988151116023,0.5719380977296731,-3.9282618070735076e-05,0.6506000000000001,0.6513,-0.0006999999999999229
continuous_latent_trait,9,6,21233828,0.5718988151116023,0.5719380977296731,-3.9282618070735076e-05,0.6506000000000001,0.6513,-0.0006999999999999229
continuous_latent_trait,9,7,21233828,0.5718988151116023,0.5719380977296731,-3.9282618070735076e-05,0.6506000000000001,0.6513,-0.0006999999999999229
continuous_latent_trait,9,8,21233828,0.5718988151116023,0.5719380977296731,-3.9282618070735076e-05,0.6506000000000001,0.6513,-0.0006999999999999229
continuous_latent_trait,9,9,21233828,0.5718988151116023,0.5719380977296731,-3.9282618070735076e-05,0.6506000000000001,0.6513,-0.0006999999999999229
continuous_latent_trait,9,10,21233828,0.5718988151116023,0.5719380977296731,-3.9282618070735076e-05,0.6506000000000001,0.6513,-0.0006999999999999229
continuous_latent_trait,9,11,21233828,0.5718988151116023,0.5719380977296731,-3.9282618070735076e-05,0.6506000000000001,0.6513,-0.0006999999999999229
continuous_latent_trait,9,12,21233828,0.5718988151116023,0.5719380977296731,-3.9282618070735076e-05,0.6506000000000001,0.6513,-0.0006999999999999229
continuous_latent_trait,9,13,21233828,0.5718988151116023,0.5719380977296731,-3.9282618070735076e-05,0.6506000000000001,0.6513,-0.0006999999999999229
continuous_latent_trait,9,14,21233828,0.5718988151116023,0.5719380977296731,-3.9282618070735076e-05,0.6506000000000001,0.6513,-0.0006999999999999229
continuous_latent_trait,9,15,21233828,0.5718988151116023,0.5719380977296731,-3.9282618070735076e-05,0.6506000000000001,0.6513,-0.0006999999999999229
continuous_latent_trait,9,16,21233828,0.5718988151116023,0.5719380977296731,-3.9282618070735076e-05,0.6506000000000001,0.6513,-0.0006999999999999229
continuous_latent_trait,9,17,21233828,0.5718988151116023,0.5719380977296731,-3.9282618070735076e-05,0.6506000000000001,0.6513,-0.0006999999999999229
continuous_latent_trait,9,18,21233828,0.5718988151116023,0.5719380977296731,-3.9282618070735076e-05,0.6506000000000001,0.6513,-0.0006999999999999229
continuous_latent_trait,9,19,21233828,0.5718988151116023,0.5719380977296731,-3.9282618070735076e-05,0.6506000000000001,0.6513,-0.0006999999999999229
continuous_latent_trait,10,0,21333831,0.571735465513152,0.5726558663981596,-0.0009204008850075551,0.6462,0.64595,0.00024999999999997247
continuous_latent_trait,10,1,21333831,0.571735465513152,0.5726558663981596,-0.0009204008850075551,0.6462,0.64595,0.00024999999999997247
continuous_latent_trait,10,2,21333831,0.571735465513152,0.5726558663981596,-0.0009204008850075551,0.6462,0.64595,0.00024999999999997247
continuous_latent_trait,10,3,21333831,0.571735465513152,0.5726558663981596,-0.0009204008850075551,0.6462,0.64595,0.00024999999999997247
continuous_latent_trait,10,4,21333831,0.571735465513152,0.5726558663981596,-0.0009204008850075551,0.6462,0.64595,0.00024999999999997247
continuous_latent_trait,10,5,21333831,0.571735465513152,0.5726558663981596,-0.0009204008850075551,0.6462,0.64595,0.00024999999999997247
continuous_latent_trait,10,6,21333831,0.571735465513152,0.5726558663981596,-0.0009204008850075551,0.6462,0.64595,0.00024999999999997247
continuous_latent_trait,10,7,21333831,0.571735465513152,0.5726558663981596,-0.0009204008850075551,0.6462,0.64595,0.00024999999999997247
continuous_latent_trait,10,8,21333831,0.571735465513152,0.5726558663981596,-0.0009204008850075551,0.6462,0.64595,0.00024999999999997247
continuous_latent_trait,10,9,21333831,0.571735465513152,0.5726558663981596,-0.0009204008850075551,0.6462,0.64595,0.00024999999999997247
continuous_latent_trait,10,10,21333831,0.571735465513152,0.5726558663981596,-0.0009204008850075551,0.6462,0.64595,0.00024999999999997247
continuous_latent_trait,10,11,21333831,0.571735465513152,0.5726558663981596,-0.0009204008850075551,0.6462,0.64595,0.00024999999999997247
continuous_latent_trait,10,12,21333831,0.571735465513152,0.5726558663981596,-0.0009204008850075551,0.6462,0.64595,0.00024999999999997247
continuous_latent_trait,10,13,21333831,0.571735465513152,0.5726558663981596,-0.0009204008850075551,0.6462,0.64595,0.00024999999999997247
continuous_latent_trait,10,14,21333831,0.571735465513152,0.5726558663981596,-0.0009204008850075551,0.6462,0.64595,0.00024999999999997247
continuous_latent_trait,10,15,21333831,0.571735465513152,0.5726558663981596,-0.0009204008850075551,0.6462,0.64595,0.00024999999999997247
continuous_latent_trait,10,16,21333831,0.571735465513152,0.5726558663981596,-0.0009204008850075551,0.6462,0.64595,0.00024999999999997247
continuous_latent_trait,10,17,21333831,0.571735465513152,0.5726558663981596,-0.0009204008850075551,0.6462,0.64595,0.00024999999999997247
continuous_latent_trait,10,18,21333831,0.571735465513152,0.5726558663981596,-0.0009204008850075551,0.6462,0.64595,0.00024999999999997247
continuous_latent_trait,10,19,21333831,0.571735465513152,0.5726558663981596,-0.0009204008850075551,0.6462,0.64595,0.00024999999999997247
continuous_latent_trait,11,0,21433834,0.5664619532340103,0.5670581139064406,-0.0005961606724302904,0.64535,0.6459,-0.0005500000000000504
continuous_latent_trait,11,1,21433834,0.5664619532340103,0.5670581139064406,-0.0005961606724302904,0.64535,0.6459,-0.0005500000000000504
continuous_latent_trait,11,2,21433834,0.5664619532340103,0.5670581139064406,-0.0005961606724302904,0.64535,0.6459,-0.0005500000000000504
continuous_latent_trait,11,3,21433834,0.5664619532340103,0.5670581139064406,-0.0005961606724302904,0.64535,0.6459,-0.0005500000000000504
continuous_latent_trait,11,4,21433834,0.5664619532340103,0.5670581139064406,-0.0005961606724302904,0.64535,0.6459,-0.0005500000000000504
continuous_latent_trait,11,5,21433834,0.5664619532340103,0.5670581139064406,-0.0005961606724302904,0.64535,0.6459,-0.0005500000000000504
continuous_latent_trait,11,6,21433834,0.5664619532340103,0.5670581139064406,-0.0005961606724302904,0.64535,0.6459,-0.0005500000000000504
continuous_latent_trait,11,7,21433834,0.5664619532340103,0.5670581139064406,-0.0005961606724302904,0.64535,0.6459,-0.0005500000000000504
continuous_latent_trait,11,8,21433834,0.5664619532340103,0.5670581139064406,-0.0005961606724302904,0.64535,0.6459,-0.0005500000000000504
continuous_latent_trait,11,9,21433834,0.5664619532340103,0.5670581139064406,-0.0005961606724302904,0.64535,0.6459,-0.0005500000000000504
continuous_latent_trait,11,10,21433834,0.5664619532340103,0.5670581139064406,-0.0005961606724302904,0.64535,0.6459,-0.0005500000000000504
continuous_latent_trait,11,11,21433834,0.5664619532340103,0.5670581139064406,-0.0005961606724302904,0.64535,0.6459,-0.0005500000000000504
continuous_latent_trait,11,12,21433834,0.5664619532340103,0.5670581139064406,-0.0005961606724302904,0.64535,0.6459,-0.0005500000000000504
continuous_latent_trait,11,13,21433834,0.5664619532340103,0.5670581139064406,-0.0005961606724302904,0.64535,0.6459,-0.0005500000000000504
continuous_latent_trait,11,14,21433834,0.5664619532340103,0.5670581139064406,-0.0005961606724302904,0.64535,0.6459,-0.0005500000000000504
continuous_latent_trait,11,15,21433834,0.5664619532340103,0.5670581139064406,-0.0005961606724302904,0.64535,0.6459,-0.0005500000000000504
continuous_latent_trait,11,16,21433834,0.5664619532340103,0.5670581139064406,-0.0005961606724302904,0.64535,0.6459,-0.0005500000000000504
continuous_latent_trait,11,17,21433834,0.5664619532340103,0.5670581139064406,-0.0005961606724302904,0.64535,0.6459,-0.0005500000000000504
continuous_latent_trait,11,18,21433834,0.5664619532340103,0.5670581139064406,-0.0005961606724302904,0.64535,0.6459,-0.0005500000000000504
continuous_latent_trait,11,19,21433834,0.5664619532340103,0.5670581139064406,-0.0005961606724302904,0.64535,0.6459,-0.0005500000000000504
continuous_latent_trait,12,0,21533837,0.5714915806258589,0.571482605700968,8.974924890936542e-06,0.6467500000000002,0.6466,0.00015000000000020552
continuous_latent_trait,12,1,21533837,0.5714915806258589,0.571482605700968,8.974924890936542e-06,0.6467500000000002,0.6466,0.00015000000000020552
continuous_latent_trait,12,2,21533837,0.5714915806258589,0.571482605700968,8.974924890936542e-06,0.6467500000000002,0.6466,0.00015000000000020552
continuous_latent_trait,12,3,21533837,0.5714915806258589,0.571482605700968,8.974924890936542e-06,0.6467500000000002,0.6466,0.00015000000000020552
continuous_latent_trait,12,4,21533837,0.5714915806258589,0.571482605700968,8.974924890936542e-06,0.6467500000000002,0.6466,0.00015000000000020552
continuous_latent_trait,12,5,21533837,0.5714915806258589,0.571482605700968,8.974924890936542e-06,0.6467500000000002,0.6466,0.00015000000000020552
continuous_latent_trait,12,6,21533837,0.5714915806258589,0.571482605700968,8.974924890936542e-06,0.6467500000000002,0.6466,0.00015000000000020552
continuous_latent_trait,12,7,21533837,0.5714915806258589,0.571482605700968,8.974924890936542e-06,0.6467500000000002,0.6466,0.00015000000000020552
continuous_latent_trait,12,8,21533837,0.5714915806258589,0.571482605700968,8.974924890936542e-06,0.6467500000000002,0.6466,0.00015000000000020552
continuous_latent_trait,12,9,21533837,0.5714915806258589,0.571482605700968,8.974924890936542e-06,0.6467500000000002,0.6466,0.00015000000000020552
continuous_latent_trait,12,10,21533837,0.5714915806258589,0.571482605700968,8.974924890936542e-06,0.6467500000000002,0.6466,0.00015000000000020552
continuous_latent_trait,12,11,21533837,0.5714915806258589,0.571482605700968,8.974924890936542e-06,0.6467500000000002,0.6466,0.00015000000000020552
continuous_latent_trait,12,12,21533837,0.5714915806258589,0.571482605700968,8.974924890936542e-06,0.6467500000000002,0.6466,0.00015000000000020552
continuous_latent_trait,12,13,21533837,0.5714915806258589,0.571482605700968,8.974924890936542e-06,0.6467500000000002,0.6466,0.00015000000000020552
continuous_latent_trait,12,14,21533837,0.5714915806258589,0.571482605700968,8.974924890936542e-06,0.6467500000000002,0.6466,0.00015000000000020552
continuous_latent_trait,12,15,21533837,0.5714915806258589,0.571482605700968,8.974924890936542e-06,0.6467500000000002,0.6466,0.00015000000000020552
continuous_latent_trait,12,16,21533837,0.5714915806258589,0.571482605700968,8.974924890936542e-06,0.6467500000000002,0.6466,0.00015000000000020552
continuous_latent_trait,12,17,21533837,0.5714915806258589,0.571482605700968,8.974924890936542e-06,0.6467500000000002,0.6466,0.00015000000000020552
continuous_latent_trait,12,18,21533837,0.5714915806258589,0.571482605700968,8.974924890936542e-06,0.6467500000000002,0.6466,0.00015000000000020552
continuous_latent_trait,12,19,21533837,0.5714915806258589,0.571482605700968,8.974924890936542e-06,0.6467500000000002,0.6466,0.00015000000000020552
continuous_latent_trait,13,0,21633840,0.5729341449884093,0.5735316507669975,-0.0005975057785881921,0.6498,0.6506000000000001,-0.0008000000000000229
continuous_latent_trait,13,1,21633840,0.5729341449884093,0.5735316507669975,-0.0005975057785881921,0.6498,0.6506000000000001,-0.0008000000000000229
continuous_latent_trait,13,2,21633840,0.5729341449884093,0.5735316507669975,-0.0005975057785881921,0.6498,0.6506000000000001,-0.0008000000000000229
continuous_latent_trait,13,3,21633840,0.5729341449884093,0.5735316507669975,-0.0005975057785881921,0.6498,0.6506000000000001,-0.0008000000000000229
continuous_latent_trait,13,4,21633840,0.5729341449884093,0.5735316507669975,-0.0005975057785881921,0.6498,0.6506000000000001,-0.0008000000000000229
continuous_latent_trait,13,5,21633840,0.5729341449884093,0.5735316507669975,-0.0005975057785881921,0.6498,0.6506000000000001,-0.0008000000000000229
continuous_latent_trait,13,6,21633840,0.5729341449884093,0.5735316507669975,-0.0005975057785881921,0.6498,0.6506000000000001,-0.0008000000000000229
continuous_latent_trait,13,7,21633840,0.5729341449884093,0.5735316507669975,-0.0005975057785881921,0.6498,0.6506000000000001,-0.0008000000000000229
continuous_latent_trait,13,8,21633840,0.5729341449884093,0.5735316507669975,-0.0005975057785881921,0.6498,0.6506000000000001,-0.0008000000000000229
continuous_latent_trait,13,9,21633840,0.5729341449884093,0.5735316507669975,-0.0005975057785881921,0.6498,0.6506000000000001,-0.0008000000000000229
continuous_latent_trait,13,10,21633840,0.5729341449884093,0.5735316507669975,-0.0005975057785881921,0.6498,0.6506000000000001,-0.0008000000000000229
continuous_latent_trait,13,11,21633840,0.5729341449884093,0.5735316507669975,-0.0005975057785881921,0.6498,0.6506000000000001,-0.0008000000000000229
continuous_latent_trait,13,12,21633840,0.5729341449884093,0.5735316507669975,-0.0005975057785881921,0.6498,0.6506000000000001,-0.0008000000000000229
continuous_latent_trait,13,13,21633840,0.5729341449884093,0.5735316507669975,-0.0005975057785881921,0.6498,0.6506000000000001,-0.0008000000000000229
continuous_latent_trait,13,14,21633840,0.5729341449884093,0.5735316507669975,-0.0005975057785881921,0.6498,0.6506000000000001,-0.0008000000000000229
continuous_latent_trait,13,15,21633840,0.5729341449884093,0.5735316507669975,-0.0005975057785881921,0.6498,0.6506000000000001,-0.0008000000000000229
continuous_latent_trait,13,16,21633840,0.5729341449884093,0.5735316507669975,-0.0005975057785881921,0.6498,0.6506000000000001,-0.0008000000000000229
continuous_latent_trait,13,17,21633840,0.5729341449884093,0.5735316507669975,-0.0005975057785881921,0.6498,0.6506000000000001,-0.0008000000000000229
continuous_latent_trait,13,18,21633840,0.5729341449884093,0.5735316507669975,-0.0005975057785881921,0.6498,0.6506000000000001,-0.0008000000000000229
continuous_latent_trait,13,19,21633840,0.5729341449884093,0.5735316507669975,-0.0005975057785881921,0.6498,0.6506000000000001,-0.0008000000000000229
continuous_latent_trait,14,0,21733843,0.5725789546879283,0.5719849388020589,0.0005940158858693811,0.6430500000000001,0.6423500000000001,0.0007000000000000339
continuous_latent_trait,14,1,21733843,0.5725789546879283,0.5719849388020589,0.0005940158858693811,0.6430500000000001,0.6423500000000001,0.0007000000000000339
continuous_latent_trait,14,2,21733843,0.5725789546879283,0.5719849388020589,0.0005940158858693811,0.6430500000000001,0.6423500000000001,0.0007000000000000339
continuous_latent_trait,14,3,21733843,0.5725789546879283,0.5719849388020589,0.0005940158858693811,0.6430500000000001,0.6423500000000001,0.0007000000000000339
continuous_latent_trait,14,4,21733843,0.5725789546879283,0.5719849388020589,0.0005940158858693811,0.6430500000000001,0.6423500000000001,0.0007000000000000339
continuous_latent_trait,14,5,21733843,0.5725789546879283,0.5719849388020589,0.0005940158858693811,0.6430500000000001,0.6423500000000001,0.0007000000000000339
continuous_latent_trait,14,6,21733843,0.5725789546879283,0.5719849388020589,0.0005940158858693811,0.6430500000000001,0.6423500000000001,0.0007000000000000339
continuous_latent_trait,14,7,21733843,0.5725789546879283,0.5719849388020589,0.0005940158858693811,0.6430500000000001,0.6423500000000001,0.0007000000000000339
continuous_latent_trait,14,8,21733843,0.5725789546879283,0.5719849388020589,0.0005940158858693811,0.6430500000000001,0.6423500000000001,0.0007000000000000339
continuous_latent_trait,14,9,21733843,0.5725789546879283,0.5719849388020589,0.0005940158858693811,0.6430500000000001,0.6423500000000001,0.0007000000000000339
continuous_latent_trait,14,10,21733843,0.5725789546879283,0.5719849388020589,0.0005940158858693811,0.6430500000000001,0.6423500000000001,0.0007000000000000339
continuous_latent_trait,14,11,21733843,0.5725789546879283,0.5719849388020589,0.0005940158858693811,0.6430500000000001,0.6423500000000001,0.0007000000000000339
continuous_latent_trait,14,12,21733843,0.5725789546879283,0.5719849388020589,0.0005940158858693811,0.6430500000000001,0.6423500000000001,0.0007000000000000339
continuous_latent_trait,14,13,21733843,0.5725789546879283,0.5719849388020589,0.0005940158858693811,0.6430500000000001,0.6423500000000001,0.0007000000000000339
continuous_latent_trait,14,14,21733843,0.5725789546879283,0.5719849388020589,0.0005940158858693811,0.6430500000000001,0.6423500000000001,0.0007000000000000339
continuous_latent_trait,14,15,21733843,0.5725789546879283,0.5719849388020589,0.0005940158858693811,0.6430500000000001,0.6423500000000001,0.0007000000000000339
continuous_latent_trait,14,16,21733843,0.5725789546879283,0.5719849388020589,0.0005940158858693811,0.6430500000000001,0.6423500000000001,0.0007000000000000339
continuous_latent_trait,14,17,21733843,0.5725789546879283,0.5719849388020589,0.0005940158858693811,0.6430500000000001,0.6423500000000001,0.0007000000000000339
continuous_latent_trait,14,18,21733843,0.5725789546879283,0.5719849388020589,0.0005940158858693811,0.6430500000000001,0.6423500000000001,0.0007000000000000339
continuous_latent_trait,14,19,21733843,0.5725789546879283,0.5719849388020589,0.0005940158858693811,0.6430500000000001,0.6423500000000001,0.0007000000000000339
continuous_latent_trait,15,0,21833846,0.5700469847723229,0.571601033228025,-0.0015540484557021728,0.6522999999999999,0.6521000000000001,0.00019999999999975593
continuous_latent_trait,15,1,21833846,0.5700469847723229,0.571601033228025,-0.0015540484557021728,0.6522999999999999,0.6521000000000001,0.00019999999999975593
continuous_latent_trait,15,2,21833846,0.5700469847723229,0.571601033228025,-0.0015540484557021728,0.6522999999999999,0.6521000000000001,0.00019999999999975593
continuous_latent_trait,15,3,21833846,0.5700469847723229,0.571601033228025,-0.0015540484557021728,0.6522999999999999,0.6521000000000001,0.00019999999999975593
continuous_latent_trait,15,4,21833846,0.5700469847723229,0.571601033228025,-0.0015540484557021728,0.6522999999999999,0.6521000000000001,0.00019999999999975593
continuous_latent_trait,15,5,21833846,0.5700469847723229,0.571601033228025,-0.0015540484557021728,0.6522999999999999,0.6521000000000001,0.00019999999999975593
continuous_latent_trait,15,6,21833846,0.5700469847723229,0.571601033228025,-0.0015540484557021728,0.6522999999999999,0.6521000000000001,0.00019999999999975593
continuous_latent_trait,15,7,21833846,0.5700469847723229,0.571601033228025,-0.0015540484557021728,0.6522999999999999,0.6521000000000001,0.00019999999999975593
continuous_latent_trait,15,8,21833846,0.5700469847723229,0.571601033228025,-0.0015540484557021728,0.6522999999999999,0.6521000000000001,0.00019999999999975593
continuous_latent_trait,15,9,21833846,0.5700469847723229,0.571601033228025,-0.0015540484557021728,0.6522999999999999,0.6521000000000001,0.00019999999999975593
continuous_latent_trait,15,10,21833846,0.5700469847723229,0.571601033228025,-0.0015540484557021728,0.6522999999999999,0.6521000000000001,0.00019999999999975593
continuous_latent_trait,15,11,21833846,0.5700469847723229,0.571601033228025,-0.0015540484557021728,0.6522999999999999,0.6521000000000001,0.00019999999999975593
continuous_latent_trait,15,12,21833846,0.5700469847723229,0.571601033228025,-0.0015540484557021728,0.6522999999999999,0.6521000000000001,0.00019999999999975593
continuous_latent_trait,15,13,21833846,0.5700469847723229,0.571601033228025,-0.0015540484557021728,0.6522999999999999,0.6521000000000001,0.00019999999999975593
continuous_latent_trait,15,14,21833846,0.5700469847723229,0.571601033228025,-0.0015540484557021728,0.6522999999999999,0.6521000000000001,0.00019999999999975593
continuous_latent_trait,15,15,21833846,0.5700469847723229,0.571601033228025,-0.0015540484557021728,0.6522999999999999,0.6521000000000001,0.00019999999999975593
continuous_latent_trait,15,16,21833846,0.5700469847723229,0.571601033228025,-0.0015540484557021728,0.6522999999999999,0.6521000000000001,0.00019999999999975593
continuous_latent_trait,15,17,21833846,0.5700469847723229,0.571601033228025,-0.0015540484557021728,0.6522999999999999,0.6521000000000001,0.00019999999999975593
continuous_latent_trait,15,18,21833846,0.5700469847723229,0.571601033228025,-0.0015540484557021728,0.6522999999999999,0.6521000000000001,0.00019999999999975593
continuous_latent_trait,15,19,21833846,0.5700469847723229,0.571601033228025,-0.0015540484557021728,0.6522999999999999,0.6521000000000001,0.00019999999999975593
continuous_latent_trait,16,0,21933849,0.5696688117810352,0.5697720254029766,-0.00010321362194132266,0.6488499999999999,0.6496500000000001,-0.0008000000000001339
continuous_latent_trait,16,1,21933849,0.5696688117810352,0.5697720254029766,-0.00010321362194132266,0.6488499999999999,0.6496500000000001,-0.0008000000000001339
continuous_latent_trait,16,2,21933849,0.5696688117810352,0.5697720254029766,-0.00010321362194132266,0.6488499999999999,0.6496500000000001,-0.0008000000000001339
continuous_latent_trait,16,3,21933849,0.5696688117810352,0.5697720254029766,-0.00010321362194132266,0.6488499999999999,0.6496500000000001,-0.0008000000000001339
continuous_latent_trait,16,4,21933849,0.5696688117810352,0.5697720254029766,-0.00010321362194132266,0.6488499999999999,0.6496500000000001,-0.0008000000000001339
continuous_latent_trait,16,5,21933849,0.5696688117810352,0.5697720254029766,-0.00010321362194132266,0.6488499999999999,0.6496500000000001,-0.0008000000000001339
continuous_latent_trait,16,6,21933849,0.5696688117810352,0.5697720254029766,-0.00010321362194132266,0.6488499999999999,0.6496500000000001,-0.0008000000000001339
continuous_latent_trait,16,7,21933849,0.5696688117810352,0.5697720254029766,-0.00010321362194132266,0.6488499999999999,0.6496500000000001,-0.0008000000000001339
continuous_latent_trait,16,8,21933849,0.5696688117810352,0.5697720254029766,-0.00010321362194132266,0.6488499999999999,0.6496500000000001,-0.0008000000000001339
continuous_latent_trait,16,9,21933849,0.5696688117810352,0.5697720254029766,-0.00010321362194132266,0.6488499999999999,0.6496500000000001,-0.0008000000000001339
continuous_latent_trait,16,10,21933849,0.5696688117810352,0.5697720254029766,-0.00010321362194132266,0.6488499999999999,0.6496500000000001,-0.0008000000000001339
continuous_latent_trait,16,11,21933849,0.5696688117810352,0.5697720254029766,-0.00010321362194132266,0.6488499999999999,0.6496500000000001,-0.0008000000000001339
continuous_latent_trait,16,12,21933849,0.5696688117810352,0.5697720254029766,-0.00010321362194132266,0.6488499999999999,0.6496500000000001,-0.0008000000000001339
continuous_latent_trait,16,13,21933849,0.5696688117810352,0.5697720254029766,-0.00010321362194132266,0.6488499999999999,0.6496500000000001,-0.0008000000000001339
continuous_latent_trait,16,14,21933849,0.5696688117810352,0.5697720254029766,-0.00010321362194132266,0.6488499999999999,0.6496500000000001,-0.0008000000000001339
continuous_latent_trait,16,15,21933849,0.5696688117810352,0.5697720254029766,-0.00010321362194132266,0.6488499999999999,0.6496500000000001,-0.0008000000000001339
continuous_latent_trait,16,16,21933849,0.5696688117810352,0.5697720254029766,-0.00010321362194132266,0.6488499999999999,0.6496500000000001,-0.0008000000000001339
continuous_latent_trait,16,17,21933849,0.5696688117810352,0.5697720254029766,-0.00010321362194132266,0.6488499999999999,0.6496500000000001,-0.0008000000000001339
continuous_latent_trait,16,18,21933849,0.5696688117810352,0.5697720254029766,-0.00010321362194132266,0.6488499999999999,0.6496500000000001,-0.0008000000000001339
continuous_latent_trait,16,19,21933849,0.5696688117810352,0.5697720254029766,-0.00010321362194132266,0.6488499999999999,0.6496500000000001,-0.0008000000000001339
continuous_latent_trait,17,0,22033852,0.5745566633483472,0.5747347918023646,-0.00017812845401743438,0.6503,0.6498,0.0004999999999999449
continuous_latent_trait,17,1,22033852,0.5745566633483472,0.5747347918023646,-0.00017812845401743438,0.6503,0.6498,0.0004999999999999449
continuous_latent_trait,17,2,22033852,0.5745566633483472,0.5747347918023646,-0.00017812845401743438,0.6503,0.6498,0.0004999999999999449
continuous_latent_trait,17,3,22033852,0.5745566633483472,0.5747347918023646,-0.00017812845401743438,0.6503,0.6498,0.0004999999999999449
continuous_latent_trait,17,4,22033852,0.5745566633483472,0.5747347918023646,-0.00017812845401743438,0.6503,0.6498,0.0004999999999999449
continuous_latent_trait,17,5,22033852,0.5745566633483472,0.5747347918023646,-0.00017812845401743438,0.6503,0.6498,0.0004999999999999449
continuous_latent_trait,17,6,22033852,0.5745566633483472,0.5747347918023646,-0.00017812845401743438,0.6503,0.6498,0.0004999999999999449
continuous_latent_trait,17,7,22033852,0.5745566633483472,0.5747347918023646,-0.00017812845401743438,0.6503,0.6498,0.0004999999999999449
continuous_latent_trait,17,8,22033852,0.5745566633483472,0.5747347918023646,-0.00017812845401743438,0.6503,0.6498,0.0004999999999999449
continuous_latent_trait,17,9,22033852,0.5745566633483472,0.5747347918023646,-0.00017812845401743438,0.6503,0.6498,0.0004999999999999449
continuous_latent_trait,17,10,22033852,0.5745566633483472,0.5747347918023646,-0.00017812845401743438,0.6503,0.6498,0.0004999999999999449
continuous_latent_trait,17,11,22033852,0.5745566633483472,0.5747347918023646,-0.00017812845401743438,0.6503,0.6498,0.0004999999999999449
continuous_latent_trait,17,12,22033852,0.5745566633483472,0.5747347918023646,-0.00017812845401743438,0.6503,0.6498,0.0004999999999999449
continuous_latent_trait,17,13,22033852,0.5745566633483472,0.5747347918023646,-0.00017812845401743438,0.6503,0.6498,0.0004999999999999449
continuous_latent_trait,17,14,22033852,0.5745566633483472,0.5747347918023646,-0.00017812845401743438,0.6503,0.6498,0.0004999999999999449
continuous_latent_trait,17,15,22033852,0.5745566633483472,0.5747347918023646,-0.00017812845401743438,0.6503,0.6498,0.0004999999999999449
continuous_latent_trait,17,16,22033852,0.5745566633483472,0.5747347918023646,-0.00017812845401743438,0.6503,0.6498,0.0004999999999999449
continuous_latent_trait,17,17,22033852,0.5745566633483472,0.5747347918023646,-0.00017812845401743438,0.6503,0.6498,0.0004999999999999449
continuous_latent_trait,17,18,22033852,0.5745566633483472,0.5747347918023646,-0.00017812845401743438,0.6503,0.6498,0.0004999999999999449
continuous_latent_trait,17,19,22033852,0.5745566633483472,0.5747347918023646,-0.00017812845401743438,0.6503,0.6498,0.0004999999999999449
continuous_latent_trait,18,0,22133855,0.5736776670340932,0.5732760496253351,0.0004016174087581037,0.6517000000000001,0.6528999999999999,-0.0011999999999998678
continuous_latent_trait,18,1,22133855,0.5736776670340932,0.5732760496253351,0.0004016174087581037,0.6517000000000001,0.6528999999999999,-0.0011999999999998678
continuous_latent_trait,18,2,22133855,0.5736776670340932,0.5732760496253351,0.0004016174087581037,0.6517000000000001,0.6528999999999999,-0.0011999999999998678
continuous_latent_trait,18,3,22133855,0.5736776670340932,0.5732760496253351,0.0004016174087581037,0.6517000000000001,0.6528999999999999,-0.0011999999999998678
continuous_latent_trait,18,4,22133855,0.5736776670340932,0.5732760496253351,0.0004016174087581037,0.6517000000000001,0.6528999999999999,-0.0011999999999998678
continuous_latent_trait,18,5,22133855,0.5736776670340932,0.5732760496253351,0.0004016174087581037,0.6517000000000001,0.6528999999999999,-0.0011999999999998678
continuous_latent_trait,18,6,22133855,0.5736776670340932,0.5732760496253351,0.0004016174087581037,0.6517000000000001,0.6528999999999999,-0.0011999999999998678
continuous_latent_trait,18,7,22133855,0.5736776670340932,0.5732760496253351,0.0004016174087581037,0.6517000000000001,0.6528999999999999,-0.0011999999999998678
continuous_latent_trait,18,8,22133855,0.5736776670340932,0.5732760496253351,0.0004016174087581037,0.6517000000000001,0.6528999999999999,-0.0011999999999998678
continuous_latent_trait,18,9,22133855,0.5736776670340932,0.5732760496253351,0.0004016174087581037,0.6517000000000001,0.6528999999999999,-0.0011999999999998678
continuous_latent_trait,18,10,22133855,0.5736776670340932,0.5732760496253351,0.0004016174087581037,0.6517000000000001,0.6528999999999999,-0.0011999999999998678
continuous_latent_trait,18,11,22133855,0.5736776670340932,0.5732760496253351,0.0004016174087581037,0.6517000000000001,0.6528999999999999,-0.0011999999999998678
continuous_latent_trait,18,12,22133855,0.5736776670340932,0.5732760496253351,0.0004016174087581037,0.6517000000000001,0.6528999999999999,-0.0011999999999998678
continuous_latent_trait,18,13,22133855,0.5736776670340932,0.5732760496253351,0.0004016174087581037,0.6517000000000001,0.6528999999999999,-0.0011999999999998678
continuous_latent_trait,18,14,22133855,0.5736776670340932,0.5732760496253351,0.0004016174087581037,0.6517000000000001,0.6528999999999999,-0.0011999999999998678
continuous_latent_trait,18,15,22133855,0.5736776670340932,0.5732760496253351,0.0004016174087581037,0.6517000000000001,0.6528999999999999,-0.0011999999999998678
continuous_latent_trait,18,16,22133855,0.5736776670340932,0.5732760496253351,0.0004016174087581037,0.6517000000000001,0.6528999999999999,-0.0011999999999998678
continuous_latent_trait,18,17,22133855,0.5736776670340932,0.5732760496253351,0.0004016174087581037,0.6517000000000001,0.6528999999999999,-0.0011999999999998678
continuous_latent_trait,18,18,22133855,0.5736776670340932,0.5732760496253351,0.0004016174087581037,0.6517000000000001,0.6528999999999999,-0.0011999999999998678
continuous_latent_trait,18,19,22133855,0.5736776670340932,0.5732760496253351,0.0004016174087581037,0.6517000000000001,0.6528999999999999,-0.0011999999999998678
continuous_latent_trait,19,0,22233858,0.5742283366615762,0.573770937289549,0.0004573993720272673,0.6495000000000001,0.6492,0.000300000000000078
continuous_latent_trait,19,1,22233858,0.5742283366615762,0.573770937289549,0.0004573993720272673,0.6495000000000001,0.6492,0.000300000000000078
continuous_latent_trait,19,2,22233858,0.5742283366615762,0.573770937289549,0.0004573993720272673,0.6495000000000001,0.6492,0.000300000000000078
continuous_latent_trait,19,3,22233858,0.5742283366615762,0.573770937289549,0.0004573993720272673,0.6495000000000001,0.6492,0.000300000000000078
continuous_latent_trait,19,4,22233858,0.5742283366615762,0.573770937289549,0.0004573993720272673,0.6495000000000001,0.6492,0.000300000000000078
continuous_latent_trait,19,5,22233858,0.5742283366615762,0.573770937289549,0.0004573993720272673,0.6495000000000001,0.6492,0.000300000000000078
continuous_latent_trait,19,6,22233858,0.5742283366615762,0.573770937289549,0.0004573993720272673,0.6495000000000001,0.6492,0.000300000000000078
continuous_latent_trait,19,7,22233858,0.5742283366615762,0.573770937289549,0.0004573993720272673,0.6495000000000001,0.6492,0.000300000000000078
continuous_latent_trait,19,8,22233858,0.5742283366615762,0.573770937289549,0.0004573993720272673,0.6495000000000001,0.6492,0.000300000000000078
continuous_latent_trait,19,9,22233858,0.5742283366615762,0.573770937289549,0.0004573993720272673,0.6495000000000001,0.6492,0.000300000000000078
continuous_latent_trait,19,10,22233858,0.5742283366615762,0.573770937289549,0.0004573993720272673,0.6495000000000001,0.6492,0.000300000000000078
continuous_latent_trait,19,11,22233858,0.5742283366615762,0.573770937289549,0.0004573993720272673,0.6495000000000001,0.6492,0.000300000000000078
continuous_latent_trait,19,12,22233858,0.5742283366615762,0.573770937289549,0.0004573993720272673,0.6495000000000001,0.6492,0.000300000000000078
continuous_latent_trait,19,13,22233858,0.5742283366615762,0.573770937289549,0.0004573993720272673,0.6495000000000001,0.6492,0.000300000000000078
continuous_latent_trait,19,14,22233858,0.5742283366615762,0.573770937289549,0.0004573993720272673,0.6495000000000001,0.6492,0.000300000000000078
continuous_latent_trait,19,15,22233858,0.5742283366615762,0.573770937289549,0.0004573993720272673,0.6495000000000001,0.6492,0.000300000000000078
continuous_latent_trait,19,16,22233858,0.5742283366615762,0.573770937289549,0.0004573993720272673,0.6495000000000001,0.6492,0.000300000000000078
continuous_latent_trait,19,17,22233858,0.5742283366615762,0.573770937289549,0.0004573993720272673,0.6495000000000001,0.6492,0.000300000000000078
continuous_latent_trait,19,18,22233858,0.5742283366615762,0.573770937289549,0.0004573993720272673,0.6495000000000001,0.6492,0.000300000000000078
continuous_latent_trait,19,19,22233858,0.5742283366615762,0.573770937289549,0.0004573993720272673,0.6495000000000001,0.6492,0.000300000000000078
four_state_semimarkov,0,0,20333801,0.5857499999999999,0.586,-0.0002500000000000835,0.6535500000000001,0.6544500000000001,-0.0009000000000000119
four_state_semimarkov,0,1,20333801,0.5822499999999999,0.5827499999999999,-0.0004999999999999449,0.6519999999999999,0.6535,-0.0015000000000000568
four_state_semimarkov,0,2,20333801,0.5833333333333333,0.5837499999999999,-0.0004166666666666208,0.6515000000000001,0.65315,-0.0016499999999999293
four_state_semimarkov,0,3,20333801,0.5834999999999999,0.5824166666666666,0.001083333333333325,0.65295,0.6539999999999999,-0.0010499999999998844
four_state_semimarkov,0,4,20333801,0.5844999999999999,0.5843333333333333,0.0001666666666666483,0.6523499999999999,0.65435,-0.002000000000000113
four_state_semimarkov,0,5,20333801,0.5845833333333332,0.5852499999999999,-0.0006666666666667043,0.6524000000000001,0.6541499999999999,-0.0017499999999998073
four_state_semimarkov,0,6,20333801,0.5865833333333332,0.5864999999999999,8.333333333332416e-05,0.6535499999999999,0.65435,-0.0008000000000001339
four_state_semimarkov,0,7,20333801,0.5827499999999999,0.5826666666666666,8.333333333332416e-05,0.65235,0.6534,-0.0010499999999999954
four_state_semimarkov,0,8,20333801,0.584,0.5829166666666665,0.001083333333333436,0.6531999999999999,0.6537999999999999,-0.0006000000000000449
four_state_semimarkov,0,9,20333801,0.5828333333333332,0.5827499999999999,8.333333333332416e-05,0.65185,0.65325,-0.0013999999999999568
four_state_semimarkov,0,10,20333801,0.5837499999999999,0.584,-0.0002500000000000835,0.653,0.65425,-0.0012499999999999734
four_state_semimarkov,0,11,20333801,0.5848333333333333,0.5846666666666666,0.00016666666666675933,0.65305,0.6541499999999999,-0.0010999999999998789
four_state_semimarkov,0,12,20333801,0.5852499999999999,0.5844999999999999,0.0007500000000000284,0.65315,0.6542,-0.0010499999999999954
four_state_semimarkov,0,13,20333801,0.5831666666666666,0.5830833333333332,8.333333333343518e-05,0.65225,0.65325,-0.0010000000000000009
four_state_semimarkov,0,14,20333801,0.5824166666666666,0.5824166666666666,0.0,0.65215,0.6535500000000001,-0.0014000000000000679
four_state_semimarkov,0,15,20333801,0.5848333333333333,0.5857499999999999,-0.0009166666666665657,0.6524500000000001,0.6550499999999999,-0.0025999999999998247
four_state_semimarkov,0,16,20333801,0.5858333333333333,0.5861666666666666,-0.0003333333333332966,0.6526499999999998,0.6550500000000001,-0.002400000000000291
four_state_semimarkov,0,17,20333801,0.5831666666666666,0.5823333333333331,0.0008333333333334636,0.652,0.65315,-0.0011499999999999844
four_state_semimarkov,0,18,20333801,0.5839166666666665,0.5836666666666666,0.00024999999999997247,0.6525,0.6535999999999998,-0.0010999999999998789
four_state_semimarkov,0,19,20333801,0.5829999999999999,0.5831666666666665,-0.0001666666666666483,0.65235,0.6533500000000001,-0.001000000000000112
four_state_semimarkov,1,0,20433804,0.5933333333333333,0.5911666666666666,0.00216666666666665,0.65405,0.6528999999999999,0.0011500000000000954
four_state_semimarkov,1,1,20433804,0.5945833333333332,0.5920833333333333,0.0024999999999999467,0.6546499999999998,0.6543000000000001,0.0003499999999997394
four_state_semimarkov,1,2,20433804,0.5957499999999999,0.5924166666666666,0.0033333333333332993,0.6539000000000001,0.65325,0.0006500000000001505
four_state_semimarkov,1,3,20433804,0.5944166666666666,0.5925833333333332,0.0018333333333333535,0.6543000000000001,0.6530499999999999,0.0012500000000001954
four_state_semimarkov,1,4,20433804,0.596,0.5940833333333333,0.0019166666666666776,0.6537999999999999,0.6535,0.00029999999999996696
four_state_semimarkov,1,5,20433804,0.5981666666666665,0.5964166666666666,0.0017499999999999183,0.6538499999999999,0.6527,0.0011499999999999844
four_state_semimarkov,1,6,20433804,0.5940833333333333,0.5913333333333333,0.00275000000000003,0.65345,0.65225,0.0011999999999999789
four_state_semimarkov,1,7,20433804,0.5934166666666666,0.5906666666666667,0.002749999999999919,0.6539500000000001,0.6535000000000001,0.00045000000000006146
four_state_semimarkov,1,8,20433804,0.5930833333333332,0.5901666666666666,0.0029166666666665675,0.6543000000000001,0.6528999999999999,0.0014000000000001789
four_state_semimarkov,1,9,20433804,0.5959166666666665,0.5930833333333333,0.0028333333333332433,0.65315,0.6523,0.0008500000000000174
four_state_semimarkov,1,10,20433804,0.5966666666666666,0.5927499999999999,0.003916666666666679,0.65425,0.6527000000000001,0.0015499999999999403
four_state_semimarkov,1,11,20433804,0.5930833333333333,0.5916666666666666,0.0014166666666667327,0.6533,0.6535499999999999,-0.00024999999999986144
four_state_semimarkov,1,12,20433804,0.5922499999999999,0.5914999999999999,0.0007500000000000284,0.6529499999999999,0.6527499999999999,0.00019999999999997797
four_state_semimarkov,1,13,20433804,0.5948333333333333,0.5916666666666666,0.003166666666666762,0.65295,0.6528499999999999,0.00010000000000010001
four_state_semimarkov,1,14,20433804,0.5944166666666666,0.5923333333333333,0.002083333333333326,0.65405,0.6529,0.0011499999999999844
four_state_semimarkov,1,15,20433804,0.5963333333333333,0.5946666666666667,0.0016666666666665941,0.65445,0.6533500000000001,0.0010999999999998789
four_state_semimarkov,1,16,20433804,0.5954999999999999,0.5928333333333332,0.002666666666666706,0.6535,0.65235,0.0011499999999999844
four_state_semimarkov,1,17,20433804,0.5958333333333332,0.59375,0.002083333333333215,0.65445,0.6538499999999999,0.0006000000000000449
four_state_semimarkov,1,18,20433804,0.5944999999999999,0.5914166666666666,0.003083333333333327,0.6542500000000001,0.6531999999999999,0.0010500000000002174
four_state_semimarkov,1,19,20433804,0.5948333333333333,0.592,0.0028333333333333544,0.6536,0.65295,0.0006499999999999284
four_state_semimarkov,2,0,20533807,0.5912499999999999,0.5912499999999999,0.0,0.6557999999999999,0.6556000000000001,0.00019999999999986695
four_state_semimarkov,2,1,20533807,0.5890833333333333,0.5886666666666666,0.0004166666666667318,0.6550999999999999,0.6552499999999999,-0.00014999999999998348
four_state_semimarkov,2,2,20533807,0.5879166666666665,0.5894166666666666,-0.0015000000000000568,0.6542,0.65405,0.00014999999999998348
four_state_semimarkov,2,3,20533807,0.5934999999999999,0.5947499999999999,-0.0012499999999999734,0.6555999999999998,0.6557999999999999,-0.000200000000000089
four_state_semimarkov,2,4,20533807,0.5914999999999999,0.5921666666666665,-0.0006666666666665932,0.65605,0.6557999999999999,0.0002500000000000835
four_state_semimarkov,2,5,20533807,0.5919166666666665,0.5928333333333332,-0.0009166666666666767,0.65625,0.6564500000000001,-0.000200000000000089
four_state_semimarkov,2,6,20533807,0.5915833333333331,0.5934166666666666,-0.0018333333333334645,0.65565,0.6562,-0.0005500000000000504
four_state_semimarkov,2,7,20533807,0.5911666666666666,0.5919166666666665,-0.0007499999999999174,0.6550999999999999,0.6548,0.00029999999999985594
four_state_semimarkov,2,8,20533807,0.5896666666666666,0.5915833333333333,-0.0019166666666667886,0.6550999999999999,0.65535,-0.0002500000000000835
four_state_semimarkov,2,9,20533807,0.5912499999999999,0.5921666666666666,-0.0009166666666666767,0.65515,0.6550499999999999,0.00010000000000010001
four_state_semimarkov,2,10,20533807,0.5913333333333333,0.5925,-0.0011666666666667602,0.6554000000000001,0.6552499999999999,0.00015000000000020552
four_state_semimarkov,2,11,20533807,0.5921666666666666,0.5929999999999999,-0.0008333333333332416,0.65645,0.6563499999999999,0.00010000000000010001
four_state_semimarkov,2,12,20533807,0.59175,0.5913333333333333,0.0004166666666667318,0.6555500000000001,0.6548,0.0007500000000000284
four_state_semimarkov,2,13,20533807,0.5912499999999998,0.5908333333333333,0.00041666666666650976,0.6556000000000001,0.6550499999999999,0.0005500000000001615
four_state_semimarkov,2,14,20533807,0.593,0.5926666666666666,0.00033333333333340764,0.65675,0.65625,0.0004999999999999449
four_state_semimarkov,2,15,20533807,0.58975,0.5902499999999999,-0.0004999999999999449,0.65495,0.6552500000000001,-0.000300000000000078
four_state_semimarkov,2,16,20533807,0.5906666666666667,0.5923333333333332,-0.0016666666666664831,0.6550999999999999,0.65545,-0.0003500000000000725
four_state_semimarkov,2,17,20533807,0.5904166666666666,0.5910833333333333,-0.0006666666666667043,0.6554499999999999,0.6551,0.00034999999999985043
four_state_semimarkov,2,18,20533807,0.5901666666666666,0.5904999999999999,-0.0003333333333332966,0.65415,0.6538499999999999,0.000300000000000078
four_state_semimarkov,2,19,20533807,0.5909166666666665,0.5896666666666666,0.0012499999999999734,0.6544,0.65425,0.00014999999999998348
four_state_semimarkov,3,0,20633810,0.5838333333333332,0.5838333333333332,0.0,0.6491,0.6481999999999999,0.0009000000000001229
four_state_semimarkov,3,1,20633810,0.5865833333333332,0.5858333333333333,0.0007499999999999174,0.6496500000000001,0.64865,0.001000000000000112
four_state_semimarkov,3,2,20633810,0.5853333333333333,0.586,-0.0006666666666667043,0.65095,0.6498,0.0011499999999999844
four_state_semimarkov,3,3,20633810,0.584,0.5841666666666666,-0.0001666666666666483,0.6489500000000001,0.6476500000000001,0.0013000000000000789
four_state_semimarkov,3,4,20633810,0.5839166666666665,0.5848333333333332,-0.0009166666666666767,0.6487999999999999,0.6482499999999999,0.0005500000000000504
four_state_semimarkov,3,5,20633810,0.5833333333333333,0.5839166666666666,-0.0005833333333333801,0.6503,0.64935,0.0009500000000000064
four_state_semimarkov,3,6,20633810,0.5849999999999999,0.5844999999999999,0.0004999999999999449,0.6495000000000001,0.6483000000000001,0.0011999999999999789
four_state_semimarkov,3,7,20633810,0.586,0.5866666666666666,-0.0006666666666665932,0.64835,0.6478,0.0005499999999999394
four_state_semimarkov,3,8,20633810,0.5871666666666665,0.5862499999999998,0.0009166666666666767,0.64995,0.64825,0.0017000000000000348
four_state_semimarkov,3,9,20633810,0.5871666666666665,0.586,0.0011666666666665382,0.6500999999999999,0.6491,0.0009999999999998899
four_state_semimarkov,3,10,20633810,0.5857499999999999,0.5860833333333333,-0.00033333333333340764,0.65,0.6497499999999999,0.0002500000000000835
four_state_semimarkov,3,11,20633810,0.5852499999999999,0.5858333333333332,-0.0005833333333332691,0.64865,0.6486500000000001,-1.1102230246251565e-16
four_state_semimarkov,3,12,20633810,0.5820833333333332,0.5824166666666666,-0.00033333333333340764,0.64865,0.64825,0.00039999999999995595
four_state_semimarkov,3,13,20633810,0.5846666666666666,0.5845833333333332,8.333333333332416e-05,0.6491,0.64775,0.0013499999999999623
four_state_semimarkov,3,14,20633810,0.5844999999999999,0.5853333333333333,-0.0008333333333333526,0.6494,0.6487999999999999,0.0006000000000000449
four_state_semimarkov,3,15,20633810,0.5861666666666666,0.5859166666666665,0.0002500000000000835,0.6504000000000001,0.6496500000000001,0.0007500000000000284
four_state_semimarkov,3,16,20633810,0.585,0.5859166666666665,-0.0009166666666665657,0.65075,0.6496999999999999,0.0010500000000001064
four_state_semimarkov,3,17,20633810,0.586,0.5859166666666665,8.333333333343518e-05,0.6492999999999999,0.64845,0.0008499999999999064
four_state_semimarkov,3,18,20633810,0.5851666666666666,0.5848333333333332,0.00033333333333340764,0.6491499999999999,0.6484000000000001,0.0007499999999998064
four_state_semimarkov,3,19,20633810,0.5859166666666665,0.5866666666666666,-0.0007500000000000284,0.65015,0.6489,0.0012499999999999734
four_state_semimarkov,4,0,20733813,0.5880833333333332,0.5923333333333332,-0.004249999999999976,0.65235,0.65335,-0.0010000000000000009
four_state_semimarkov,4,1,20733813,0.5868333333333332,0.591,-0.004166666666666763,0.65315,0.65325,-9.999999999998899e-05
four_state_semimarkov,4,2,20733813,0.5849166666666666,0.5892499999999999,-0.0043333333333333,0.6522,0.65315,-0.0009500000000000064
four_state_semimarkov,4,3,20733813,0.5870833333333332,0.5915833333333332,-0.0045000000000000595,0.6520999999999999,0.6533500000000001,-0.0012500000000001954
four_state_semimarkov,4,4,20733813,0.5866666666666666,0.5911666666666666,-0.0045000000000000595,0.6529499999999999,0.6539,-0.0009500000000001174
four_state_semimarkov,4,5,20733813,0.5865833333333333,0.5903333333333333,-0.00374999999999992,0.65275,0.65345,-0.0006999999999999229
four_state_semimarkov,4,6,20733813,0.5870833333333333,0.5917499999999999,-0.004666666666666597,0.6523,0.65235,-4.999999999999449e-05
four_state_semimarkov,4,7,20733813,0.58675,0.5925833333333332,-0.005833333333333246,0.6533,0.6537999999999999,-0.0004999999999999449
four_state_semimarkov,4,8,20733813,0.5872499999999999,0.5919999999999999,-0.004749999999999921,0.6524000000000001,0.6528999999999999,-0.0004999999999998339
four_state_semimarkov,4,9,20733813,0.5831666666666666,0.5874166666666666,-0.004249999999999976,0.6513500000000001,0.65165,-0.00029999999999985594
four_state_semimarkov,4,10,20733813,0.5854166666666666,0.5904166666666666,-0.0050000000000000044,0.6527000000000001,0.6534,-0.0006999999999999229
four_state_semimarkov,4,11,20733813,0.58675,0.5909166666666666,-0.004166666666666652,0.654,0.6542,-0.00019999999999997797
four_state_semimarkov,4,12,20733813,0.5888333333333332,0.5922499999999999,-0.0034166666666667345,0.6533500000000001,0.6541,-0.0007499999999999174
four_state_semimarkov,4,13,20733813,0.5887499999999999,0.5933333333333333,-0.004583333333333384,0.6536000000000002,0.6539499999999999,-0.0003499999999997394
four_state_semimarkov,4,14,20733813,0.5876666666666667,0.5920833333333332,-0.004416666666666513,0.65335,0.6535,-0.00014999999999998348
four_state_semimarkov,4,15,20733813,0.5869999999999999,0.5907499999999999,-0.003750000000000031,0.6537999999999999,0.654,-0.000200000000000089
four_state_semimarkov,4,16,20733813,0.58975,0.5940833333333333,-0.0043333333333333,0.65365,0.6541,-0.00045000000000006146
four_state_semimarkov,4,17,20733813,0.585,0.5904166666666666,-0.005416666666666625,0.6528,0.65345,-0.0006499999999999284
four_state_semimarkov,4,18,20733813,0.5864166666666666,0.5914999999999999,-0.005083333333333329,0.6531,0.6532499999999999,-0.00014999999999987246
four_state_semimarkov,4,19,20733813,0.5874999999999999,0.5921666666666665,-0.004666666666666597,0.65405,0.6541499999999999,-9.999999999987796e-05
four_state_semimarkov,5,0,20833816,0.58675,0.5853333333333333,0.0014166666666667327,0.6522999999999999,0.6503,0.0019999999999998908
four_state_semimarkov,5,1,20833816,0.5876666666666667,0.5857499999999999,0.0019166666666667886,0.65225,0.6508499999999999,0.0014000000000000679
four_state_semimarkov,5,2,20833816,0.5852499999999999,0.5835833333333332,0.0016666666666667052,0.65145,0.6499000000000001,0.0015499999999998293
four_state_semimarkov,5,3,20833816,0.5894166666666666,0.5861666666666666,0.003249999999999975,0.65325,0.6509999999999999,0.0022500000000000853
four_state_semimarkov,5,4,20833816,0.5883333333333333,0.5859166666666665,0.0024166666666667336,0.65275,0.6509,0.0018500000000000183
four_state_semimarkov,5,5,20833816,0.5894166666666666,0.58875,0.0006666666666665932,0.65305,0.6516500000000001,0.0013999999999999568
four_state_semimarkov,5,6,20833816,0.5871666666666665,0.5855833333333332,0.00158333333333327,0.6512,0.6504000000000001,0.0007999999999999119
four_state_semimarkov,5,7,20833816,0.589,0.5864166666666667,0.002583333333333271,0.6521000000000001,0.6504000000000001,0.0017000000000000348
four_state_semimarkov,5,8,20833816,0.5891666666666666,0.5877499999999999,0.0014166666666667327,0.65255,0.6508499999999999,0.0017000000000000348
four_state_semimarkov,5,9,20833816,0.5889166666666666,0.58675,0.00216666666666665,0.65235,0.6501,0.0022499999999999742
four_state_semimarkov,5,10,20833816,0.5858333333333333,0.5844166666666666,0.0014166666666667327,0.65155,0.6513,0.00024999999999997247
four_state_semimarkov,5,11,20833816,0.5869166666666666,0.5854166666666666,0.0015000000000000568,0.6524500000000001,0.6500499999999999,0.0024000000000001798
four_state_semimarkov,5,12,20833816,0.5877499999999999,0.5864166666666666,0.0013333333333332975,0.65215,0.6509,0.0012499999999999734
four_state_semimarkov,5,13,20833816,0.5906666666666667,0.5890833333333333,0.001583333333333381,0.6532499999999999,0.6513499999999999,0.0019000000000000128
four_state_semimarkov,5,14,20833816,0.59,0.5884999999999999,0.0015000000000000568,0.6528499999999999,0.6511,0.0017499999999999183
four_state_semimarkov,5,15,20833816,0.5893333333333333,0.5877499999999999,0.001583333333333381,0.65225,0.6508000000000002,0.0014499999999998403
four_state_semimarkov,5,16,20833816,0.5892499999999999,0.5873333333333332,0.0019166666666667886,0.65265,0.6511,0.0015499999999999403
four_state_semimarkov,5,17,20833816,0.5859166666666665,0.5840833333333333,0.0018333333333332424,0.65125,0.6499499999999999,0.0013000000000000789
four_state_semimarkov,5,18,20833816,0.5914166666666666,0.5887499999999999,0.002666666666666706,0.6528999999999999,0.6510000000000001,0.0018999999999997907
four_state_semimarkov,5,19,20833816,0.5894999999999999,0.5879166666666665,0.001583333333333381,0.65265,0.6510999999999999,0.0015500000000000513
four_state_semimarkov,6,0,20933819,0.5921666666666665,0.5920833333333332,8.333333333332416e-05,0.653,0.6524500000000001,0.0005499999999999394
four_state_semimarkov,6,1,20933819,0.5919999999999999,0.5915833333333331,0.0004166666666667318,0.6535,0.6522,0.0012999999999999678
four_state_semimarkov,6,2,20933819,0.5921666666666665,0.5910833333333333,0.001083333333333214,0.6537000000000001,0.6528499999999999,0.0008500000000001284
four_state_semimarkov,6,3,20933819,0.5905833333333332,0.5904166666666666,0.0001666666666666483,0.65215,0.65205,9.999999999998899e-05
four_state_semimarkov,6,4,20933819,0.5923333333333333,0.5923333333333332,1.1102230246251565e-16,0.6531999999999999,0.6531999999999999,0.0
four_state_semimarkov,6,5,20933819,0.5914999999999999,0.5904166666666666,0.001083333333333325,0.6536500000000001,0.6530000000000001,0.0006499999999999284
four_state_semimarkov,6,6,20933819,0.5914999999999999,0.5919999999999999,-0.0004999999999999449,0.65235,0.6521000000000001,0.00024999999999986144
four_state_semimarkov,6,7,20933819,0.5909999999999999,0.5916666666666666,-0.0006666666666667043,0.6528,0.6525,0.000300000000000078
four_state_semimarkov,6,8,20933819,0.5909999999999999,0.5913333333333333,-0.00033333333333340764,0.6528,0.65215,0.0006500000000000394
four_state_semimarkov,6,9,20933819,0.5914166666666666,0.5909166666666665,0.000500000000000056,0.6533500000000001,0.65255,0.0008000000000001339
four_state_semimarkov,6,10,20933819,0.5932499999999998,0.5936666666666666,-0.0004166666666667318,0.6525,0.65185,0.0006499999999999284
four_state_semimarkov,6,11,20933819,0.5915833333333332,0.5909999999999999,0.0005833333333333801,0.6524000000000001,0.6515000000000001,0.0009000000000000119
four_state_semimarkov,6,12,20933819,0.5902499999999999,0.5903333333333333,-8.333333333332416e-05,0.6531,0.6531999999999999,-9.999999999987796e-05
four_state_semimarkov,6,13,20933819,0.5901666666666666,0.5905,-0.00033333333333340764,0.6533,0.6524500000000001,0.0008499999999999064
four_state_semimarkov,6,14,20933819,0.5918333333333332,0.5904166666666666,0.0014166666666666217,0.6528,0.6522500000000001,0.0005499999999999394
four_state_semimarkov,6,15,20933819,0.5907499999999999,0.5894166666666666,0.0013333333333332975,0.6536,0.6527,0.0009000000000000119
four_state_semimarkov,6,16,20933819,0.5907499999999999,0.5900833333333333,0.0006666666666665932,0.6528500000000002,0.6525,0.0003500000000001835
four_state_semimarkov,6,17,20933819,0.5917499999999999,0.5913333333333333,0.0004166666666666208,0.65255,0.6526000000000001,-5.0000000000105516e-05
four_state_semimarkov,6,18,20933819,0.5927499999999999,0.5916666666666666,0.001083333333333325,0.6539999999999999,0.6533,0.0006999999999999229
four_state_semimarkov,6,19,20933819,0.5931666666666666,0.5935833333333332,-0.0004166666666666208,0.65315,0.6535499999999999,-0.0003999999999998449
four_state_semimarkov,7,0,21033822,0.5956666666666666,0.5961666666666666,-0.000500000000000056,0.6596500000000001,0.6597,-4.999999999988347e-05
four_state_semimarkov,7,1,21033822,0.5971666666666665,0.5976666666666666,-0.000500000000000056,0.6607500000000001,0.66025,0.000500000000000056
four_state_semimarkov,7,2,21033822,0.5963333333333333,0.5963333333333333,0.0,0.6596000000000001,0.65975,-0.00014999999999987246
four_state_semimarkov,7,3,21033822,0.5944999999999999,0.5949999999999999,-0.0004999999999999449,0.6594500000000001,0.6603,-0.0008499999999999064
four_state_semimarkov,7,4,21033822,0.5944999999999999,0.5950833333333333,-0.0005833333333333801,0.65905,0.6592,-0.00014999999999998348
four_state_semimarkov,7,5,21033822,0.5966666666666666,0.5961666666666666,0.0004999999999999449,0.65975,0.65955,0.00019999999999997797
four_state_semimarkov,7,6,21033822,0.5957499999999999,0.5964999999999999,-0.0007500000000000284,0.6593000000000001,0.66095,-0.0016499999999999293
four_state_semimarkov,7,7,21033822,0.5977499999999999,0.5981666666666665,-0.0004166666666666208,0.6600499999999999,0.6605500000000001,-0.000500000000000167
four_state_semimarkov,7,8,21033822,0.5953333333333332,0.5956666666666666,-0.00033333333333340764,0.65935,0.65985,-0.000500000000000056
four_state_semimarkov,7,9,21033822,0.5944166666666666,0.5960833333333332,-0.0016666666666665941,0.6587999999999999,0.6592500000000001,-0.0004500000000001725
four_state_semimarkov,7,10,21033822,0.5954166666666665,0.59725,-0.0018333333333334645,0.65935,0.66065,-0.0012999999999999678
four_state_semimarkov,7,11,21033822,0.5954166666666666,0.5965833333333332,-0.0011666666666666492,0.6596,0.66,-0.00040000000000006697
four_state_semimarkov,7,12,21033822,0.5976666666666666,0.5990833333333333,-0.0014166666666667327,0.6597999999999999,0.6601499999999999,-0.00034999999999996145
four_state_semimarkov,7,13,21033822,0.5968333333333332,0.596,0.0008333333333332416,0.65935,0.6594,-4.999999999999449e-05
four_state_semimarkov,7,14,21033822,0.5984166666666666,0.5994166666666666,-0.0010000000000000009,0.65995,0.6606000000000001,-0.0006500000000000394
four_state_semimarkov,7,15,21033822,0.5964166666666665,0.59625,0.0001666666666665373,0.6602000000000001,0.6601,0.00010000000000010001
four_state_semimarkov,7,16,21033822,0.5960833333333332,0.5965833333333332,-0.000500000000000056,0.6599,0.66,-9.999999999998899e-05
four_state_semimarkov,7,17,21033822,0.5974999999999999,0.5984166666666666,-0.0009166666666666767,0.6604499999999999,0.6609,-0.0004500000000001725
four_state_semimarkov,7,18,21033822,0.5965833333333332,0.5979166666666665,-0.0013333333333332975,0.6603,0.6607999999999999,-0.0004999999999999449
four_state_semimarkov,7,19,21033822,0.5978333333333332,0.5983333333333332,-0.0004999999999999449,0.66,0.6601,-9.999999999998899e-05
four_state_semimarkov,8,0,21133825,0.5872499999999999,0.5832499999999999,0.0040000000000000036,0.6478999999999999,0.6494,-0.0015000000000000568
four_state_semimarkov,8,1,21133825,0.5860833333333332,0.5832499999999999,0.0028333333333332433,0.64805,0.649,-0.0009500000000000064
four_state_semimarkov,8,2,21133825,0.5879999999999999,0.5844166666666666,0.0035833333333332718,0.6481999999999999,0.6493000000000001,-0.001100000000000212
four_state_semimarkov,8,3,21133825,0.5865833333333333,0.5834999999999999,0.003083333333333438,0.6487999999999999,0.64945,-0.0006500000000000394
four_state_semimarkov,8,4,21133825,0.5871666666666665,0.5847499999999999,0.0024166666666666226,0.64905,0.6498,-0.0007500000000000284
four_state_semimarkov,8,5,21133825,0.5855,0.5826666666666666,0.0028333333333334654,0.6481999999999999,0.6494,-0.0012000000000000899
four_state_semimarkov,8,6,21133825,0.5864999999999999,0.5841666666666666,0.0023333333333332984,0.64735,0.649,-0.0016500000000000403
four_state_semimarkov,8,7,21133825,0.5875833333333332,0.5846666666666667,0.0029166666666665675,0.6495499999999998,0.64975,-0.00020000000000020002
four_state_semimarkov,8,8,21133825,0.5864999999999999,0.5827499999999999,0.003750000000000031,0.6485499999999998,0.6491,-0.0005500000000001615
four_state_semimarkov,8,9,21133825,0.5852499999999999,0.5816666666666666,0.0035833333333333828,0.6481999999999999,0.64865,-0.00045000000000006146
four_state_semimarkov,8,10,21133825,0.5869999999999999,0.5851666666666666,0.0018333333333332424,0.64795,0.6493000000000001,-0.0013500000000000734
four_state_semimarkov,8,11,21133825,0.5849166666666666,0.5816666666666666,0.003250000000000086,0.64725,0.64795,-0.0007000000000000339
four_state_semimarkov,8,12,21133825,0.5863333333333333,0.5820833333333333,0.004249999999999976,0.64905,0.64935,-0.00029999999999996696
four_state_semimarkov,8,13,21133825,0.5862499999999999,0.5827499999999999,0.0035000000000000586,0.6487999999999999,0.6498999999999999,-0.0010999999999999899
four_state_semimarkov,8,14,21133825,0.5856666666666667,0.5825833333333332,0.003083333333333438,0.64825,0.64925,-0.0010000000000000009
four_state_semimarkov,8,15,21133825,0.5850833333333333,0.5811666666666666,0.003916666666666679,0.64755,0.6488499999999999,-0.0012999999999999678
four_state_semimarkov,8,16,21133825,0.5856666666666666,0.5823333333333333,0.0033333333333332993,0.6481999999999999,0.6491499999999999,-0.0009500000000000064
four_state_semimarkov,8,17,21133825,0.5870833333333332,0.5819166666666666,0.005166666666666542,0.6478999999999999,0.6482000000000001,-0.000300000000000189
four_state_semimarkov,8,18,21133825,0.5837499999999999,0.5801666666666666,0.0035833333333332718,0.6478499999999999,0.6483500000000001,-0.000500000000000167
four_state_semimarkov,8,19,21133825,0.5857499999999999,0.5831666666666666,0.002583333333333271,0.6472,0.6478,-0.0006000000000000449
four_state_semimarkov,9,0,21233828,0.5907499999999999,0.5939166666666665,-0.003166666666666651,0.6561,0.6572499999999999,-0.0011499999999998733
four_state_semimarkov,9,1,21233828,0.5933333333333333,0.5957499999999999,-0.0024166666666666226,0.6567500000000002,0.6575,-0.0007499999999998064
four_state_semimarkov,9,2,21233828,0.5922499999999998,0.59525,-0.0030000000000001137,0.6564,0.6571000000000001,-0.000700000000000145
four_state_semimarkov,9,3,21233828,0.5937499999999999,0.59525,-0.0015000000000000568,0.6564,0.65755,-0.0011499999999999844
four_state_semimarkov,9,4,21233828,0.5925833333333334,0.5949999999999999,-0.0024166666666665115,0.6563,0.6577,-0.0013999999999999568
four_state_semimarkov,9,5,21233828,0.5944166666666666,0.5959166666666665,-0.0014999999999999458,0.6575,0.6587999999999999,-0.0012999999999999678
four_state_semimarkov,9,6,21233828,0.5912499999999999,0.5946666666666666,-0.0034166666666666234,0.6562,0.6569499999999999,-0.0007499999999999174
four_state_semimarkov,9,7,21233828,0.5944999999999999,0.5958333333333333,-0.0013333333333334085,0.6576,0.65845,-0.0008500000000000174
four_state_semimarkov,9,8,21233828,0.5958333333333333,0.5967499999999999,-0.0009166666666665657,0.6572499999999999,0.6585,-0.0012500000000000844
four_state_semimarkov,9,9,21233828,0.5949999999999999,0.5964166666666666,-0.0014166666666667327,0.6571000000000001,0.6578999999999999,-0.0007999999999998009
four_state_semimarkov,9,10,21233828,0.5932499999999998,0.5954166666666666,-0.002166666666666761,0.6570999999999999,0.6572499999999999,-0.00014999999999998348
four_state_semimarkov,9,11,21233828,0.5938333333333332,0.59575,-0.0019166666666667886,0.6567999999999999,0.6578,-0.001000000000000112
four_state_semimarkov,9,12,21233828,0.5929166666666665,0.59525,-0.0023333333333334094,0.6572,0.6577000000000001,-0.000500000000000056
four_state_semimarkov,9,13,21233828,0.5924999999999999,0.59525,-0.00275000000000003,0.657,0.6582499999999999,-0.0012499999999998623
four_state_semimarkov,9,14,21233828,0.589,0.5914999999999999,-0.0024999999999999467,0.65655,0.6572999999999999,-0.0007499999999999174
four_state_semimarkov,9,15,21233828,0.5914166666666666,0.5940833333333333,-0.002666666666666706,0.6564500000000001,0.6576000000000001,-0.0011499999999999844
four_state_semimarkov,9,16,21233828,0.59425,0.5971666666666665,-0.0029166666666665675,0.6557999999999999,0.6568,-0.001000000000000112
four_state_semimarkov,9,17,21233828,0.5944166666666666,0.5969999999999999,-0.002583333333333271,0.65645,0.65805,-0.0016000000000000458
four_state_semimarkov,9,18,21233828,0.5941666666666666,0.5971666666666665,-0.0029999999999998916,0.6570999999999999,0.6577500000000001,-0.0006500000000001505
four_state_semimarkov,9,19,21233828,0.5957499999999999,0.5990833333333333,-0.0033333333333334103,0.6581999999999999,0.6589,-0.000700000000000145
four_state_semimarkov,10,0,21333831,0.5903333333333333,0.5892499999999999,0.001083333333333325,0.64935,0.6510499999999999,-0.0016999999999999238
four_state_semimarkov,10,1,21333831,0.5894166666666666,0.5899999999999999,-0.0005833333333332691,0.6500999999999999,0.6521000000000001,-0.002000000000000224
four_state_semimarkov,10,2,21333831,0.5939166666666665,0.5934999999999999,0.0004166666666666208,0.6505500000000001,0.6516500000000001,-0.0010999999999999899
four_state_semimarkov,10,3,21333831,0.5881666666666666,0.5872499999999999,0.0009166666666666767,0.6497499999999999,0.6507,-0.0009500000000000064
four_state_semimarkov,10,4,21333831,0.591,0.5905833333333332,0.0004166666666667318,0.6509999999999999,0.6524000000000001,-0.0014000000000001789
four_state_semimarkov,10,5,21333831,0.591,0.5903333333333333,0.0006666666666667043,0.6502,0.6524500000000001,-0.0022500000000000853
four_state_semimarkov,10,6,21333831,0.5902499999999999,0.5905833333333333,-0.00033333333333340764,0.64935,0.6517999999999999,-0.002449999999999952
four_state_semimarkov,10,7,21333831,0.5902499999999999,0.5892499999999999,0.0010000000000000009,0.6497999999999999,0.6516,-0.0018000000000000238
four_state_semimarkov,10,8,21333831,0.5900833333333333,0.5908333333333333,-0.0007500000000000284,0.6492999999999999,0.6515,-0.0022000000000000908
four_state_semimarkov,10,9,21333831,0.5916666666666666,0.5908333333333333,0.0008333333333332416,0.6502,0.6515000000000001,-0.0013000000000000789
four_state_semimarkov,10,10,21333831,0.5923333333333332,0.5918333333333332,0.0004999999999999449,0.6511,0.65265,-0.0015499999999999403
four_state_semimarkov,10,11,21333831,0.5900833333333333,0.5900833333333333,0.0,0.6506000000000001,0.6514500000000001,-0.0008500000000000174
four_state_semimarkov,10,12,21333831,0.5905,0.5905833333333332,-8.333333333321313e-05,0.6500999999999999,0.6523,-0.0022000000000000908
four_state_semimarkov,10,13,21333831,0.5910833333333332,0.5895833333333332,0.0014999999999999458,0.6503,0.65185,-0.0015500000000000513
four_state_semimarkov,10,14,21333831,0.5892499999999999,0.5893333333333333,-8.333333333332416e-05,0.6497499999999999,0.65185,-0.002100000000000102
four_state_semimarkov,10,15,21333831,0.5911666666666666,0.5921666666666665,-0.0009999999999998899,0.6499000000000001,0.6525,-0.0025999999999998247
four_state_semimarkov,10,16,21333831,0.5894166666666666,0.5899166666666666,-0.000500000000000056,0.6496999999999999,0.6519499999999999,-0.0022499999999999742
four_state_semimarkov,10,17,21333831,0.589,0.5889166666666665,8.333333333343518e-05,0.6496999999999999,0.6514500000000001,-0.0017500000000001403
four_state_semimarkov,10,18,21333831,0.5900833333333333,0.5892499999999999,0.0008333333333333526,0.6497499999999999,0.65225,-0.0025000000000000577
four_state_semimarkov,10,19,21333831,0.5914166666666666,0.5913333333333333,8.333333333332416e-05,0.6505,0.6520999999999999,-0.0015999999999999348
four_state_semimarkov,11,0,21433834,0.5844166666666666,0.5869999999999999,-0.002583333333333271,0.6518499999999999,0.6505500000000001,0.0012999999999998568
four_state_semimarkov,11,1,21433834,0.5799166666666666,0.5851666666666666,-0.005249999999999977,0.6511000000000001,0.6507999999999999,0.000300000000000189
four_state_semimarkov,11,2,21433834,0.5837499999999999,0.58675,-0.0030000000000001137,0.6502500000000001,0.6492,0.0010500000000001064
four_state_semimarkov,11,3,21433834,0.5842499999999999,0.5874999999999999,-0.003249999999999975,0.65145,0.6502,0.0012499999999999734
four_state_semimarkov,11,4,21433834,0.5823333333333333,0.5853333333333333,-0.0030000000000000027,0.6511999999999999,0.6497999999999999,0.0013999999999999568
four_state_semimarkov,11,5,21433834,0.5827499999999999,0.5870833333333333,-0.004333333333333411,0.6509999999999999,0.6495000000000001,0.0014999999999998348
four_state_semimarkov,11,6,21433834,0.5825833333333332,0.58575,-0.003166666666666762,0.6505,0.64985,0.0006499999999999284
four_state_semimarkov,11,7,21433834,0.581,0.5840833333333333,-0.003083333333333327,0.6509999999999999,0.6495500000000001,0.0014499999999998403
four_state_semimarkov,11,8,21433834,0.5840833333333333,0.5866666666666666,-0.002583333333333271,0.6514,0.65,0.0013999999999999568
four_state_semimarkov,11,9,21433834,0.5818333333333332,0.5854999999999998,-0.003666666666666596,0.65085,0.6500999999999999,0.0007500000000001394
four_state_semimarkov,11,10,21433834,0.5819999999999999,0.5864166666666666,-0.004416666666666735,0.6518999999999999,0.6511,0.0007999999999999119
four_state_semimarkov,11,11,21433834,0.5811666666666665,0.5857499999999999,-0.004583333333333384,0.65125,0.65045,0.0008000000000000229
four_state_semimarkov,11,12,21433834,0.5821666666666665,0.5855833333333332,-0.0034166666666667345,0.6503,0.6493000000000001,0.0009999999999998899
four_state_semimarkov,11,13,21433834,0.5832499999999999,0.5864999999999999,-0.003249999999999975,0.6516999999999998,0.6501499999999999,0.0015499999999999403
four_state_semimarkov,11,14,21433834,0.5814999999999999,0.5852499999999999,-0.003750000000000031,0.6511,0.6494,0.0017000000000000348
four_state_semimarkov,11,15,21433834,0.5834999999999999,0.5869166666666665,-0.0034166666666666234,0.65065,0.6496999999999999,0.0009500000000000064
four_state_semimarkov,11,16,21433834,0.5834999999999999,0.5858333333333333,-0.0023333333333334094,0.6513,0.6505000000000001,0.0007999999999999119
four_state_semimarkov,11,17,21433834,0.5829166666666665,0.5878333333333332,-0.00491666666666668,0.65145,0.6508499999999999,0.0006000000000000449
four_state_semimarkov,11,18,21433834,0.5827499999999999,0.5866666666666666,-0.003916666666666679,0.6517000000000001,0.6506000000000001,0.0010999999999999899
four_state_semimarkov,11,19,21433834,0.5829166666666665,0.5880833333333332,-0.005166666666666653,0.65065,0.6502500000000001,0.0003999999999998449
four_state_semimarkov,12,0,21533837,0.5853333333333333,0.5815833333333332,0.003750000000000031,0.64945,0.65065,-0.0011999999999999789
four_state_semimarkov,12,1,21533837,0.5856666666666667,0.5823333333333333,0.0033333333333334103,0.649,0.6496999999999999,-0.0006999999999999229
four_state_semimarkov,12,2,21533837,0.5849166666666665,0.5810833333333333,0.0038333333333332442,0.6482999999999999,0.6489,-0.000600000000000156
four_state_semimarkov,12,3,21533837,0.5836666666666666,0.5805,0.00316666666666654,0.6483500000000001,0.64925,-0.0008999999999999009
four_state_semimarkov,12,4,21533837,0.5839166666666666,0.5815833333333333,0.0023333333333332984,0.6493000000000001,0.65045,-0.0011499999999998733
four_state_semimarkov,12,5,21533837,0.5859166666666665,0.5834166666666666,0.0024999999999999467,0.6494,0.6509999999999999,-0.0015999999999999348
four_state_semimarkov,12,6,21533837,0.5855833333333332,0.5822499999999999,0.0033333333333332993,0.64885,0.6499000000000001,-0.0010500000000001064
four_state_semimarkov,12,7,21533837,0.5864999999999999,0.5826666666666666,0.0038333333333333552,0.64995,0.6505000000000001,-0.0005500000000000504
four_state_semimarkov,12,8,21533837,0.5834999999999999,0.5777499999999999,0.005750000000000033,0.64905,0.64935,-0.00029999999999996696
four_state_semimarkov,12,9,21533837,0.5851666666666665,0.5816666666666666,0.0034999999999999476,0.6491500000000001,0.65,-0.0008499999999999064
four_state_semimarkov,12,10,21533837,0.5844999999999999,0.5817499999999999,0.00275000000000003,0.6491,0.6507999999999999,-0.0016999999999999238
four_state_semimarkov,12,11,21533837,0.586,0.5829166666666665,0.003083333333333438,0.6491999999999999,0.65065,-0.0014500000000000624
four_state_semimarkov,12,12,21533837,0.5854999999999999,0.5827499999999999,0.00275000000000003,0.6485500000000001,0.64945,-0.0008999999999999009
four_state_semimarkov,12,13,21533837,0.5827499999999999,0.5814999999999999,0.0012499999999999734,0.6486500000000001,0.64995,-0.0012999999999999678
four_state_semimarkov,12,14,21533837,0.5855833333333333,0.5818333333333332,0.003750000000000142,0.6487999999999999,0.6498499999999998,-0.0010499999999998844
four_state_semimarkov,12,15,21533837,0.5869999999999999,0.5837499999999999,0.003249999999999975,0.6494,0.6500499999999999,-0.0006499999999999284
four_state_semimarkov,12,16,21533837,0.5848333333333332,0.5829999999999999,0.0018333333333333535,0.64935,0.6507,-0.0013499999999999623
four_state_semimarkov,12,17,21533837,0.5841666666666666,0.5811666666666666,0.0030000000000000027,0.6487,0.65,-0.0012999999999999678
four_state_semimarkov,12,18,21533837,0.5826666666666666,0.5804166666666666,0.0022499999999999742,0.6484000000000001,0.6492,-0.0007999999999999119
four_state_semimarkov,12,19,21533837,0.5842499999999999,0.5813333333333333,0.0029166666666666785,0.64865,0.64985,-0.0012000000000000899
four_state_semimarkov,13,0,21633840,0.5880833333333332,0.5863333333333333,0.0017499999999999183,0.6519499999999999,0.65095,0.0009999999999998899
four_state_semimarkov,13,1,21633840,0.5906666666666667,0.5876666666666666,0.0030000000000001137,0.65265,0.6511499999999999,0.0015000000000000568
four_state_semimarkov,13,2,21633840,0.5909166666666665,0.5885833333333332,0.0023333333333332984,0.65345,0.65195,0.0014999999999999458
four_state_semimarkov,13,3,21633840,0.5888333333333332,0.5869166666666665,0.0019166666666666776,0.6530000000000001,0.6522,0.0008000000000001339
four_state_semimarkov,13,4,21633840,0.5870833333333333,0.5849166666666666,0.00216666666666665,0.6518,0.65,0.0018000000000000238
four_state_semimarkov,13,5,21633840,0.5882499999999999,0.5845833333333332,0.003666666666666707,0.6536,0.65125,0.0023499999999999632
four_state_semimarkov,13,6,21633840,0.5883333333333333,0.5857499999999999,0.002583333333333382,0.6528499999999999,0.6518999999999999,0.0009500000000000064
four_state_semimarkov,13,7,21633840,0.5895833333333332,0.5869999999999999,0.002583333333333382,0.6528499999999999,0.6513,0.0015499999999999403
four_state_semimarkov,13,8,21633840,0.589,0.5875833333333332,0.0014166666666667327,0.6526,0.6519499999999999,0.0006500000000000394
four_state_semimarkov,13,9,21633840,0.5895833333333332,0.5854166666666666,0.004166666666666652,0.6526,0.6511499999999999,0.0014500000000000624
four_state_semimarkov,13,10,21633840,0.5880833333333332,0.5851666666666666,0.0029166666666665675,0.6526000000000001,0.6507999999999999,0.0018000000000001348
four_state_semimarkov,13,11,21633840,0.5909999999999999,0.5867499999999999,0.004249999999999976,0.6532499999999999,0.6509999999999999,0.0022499999999999742
four_state_semimarkov,13,12,21633840,0.5909166666666665,0.5874999999999999,0.0034166666666666234,0.652,0.6509999999999999,0.001000000000000112
four_state_semimarkov,13,13,21633840,0.5895833333333332,0.5869166666666665,0.002666666666666706,0.65265,0.652,0.0006499999999999284
four_state_semimarkov,13,14,21633840,0.58975,0.5869166666666666,0.0028333333333333544,0.65325,0.6514,0.0018500000000000183
four_state_semimarkov,13,15,21633840,0.5894999999999999,0.5874999999999999,0.0020000000000000018,0.6525,0.65145,0.0010499999999999954
four_state_semimarkov,13,16,21633840,0.5885833333333332,0.5857499999999999,0.0028333333333333544,0.6526,0.6507,0.0019000000000000128
four_state_semimarkov,13,17,21633840,0.5874166666666666,0.5850833333333333,0.0023333333333332984,0.6516500000000001,0.6507,0.0009500000000001174
four_state_semimarkov,13,18,21633840,0.5891666666666666,0.5879999999999999,0.0011666666666667602,0.6525,0.6515,0.0010000000000000009
four_state_semimarkov,13,19,21633840,0.5894999999999999,0.5878333333333332,0.0016666666666667052,0.6525,0.6511500000000001,0.0013499999999998513
four_state_semimarkov,14,0,21733843,0.5932499999999999,0.5853333333333333,0.007916666666666683,0.6468,0.6448999999999999,0.0019000000000001238
four_state_semimarkov,14,1,21733843,0.5931666666666666,0.5864166666666666,0.006750000000000034,0.64735,0.6456000000000001,0.0017499999999999183
four_state_semimarkov,14,2,21733843,0.5912499999999999,0.5845833333333332,0.00666666666666671,0.6466000000000001,0.6448,0.0018000000000000238
four_state_semimarkov,14,3,21733843,0.596,0.5898333333333332,0.006166666666666765,0.64775,0.6456999999999999,0.0020500000000001073
four_state_semimarkov,14,4,21733843,0.5938333333333332,0.5855833333333332,0.00824999999999998,0.64725,0.6457999999999999,0.0014500000000000624
four_state_semimarkov,14,5,21733843,0.5937499999999999,0.586,0.007749999999999924,0.64705,0.64555,0.0015000000000000568
four_state_semimarkov,14,6,21733843,0.5929166666666665,0.58475,0.008166666666666544,0.64805,0.64595,0.0020999999999999908
four_state_semimarkov,14,7,21733843,0.5945833333333332,0.5869166666666666,0.0076666666666665995,0.64715,0.64545,0.0017000000000000348
four_state_semimarkov,14,8,21733843,0.5935833333333332,0.5865833333333332,0.007000000000000006,0.64725,0.6450500000000001,0.0021999999999998687
four_state_semimarkov,14,9,21733843,0.5921666666666665,0.5854999999999999,0.006666666666666599,0.6469499999999999,0.6452500000000001,0.0016999999999998128
four_state_semimarkov,14,10,21733843,0.5934166666666666,0.5865833333333332,0.006833333333333358,0.64705,0.6453,0.0017500000000000293
four_state_semimarkov,14,11,21733843,0.5929166666666665,0.5859166666666665,0.007000000000000006,0.64715,0.6455000000000001,0.0016499999999999293
four_state_semimarkov,14,12,21733843,0.5944999999999999,0.5857499999999999,0.008750000000000036,0.6478499999999999,0.6453,0.002549999999999941
four_state_semimarkov,14,13,21733843,0.5930833333333332,0.5858333333333333,0.007249999999999868,0.6476999999999999,0.64585,0.0018499999999999073
four_state_semimarkov,14,14,21733843,0.5944999999999999,0.5874166666666666,0.00708333333333333,0.6478999999999999,0.6461000000000001,0.0017999999999998018
four_state_semimarkov,14,15,21733843,0.5911666666666666,0.5830833333333332,0.008083333333333442,0.6463499999999999,0.6446500000000001,0.0016999999999998128
four_state_semimarkov,14,16,21733843,0.5914166666666667,0.5829999999999999,0.00841666666666685,0.6467500000000002,0.6444500000000001,0.0023000000000000798
four_state_semimarkov,14,17,21733843,0.5924166666666666,0.5844999999999999,0.007916666666666683,0.6474500000000001,0.6458000000000002,0.0016499999999999293
four_state_semimarkov,14,18,21733843,0.5944166666666666,0.5870833333333333,0.007333333333333303,0.6474500000000001,0.64595,0.0015000000000000568
four_state_semimarkov,14,19,21733843,0.5958333333333333,0.5890833333333333,0.006750000000000034,0.64815,0.6463,0.0018500000000000183
four_state_semimarkov,15,0,21833846,0.5863333333333333,0.5896666666666666,-0.0033333333333332993,0.6547499999999999,0.6552500000000001,-0.000500000000000167
four_state_semimarkov,15,1,21833846,0.5859166666666665,0.5877499999999999,-0.0018333333333333535,0.6546500000000001,0.65445,0.000200000000000089
four_state_semimarkov,15,2,21833846,0.5855833333333332,0.5892499999999999,-0.003666666666666707,0.6543000000000001,0.6547499999999999,-0.0004499999999998394
four_state_semimarkov,15,3,21833846,0.5853333333333333,0.5888333333333332,-0.0034999999999999476,0.6539,0.6546,-0.0006999999999999229
four_state_semimarkov,15,4,21833846,0.5864166666666666,0.5886666666666666,-0.0022499999999999742,0.65535,0.6552500000000001,9.999999999987796e-05
four_state_semimarkov,15,5,21833846,0.5850833333333333,0.5876666666666666,-0.002583333333333271,0.6541499999999999,0.6542500000000001,-0.00010000000000021103
four_state_semimarkov,15,6,21833846,0.584,0.5879166666666665,-0.003916666666666568,0.6543000000000001,0.65455,-0.00024999999999986144
four_state_semimarkov,15,7,21833846,0.5834999999999999,0.5869999999999999,-0.0034999999999999476,0.6534,0.65365,-0.00024999999999997247
four_state_semimarkov,15,8,21833846,0.5872499999999999,0.5900833333333333,-0.0028333333333333544,0.65435,0.6544,-4.999999999999449e-05
four_state_semimarkov,15,9,21833846,0.5849166666666666,0.5876666666666666,-0.002749999999999919,0.6541,0.65455,-0.00044999999999995044
four_state_semimarkov,15,10,21833846,0.5849166666666666,0.5878333333333333,-0.0029166666666666785,0.6539499999999999,0.6539,4.999999999988347e-05
four_state_semimarkov,15,11,21833846,0.5859999999999999,0.5895833333333332,-0.0035833333333333828,0.6539,0.6546500000000001,-0.0007500000000000284
four_state_semimarkov,15,12,21833846,0.5844166666666666,0.5868333333333332,-0.0024166666666666226,0.6543000000000001,0.65435,-4.999999999988347e-05
four_state_semimarkov,15,13,21833846,0.5849166666666666,0.5876666666666666,-0.002749999999999919,0.6548999999999999,0.6542,0.0006999999999999229
four_state_semimarkov,15,14,21833846,0.5874999999999999,0.5904166666666666,-0.0029166666666666785,0.6553,0.6548,0.0004999999999999449
four_state_semimarkov,15,15,21833846,0.5854166666666666,0.5884999999999999,-0.003083333333333327,0.6547,0.6552500000000001,-0.0005500000000001615
four_state_semimarkov,15,16,21833846,0.58775,0.5909999999999999,-0.003249999999999864,0.65485,0.6557,-0.0008499999999999064
four_state_semimarkov,15,17,21833846,0.5854166666666666,0.5884166666666666,-0.0030000000000000027,0.6539499999999999,0.6547499999999999,-0.0008000000000000229
four_state_semimarkov,15,18,21833846,0.58475,0.5886666666666666,-0.003916666666666568,0.65435,0.6542500000000001,9.999999999987796e-05
four_state_semimarkov,15,19,21833846,0.58675,0.5900833333333333,-0.0033333333333332993,0.6546000000000001,0.6547499999999999,-0.00014999999999987246
four_state_semimarkov,16,0,21933849,0.5927499999999999,0.5940833333333333,-0.0013333333333334085,0.6554000000000001,0.65585,-0.00044999999999995044
four_state_semimarkov,16,1,21933849,0.5872499999999999,0.5889166666666665,-0.0016666666666665941,0.6544,0.6541999999999999,0.000200000000000089
four_state_semimarkov,16,2,21933849,0.5903333333333333,0.5913333333333333,-0.0010000000000000009,0.6544999999999999,0.6550499999999999,-0.0005500000000000504
four_state_semimarkov,16,3,21933849,0.5914999999999999,0.5925,-0.001000000000000112,0.6553,0.65535,-4.999999999999449e-05
four_state_semimarkov,16,4,21933849,0.5905833333333332,0.5928333333333332,-0.0022499999999999742,0.6546500000000001,0.6552500000000001,-0.0006000000000000449
four_state_semimarkov,16,5,21933849,0.5909166666666665,0.5909166666666666,-1.1102230246251565e-16,0.65435,0.65425,9.999999999998899e-05
four_state_semimarkov,16,6,21933849,0.5904166666666666,0.5909166666666665,-0.0004999999999999449,0.6552500000000001,0.6555,-0.00024999999999986144
four_state_semimarkov,16,7,21933849,0.5913333333333333,0.5931666666666666,-0.0018333333333333535,0.6546500000000001,0.6552000000000001,-0.0005500000000000504
four_state_semimarkov,16,8,21933849,0.5898333333333333,0.59075,-0.0009166666666666767,0.6544,0.6547499999999999,-0.00034999999999996145
four_state_semimarkov,16,9,21933849,0.5919166666666665,0.5932499999999998,-0.0013333333333332975,0.65495,0.6555,-0.0005499999999999394
four_state_semimarkov,16,10,21933849,0.5927499999999999,0.5941666666666666,-0.0014166666666667327,0.65535,0.6553,4.999999999999449e-05
four_state_semimarkov,16,11,21933849,0.5925833333333332,0.5935833333333332,-0.0010000000000000009,0.6558499999999999,0.65595,-0.00010000000000010001
four_state_semimarkov,16,12,21933849,0.58975,0.5910833333333332,-0.0013333333333331865,0.6541499999999999,0.6546500000000001,-0.000500000000000167
four_state_semimarkov,16,13,21933849,0.5925833333333332,0.5934166666666666,-0.0008333333333333526,0.65485,0.6550999999999999,-0.00024999999999986144
four_state_semimarkov,16,14,21933849,0.5909999999999999,0.5918333333333332,-0.0008333333333333526,0.6552500000000001,0.65565,-0.0003999999999998449
four_state_semimarkov,16,15,21933849,0.5919999999999999,0.5919166666666665,8.333333333332416e-05,0.655,0.6555500000000001,-0.0005500000000000504
four_state_semimarkov,16,16,21933849,0.5936666666666666,0.5933333333333333,0.0003333333333332966,0.6561,0.6558999999999999,0.000200000000000089
four_state_semimarkov,16,17,21933849,0.5893333333333333,0.5904999999999999,-0.0011666666666666492,0.65455,0.6552500000000001,-0.000700000000000145
four_state_semimarkov,16,18,21933849,0.5897499999999999,0.5913333333333333,-0.001583333333333381,0.6546500000000001,0.65495,-0.00029999999999996696
four_state_semimarkov,16,19,21933849,0.5914999999999999,0.5926666666666666,-0.0011666666666666492,0.6547999999999999,0.6553999999999999,-0.0005999999999999339
four_state_semimarkov,17,0,22033852,0.5941666666666666,0.5901666666666666,0.0040000000000000036,0.6555500000000001,0.6548,0.0007500000000000284
four_state_semimarkov,17,1,22033852,0.5947499999999999,0.5914999999999999,0.003249999999999975,0.6537000000000001,0.6536500000000001,4.999999999999449e-05
four_state_semimarkov,17,2,22033852,0.59525,0.5907499999999999,0.0045000000000000595,0.65515,0.654,0.0011499999999999844
four_state_semimarkov,17,3,22033852,0.5981666666666665,0.5935833333333332,0.004583333333333273,0.6559999999999999,0.6543000000000001,0.0016999999999998128
four_state_semimarkov,17,4,22033852,0.5951666666666666,0.5902499999999999,0.00491666666666668,0.65435,0.6535499999999999,0.0008000000000001339
four_state_semimarkov,17,5,22033852,0.5941666666666666,0.5902499999999999,0.003916666666666679,0.6541,0.6539,0.00019999999999997797
four_state_semimarkov,17,6,22033852,0.5951666666666666,0.5903333333333332,0.004833333333333467,0.65495,0.65435,0.0006000000000000449
four_state_semimarkov,17,7,22033852,0.5944166666666666,0.5913333333333333,0.003083333333333327,0.65545,0.655,0.00044999999999995044
four_state_semimarkov,17,8,22033852,0.5974999999999999,0.5920833333333332,0.005416666666666736,0.6561,0.655,0.0010999999999999899
four_state_semimarkov,17,9,22033852,0.5957499999999999,0.5895833333333332,0.006166666666666654,0.6552,0.65455,0.0006500000000000394
four_state_semimarkov,17,10,22033852,0.5975833333333332,0.5935833333333332,0.0040000000000000036,0.65535,0.6553,4.999999999999449e-05
four_state_semimarkov,17,11,22033852,0.5944999999999999,0.5908333333333333,0.003666666666666596,0.65535,0.6551,0.00024999999999997247
four_state_semimarkov,17,12,22033852,0.5974999999999998,0.5930833333333332,0.004416666666666624,0.65595,0.6544,0.0015500000000000513
four_state_semimarkov,17,13,22033852,0.5946666666666666,0.5900833333333333,0.004583333333333273,0.6548500000000002,0.6536,0.0012500000000001954
four_state_semimarkov,17,14,22033852,0.5951666666666666,0.5900833333333333,0.005083333333333329,0.6553,0.65475,0.0005499999999999394
four_state_semimarkov,17,15,22033852,0.5954166666666666,0.5903333333333332,0.00508333333333344,0.65535,0.65445,0.0009000000000000119
four_state_semimarkov,17,16,22033852,0.596,0.5907499999999999,0.005250000000000088,0.6548999999999999,0.65405,0.0008499999999999064
four_state_semimarkov,17,17,22033852,0.5927499999999999,0.5888333333333332,0.003916666666666679,0.65445,0.6538499999999999,0.0006000000000000449
four_state_semimarkov,17,18,22033852,0.59425,0.5906666666666666,0.0035833333333333828,0.6548,0.65425,0.0005500000000000504
four_state_semimarkov,17,19,22033852,0.5951666666666665,0.5905833333333332,0.004583333333333273,0.65555,0.6543000000000001,0.0012499999999998623
four_state_semimarkov,18,0,22133855,0.5842499999999999,0.5820833333333332,0.002166666666666761,0.6555,0.6547999999999999,0.0007000000000000339
four_state_semimarkov,18,1,22133855,0.5846666666666666,0.5831666666666666,0.0014999999999999458,0.6557,0.6559,-0.000200000000000089
four_state_semimarkov,18,2,22133855,0.584,0.5819166666666665,0.002083333333333437,0.6560499999999999,0.6557499999999998,0.000300000000000078
four_state_semimarkov,18,3,22133855,0.5848333333333332,0.5830833333333332,0.0017500000000000293,0.6561500000000001,0.6552499999999999,0.000900000000000234
four_state_semimarkov,18,4,22133855,0.5845833333333331,0.5842499999999999,0.0003333333333331856,0.6561000000000001,0.6563,-0.00019999999999986695
four_state_semimarkov,18,5,22133855,0.5841666666666666,0.5830833333333332,0.001083333333333436,0.65515,0.65495,0.00019999999999997797
four_state_semimarkov,18,6,22133855,0.5842499999999998,0.5815833333333332,0.002666666666666595,0.65605,0.65495,0.0010999999999999899
four_state_semimarkov,18,7,22133855,0.5844166666666666,0.5833333333333333,0.001083333333333325,0.6555,0.6557999999999999,-0.00029999999999996696
four_state_semimarkov,18,8,22133855,0.5820833333333333,0.5793333333333333,0.00275000000000003,0.6552500000000001,0.65435,0.0009000000000001229
four_state_semimarkov,18,9,22133855,0.5843333333333333,0.5824166666666666,0.0019166666666666776,0.6562,0.65515,0.0010499999999999954
four_state_semimarkov,18,10,22133855,0.5837499999999999,0.5821666666666665,0.001583333333333381,0.65545,0.655,0.00044999999999995044
four_state_semimarkov,18,11,22133855,0.5819999999999999,0.5807499999999999,0.0012499999999999734,0.6556000000000001,0.6551,0.000500000000000056
four_state_semimarkov,18,12,22133855,0.58175,0.5806666666666667,0.001083333333333325,0.65495,0.6547499999999999,0.000200000000000089
four_state_semimarkov,18,13,22133855,0.5819166666666665,0.5802499999999999,0.0016666666666665941,0.65515,0.6550999999999999,5.0000000000105516e-05
four_state_semimarkov,18,14,22133855,0.5819999999999999,0.58125,0.0007499999999998064,0.65425,0.6547,-0.00044999999999995044
four_state_semimarkov,18,15,22133855,0.5856666666666666,0.5837499999999999,0.0019166666666666776,0.6561499999999999,0.65575,0.0003999999999998449
four_state_semimarkov,18,16,22133855,0.5831666666666666,0.5816666666666666,0.0015000000000000568,0.6559,0.65515,0.0007500000000000284
four_state_semimarkov,18,17,22133855,0.5846666666666666,0.5831666666666666,0.0014999999999999458,0.6550999999999999,0.6552000000000001,-0.00010000000000021103
four_state_semimarkov,18,18,22133855,0.5834999999999999,0.5805833333333332,0.0029166666666666785,0.6553,0.6537999999999999,0.0015000000000000568
four_state_semimarkov,18,19,22133855,0.5825833333333332,0.5815833333333331,0.001000000000000112,0.6537999999999999,0.6537999999999999,0.0
four_state_semimarkov,19,0,22233858,0.5883333333333333,0.5858333333333333,0.0024999999999999467,0.6537999999999999,0.65315,0.0006499999999999284
four_state_semimarkov,19,1,22233858,0.5882499999999999,0.5857499999999999,0.0025000000000000577,0.6535499999999999,0.6541999999999999,-0.0006500000000000394
four_state_semimarkov,19,2,22233858,0.5886666666666666,0.5859166666666666,0.002749999999999919,0.65345,0.6531999999999999,0.0002500000000000835
four_state_semimarkov,19,3,22233858,0.5859166666666665,0.5834166666666666,0.0024999999999999467,0.6530000000000001,0.6531999999999999,-0.00019999999999975593
four_state_semimarkov,19,4,22233858,0.5874999999999999,0.5846666666666667,0.0028333333333332433,0.6519499999999999,0.6524,-0.00045000000000006146
four_state_semimarkov,19,5,22233858,0.5866666666666666,0.5844166666666666,0.0022499999999999742,0.6530000000000001,0.6529500000000001,4.999999999999449e-05
four_state_semimarkov,19,6,22233858,0.5868333333333332,0.5843333333333333,0.0024999999999999467,0.6523499999999999,0.6526,-0.0002500000000000835
four_state_semimarkov,19,7,22233858,0.5894166666666666,0.5854999999999999,0.003916666666666679,0.6528499999999999,0.65235,0.0004999999999999449
four_state_semimarkov,19,8,22233858,0.5882499999999999,0.5855833333333332,0.002666666666666706,0.6528,0.6523,0.000500000000000056
four_state_semimarkov,19,9,22233858,0.5864999999999999,0.5840833333333333,0.0024166666666666226,0.6534,0.6536000000000002,-0.00020000000000020002
four_state_semimarkov,19,10,22233858,0.5884999999999999,0.5854999999999999,0.0030000000000000027,0.653,0.65345,-0.00044999999999995044
four_state_semimarkov,19,11,22233858,0.5892499999999999,0.5863333333333332,0.0029166666666667895,0.6533500000000001,0.6534,-4.999999999988347e-05
four_state_semimarkov,19,12,22233858,0.5884999999999999,0.5864166666666666,0.002083333333333326,0.65275,0.6528999999999999,-0.00014999999999987246
four_state_semimarkov,19,13,22233858,0.5884166666666666,0.5858333333333333,0.002583333333333271,0.65405,0.6533,0.0007500000000000284
four_state_semimarkov,19,14,22233858,0.5874166666666666,0.5855833333333332,0.0018333333333333535,0.6537000000000001,0.65415,-0.00044999999999995044
four_state_semimarkov,19,15,22233858,0.5879166666666665,0.58475,0.00316666666666654,0.6536,0.6528999999999999,0.0007000000000000339
four_state_semimarkov,19,16,22233858,0.5863333333333333,0.5831666666666666,0.003166666666666651,0.65165,0.65165,0.0
four_state_semimarkov,19,17,22233858,0.5880833333333332,0.5854166666666666,0.002666666666666595,0.6534,0.6536,-0.00019999999999997797
four_state_semimarkov,19,18,22233858,0.5902499999999999,0.5891666666666666,0.001083333333333325,0.6542,0.65455,-0.00034999999999996145
four_state_semimarkov,19,19,22233858,0.5881666666666666,0.5857499999999999,0.0024166666666667336,0.6528,0.653,-0.00019999999999997797
