analysis_mode,parameter_draw,world_model,policy,simulated_benefit_draw_mean,within_draw_mc_sd,n_mc_replicates,n_orders,within_draw_mc_se
frozen_policy,0,binary_bktf,balanced_mastery,0.010083333333333331,0.004639055219905593,3,5,0.002678359779998033
frozen_policy,0,binary_bktf,blocked_median_item,0.0,0.0,3,5,0.0
frozen_policy,0,binary_bktf,interleaved_median_item,-0.005000000000000003,0.0028831406486676983,3,5,0.001664582029619848
frozen_policy,0,binary_bktf,least_mastery_target_item,0.0030833333333333325,0.0014215601757693306,3,5,0.0008207381501496748
frozen_policy,0,binary_bktf,maximum_response_information_gain,0.013666666666666666,0.008610797485328135,3,5,0.004971446246091552
frozen_policy,0,binary_bktf,maximum_skill_uncertainty,0.005166666666666664,0.004404070087241269,3,5,0.0025426910503987257
frozen_policy,0,binary_bktf,target_success_070,-0.005000000000000001,0.006309714732061979,3,5,0.003642915499065731
frozen_policy,0,binary_bktf,two_corner_robust_response_information_gain,0.015583333333333331,0.004418238713937184,3,5,0.0025508713108356594
frozen_policy,0,continuous_latent_trait,balanced_mastery,-0.005493193808386354,0.0005418480883369645,3,5,0.0003128361396612306
frozen_policy,0,continuous_latent_trait,blocked_median_item,0.0,0.0,3,5,0.0
frozen_policy,0,continuous_latent_trait,interleaved_median_item,0.00014790381149098835,7.484851046793929e-06,3,5,4.321380766710727e-06
frozen_policy,0,continuous_latent_trait,least_mastery_target_item,-0.01237192642973565,0.0004893928386481567,3,5,0.0002825510871329884
frozen_policy,0,continuous_latent_trait,maximum_response_information_gain,0.0019228510715794684,0.0002497357000525921,3,5,0.00014418497365162368
frozen_policy,0,continuous_latent_trait,maximum_skill_uncertainty,-6.33336817628375e-05,0.0006017424729184793,3,5,0.00034741617872231513
frozen_policy,0,continuous_latent_trait,target_success_070,0.00045826859569904436,0.000360867360423465,3,5,0.00020834686768223724
frozen_policy,0,continuous_latent_trait,two_corner_robust_response_information_gain,0.0018120524858404423,0.00011715721427685028,3,5,6.764074920024618e-05
frozen_policy,0,four_state_semimarkov,balanced_mastery,0.0010555555555555496,0.004019339820491992,3,5,0.002320566927325634
frozen_policy,0,four_state_semimarkov,blocked_median_item,0.0,0.0,3,5,0.0
frozen_policy,0,four_state_semimarkov,interleaved_median_item,0.0009166666666666643,0.003836049762161298,3,5,0.0022147443628086254
frozen_policy,0,four_state_semimarkov,least_mastery_target_item,-0.004166666666666662,0.00248467525264593,3,5,0.0014345279259639293
frozen_policy,0,four_state_semimarkov,maximum_response_information_gain,0.008388888888888885,0.0018751543146375187,3,5,0.0010826208483280598
frozen_policy,0,four_state_semimarkov,maximum_skill_uncertainty,0.005222222222222218,0.0023338293123661017,3,5,0.001347436981737208
frozen_policy,0,four_state_semimarkov,target_success_070,0.002666666666666668,0.0020733092174374506,3,5,0.0011970256348008445
frozen_policy,0,four_state_semimarkov,two_corner_robust_response_information_gain,0.008416666666666663,0.0038631089954997517,3,5,0.0022303670184606467
frozen_policy,1,binary_bktf,balanced_mastery,0.007250000000000002,0.0032499999999999977,3,5,0.0018763883748662824
frozen_policy,1,binary_bktf,blocked_median_item,0.0,0.0,3,5,0.0
frozen_policy,1,binary_bktf,interleaved_median_item,-0.00083333333333333,0.006001735860010277,3,5,0.0034651038143819635
frozen_policy,1,binary_bktf,least_mastery_target_item,0.003750000000000002,0.0013228756555322954,3,5,0.0007637626158259734
frozen_policy,1,binary_bktf,maximum_response_information_gain,0.011833333333333335,0.004692636075100359,3,5,0.0027092947011681415
frozen_policy,1,binary_bktf,maximum_skill_uncertainty,0.008166666666666668,0.0030034702151566827,3,5,0.001734054337223734
frozen_policy,1,binary_bktf,target_success_070,-0.001499999999999999,0.0013919410907075051,3,5,0.0008036375634160795
frozen_policy,1,binary_bktf,two_corner_robust_response_information_gain,0.014666666666666668,0.0015877132402714702,3,5,0.0009166666666666663
frozen_policy,1,continuous_latent_trait,balanced_mastery,-0.006179850997956826,0.00022646121144794315,3,5,0.00013074744139047873
frozen_policy,1,continuous_latent_trait,blocked_median_item,0.0,0.0,3,5,0.0
frozen_policy,1,continuous_latent_trait,interleaved_median_item,0.000154917676805623,5.949136157166009e-06,3,5,3.4347353617855313e-06
frozen_policy,1,continuous_latent_trait,least_mastery_target_item,-0.012031171738308075,0.0004433063473177097,3,5,0.00025594303895734946
frozen_policy,1,continuous_latent_trait,maximum_response_information_gain,-0.00023978852170996015,0.00023532732953820897,3,5,0.00013586629705656072
frozen_policy,1,continuous_latent_trait,maximum_skill_uncertainty,-0.0010675135650436453,0.00041603525125627277,3,5,0.00024019806430518269
frozen_policy,1,continuous_latent_trait,target_success_070,-0.0015772276054889995,0.0005694183754437384,3,5,0.0003287538523439618
frozen_policy,1,continuous_latent_trait,two_corner_robust_response_information_gain,7.661559236123818e-05,0.00010578372056923114,3,5,6.107425954652576e-05
frozen_policy,1,four_state_semimarkov,balanced_mastery,-0.0008611111111111102,0.003125092591220887,3,5,0.0018042730487838842
frozen_policy,1,four_state_semimarkov,blocked_median_item,0.0,0.0,3,5,0.0
frozen_policy,1,four_state_semimarkov,interleaved_median_item,-0.0013888888888888872,0.00250601129139367,3,5,0.001446846293678377
frozen_policy,1,four_state_semimarkov,least_mastery_target_item,-0.00580555555555555,0.0030015428131644636,3,5,0.0017329415511646896
frozen_policy,1,four_state_semimarkov,maximum_response_information_gain,0.004416666666666669,0.0006666666666666662,3,5,0.00038490017945975026
frozen_policy,1,four_state_semimarkov,maximum_skill_uncertainty,0.0010277777777777815,0.0003154949081000184,3,5,0.00018215107011950186
frozen_policy,1,four_state_semimarkov,target_success_070,-0.0026111111111111075,0.0022978452064037268,3,5,0.0013266615484732829
frozen_policy,1,four_state_semimarkov,two_corner_robust_response_information_gain,0.0017777777777777746,0.0031692241134828954,3,5,0.0018297523950416028
frozen_policy,2,binary_bktf,balanced_mastery,0.019916666666666662,0.006501602366596509,3,5,0.0037537018765184025
frozen_policy,2,binary_bktf,blocked_median_item,0.0,0.0,3,5,0.0
frozen_policy,2,binary_bktf,interleaved_median_item,0.003166666666666668,0.005257930518115787,3,5,0.0030356676000144983
frozen_policy,2,binary_bktf,least_mastery_target_item,0.011499999999999998,0.0026100766272276377,3,5,0.0015069284433354272
frozen_policy,2,binary_bktf,maximum_response_information_gain,0.013666666666666667,0.004875534158770026,3,5,0.00281489095900909
frozen_policy,2,binary_bktf,maximum_skill_uncertainty,0.008833333333333334,0.005131601439446881,3,5,0.002962731472438528
frozen_policy,2,binary_bktf,target_success_070,0.0028333333333333314,0.0032242570203588504,3,5,0.001861525658640723
frozen_policy,2,binary_bktf,two_corner_robust_response_information_gain,0.013333333333333336,0.0021554195260629254,3,5,0.0012444320435890056
frozen_policy,2,continuous_latent_trait,balanced_mastery,-0.0016901657165121573,0.00018601832666059469,3,5,0.00010739773097169809
frozen_policy,2,continuous_latent_trait,blocked_median_item,0.0,0.0,3,5,0.0
frozen_policy,2,continuous_latent_trait,interleaved_median_item,0.00016241413648823125,1.9195608415279713e-06,3,5,1.1082589685820388e-06
frozen_policy,2,continuous_latent_trait,least_mastery_target_item,-0.007898446221732967,0.0005251651265481391,3,5,0.000303204227181572
frozen_policy,2,continuous_latent_trait,maximum_response_information_gain,0.002668585956472977,0.0004996041508677841,3,5,0.0002884465909917696
frozen_policy,2,continuous_latent_trait,maximum_skill_uncertainty,-0.00010126679390224157,0.0003122221039268674,3,5,0.00018026151574912822
frozen_policy,2,continuous_latent_trait,target_success_070,-0.0005554895506096409,0.000278377708348522,3,5,0.0001607214448514103
frozen_policy,2,continuous_latent_trait,two_corner_robust_response_information_gain,0.0027029772567339996,0.0002444859912582877,3,5,0.0001411540528660649
frozen_policy,2,four_state_semimarkov,balanced_mastery,0.004527777777777775,0.0019883922409081357,3,5,0.0011479987955428754
frozen_policy,2,four_state_semimarkov,blocked_median_item,0.0,0.0,3,5,0.0
frozen_policy,2,four_state_semimarkov,interleaved_median_item,-0.0011111111111111107,0.0016859989894992778,3,5,0.0009734119704408452
frozen_policy,2,four_state_semimarkov,least_mastery_target_item,0.00047222222222222473,0.0010875984416917667,3,5,0.0006279252530809591
frozen_policy,2,four_state_semimarkov,maximum_response_information_gain,0.005972222222222222,0.002447126054359664,3,5,0.0014128488862254988
frozen_policy,2,four_state_semimarkov,maximum_skill_uncertainty,0.0034166666666666664,0.0017340543372237338,3,5,0.0010011567383855608
frozen_policy,2,four_state_semimarkov,target_success_070,-0.001194444444444447,0.0006684005230842199,3,5,0.00038590122192916105
frozen_policy,2,four_state_semimarkov,two_corner_robust_response_information_gain,0.006611111111111108,0.0010551899951790282,3,5,0.0006092142277628118
frozen_policy,3,binary_bktf,balanced_mastery,0.004999999999999998,0.001000000000000001,3,5,0.0005773502691896264
frozen_policy,3,binary_bktf,blocked_median_item,0.0,0.0,3,5,0.0
frozen_policy,3,binary_bktf,interleaved_median_item,0.0015000000000000007,0.005105144464165535,3,5,0.0029474565306378993
frozen_policy,3,binary_bktf,least_mastery_target_item,0.0010833333333333328,0.004481443219916251,3,5,0.002587362449376671
frozen_policy,3,binary_bktf,maximum_response_information_gain,0.014250000000000004,0.0026457513110645877,3,5,0.001527525231651945
frozen_policy,3,binary_bktf,maximum_skill_uncertainty,0.0033333333333333353,0.005928392137277471,3,5,0.0034227587963188088
frozen_policy,3,binary_bktf,target_success_070,-0.0023333333333333344,0.003165569985537095,3,5,0.0018276426832884417
frozen_policy,3,binary_bktf,two_corner_robust_response_information_gain,0.016916666666666667,0.006658328118479391,3,5,0.003844187531556931
frozen_policy,3,continuous_latent_trait,balanced_mastery,-0.006378996370500077,0.000526399671739447,3,5,0.0003039169921801004
frozen_policy,3,continuous_latent_trait,blocked_median_item,0.0,0.0,3,5,0.0
frozen_policy,3,continuous_latent_trait,interleaved_median_item,0.00016538991144776348,1.80205835664474e-06,3,5,1.0404188773042553e-06
frozen_policy,3,continuous_latent_trait,least_mastery_target_item,-0.01347672282736017,0.00014299296351314475,3,5,8.255702597653646e-05
frozen_policy,3,continuous_latent_trait,maximum_response_information_gain,0.002003965625991922,0.00029701495537811826,3,5,0.00017148166444090127
frozen_policy,3,continuous_latent_trait,maximum_skill_uncertainty,-0.0005240609136516365,0.000280331966144708,3,5,0.00016184973611610423
frozen_policy,3,continuous_latent_trait,target_success_070,4.280309282980493e-05,7.874551450593337e-05,3,5,4.546374399747622e-05
frozen_policy,3,continuous_latent_trait,two_corner_robust_response_information_gain,0.0024579135241612976,0.00048083938775854223,3,5,0.00027761274995936923
frozen_policy,3,four_state_semimarkov,balanced_mastery,-0.0014999999999999994,0.001040832999733062,3,5,0.000600925212577329
frozen_policy,3,four_state_semimarkov,blocked_median_item,0.0,0.0,3,5,0.0
frozen_policy,3,four_state_semimarkov,interleaved_median_item,0.0008333333333333339,0.00038188130791298746,3,5,0.00022047927592204968
frozen_policy,3,four_state_semimarkov,least_mastery_target_item,-0.007888888888888885,0.0018358568490953677,3,5,0.0010599324460188288
frozen_policy,3,four_state_semimarkov,maximum_response_information_gain,0.005999999999999996,0.0013768926368215256,3,5,0.0007949493345141215
frozen_policy,3,four_state_semimarkov,maximum_skill_uncertainty,0.0010000000000000024,0.0007264831572567784,3,5,0.0004194352464039303
frozen_policy,3,four_state_semimarkov,target_success_070,0.0028333333333333357,0.0013768926368215263,3,5,0.0007949493345141219
frozen_policy,3,four_state_semimarkov,two_corner_robust_response_information_gain,0.007166666666666662,0.004282555052509863,3,5,0.0024725343123859615
frozen_policy,4,binary_bktf,balanced_mastery,0.009416666666666663,0.00692068156566485,3,5,0.0039956573649122815
frozen_policy,4,binary_bktf,blocked_median_item,0.0,0.0,3,5,0.0
frozen_policy,4,binary_bktf,interleaved_median_item,-0.0034999999999999975,0.0017499999999999983,3,5,0.0010103629710818442
frozen_policy,4,binary_bktf,least_mastery_target_item,0.007333333333333331,0.006625393070100318,3,5,0.0038251724725095
frozen_policy,4,binary_bktf,maximum_response_information_gain,0.013833333333333335,0.005064171534746166,3,5,0.0029238007988081393
frozen_policy,4,binary_bktf,maximum_skill_uncertainty,0.006249999999999999,0.009086390922693123,3,5,0.005246030245179047
frozen_policy,4,binary_bktf,target_success_070,0.0018333333333333346,0.004049176871085445,3,5,0.0023377933565175884
frozen_policy,4,binary_bktf,two_corner_robust_response_information_gain,0.015749999999999997,0.008649421946003094,3,5,0.004993746088859543
frozen_policy,4,continuous_latent_trait,balanced_mastery,-0.003756153561704372,0.0006578887786996111,3,5,0.00037983226347905463
frozen_policy,4,continuous_latent_trait,blocked_median_item,0.0,0.0,3,5,0.0
frozen_policy,4,continuous_latent_trait,interleaved_median_item,0.00017144393672942,3.368615606287125e-06,3,5,1.944871127086246e-06
frozen_policy,4,continuous_latent_trait,least_mastery_target_item,-0.01235347399524285,9.581213499019937e-05,3,5,5.531716192822437e-05
frozen_policy,4,continuous_latent_trait,maximum_response_information_gain,0.0013881770633916756,0.00017331489167995843,3,5,0.00010006339936599483
frozen_policy,4,continuous_latent_trait,maximum_skill_uncertainty,0.00037116860131440247,0.0001353100215867836,3,5,7.81212773871836e-05
frozen_policy,4,continuous_latent_trait,target_success_070,-2.5456944150273515e-05,0.0004548994949275017,3,5,0.0002626363458506179
frozen_policy,4,continuous_latent_trait,two_corner_robust_response_information_gain,0.0021025392066405936,0.00037305149429349687,3,5,0.00021538138065194256
frozen_policy,4,four_state_semimarkov,balanced_mastery,-0.0010000000000000002,0.0008207381501496698,3,5,0.0004738533919231074
frozen_policy,4,four_state_semimarkov,blocked_median_item,0.0,0.0,3,5,0.0
frozen_policy,4,four_state_semimarkov,interleaved_median_item,-0.0014166666666666705,0.0015275252316519392,3,5,0.0008819171036881927
frozen_policy,4,four_state_semimarkov,least_mastery_target_item,-0.006416666666666663,0.003742585262147601,3,5,0.002160782608566044
frozen_policy,4,four_state_semimarkov,maximum_response_information_gain,0.004666666666666665,0.0012018504251546617,3,5,0.0006938886664887101
frozen_policy,4,four_state_semimarkov,maximum_skill_uncertainty,0.00180555555555555,0.0036717136981907327,3,5,0.002119864892037656
frozen_policy,4,four_state_semimarkov,target_success_070,-0.0031944444444444464,0.0018751543146375241,3,5,0.0010826208483280628
frozen_policy,4,four_state_semimarkov,two_corner_robust_response_information_gain,0.0050833333333333295,0.002376096238230538,3,5,0.0013718398027628583
frozen_policy,5,binary_bktf,balanced_mastery,0.013916666666666666,0.005886071128803434,3,5,0.003398324750683947
frozen_policy,5,binary_bktf,blocked_median_item,0.0,0.0,3,5,0.0
frozen_policy,5,binary_bktf,interleaved_median_item,0.0027499999999999977,0.004264680527307998,3,5,0.0024622144504490282
frozen_policy,5,binary_bktf,least_mastery_target_item,0.01675,0.0030720514318611316,3,5,0.0017736497211493997
frozen_policy,5,binary_bktf,maximum_response_information_gain,0.019499999999999997,0.003881043674065006,3,5,0.0022407216099581254
frozen_policy,5,binary_bktf,maximum_skill_uncertainty,0.013583333333333334,0.009553576991542663,3,5,0.005515760247790972
frozen_policy,5,binary_bktf,target_success_070,0.004833333333333332,0.0036855573979159995,3,5,0.002127857555800619
frozen_policy,5,binary_bktf,two_corner_robust_response_information_gain,0.01975,0.005634713834792325,3,5,0.0032532035493238578
frozen_policy,5,continuous_latent_trait,balanced_mastery,-0.0016020827809435582,0.0003483204249027152,3,5,0.00020110289108182748
frozen_policy,5,continuous_latent_trait,blocked_median_item,0.0,0.0,3,5,0.0
frozen_policy,5,continuous_latent_trait,interleaved_median_item,0.00016693979218937124,4.852404549872198e-06,3,5,2.8015370730856785e-06
frozen_policy,5,continuous_latent_trait,least_mastery_target_item,-0.0048680832009512,0.00045668428732465464,3,5,0.0002636667962215618
frozen_policy,5,continuous_latent_trait,maximum_response_information_gain,0.0012581161562467303,0.0003531474400878618,3,5,0.00020388976959835427
frozen_policy,5,continuous_latent_trait,maximum_skill_uncertainty,-0.00025539955013507217,0.0005218488690489165,3,5,0.00030128958502169374
frozen_policy,5,continuous_latent_trait,target_success_070,0.0012618246018598071,0.0005387886742611194,3,5,0.0003110697861209789
frozen_policy,5,continuous_latent_trait,two_corner_robust_response_information_gain,0.0014675725659476213,0.0005241914776961417,3,5,0.0003026420907547751
frozen_policy,5,four_state_semimarkov,balanced_mastery,0.005916666666666665,0.0009464847243000394,3,5,0.0005464532103584965
frozen_policy,5,four_state_semimarkov,blocked_median_item,0.0,0.0,3,5,0.0
frozen_policy,5,four_state_semimarkov,interleaved_median_item,-8.333333333333305e-05,0.002063236400523327,3,5,0.0011912100912439775
frozen_policy,5,four_state_semimarkov,least_mastery_target_item,0.0049722222222222225,0.002335316617442643,3,5,0.0013482956777235164
frozen_policy,5,four_state_semimarkov,maximum_response_information_gain,0.007388888888888886,0.0007184731753543094,3,5,0.0004148106811963357
frozen_policy,5,four_state_semimarkov,maximum_skill_uncertainty,0.0048333333333333275,0.0023109041039770135,3,5,0.0013342011065025398
frozen_policy,5,four_state_semimarkov,target_success_070,0.0015277777777777748,0.0024286103327104906,3,5,0.0014021588293471085
frozen_policy,5,four_state_semimarkov,two_corner_robust_response_information_gain,0.005527777777777771,0.0018282758524338113,3,5,0.0010555555555555535
frozen_policy,6,binary_bktf,balanced_mastery,0.010166666666666668,0.0027876214472796206,3,5,0.0016094339929856633
frozen_policy,6,binary_bktf,blocked_median_item,0.0,0.0,3,5,0.0
frozen_policy,6,binary_bktf,interleaved_median_item,0.005666666666666667,0.002402255884233266,3,5,0.0013869430814244387
frozen_policy,6,binary_bktf,least_mastery_target_item,0.0005000000000000012,0.002136000936329381,3,5,0.001233220715579061
frozen_policy,6,binary_bktf,maximum_response_information_gain,0.013499999999999998,0.0027838821814150103,3,5,0.001607275126832159
frozen_policy,6,binary_bktf,maximum_skill_uncertainty,0.008083333333333333,0.005778912815861935,3,5,0.0033364568698612666
frozen_policy,6,binary_bktf,target_success_070,0.002750000000000002,0.0028831406486676974,3,5,0.0016645820296198475
frozen_policy,6,binary_bktf,two_corner_robust_response_information_gain,0.016833333333333336,0.00621154838452807,3,5,0.0035862391318916666
frozen_policy,6,continuous_latent_trait,balanced_mastery,-0.006317067585022731,0.00039619068424045747,3,5,0.00022874079819665014
frozen_policy,6,continuous_latent_trait,blocked_median_item,0.0,0.0,3,5,0.0
frozen_policy,6,continuous_latent_trait,interleaved_median_item,0.00014634658408807012,4.4926320277934854e-06,3,5,2.593822310616503e-06
frozen_policy,6,continuous_latent_trait,least_mastery_target_item,-0.014182500534636483,0.0007137444675023009,3,5,0.0004120805604450595
frozen_policy,6,continuous_latent_trait,maximum_response_information_gain,0.0015015106295498545,0.00012201463280647896,3,5,7.044518109589397e-05
frozen_policy,6,continuous_latent_trait,maximum_skill_uncertainty,3.9134328616114235e-05,0.0005182100550180457,3,5,0.0002991887147614395
frozen_policy,6,continuous_latent_trait,target_success_070,0.001293853753369239,0.00019206053339441493,3,5,0.00011088620065596857
frozen_policy,6,continuous_latent_trait,two_corner_robust_response_information_gain,0.001817097054411996,0.000522844494198594,3,5,0.000301864409469872
frozen_policy,6,four_state_semimarkov,balanced_mastery,-0.0007222222222222271,0.0029182535365700627,3,5,0.0016848544649023032
frozen_policy,6,four_state_semimarkov,blocked_median_item,0.0,0.0,3,5,0.0
frozen_policy,6,four_state_semimarkov,interleaved_median_item,-0.0023055555555555603,0.0010551899951790327,3,5,0.0006092142277628145
frozen_policy,6,four_state_semimarkov,least_mastery_target_item,-0.008527777777777778,0.0011097213530798968,3,5,0.0006406979219261542
frozen_policy,6,four_state_semimarkov,maximum_response_information_gain,0.00652777777777777,0.001275662500356119,3,5,0.0007365040879757165
frozen_policy,6,four_state_semimarkov,maximum_skill_uncertainty,0.002972222222222216,0.002245881003410789,3,5,0.0012966600018870858
frozen_policy,6,four_state_semimarkov,target_success_070,-0.0006666666666666675,0.0024423918149588044,3,5,0.0014101155718330043
frozen_policy,6,four_state_semimarkov,two_corner_robust_response_information_gain,0.005222222222222209,0.0014961370010550268,3,5,0.0008637951003036792
frozen_policy,7,binary_bktf,balanced_mastery,0.009583333333333333,0.007010408927682707,3,5,0.004047461481526966
frozen_policy,7,binary_bktf,blocked_median_item,0.0,0.0,3,5,0.0
frozen_policy,7,binary_bktf,interleaved_median_item,0.003166666666666668,0.006625393070100323,3,5,0.003825172472509503
frozen_policy,7,binary_bktf,least_mastery_target_item,0.006249999999999999,0.007798236980241113,3,5,0.004502314219746701
frozen_policy,7,binary_bktf,maximum_response_information_gain,0.015416666666666667,0.0012829003598617196,3,5,0.0007406828681096316
frozen_policy,7,binary_bktf,maximum_skill_uncertainty,0.010916666666666667,0.0031457643480294825,3,5,0.0018162078931419495
frozen_policy,7,binary_bktf,target_success_070,0.0008333333333333335,0.007054844671098958,3,5,0.004073116469949981
frozen_policy,7,binary_bktf,two_corner_robust_response_information_gain,0.014833333333333332,0.002466441431158125,3,5,0.0014240006242195893
frozen_policy,7,continuous_latent_trait,balanced_mastery,-0.005911654278039999,0.0005364490615334378,3,5,0.00030971901008285243
frozen_policy,7,continuous_latent_trait,blocked_median_item,0.0,0.0,3,5,0.0
frozen_policy,7,continuous_latent_trait,interleaved_median_item,0.00017529497590254288,3.104418239661269e-06,3,5,1.792336706345618e-06
frozen_policy,7,continuous_latent_trait,least_mastery_target_item,-0.013038947282657925,0.0008002323689684798,3,5,0.0004620143736382038
frozen_policy,7,continuous_latent_trait,maximum_response_information_gain,0.001973875008437245,0.00020926037095421218,3,5,0.00012081653150113536
frozen_policy,7,continuous_latent_trait,maximum_skill_uncertainty,-0.0011920863100794534,0.0004322839647675965,3,5,0.00024957926342493057
frozen_policy,7,continuous_latent_trait,target_success_070,-0.0009054567615450941,0.0003667344647562201,3,5,0.00021173424194811702
frozen_policy,7,continuous_latent_trait,two_corner_robust_response_information_gain,0.0024240379450559918,0.000324756373906351,3,5,0.00018749817989587852
frozen_policy,7,four_state_semimarkov,balanced_mastery,-0.0033888888888888844,0.002834966849371796,3,5,0.0016367688736284717
frozen_policy,7,four_state_semimarkov,blocked_median_item,0.0,0.0,3,5,0.0
frozen_policy,7,four_state_semimarkov,interleaved_median_item,0.00030555555555556005,0.004857220665420974,3,5,0.0028043176586942126
frozen_policy,7,four_state_semimarkov,least_mastery_target_item,-0.005083333333333324,0.003995657364912285,3,5,0.0023068938552216187
frozen_policy,7,four_state_semimarkov,maximum_response_information_gain,0.007361111111111109,0.00482278542538016,3,5,0.0027844364635870394
frozen_policy,7,four_state_semimarkov,maximum_skill_uncertainty,0.0011666666666666685,0.0051686824024869,3,5,0.0029841401764314933
frozen_policy,7,four_state_semimarkov,target_success_070,-0.0006666666666666605,0.003955481428768606,3,5,0.0022836982676741205
frozen_policy,7,four_state_semimarkov,two_corner_robust_response_information_gain,0.00866666666666667,0.002322893310794388,3,5,0.001341123078285921
frozen_policy,8,binary_bktf,balanced_mastery,0.009666666666666664,0.0035560980488919744,3,5,0.0020531141657924843
frozen_policy,8,binary_bktf,blocked_median_item,0.0,0.0,3,5,0.0
frozen_policy,8,binary_bktf,interleaved_median_item,0.003166666666666666,0.004536885862938734,3,5,0.002619372274250286
frozen_policy,8,binary_bktf,least_mastery_target_item,0.003583333333333331,0.004557502971291773,3,5,0.0026312755673078246
frozen_policy,8,binary_bktf,maximum_response_information_gain,0.020416666666666666,0.004303583777891788,3,5,0.0024846752526459306
frozen_policy,8,binary_bktf,maximum_skill_uncertainty,0.011416666666666667,0.003262795325075313,3,5,0.0018837757592428848
frozen_policy,8,binary_bktf,target_success_070,0.0007500000000000007,0.008940777371123835,3,5,0.005161960221982861
frozen_policy,8,binary_bktf,two_corner_robust_response_information_gain,0.017166666666666667,0.006597032161004927,3,5,0.0038087982940088138
frozen_policy,8,continuous_latent_trait,balanced_mastery,-0.005135084316849286,1.8423743857207228e-05,3,5,1.0636953475439308e-05
frozen_policy,8,continuous_latent_trait,blocked_median_item,0.0,0.0,3,5,0.0
frozen_policy,8,continuous_latent_trait,interleaved_median_item,0.0001850615918407367,7.888257766493647e-06,3,5,4.554287744922263e-06
frozen_policy,8,continuous_latent_trait,least_mastery_target_item,-0.011132525493879225,0.0010456741473055776,3,5,0.0006037202504315076
frozen_policy,8,continuous_latent_trait,maximum_response_information_gain,0.0017705266513766344,0.00020533597229907219,3,5,0.00011855077888118287
frozen_policy,8,continuous_latent_trait,maximum_skill_uncertainty,0.00026833366998023285,7.526052279755408e-05,3,5,4.3451683096519814e-05
frozen_policy,8,continuous_latent_trait,target_success_070,0.0012533661643090784,0.0004134693192459017,3,5,0.00023871662276827267
frozen_policy,8,continuous_latent_trait,two_corner_robust_response_information_gain,0.00156931970849105,0.0003595928068687457,3,5,0.00020761100384432345
frozen_policy,8,four_state_semimarkov,balanced_mastery,0.0018055555555555602,0.0016777409856157173,3,5,0.0009686442096757025
frozen_policy,8,four_state_semimarkov,blocked_median_item,0.0,0.0,3,5,0.0
frozen_policy,8,four_state_semimarkov,interleaved_median_item,0.001638888888888893,0.003569093151758011,3,5,0.0020606168919303377
frozen_policy,8,four_state_semimarkov,least_mastery_target_item,-0.0022499999999999955,0.004375595197608358,3,5,0.0025262510652040195
frozen_policy,8,four_state_semimarkov,maximum_response_information_gain,0.006805555555555554,0.0024612741355587333,3,5,0.0014210172847142983
frozen_policy,8,four_state_semimarkov,maximum_skill_uncertainty,0.0048888888888888905,0.0055128217551181245,3,5,0.0031828291243118745
frozen_policy,8,four_state_semimarkov,target_success_070,0.0032500000000000033,0.002484675252645931,3,5,0.0014345279259639298
frozen_policy,8,four_state_semimarkov,two_corner_robust_response_information_gain,0.007944444444444443,0.0028871522557960393,3,5,0.0016668981320752787
frozen_policy,9,binary_bktf,balanced_mastery,0.012250000000000002,0.006768493185340445,3,5,0.003907791362564453
frozen_policy,9,binary_bktf,blocked_median_item,0.0,0.0,3,5,0.0
frozen_policy,9,binary_bktf,interleaved_median_item,0.006583333333333337,0.006104984302464123,3,5,0.0035247143304261014
frozen_policy,9,binary_bktf,least_mastery_target_item,0.008833333333333332,0.0016645820296198486,3,5,0.0009610468828892333
frozen_policy,9,binary_bktf,maximum_response_information_gain,0.015166666666666667,0.002809952550014561,3,5,0.0016223268611609823
frozen_policy,9,binary_bktf,maximum_skill_uncertainty,0.006750000000000002,0.005018714974971184,3,5,0.0028975564417856193
frozen_policy,9,binary_bktf,target_success_070,0.0030000000000000005,0.007660776723022282,3,5,0.004422951503238534
frozen_policy,9,binary_bktf,two_corner_robust_response_information_gain,0.020916666666666667,0.0031258332222518464,3,5,0.001804700652308979
frozen_policy,9,continuous_latent_trait,balanced_mastery,-0.005281938212630375,0.0002588431844241835,3,5,0.0001494431822052023
frozen_policy,9,continuous_latent_trait,blocked_median_item,0.0,0.0,3,5,0.0
frozen_policy,9,continuous_latent_trait,interleaved_median_item,0.00016186107823856332,4.958635655213064e-06,3,5,2.862869630350539e-06
frozen_policy,9,continuous_latent_trait,least_mastery_target_item,-0.013841264672379219,0.0009574219619598924,3,5,0.0005527678274656035
frozen_policy,9,continuous_latent_trait,maximum_response_information_gain,0.00145229132765016,0.00039306661857443367,3,5,0.00022693711804340524
frozen_policy,9,continuous_latent_trait,maximum_skill_uncertainty,0.0001972804843838431,0.0004167245854059144,3,5,0.0002405960515620399
frozen_policy,9,continuous_latent_trait,target_success_070,0.0005480768432672835,0.00037699137404704905,3,5,0.00021765607128823068
frozen_policy,9,continuous_latent_trait,two_corner_robust_response_information_gain,0.0021199801135411366,0.000669177691360136,3,5,0.00038634992024246683
frozen_policy,9,four_state_semimarkov,balanced_mastery,0.0017777777777777733,0.0023633975857117553,3,5,0.0013645082323127935
frozen_policy,9,four_state_semimarkov,blocked_median_item,0.0,0.0,3,5,0.0
frozen_policy,9,four_state_semimarkov,interleaved_median_item,2.7777777777774286e-05,0.0017801633300013454,3,5,0.0010277777777777774
frozen_policy,9,four_state_semimarkov,least_mastery_target_item,-0.00488888888888889,0.004256802834331229,3,5,0.002457666262288297
frozen_policy,9,four_state_semimarkov,maximum_response_information_gain,0.005416666666666664,0.002218921159282389,3,5,0.0012810947286222437
frozen_policy,9,four_state_semimarkov,maximum_skill_uncertainty,0.002916666666666664,0.002001735358244049,3,5,0.0011557024479285937
frozen_policy,9,four_state_semimarkov,target_success_070,0.0017222222222222233,0.0025472388827759975,3,5,0.001470649054661004
frozen_policy,9,four_state_semimarkov,two_corner_robust_response_information_gain,0.009055555555555555,0.0021446531274397344,3,5,0.0012382160604457034
frozen_policy,10,binary_bktf,balanced_mastery,0.007916666666666667,0.0034034296427770234,3,5,0.0019649710204252663
frozen_policy,10,binary_bktf,blocked_median_item,0.0,0.0,3,5,0.0
frozen_policy,10,binary_bktf,interleaved_median_item,0.00033333333333333435,0.0030855847635956027,3,5,0.001781463193869329
frozen_policy,10,binary_bktf,least_mastery_target_item,0.005416666666666667,0.007946435259494242,3,5,0.004587876536166935
frozen_policy,10,binary_bktf,maximum_response_information_gain,0.013666666666666666,0.0043035837778917846,3,5,0.0024846752526459285
frozen_policy,10,binary_bktf,maximum_skill_uncertainty,0.009583333333333333,0.004557502971291775,3,5,0.002631275567307826
frozen_policy,10,binary_bktf,target_success_070,0.005416666666666666,0.0046457866215887855,3,5,0.0026822461565718476
frozen_policy,10,binary_bktf,two_corner_robust_response_information_gain,0.016916666666666667,0.00335720617974728,3,5,0.0019382838916021674
frozen_policy,10,continuous_latent_trait,balanced_mastery,-0.007158776478761225,0.00038206175669389645,3,5,0.00022058345807428244
frozen_policy,10,continuous_latent_trait,blocked_median_item,0.0,0.0,3,5,0.0
frozen_policy,10,continuous_latent_trait,interleaved_median_item,0.00019214875736238275,5.52863481480596e-06,3,5,3.1919587985793578e-06
frozen_policy,10,continuous_latent_trait,least_mastery_target_item,-0.014769991090604439,0.000661270654582678,3,5,0.0003817847904305092
frozen_policy,10,continuous_latent_trait,maximum_response_information_gain,0.0005667229157096425,0.00041953650679418775,3,5,0.00024221951513249957
frozen_policy,10,continuous_latent_trait,maximum_skill_uncertainty,0.00016467032246625702,0.000346422219057616,3,5,0.00020000696142618212
frozen_policy,10,continuous_latent_trait,target_success_070,-0.00019922839188413793,0.0010942346669098393,3,5,0.0006317566794970163
frozen_policy,10,continuous_latent_trait,two_corner_robust_response_information_gain,0.0008511255110741968,0.0005620348951418237,3,5,0.00032449099800409503
frozen_policy,10,four_state_semimarkov,balanced_mastery,-0.001611111111111108,0.0031317519650142073,3,5,0.001808117840036092
frozen_policy,10,four_state_semimarkov,blocked_median_item,0.0,0.0,3,5,0.0
frozen_policy,10,four_state_semimarkov,interleaved_median_item,0.003500000000000002,0.0022653795365113606,3,5,0.0013079174852215038
frozen_policy,10,four_state_semimarkov,least_mastery_target_item,-0.006333333333333327,0.005504417417957243,3,5,0.003177976877989679
frozen_policy,10,four_state_semimarkov,maximum_response_information_gain,0.006861111111111105,0.004155262170273216,3,5,0.00239904173256071
frozen_policy,10,four_state_semimarkov,maximum_skill_uncertainty,0.009444444444444446,0.004136837672174958,3,5,0.002388404343623997
frozen_policy,10,four_state_semimarkov,target_success_070,0.0014999999999999994,0.0031655699855370964,3,5,0.0018276426832884425
frozen_policy,10,four_state_semimarkov,two_corner_robust_response_information_gain,0.009666666666666665,0.005375484474290041,3,5,0.0031035374082560093
frozen_policy,11,binary_bktf,balanced_mastery,0.0135,0.006628536791781425,3,5,0.0038269875010683444
frozen_policy,11,binary_bktf,blocked_median_item,0.0,0.0,3,5,0.0
frozen_policy,11,binary_bktf,interleaved_median_item,-0.0004999999999999986,0.0017499999999999966,3,5,0.001010362971081843
frozen_policy,11,binary_bktf,least_mastery_target_item,0.009500000000000001,0.003000000000000001,3,5,0.0017320508075688778
frozen_policy,11,binary_bktf,maximum_response_information_gain,0.017083333333333332,0.0005204164998665309,3,5,0.00030046260628866444
frozen_policy,11,binary_bktf,maximum_skill_uncertainty,0.011666666666666665,0.0054447987413065455,3,5,0.0031435560189766697
frozen_policy,11,binary_bktf,target_success_070,0.002499999999999999,0.003881043674065008,3,5,0.0022407216099581267
frozen_policy,11,binary_bktf,two_corner_robust_response_information_gain,0.01925,0.003929058411375427,3,5,0.0022684429314693663
frozen_policy,11,continuous_latent_trait,balanced_mastery,-0.0030937255978841158,0.00020785283084192498,3,5,0.00012000388783841114
frozen_policy,11,continuous_latent_trait,blocked_median_item,0.0,0.0,3,5,0.0
frozen_policy,11,continuous_latent_trait,interleaved_median_item,0.0001526742756654024,3.857732240965376e-06,3,5,2.2272627477828582e-06
frozen_policy,11,continuous_latent_trait,least_mastery_target_item,-0.007345112367631125,0.0003245817245973924,3,5,0.0001873973460703375
frozen_policy,11,continuous_latent_trait,maximum_response_information_gain,0.002871972592063865,0.0007302736329337093,3,5,0.00042162367855636305
frozen_policy,11,continuous_latent_trait,maximum_skill_uncertainty,-0.00036089759297615884,0.00010015855108395791,3,5,5.7826566429965986e-05
frozen_policy,11,continuous_latent_trait,target_success_070,0.002863001580039239,0.000195554317502574,3,5,0.00011290333785130466
frozen_policy,11,continuous_latent_trait,two_corner_robust_response_information_gain,0.003031007036128299,0.00040563399990773644,3,5,0.0002341928990391963
frozen_policy,11,four_state_semimarkov,balanced_mastery,0.0032499999999999955,0.004139075312729211,3,5,0.002389696246000345
frozen_policy,11,four_state_semimarkov,blocked_median_item,0.0,0.0,3,5,0.0
frozen_policy,11,four_state_semimarkov,interleaved_median_item,0.000805555555555559,0.0015949863577728435,3,5,0.000920865803013932
frozen_policy,11,four_state_semimarkov,least_mastery_target_item,5.555555555555059e-05,0.0039942087706708205,3,5,0.0023060575089463627
frozen_policy,11,four_state_semimarkov,maximum_response_information_gain,0.007638888888888883,0.0008179128813519751,3,5,0.0004722222222222253
frozen_policy,11,four_state_semimarkov,maximum_skill_uncertainty,0.00333333333333333,0.003028796974231041,3,5,0.0017486767483930158
frozen_policy,11,four_state_semimarkov,target_success_070,0.0009722222222222236,0.0034402976830716476,3,5,0.0019862567934138616
frozen_policy,11,four_state_semimarkov,two_corner_robust_response_information_gain,0.007694444444444438,0.002726329101625554,3,5,0.0015740468407230241
frozen_policy,12,binary_bktf,balanced_mastery,0.013333333333333329,0.009361935341227971,3,5,0.00540511588939384
frozen_policy,12,binary_bktf,blocked_median_item,0.0,0.0,3,5,0.0
frozen_policy,12,binary_bktf,interleaved_median_item,-1.1564823173178713e-18,0.005202163011671201,3,5,0.0030034702151566827
frozen_policy,12,binary_bktf,least_mastery_target_item,0.003583333333333332,0.009618775043285569,3,5,0.005553402360515378
frozen_policy,12,binary_bktf,maximum_response_information_gain,0.016749999999999998,0.001299038105676655,3,5,0.0007499999999999983
frozen_policy,12,binary_bktf,maximum_skill_uncertainty,0.007416666666666664,0.004771879434073469,3,5,0.0027550458758027565
frozen_policy,12,binary_bktf,target_success_070,-8.333333333333355e-05,0.0044464405239847,3,5,0.0025671536334582272
frozen_policy,12,binary_bktf,two_corner_robust_response_information_gain,0.011916666666666664,0.0008779711460710585,3,5,0.0005068968775248499
frozen_policy,12,continuous_latent_trait,balanced_mastery,-0.0025412792008000945,0.00013793032586866276,3,5,7.963411076968524e-05
frozen_policy,12,continuous_latent_trait,blocked_median_item,0.0,0.0,3,5,0.0
frozen_policy,12,continuous_latent_trait,interleaved_median_item,0.0001229004195386137,1.5675231163087594e-06,3,5,9.050098931618233e-07
frozen_policy,12,continuous_latent_trait,least_mastery_target_item,-0.00903742149185455,0.0001760819116849204,3,5,0.00010166093911071271
frozen_policy,12,continuous_latent_trait,maximum_response_information_gain,0.0035979268566272613,0.0003336411711544286,3,5,0.00019262781997875136
frozen_policy,12,continuous_latent_trait,maximum_skill_uncertainty,0.0008615581853960706,0.0002932109322889991,3,5,0.00016928541068639478
frozen_policy,12,continuous_latent_trait,target_success_070,0.0015695408711362726,0.0008709598263381709,3,5,0.0005028488901896927
frozen_policy,12,continuous_latent_trait,two_corner_robust_response_information_gain,0.004080449529882341,0.00027403165413652635,3,5,0.00015821224928220192
frozen_policy,12,four_state_semimarkov,balanced_mastery,0.003555555555555553,0.0005023094811118076,3,5,0.00029000851413640334
frozen_policy,12,four_state_semimarkov,blocked_median_item,0.0,0.0,3,5,0.0
frozen_policy,12,four_state_semimarkov,interleaved_median_item,-0.00024999999999999935,0.001773649721149396,3,5,0.0010240171439537084
frozen_policy,12,four_state_semimarkov,least_mastery_target_item,0.0008055555555555562,0.0024809459068251714,3,5,0.001432374787150413
frozen_policy,12,four_state_semimarkov,maximum_response_information_gain,0.00794444444444444,0.001448977928416105,3,5,0.0008365677970208645
frozen_policy,12,four_state_semimarkov,maximum_skill_uncertainty,0.00569444444444444,0.002227251253933456,3,5,0.0012859041110114123
frozen_policy,12,four_state_semimarkov,target_success_070,0.004472222222222217,0.002500462920103956,3,5,0.0014436429400206967
frozen_policy,12,four_state_semimarkov,two_corner_robust_response_information_gain,0.00919444444444444,0.0006028481781725172,3,5,0.0003480545579483783
frozen_policy,13,binary_bktf,balanced_mastery,0.009166666666666662,0.004849828175650483,3,5,0.0028000496027352382
frozen_policy,13,binary_bktf,blocked_median_item,0.0,0.0,3,5,0.0
frozen_policy,13,binary_bktf,interleaved_median_item,0.006583333333333331,0.0020966242709015205,3,5,0.0012104865871944957
frozen_policy,13,binary_bktf,least_mastery_target_item,0.009249999999999996,0.0011456439237389608,3,5,0.0006614378277661481
frozen_policy,13,binary_bktf,maximum_response_information_gain,0.012666666666666665,0.008079036658744241,3,5,0.004664433989718842
frozen_policy,13,binary_bktf,maximum_skill_uncertainty,0.011083333333333332,0.0023760962382305445,3,5,0.0013718398027628622
frozen_policy,13,binary_bktf,target_success_070,8.333333333333441e-05,0.0012829003598617227,3,5,0.0007406828681096334
frozen_policy,13,binary_bktf,two_corner_robust_response_information_gain,0.018166666666666664,0.003055050463303894,3,5,0.0017638342073763942
frozen_policy,13,continuous_latent_trait,balanced_mastery,-0.004212290063353162,0.0004101942623610753,3,5,0.00023682576779420682
frozen_policy,13,continuous_latent_trait,blocked_median_item,0.0,0.0,3,5,0.0
frozen_policy,13,continuous_latent_trait,interleaved_median_item,0.00015653175893499675,7.110894785363575e-06,3,5,4.105477018508766e-06
frozen_policy,13,continuous_latent_trait,least_mastery_target_item,-0.012040943462787038,0.0002108864916506655,3,5,0.0001217553727229675
frozen_policy,13,continuous_latent_trait,maximum_response_information_gain,0.0028448591222080947,0.0002011895096826698,3,5,0.00011615681757341823
frozen_policy,13,continuous_latent_trait,maximum_skill_uncertainty,0.0001441976533775271,0.00015004536982777137,3,5,8.662873466072075e-05
frozen_policy,13,continuous_latent_trait,target_success_070,0.0008581381546616601,0.0007205350097066773,3,5,0.0004160010818146998
frozen_policy,13,continuous_latent_trait,two_corner_robust_response_information_gain,0.002770547430735751,0.0002021093175858838,3,5,0.00011668786891394157
frozen_policy,13,four_state_semimarkov,balanced_mastery,-2.777777777778238e-05,0.0033169737434617756,3,5,0.0019150556836825768
frozen_policy,13,four_state_semimarkov,blocked_median_item,0.0,0.0,3,5,0.0
frozen_policy,13,four_state_semimarkov,interleaved_median_item,0.0021944444444444433,0.0022241311245651102,3,5,0.0012841027034806915
frozen_policy,13,four_state_semimarkov,least_mastery_target_item,-0.00411111111111111,0.005674218823702456,3,5,0.003276011765305455
frozen_policy,13,four_state_semimarkov,maximum_response_information_gain,0.007333333333333327,0.0037758369197363976,3,5,0.002179980462025937
frozen_policy,13,four_state_semimarkov,maximum_skill_uncertainty,0.0028055555555555538,0.0037954041408778333,3,5,0.0021912776024192375
frozen_policy,13,four_state_semimarkov,target_success_070,-0.001500000000000003,0.005000694396225833,3,5,0.002887152255796038
frozen_policy,13,four_state_semimarkov,two_corner_robust_response_information_gain,0.007972222222222216,0.0030622401628243993,3,5,0.0017679851823299505
frozen_policy,14,binary_bktf,balanced_mastery,0.016083333333333328,0.0057518113089124615,3,5,0.0033208098075285437
frozen_policy,14,binary_bktf,blocked_median_item,0.0,0.0,3,5,0.0
frozen_policy,14,binary_bktf,interleaved_median_item,0.007916666666666667,0.0020966242709015183,3,5,0.0012104865871944944
frozen_policy,14,binary_bktf,least_mastery_target_item,0.011083333333333329,0.004252450274057694,3,5,0.0024551533104427074
frozen_policy,14,binary_bktf,maximum_response_information_gain,0.013499999999999998,0.0031917863337009235,3,5,0.001842778698957997
frozen_policy,14,binary_bktf,maximum_skill_uncertainty,0.010749999999999996,0.0015612494995996006,3,5,0.000901387818865998
frozen_policy,14,binary_bktf,target_success_070,0.001666666666666667,0.004404070087241272,3,5,0.002542691050398727
frozen_policy,14,binary_bktf,two_corner_robust_response_information_gain,0.011666666666666665,0.003055050463303893,3,5,0.0017638342073763938
frozen_policy,14,continuous_latent_trait,balanced_mastery,-0.004218612019721331,0.00017868139624845143,3,5,0.00010316175222322163
frozen_policy,14,continuous_latent_trait,blocked_median_item,0.0,0.0,3,5,0.0
frozen_policy,14,continuous_latent_trait,interleaved_median_item,0.00029025019047812414,9.925852775720047e-06,3,5,5.730693771998563e-06
frozen_policy,14,continuous_latent_trait,least_mastery_target_item,-0.008616739717856885,7.894066655423786e-05,3,5,4.5576415085097715e-05
frozen_policy,14,continuous_latent_trait,maximum_response_information_gain,0.0009109436792349568,5.3491372291640956e-05,3,5,3.0883258191901394e-05
frozen_policy,14,continuous_latent_trait,maximum_skill_uncertainty,-0.0005004290092592306,0.0004713944158848603,3,5,0.0002721596929056105
frozen_policy,14,continuous_latent_trait,target_success_070,-1.6497974745482346e-05,0.0003382497546443158,3,5,0.0001952885868972206
frozen_policy,14,continuous_latent_trait,two_corner_robust_response_information_gain,0.0011888026225481782,0.00026181441367295437,3,5,0.00015115862221180425
frozen_policy,14,four_state_semimarkov,balanced_mastery,-0.0010000000000000037,0.0030011571842281856,3,5,0.0017327189081945223
frozen_policy,14,four_state_semimarkov,blocked_median_item,0.0,0.0,3,5,0.0
frozen_policy,14,four_state_semimarkov,interleaved_median_item,0.0021666666666666653,0.0018559214542766772,3,5,0.0010715167512214414
frozen_policy,14,four_state_semimarkov,least_mastery_target_item,0.0017777777777777824,0.0025891511550513438,3,5,0.001494847116341524
frozen_policy,14,four_state_semimarkov,maximum_response_information_gain,0.00941666666666666,0.0030493624105886684,3,5,0.0017605502086100939
frozen_policy,14,four_state_semimarkov,maximum_skill_uncertainty,0.0018888888888888924,0.002821462058605106,3,5,0.0016289718790439736
frozen_policy,14,four_state_semimarkov,target_success_070,0.00152777777777778,0.0017976321874848295,3,5,0.0010378634273483021
frozen_policy,14,four_state_semimarkov,two_corner_robust_response_information_gain,0.00752777777777778,0.004363941049267451,3,5,0.002519522539522221
frozen_policy,15,binary_bktf,balanced_mastery,0.009416666666666665,0.004758763845089743,3,5,0.002747473586972422
frozen_policy,15,binary_bktf,blocked_median_item,0.0,0.0,3,5,0.0
frozen_policy,15,binary_bktf,interleaved_median_item,-0.0024166666666666664,0.01152804551228582,3,5,0.006655720179748476
frozen_policy,15,binary_bktf,least_mastery_target_item,-0.0010833333333333344,0.00625666311489865,3,5,0.003612286133615538
frozen_policy,15,binary_bktf,maximum_response_information_gain,0.010583333333333333,0.0122508503106247,3,5,0.007073031724640981
frozen_policy,15,binary_bktf,maximum_skill_uncertainty,0.005416666666666664,0.01538329721917032,3,5,0.008881550790512007
frozen_policy,15,binary_bktf,target_success_070,-0.0016666666666666655,0.012573119475028196,3,5,0.007259093913460856
frozen_policy,15,binary_bktf,two_corner_robust_response_information_gain,0.012083333333333333,0.012052835074509785,3,5,0.006958707574766388
frozen_policy,15,continuous_latent_trait,balanced_mastery,-0.005296083101391304,0.0002488264698699576,3,5,0.00014366002936092435
frozen_policy,15,continuous_latent_trait,blocked_median_item,0.0,0.0,3,5,0.0
frozen_policy,15,continuous_latent_trait,interleaved_median_item,0.00016057369664569988,5.838552273520076e-06,3,5,3.3708897267945177e-06
frozen_policy,15,continuous_latent_trait,least_mastery_target_item,-0.01058647840959597,0.00044041237825753776,3,5,0.0002542722051414327
frozen_policy,15,continuous_latent_trait,maximum_response_information_gain,0.0013003329598538455,0.0003001454109157523,3,5,0.00017328903378824044
frozen_policy,15,continuous_latent_trait,maximum_skill_uncertainty,-0.00037764112050534443,5.673430135198145e-05,3,5,3.2755564157851844e-05
frozen_policy,15,continuous_latent_trait,target_success_070,0.0014903287309933563,0.0002735589109176737,3,5,0.00015793931085753975
frozen_policy,15,continuous_latent_trait,two_corner_robust_response_information_gain,0.0008988198590495844,0.00028398095270670126,3,5,0.00016395647948994036
frozen_policy,15,four_state_semimarkov,balanced_mastery,-0.0004166666666666659,0.004562071897723661,3,5,0.0026339134382131826
frozen_policy,15,four_state_semimarkov,blocked_median_item,0.0,0.0,3,5,0.0
frozen_policy,15,four_state_semimarkov,interleaved_median_item,0.0009444444444444469,0.005329642820357906,3,5,0.0030770707170181934
frozen_policy,15,four_state_semimarkov,least_mastery_target_item,-0.0051944444444444425,0.005550483796064119,3,5,0.0032045733137902755
frozen_policy,15,four_state_semimarkov,maximum_response_information_gain,0.007055555555555554,0.005988608012378663,3,5,0.003457524448017971
frozen_policy,15,four_state_semimarkov,maximum_skill_uncertainty,0.004694444444444443,0.005180313518325711,3,5,0.0029908554042920067
frozen_policy,15,four_state_semimarkov,target_success_070,0.003916666666666666,0.0007120003121097927,3,5,0.0004110735718596864
frozen_policy,15,four_state_semimarkov,two_corner_robust_response_information_gain,0.005611111111111108,0.005170249653689985,3,5,0.0029850450293354824
frozen_policy,16,binary_bktf,balanced_mastery,0.006833333333333334,0.00360843918243516,3,5,0.002083333333333333
frozen_policy,16,binary_bktf,blocked_median_item,0.0,0.0,3,5,0.0
frozen_policy,16,binary_bktf,interleaved_median_item,0.0004166666666666679,0.002504163200219453,3,5,0.001445779297741456
frozen_policy,16,binary_bktf,least_mastery_target_item,-0.0007500000000000012,0.002384848003542361,3,5,0.001376892636821524
frozen_policy,16,binary_bktf,maximum_response_information_gain,0.011750000000000002,0.0033819373146171676,3,5,0.0019525624189766619
frozen_policy,16,binary_bktf,maximum_skill_uncertainty,0.005416666666666668,0.0031258332222518386,3,5,0.0018047006523089744
frozen_policy,16,binary_bktf,target_success_070,-0.004249999999999998,0.0019843134832984426,3,5,0.00114564392373896
frozen_policy,16,binary_bktf,two_corner_robust_response_information_gain,0.013333333333333336,0.002402255884233261,3,5,0.0013869430814244358
frozen_policy,16,continuous_latent_trait,balanced_mastery,-0.0077315669988436845,0.000481094612445048,3,5,0.00027776010400082715
frozen_policy,16,continuous_latent_trait,blocked_median_item,0.0,0.0,3,5,0.0
frozen_policy,16,continuous_latent_trait,interleaved_median_item,0.00014237055138684453,8.970972115195609e-07,3,5,5.179393165600812e-07
frozen_policy,16,continuous_latent_trait,least_mastery_target_item,-0.015096301912385824,0.0002718481182971781,3,5,0.00015695158427756902
frozen_policy,16,continuous_latent_trait,maximum_response_information_gain,0.001288660321796976,0.00030205954543619727,3,5,0.00017439415986888449
frozen_policy,16,continuous_latent_trait,maximum_skill_uncertainty,-0.0007469916420941997,0.000161892586818287,3,5,9.346872857934287e-05
frozen_policy,16,continuous_latent_trait,target_success_070,-0.0022938952057626892,0.0008107140411927877,3,5,0.00046806596991846535
frozen_policy,16,continuous_latent_trait,two_corner_robust_response_information_gain,0.0012974748236823839,0.0004167654214069239,3,5,0.00024061962823821532
frozen_policy,16,four_state_semimarkov,balanced_mastery,-0.00024999999999999957,0.0022376202636829245,3,5,0.0012918906615814979
frozen_policy,16,four_state_semimarkov,blocked_median_item,0.0,0.0,3,5,0.0
frozen_policy,16,four_state_semimarkov,interleaved_median_item,0.0017777777777777802,0.0027755546659548394,3,5,0.0016024672335395484
frozen_policy,16,four_state_semimarkov,least_mastery_target_item,-0.006222222222222218,0.004045173163898658,3,5,0.0023354818150955405
frozen_policy,16,four_state_semimarkov,maximum_response_information_gain,0.010222222222222221,0.005639846661955475,3,5,0.003256166988468206
frozen_policy,16,four_state_semimarkov,maximum_skill_uncertainty,0.002361111111111112,0.004611529432162795,3,5,0.0026624677590350717
frozen_policy,16,four_state_semimarkov,target_success_070,0.0006388888888888903,0.0013752104216096202,3,5,0.000793978107108693
frozen_policy,16,four_state_semimarkov,two_corner_robust_response_information_gain,0.010333333333333335,0.0007406828681096398,3,5,0.00042763345328724467
frozen_policy,17,binary_bktf,balanced_mastery,0.011000000000000001,0.0027041634565979906,3,5,0.001561249499599599
frozen_policy,17,binary_bktf,blocked_median_item,0.0,0.0,3,5,0.0
frozen_policy,17,binary_bktf,interleaved_median_item,-0.003416666666666665,0.003818813079129867,3,5,0.0022047927592204926
frozen_policy,17,binary_bktf,least_mastery_target_item,0.0042499999999999994,0.0028173569173961573,3,5,0.0016266017746619258
frozen_policy,17,binary_bktf,maximum_response_information_gain,0.010666666666666666,0.0012332207155790616,3,5,0.0007120003121097942
frozen_policy,17,binary_bktf,maximum_skill_uncertainty,0.010666666666666666,0.0016266017746619282,3,5,0.0009391189724653873
frozen_policy,17,binary_bktf,target_success_070,-0.0004999999999999978,0.0036055512754639913,3,5,0.002081665999466134
frozen_policy,17,binary_bktf,two_corner_robust_response_information_gain,0.012666666666666668,0.001755942292142122,3,5,0.0010137937550497027
frozen_policy,17,continuous_latent_trait,balanced_mastery,-0.003948149398431316,0.0004949378382258805,3,5,0.0002857524941318436
frozen_policy,17,continuous_latent_trait,blocked_median_item,0.0,0.0,3,5,0.0
frozen_policy,17,continuous_latent_trait,interleaved_median_item,0.00019490496310774856,1.1394289894326483e-05,3,5,6.578496337714028e-06
frozen_policy,17,continuous_latent_trait,least_mastery_target_item,-0.00979676872843105,0.00025537803845903273,3,5,0.00014744257924944115
frozen_policy,17,continuous_latent_trait,maximum_response_information_gain,0.002843062374303479,0.00035841498561439326,3,5,0.0002069309884260658
frozen_policy,17,continuous_latent_trait,maximum_skill_uncertainty,-0.00016878760475906086,0.0003910915125597549,3,5,0.0002257967900541524
frozen_policy,17,continuous_latent_trait,target_success_070,0.0008031894988745035,0.0008637259055395451,3,5,0.0004986723840693097
frozen_policy,17,continuous_latent_trait,two_corner_robust_response_information_gain,0.0031498851277470714,0.0003935357092881211,3,5,0.00022720794769322703
frozen_policy,17,four_state_semimarkov,balanced_mastery,0.0017777777777777815,0.0022194427061597985,3,5,0.0012813958438523112
frozen_policy,17,four_state_semimarkov,blocked_median_item,0.0,0.0,3,5,0.0
frozen_policy,17,four_state_semimarkov,interleaved_median_item,0.0009722222222222245,0.0013548609331396875,3,5,0.0007822293244627062
frozen_policy,17,four_state_semimarkov,least_mastery_target_item,-0.005305555555555553,0.0023751218292339706,3,5,0.0013712772274663894
frozen_policy,17,four_state_semimarkov,maximum_response_information_gain,0.007888888888888888,0.0039143018865768694,3,5,0.0022599232479046157
frozen_policy,17,four_state_semimarkov,maximum_skill_uncertainty,0.0028888888888888927,0.0027705461421759273,3,5,0.001599575560987551
frozen_policy,17,four_state_semimarkov,target_success_070,0.001694444444444447,0.0019743728493240974,3,5,0.0011399046960379562
frozen_policy,17,four_state_semimarkov,two_corner_robust_response_information_gain,0.0085,0.005701486161032446,3,5,0.0032917545698530086
frozen_policy,18,binary_bktf,balanced_mastery,0.008249999999999999,0.005425633603552677,3,5,0.0031324910215354174
frozen_policy,18,binary_bktf,blocked_median_item,0.0,0.0,3,5,0.0
frozen_policy,18,binary_bktf,interleaved_median_item,-0.003083333333333335,0.0025658007197234428,3,5,0.0014813657362192654
frozen_policy,18,binary_bktf,least_mastery_target_item,0.006166666666666664,0.0046457866215887855,3,5,0.0026822461565718476
frozen_policy,18,binary_bktf,maximum_response_information_gain,0.014583333333333332,0.005558402048550762,3,5,0.0032091449189949497
frozen_policy,18,binary_bktf,maximum_skill_uncertainty,0.006999999999999999,0.006485560885536425,3,5,0.0037444403231101627
frozen_policy,18,binary_bktf,target_success_070,-0.0019166666666666666,0.005965176722724423,3,5,0.0034439963866286353
frozen_policy,18,binary_bktf,two_corner_robust_response_information_gain,0.011249999999999998,0.006427480066091218,3,5,0.0037109073463687183
frozen_policy,18,continuous_latent_trait,balanced_mastery,-0.005898688321898184,0.0006356444155355998,3,5,0.00036698947441836095
frozen_policy,18,continuous_latent_trait,blocked_median_item,0.0,0.0,3,5,0.0
frozen_policy,18,continuous_latent_trait,interleaved_median_item,0.00016473976065874176,3.7854327108132813e-06,3,5,2.185520594587263e-06
frozen_policy,18,continuous_latent_trait,least_mastery_target_item,-0.013598516741955518,0.0006536413036830142,3,5,0.0003773799826348462
frozen_policy,18,continuous_latent_trait,maximum_response_information_gain,0.0005630217688299522,0.00017484341875016003,3,5,0.00010094589488143935
frozen_policy,18,continuous_latent_trait,maximum_skill_uncertainty,0.000385000381139692,0.00029713724279345716,3,5,0.0001715522671130657
frozen_policy,18,continuous_latent_trait,target_success_070,-0.003048797169077479,0.00023837914258545106,3,5,0.00013762826214090235
frozen_policy,18,continuous_latent_trait,two_corner_robust_response_information_gain,0.0005304727584853681,0.00016273039954936403,3,5,9.395243998516069e-05
frozen_policy,18,four_state_semimarkov,balanced_mastery,0.003555555555555557,0.00037577081273524666,3,5,0.00021695137988629912
frozen_policy,18,four_state_semimarkov,blocked_median_item,0.0,0.0,3,5,0.0
frozen_policy,18,four_state_semimarkov,interleaved_median_item,0.0028055555555555546,0.0016251780529233416,3,5,0.0009382969863363632
frozen_policy,18,four_state_semimarkov,least_mastery_target_item,-0.002333333333333328,0.0034771076741708464,3,5,0.002007509051683852
frozen_policy,18,four_state_semimarkov,maximum_response_information_gain,0.010083333333333326,0.0008700255424092133,3,5,0.0005023094811118095
frozen_policy,18,four_state_semimarkov,maximum_skill_uncertainty,0.008277777777777778,0.0018751543146375152,3,5,0.0010826208483280576
frozen_policy,18,four_state_semimarkov,target_success_070,0.0009444444444444421,0.001550836094689758,3,5,0.0008953756367381198
frozen_policy,18,four_state_semimarkov,two_corner_robust_response_information_gain,0.007388888888888888,0.0019045510796024416,3,5,0.001099593078493862
frozen_policy,19,binary_bktf,balanced_mastery,0.009416666666666665,0.006022527155051552,3,5,0.0034771076741708447
frozen_policy,19,binary_bktf,blocked_median_item,0.0,0.0,3,5,0.0
frozen_policy,19,binary_bktf,interleaved_median_item,-0.002083333333333334,0.003502974926163949,3,5,0.0020224435165852655
frozen_policy,19,binary_bktf,least_mastery_target_item,-8.333333333333406e-05,0.002036131953811772,3,5,0.0011755613316388252
frozen_policy,19,binary_bktf,maximum_response_information_gain,0.012499999999999997,0.0033819373146171724,3,5,0.0019525624189766647
frozen_policy,19,binary_bktf,maximum_skill_uncertainty,0.0006666666666666671,0.003262795325075316,3,5,0.0018837757592428863
frozen_policy,19,binary_bktf,target_success_070,-0.003916666666666668,0.004274439534410721,3,5,0.0024678488158268084
frozen_policy,19,binary_bktf,two_corner_robust_response_information_gain,0.009666666666666665,0.003891764809611873,3,5,0.0022469114604521277
frozen_policy,19,continuous_latent_trait,balanced_mastery,-0.004824984273311726,0.0002889674499383652,3,5,0.00016683543500895488
frozen_policy,19,continuous_latent_trait,blocked_median_item,0.0,0.0,3,5,0.0
frozen_policy,19,continuous_latent_trait,interleaved_median_item,0.00022243457893536883,4.980569180415837e-06,3,5,2.8755329570306374e-06
frozen_policy,19,continuous_latent_trait,least_mastery_target_item,-0.012801618979652677,0.0005172069395817921,3,5,0.0002986095657942902
frozen_policy,19,continuous_latent_trait,maximum_response_information_gain,0.00247369909706034,0.00012384240274323355,3,5,7.150044456089594e-05
frozen_policy,19,continuous_latent_trait,maximum_skill_uncertainty,0.0010914852444938647,0.00039605529878385955,3,5,0.00022866263336683898
frozen_policy,19,continuous_latent_trait,target_success_070,-0.0002537456573691716,0.00040582432360626895,3,5,0.0002343027824777772
frozen_policy,19,continuous_latent_trait,two_corner_robust_response_information_gain,0.002903090719202332,0.0002769903605612035,3,5,0.00015992045923294236
frozen_policy,19,four_state_semimarkov,balanced_mastery,0.0021944444444444433,0.0018282758524338176,3,5,0.0010555555555555572
frozen_policy,19,four_state_semimarkov,blocked_median_item,0.0,0.0,3,5,0.0
frozen_policy,19,four_state_semimarkov,interleaved_median_item,-0.0005833333333333318,0.0015833333333333344,3,5,0.0009141379262169082
frozen_policy,19,four_state_semimarkov,least_mastery_target_item,-0.00619444444444444,0.0007698003589195043,3,5,0.00044444444444444636
frozen_policy,19,four_state_semimarkov,maximum_response_information_gain,0.007777777777777773,0.0014369463507086196,3,5,0.000829621362392672
frozen_policy,19,four_state_semimarkov,maximum_skill_uncertainty,0.004361111111111111,0.0014101155718330058,3,5,0.000814130604986269
frozen_policy,19,four_state_semimarkov,target_success_070,-0.0020833333333333346,0.0006508541396588826,3,5,0.0003757708127352382
frozen_policy,19,four_state_semimarkov,two_corner_robust_response_information_gain,0.00816666666666666,0.002701594179574553,3,5,0.0015597661268184945
frozen_policy,20,binary_bktf,balanced_mastery,0.016999999999999998,0.006144102863722253,3,5,0.0035472994422987934
frozen_policy,20,binary_bktf,blocked_median_item,0.0,0.0,3,5,0.0
frozen_policy,20,binary_bktf,interleaved_median_item,-0.002083333333333335,0.000803637563416082,3,5,0.0004639803635691699
frozen_policy,20,binary_bktf,least_mastery_target_item,0.009166666666666665,0.0016072751268321607,3,5,0.000927960727138338
frozen_policy,20,binary_bktf,maximum_response_information_gain,0.01483333333333333,0.004725815626252607,3,5,0.0027284509239574825
frozen_policy,20,binary_bktf,maximum_skill_uncertainty,0.00883333333333333,0.007255744850346748,3,5,0.004189106242518936
frozen_policy,20,binary_bktf,target_success_070,0.001000000000000001,0.0060621778264910685,3,5,0.003499999999999999
frozen_policy,20,binary_bktf,two_corner_robust_response_information_gain,0.011750000000000002,0.004272001872658768,3,5,0.0024664414311581255
frozen_policy,20,continuous_latent_trait,balanced_mastery,-0.004598870885341963,0.00028772741539645605,3,5,0.00016611950073237917
frozen_policy,20,continuous_latent_trait,blocked_median_item,0.0,0.0,3,5,0.0
frozen_policy,20,continuous_latent_trait,interleaved_median_item,0.0001660391906671758,1.3021500273988747e-06,3,5,7.517966688440189e-07
frozen_policy,20,continuous_latent_trait,least_mastery_target_item,-0.010441131706995399,0.0006382179852991154,3,5,0.0003684753256141049
frozen_policy,20,continuous_latent_trait,maximum_response_information_gain,0.0018134425281548826,0.0006991214726602108,3,5,0.0004036379704366203
frozen_policy,20,continuous_latent_trait,maximum_skill_uncertainty,-0.00022192681699725,0.00017200219969526703,3,5,9.93055162952702e-05
frozen_policy,20,continuous_latent_trait,target_success_070,0.0006547394659108859,0.0004575072241872706,3,5,0.00026414191904071914
frozen_policy,20,continuous_latent_trait,two_corner_robust_response_information_gain,0.0018029259176622293,0.0002687082856189553,3,5,0.0001551388010355867
frozen_policy,20,four_state_semimarkov,balanced_mastery,8.333333333333543e-05,0.002891558595482911,3,5,0.001669442133479635
frozen_policy,20,four_state_semimarkov,blocked_median_item,0.0,0.0,3,5,0.0
frozen_policy,20,four_state_semimarkov,interleaved_median_item,-0.0023333333333333288,0.003548278142673962,3,5,0.002048599340832477
frozen_policy,20,four_state_semimarkov,least_mastery_target_item,-0.0037777777777777744,0.00045896421227384224,3,5,0.00026498311150470737
frozen_policy,20,four_state_semimarkov,maximum_response_information_gain,0.004666666666666665,0.004569676623618393,3,5,0.0026383040287556196
frozen_policy,20,four_state_semimarkov,maximum_skill_uncertainty,0.0018333333333333372,0.0024281337140555754,3,5,0.0014018836534383924
frozen_policy,20,four_state_semimarkov,target_success_070,0.0004722222222222263,0.0033853579054729382,3,5,0.0019545372980280286
frozen_policy,20,four_state_semimarkov,two_corner_robust_response_information_gain,0.0044444444444444444,0.004294969063830282,3,5,0.0024797015451635284
frozen_policy,21,binary_bktf,balanced_mastery,0.008166666666666666,0.004705935967831832,3,5,0.0027169733978168503
frozen_policy,21,binary_bktf,blocked_median_item,0.0,0.0,3,5,0.0
frozen_policy,21,binary_bktf,interleaved_median_item,0.0004999999999999997,0.0010897247358851647,3,5,0.0006291528696058937
frozen_policy,21,binary_bktf,least_mastery_target_item,0.004666666666666666,0.0047521924764610856,3,5,0.002743679605525722
frozen_policy,21,binary_bktf,maximum_response_information_gain,0.017083333333333336,0.0028867513459481246,3,5,0.0016666666666666644
frozen_policy,21,binary_bktf,maximum_skill_uncertainty,0.007333333333333331,0.004125631264828856,3,5,0.0023819343213260765
frozen_policy,21,binary_bktf,target_success_070,0.005833333333333332,0.0022684429314693676,3,5,0.0013096861371251433
frozen_policy,21,binary_bktf,two_corner_robust_response_information_gain,0.013916666666666666,0.00028867513459481415,3,5,0.0001666666666666674
frozen_policy,21,continuous_latent_trait,balanced_mastery,-0.0048474298480109595,7.613463248093836e-05,3,5,4.395635055752299e-05
frozen_policy,21,continuous_latent_trait,blocked_median_item,0.0,0.0,3,5,0.0
frozen_policy,21,continuous_latent_trait,interleaved_median_item,0.000141572998063287,2.5743413763613792e-06,3,5,1.486296686628234e-06
frozen_policy,21,continuous_latent_trait,least_mastery_target_item,-0.012340977615538888,0.00037323293673648843,3,5,0.00021548613649524618
frozen_policy,21,continuous_latent_trait,maximum_response_information_gain,0.0023315509158914343,0.0001480378416241882,3,5,8.546968771197625e-05
frozen_policy,21,continuous_latent_trait,maximum_skill_uncertainty,-0.0002932856096243624,6.883956351590163e-05,3,5,3.9744540526802155e-05
frozen_policy,21,continuous_latent_trait,target_success_070,0.0020157938533177182,0.0007480662194023751,3,5,0.00043189623314362694
frozen_policy,21,continuous_latent_trait,two_corner_robust_response_information_gain,0.0025565485776404937,0.00022963592332959925,3,5,0.0001325803621499524
frozen_policy,21,four_state_semimarkov,balanced_mastery,0.0015833333333333348,0.004206476488041321,3,5,0.0024286103327104884
frozen_policy,21,four_state_semimarkov,blocked_median_item,0.0,0.0,3,5,0.0
frozen_policy,21,four_state_semimarkov,interleaved_median_item,0.001027777777777773,0.0020452066815777738,3,5,0.001180800628157349
frozen_policy,21,four_state_semimarkov,least_mastery_target_item,-0.0023611111111111107,0.00127293769304329,3,5,0.0007349309197401648
frozen_policy,21,four_state_semimarkov,maximum_response_information_gain,0.00822222222222222,0.0018565449790563272,3,5,0.0010718767434208186
frozen_policy,21,four_state_semimarkov,maximum_skill_uncertainty,0.0039444444444444405,0.0026514321776339275,3,5,0.0015308050814949838
frozen_policy,21,four_state_semimarkov,target_success_070,0.0023611111111111103,0.0020023134767711273,3,5,0.001156036224815826
frozen_policy,21,four_state_semimarkov,two_corner_robust_response_information_gain,0.008111111111111102,0.0022520566731899206,3,5,0.0013002255264964939
frozen_policy,22,binary_bktf,balanced_mastery,0.010750000000000001,0.002291287847477926,3,5,0.0013228756555322988
frozen_policy,22,binary_bktf,blocked_median_item,0.0,0.0,3,5,0.0
frozen_policy,22,binary_bktf,interleaved_median_item,-0.0006666666666666648,0.0015069284433354272,3,5,0.0008700255424092127
frozen_policy,22,binary_bktf,least_mastery_target_item,0.004166666666666668,0.00570270403697521,3,5,0.003292457710856403
frozen_policy,22,binary_bktf,maximum_response_information_gain,0.013249999999999998,0.0071458029639782285,3,5,0.004125631264828856
frozen_policy,22,binary_bktf,maximum_skill_uncertainty,0.006916666666666669,0.008401388774085706,3,5,0.0048505440702850825
frozen_policy,22,binary_bktf,target_success_070,-0.0029999999999999988,0.003682729965664062,3,5,0.0021262251370288477
frozen_policy,22,binary_bktf,two_corner_robust_response_information_gain,0.009250000000000003,0.005528336096874,3,5,0.003191786333700929
frozen_policy,22,continuous_latent_trait,balanced_mastery,-0.004800987899479951,0.000441502859525018,3,5,0.0002549017947947587
frozen_policy,22,continuous_latent_trait,blocked_median_item,0.0,0.0,3,5,0.0
frozen_policy,22,continuous_latent_trait,interleaved_median_item,0.0002106638400202978,3.638270441709995e-07,3,5,2.1005564189059244e-07
frozen_policy,22,continuous_latent_trait,least_mastery_target_item,-0.011057695491228814,0.0005590955861345662,3,5,0.00032279398715752346
frozen_policy,22,continuous_latent_trait,maximum_response_information_gain,0.002458082879235447,4.376238603159389e-05,3,5,2.526622535572105e-05
frozen_policy,22,continuous_latent_trait,maximum_skill_uncertainty,-0.0007249195460720097,0.0001867506951206258,3,5,0.00010782056409924305
frozen_policy,22,continuous_latent_trait,target_success_070,0.0018133723180073496,0.0006890121308364167,3,5,0.00039780133921332283
frozen_policy,22,continuous_latent_trait,two_corner_robust_response_information_gain,0.002572611986250832,0.00020561687751176512,3,5,0.0001187129595813479
frozen_policy,22,four_state_semimarkov,balanced_mastery,0.00027777777777778016,0.0038598119317070556,3,5,0.002228463457792398
frozen_policy,22,four_state_semimarkov,blocked_median_item,0.0,0.0,3,5,0.0
frozen_policy,22,four_state_semimarkov,interleaved_median_item,0.0003611111111111156,0.0008910563851303008,3,5,0.000514451643818114
frozen_policy,22,four_state_semimarkov,least_mastery_target_item,-0.0051666666666666606,0.0015612494995995987,3,5,0.0009013878188659968
frozen_policy,22,four_state_semimarkov,maximum_response_information_gain,0.007861111111111112,0.0016673609664954333,3,5,0.0009626513028424131
frozen_policy,22,four_state_semimarkov,maximum_skill_uncertainty,0.001277777777777778,0.0014938144066387483,3,5,0.0008624541497922225
frozen_policy,22,four_state_semimarkov,target_success_070,0.0025277777777777833,0.00037577081273524346,3,5,0.00021695137988629728
frozen_policy,22,four_state_semimarkov,two_corner_robust_response_information_gain,0.0068333333333333345,0.003459086263419544,3,5,0.0019971043853354107
frozen_policy,23,binary_bktf,balanced_mastery,0.010749999999999996,0.007198090024443983,3,5,0.004155819213263894
frozen_policy,23,binary_bktf,blocked_median_item,0.0,0.0,3,5,0.0
frozen_policy,23,binary_bktf,interleaved_median_item,0.001666666666666667,0.005751811308912464,3,5,0.003320809807528545
frozen_policy,23,binary_bktf,least_mastery_target_item,0.004333333333333331,0.005198156724583563,3,5,0.003001157184228184
frozen_policy,23,binary_bktf,maximum_response_information_gain,0.013416666666666665,0.005625462943912555,3,5,0.0032478625449841787
frozen_policy,23,binary_bktf,maximum_skill_uncertainty,0.009916666666666666,0.0048883364586874865,3,5,0.0028222823703126826
frozen_policy,23,binary_bktf,target_success_070,0.003333333333333332,0.002897556441785622,3,5,0.0016729049916570631
frozen_policy,23,binary_bktf,two_corner_robust_response_information_gain,0.01833333333333333,0.0005204164998665286,3,5,0.00030046260628866314
frozen_policy,23,continuous_latent_trait,balanced_mastery,-0.006183136443710924,0.0002843579490949132,3,5,0.00016417413845615803
frozen_policy,23,continuous_latent_trait,blocked_median_item,0.0,0.0,3,5,0.0
frozen_policy,23,continuous_latent_trait,interleaved_median_item,0.00012642622310376478,4.529875119264642e-06,3,5,2.6153246195028295e-06
frozen_policy,23,continuous_latent_trait,least_mastery_target_item,-0.013845116007283623,0.00038753209041251114,3,5,0.0002237417567192817
frozen_policy,23,continuous_latent_trait,maximum_response_information_gain,0.00023427120149118776,0.0005233663989865343,3,5,0.0003021657313396807
frozen_policy,23,continuous_latent_trait,maximum_skill_uncertainty,-0.0009076290789465147,0.00016048451470826325,3,5,9.265577776758224e-05
frozen_policy,23,continuous_latent_trait,target_success_070,0.00026870654719606744,0.000721277974254004,3,5,0.0004164300325960972
frozen_policy,23,continuous_latent_trait,two_corner_robust_response_information_gain,0.0002935371417699963,0.0002932864944920538,3,5,0.00016932903654466895
frozen_policy,23,four_state_semimarkov,balanced_mastery,-0.005138888888888886,0.0011375330683024033,3,5,0.0006567550231964935
frozen_policy,23,four_state_semimarkov,blocked_median_item,0.0,0.0,3,5,0.0
frozen_policy,23,four_state_semimarkov,interleaved_median_item,-0.002083333333333334,0.0033942353090693806,3,5,0.0019596626693841397
frozen_policy,23,four_state_semimarkov,least_mastery_target_item,-0.009777777777777772,0.0012028130608117181,3,5,0.0006944444444444432
frozen_policy,23,four_state_semimarkov,maximum_response_information_gain,0.003166666666666667,0.002381934321326071,3,5,0.0013752104216096157
frozen_policy,23,four_state_semimarkov,maximum_skill_uncertainty,-0.00013888888888888921,0.001997104385335402,3,5,0.0011530287544731766
frozen_policy,23,four_state_semimarkov,target_success_070,-0.0038055555555555533,0.0012918906615814983,3,5,0.0007458734212276418
frozen_policy,23,four_state_semimarkov,two_corner_robust_response_information_gain,0.001194444444444444,0.0008910563851303035,3,5,0.0005144516438181157
frozen_policy,24,binary_bktf,balanced_mastery,0.013499999999999998,0.0018027756377319956,3,5,0.001040832999733067
frozen_policy,24,binary_bktf,blocked_median_item,0.0,0.0,3,5,0.0
frozen_policy,24,binary_bktf,interleaved_median_item,0.0009166666666666688,0.004252450274057688,3,5,0.002455153310442704
frozen_policy,24,binary_bktf,least_mastery_target_item,0.012583333333333335,0.0031258332222518373,3,5,0.0018047006523089738
frozen_policy,24,binary_bktf,maximum_response_information_gain,0.02008333333333333,0.006938719862722033,3,5,0.004006071780573969
frozen_policy,24,binary_bktf,maximum_skill_uncertainty,0.012249999999999997,0.0036827299656640583,3,5,0.0021262251370288456
frozen_policy,24,binary_bktf,target_success_070,0.0045833333333333325,0.0033291640592396942,3,5,0.0019220937657784649
frozen_policy,24,binary_bktf,two_corner_robust_response_information_gain,0.014666666666666666,0.0035560980488919774,3,5,0.002053114165792486
frozen_policy,24,continuous_latent_trait,balanced_mastery,-0.0021711321775547696,0.0002559610438028755,3,5,0.0001477791775416478
frozen_policy,24,continuous_latent_trait,blocked_median_item,0.0,0.0,3,5,0.0
frozen_policy,24,continuous_latent_trait,interleaved_median_item,0.0001227167669119364,3.1394095629794303e-06,3,5,1.8125389562826596e-06
frozen_policy,24,continuous_latent_trait,least_mastery_target_item,-0.0072976005842003075,0.0004106701011731467,3,5,0.0002371004934604471
frozen_policy,24,continuous_latent_trait,maximum_response_information_gain,0.0035269625654408276,0.0002478033297434386,3,5,0.00014306931913345987
frozen_policy,24,continuous_latent_trait,maximum_skill_uncertainty,-0.00021523317191144233,0.00035786644711393814,3,5,0.00020661428957516716
frozen_policy,24,continuous_latent_trait,target_success_070,0.0018116892505686082,0.0008932125850197304,3,5,0.0005156965264047029
frozen_policy,24,continuous_latent_trait,two_corner_robust_response_information_gain,0.0038530604491960343,0.00023905551420319988,3,5,0.00013801876547648188
frozen_policy,24,four_state_semimarkov,balanced_mastery,0.0031666666666666653,0.0028370074217581994,3,5,0.0016379469986450626
frozen_policy,24,four_state_semimarkov,blocked_median_item,0.0,0.0,3,5,0.0
frozen_policy,24,four_state_semimarkov,interleaved_median_item,0.0008611111111111106,0.0027403027678085602,3,5,0.001582114540655349
frozen_policy,24,four_state_semimarkov,least_mastery_target_item,-0.0007222222222222219,0.005172263993147948,3,5,0.0029862080087637768
frozen_policy,24,four_state_semimarkov,maximum_response_information_gain,0.010249999999999995,0.0036314597615834843,3,5,0.002096624270901519
frozen_policy,24,four_state_semimarkov,maximum_skill_uncertainty,0.0020277777777777755,0.00304176179455506,3,5,0.001756161990897083
frozen_policy,24,four_state_semimarkov,target_success_070,0.0023611111111111094,0.004010691729383863,3,5,0.002315573949596379
frozen_policy,24,four_state_semimarkov,two_corner_robust_response_information_gain,0.009527777777777776,0.0025770532985764354,3,5,0.0014878624156491182
frozen_policy,25,binary_bktf,balanced_mastery,0.005333333333333333,0.006506407098647711,3,5,0.003756475889861548
frozen_policy,25,binary_bktf,blocked_median_item,0.0,0.0,3,5,0.0
frozen_policy,25,binary_bktf,interleaved_median_item,-0.0006666666666666649,0.004875534158770026,3,5,0.00281489095900909
frozen_policy,25,binary_bktf,least_mastery_target_item,0.009333333333333332,0.00915946686949264,3,5,0.005288220662735034
frozen_policy,25,binary_bktf,maximum_response_information_gain,0.011000000000000001,0.0015612494995995993,3,5,0.0009013878188659973
frozen_policy,25,binary_bktf,maximum_skill_uncertainty,0.0068333333333333345,0.002081665999466134,3,5,0.0012018504251546638
frozen_policy,25,binary_bktf,target_success_070,-0.00033333333333333397,0.005875443245690774,3,5,0.003392188739507937
frozen_policy,25,binary_bktf,two_corner_robust_response_information_gain,0.011833333333333335,0.00682977549655428,3,5,0.003943172721440324
frozen_policy,25,continuous_latent_trait,balanced_mastery,-0.00397532388092221,0.00045310924282828275,3,5,0.00026160274331921656
frozen_policy,25,continuous_latent_trait,blocked_median_item,0.0,0.0,3,5,0.0
frozen_policy,25,continuous_latent_trait,interleaved_median_item,0.00020129683076524425,7.727169951880542e-06,3,5,4.461283651792219e-06
frozen_policy,25,continuous_latent_trait,least_mastery_target_item,-0.008716112736538655,0.0007860570927580514,3,5,0.0004538302741022756
frozen_policy,25,continuous_latent_trait,maximum_response_information_gain,0.0019776436240452064,0.0003005230874251908,3,5,0.00017350708542263136
frozen_policy,25,continuous_latent_trait,maximum_skill_uncertainty,-0.0010532706475198349,0.00025334495696673114,3,5,0.0001462687791025764
frozen_policy,25,continuous_latent_trait,target_success_070,-0.0002732190449595237,0.0006401986754289157,3,5,0.00036961887759372637
frozen_policy,25,continuous_latent_trait,two_corner_robust_response_information_gain,0.001984361151450676,0.0005105904839986538,3,5,0.00029478955338228406
frozen_policy,25,four_state_semimarkov,balanced_mastery,0.00375,0.0036295469567304227,3,5,0.0020955199125046965
frozen_policy,25,four_state_semimarkov,blocked_median_item,0.0,0.0,3,5,0.0
frozen_policy,25,four_state_semimarkov,interleaved_median_item,0.0006388888888888899,0.005007170783911736,3,5,0.00289089139996987
frozen_policy,25,four_state_semimarkov,least_mastery_target_item,-0.00011111111111110552,0.004420857550462517,3,5,0.002552383296808524
frozen_policy,25,four_state_semimarkov,maximum_response_information_gain,0.008138888888888888,0.0030803288665215405,3,5,0.0017784287002787864
frozen_policy,25,four_state_semimarkov,maximum_skill_uncertainty,0.003555555555555557,0.003892062197363773,3,5,0.002247083157350741
frozen_policy,25,four_state_semimarkov,target_success_070,0.0014166666666666674,0.0024209731743889884,3,5,0.0013977495139343454
frozen_policy,25,four_state_semimarkov,two_corner_robust_response_information_gain,0.005333333333333333,0.002126225137028839,3,5,0.0012275766552213492
frozen_policy,26,binary_bktf,balanced_mastery,0.017833333333333333,0.010266247285806697,3,5,0.005927220634027762
frozen_policy,26,binary_bktf,blocked_median_item,0.0,0.0,3,5,0.0
frozen_policy,26,binary_bktf,interleaved_median_item,0.0021666666666666653,0.004836923953643814,3,5,0.002792599346686005
frozen_policy,26,binary_bktf,least_mastery_target_item,0.009999999999999997,0.010508924778491848,3,5,0.006067330549755797
frozen_policy,26,binary_bktf,maximum_response_information_gain,0.020083333333333328,0.003642915499065732,3,5,0.0021032382440206603
frozen_policy,26,binary_bktf,maximum_skill_uncertainty,0.00808333333333333,0.0070104089276827,3,5,0.004047461481526963
frozen_policy,26,binary_bktf,target_success_070,-0.00033333333333333305,0.003125833222251838,3,5,0.0018047006523089742
frozen_policy,26,binary_bktf,two_corner_robust_response_information_gain,0.016249999999999997,0.004999999999999999,3,5,0.0028867513459481286
frozen_policy,26,continuous_latent_trait,balanced_mastery,-0.004087576452896412,0.00038604520206040395,3,5,0.00022288330132893771
frozen_policy,26,continuous_latent_trait,blocked_median_item,0.0,0.0,3,5,0.0
frozen_policy,26,continuous_latent_trait,interleaved_median_item,0.00018192021569185635,4.386705049160826e-06,3,5,2.5326653409884938e-06
frozen_policy,26,continuous_latent_trait,least_mastery_target_item,-0.009581535951282518,0.0007913101176188702,3,5,0.00045686310941972914
frozen_policy,26,continuous_latent_trait,maximum_response_information_gain,0.0020442044351782025,6.988592971863945e-05,3,5,4.0348660335623754e-05
frozen_policy,26,continuous_latent_trait,maximum_skill_uncertainty,-0.0002950560855767988,0.0001911603447284195,3,5,0.00011036647648733466
frozen_policy,26,continuous_latent_trait,target_success_070,-0.0001839370251658448,0.0005218236952116631,3,5,0.00030127505089997894
frozen_policy,26,continuous_latent_trait,two_corner_robust_response_information_gain,0.0021176488877397625,0.00036939084364997105,3,5,0.00021326790301749376
frozen_policy,26,four_state_semimarkov,balanced_mastery,-0.0013333333333333329,0.0017400510848184286,3,5,0.00100461896222362
frozen_policy,26,four_state_semimarkov,blocked_median_item,0.0,0.0,3,5,0.0
frozen_policy,26,four_state_semimarkov,interleaved_median_item,-0.0024999999999999988,0.0032734198902337258,3,5,0.001889909854797117
frozen_policy,26,four_state_semimarkov,least_mastery_target_item,-0.0048611111111111095,0.006693868117192804,3,5,0.0038647065593811186
frozen_policy,26,four_state_semimarkov,maximum_response_information_gain,0.006749999999999995,0.0041932485418030435,3,5,0.002420973174388993
frozen_policy,26,four_state_semimarkov,maximum_skill_uncertainty,0.0015555555555555507,0.003097191081059192,3,5,0.0017881641043812327
frozen_policy,26,four_state_semimarkov,target_success_070,0.0002777777777777758,0.0031361836917100593,3,5,0.0018106764986369171
frozen_policy,26,four_state_semimarkov,two_corner_robust_response_information_gain,0.006638888888888882,0.0016548190009562772,3,5,0.0009554101956622143
frozen_policy,27,binary_bktf,balanced_mastery,0.012833333333333329,0.01201388086062673,3,5,0.006936217348894936
frozen_policy,27,binary_bktf,blocked_median_item,0.0,0.0,3,5,0.0
frozen_policy,27,binary_bktf,interleaved_median_item,0.0005833333333333327,0.006355771655222782,3,5,0.0036695064760506667
frozen_policy,27,binary_bktf,least_mastery_target_item,0.002749999999999999,0.003041381265149113,3,5,0.001755942292142125
frozen_policy,27,binary_bktf,maximum_response_information_gain,0.019416666666666665,0.002565800719723439,3,5,0.001481365736219263
frozen_policy,27,binary_bktf,maximum_skill_uncertainty,0.00883333333333333,0.00038188130791298725,3,5,0.00022047927592204957
frozen_policy,27,binary_bktf,target_success_070,0.0035833333333333325,0.004652508284069285,3,5,0.0026861269102143657
frozen_policy,27,binary_bktf,two_corner_robust_response_information_gain,0.01883333333333333,0.00676541449826493,3,5,0.0039060138817526547
frozen_policy,27,continuous_latent_trait,balanced_mastery,-0.005557646341502313,0.0002896614387215437,3,5,0.00016723610961973757
frozen_policy,27,continuous_latent_trait,blocked_median_item,0.0,0.0,3,5,0.0
frozen_policy,27,continuous_latent_trait,interleaved_median_item,0.00020013086370336517,3.429954176323605e-06,3,5,1.9802849670085145e-06
frozen_policy,27,continuous_latent_trait,least_mastery_target_item,-0.011769604822827469,0.0007447235438407515,3,5,0.00042996633850831
frozen_policy,27,continuous_latent_trait,maximum_response_information_gain,0.0020049179891575846,0.00013054336495159127,3,5,7.536924689572079e-05
frozen_policy,27,continuous_latent_trait,maximum_skill_uncertainty,4.63317027761976e-05,0.00034489398900272063,3,5,0.00019912463739260458
frozen_policy,27,continuous_latent_trait,target_success_070,-0.00030086653532405587,0.000917345809723087,3,5,0.0005296298501835995
frozen_policy,27,continuous_latent_trait,two_corner_robust_response_information_gain,0.0015708670188267217,0.00031097582491972103,3,5,0.0001795419762288669
frozen_policy,27,four_state_semimarkov,balanced_mastery,-0.001472222222222222,0.003914301886576872,3,5,0.002259923247904617
frozen_policy,27,four_state_semimarkov,blocked_median_item,0.0,0.0,3,5,0.0
frozen_policy,27,four_state_semimarkov,interleaved_median_item,0.002277777777777779,0.0036650880440134512,3,5,0.002116039568814845
frozen_policy,27,four_state_semimarkov,least_mastery_target_item,-0.0024444444444444383,0.0023114048958571944,3,5,0.0013344902388293702
frozen_policy,27,four_state_semimarkov,maximum_response_information_gain,0.007083333333333335,0.0010897247358851684,3,5,0.0006291528696058959
frozen_policy,27,four_state_semimarkov,maximum_skill_uncertainty,0.003305555555555556,0.0013342011065025441,3,5,0.0007703013679923404
frozen_policy,27,four_state_semimarkov,target_success_070,0.0011666666666666663,0.0031258332222518434,3,5,0.0018047006523089772
frozen_policy,27,four_state_semimarkov,two_corner_robust_response_information_gain,0.008027777777777774,0.0027917703131671674,3,5,0.00161182934182267
frozen_policy,28,binary_bktf,balanced_mastery,0.020416666666666663,0.007459613484178203,3,5,0.004306809853140848
frozen_policy,28,binary_bktf,blocked_median_item,0.0,0.0,3,5,0.0
frozen_policy,28,binary_bktf,interleaved_median_item,0.0028333333333333305,0.007375353098891829,3,5,0.004258162097013738
frozen_policy,28,binary_bktf,least_mastery_target_item,0.010583333333333333,0.008847080497731063,3,5,0.005107864306907318
frozen_policy,28,binary_bktf,maximum_response_information_gain,0.01508333333333333,0.008292818177997957,3,5,0.004787860807407743
frozen_policy,28,binary_bktf,maximum_skill_uncertainty,0.006499999999999999,0.0040926763859362265,3,5,0.002362907813126305
frozen_policy,28,binary_bktf,target_success_070,0.0004999999999999987,0.010888640870191287,3,5,0.006286559737514101
frozen_policy,28,binary_bktf,two_corner_robust_response_information_gain,0.013249999999999998,0.009743587634952538,3,5,0.005625462943912557
frozen_policy,28,continuous_latent_trait,balanced_mastery,-0.0037599198773401927,0.0003994344788299677,3,5,0.00023061360387609974
frozen_policy,28,continuous_latent_trait,blocked_median_item,0.0,0.0,3,5,0.0
frozen_policy,28,continuous_latent_trait,interleaved_median_item,0.00019990311574440495,6.806093846043667e-06,3,5,3.929500114143167e-06
frozen_policy,28,continuous_latent_trait,least_mastery_target_item,-0.00859542631797019,0.0005486326391383597,3,5,0.0003167532018927468
frozen_policy,28,continuous_latent_trait,maximum_response_information_gain,0.0021788676233618566,0.0003081613245868296,3,5,0.0001779170237040377
frozen_policy,28,continuous_latent_trait,maximum_skill_uncertainty,-0.000796762663932887,0.00026516028571573304,3,5,0.00015309036233637657
frozen_policy,28,continuous_latent_trait,target_success_070,0.0002776670446012558,0.00029441408689734696,3,5,0.00016998005232340114
frozen_policy,28,continuous_latent_trait,two_corner_robust_response_information_gain,0.002367396117472115,0.0006289217476655931,3,5,0.0003631081403139401
frozen_policy,28,four_state_semimarkov,balanced_mastery,0.001249999999999994,0.0014215601757693334,3,5,0.0008207381501496764
frozen_policy,28,four_state_semimarkov,blocked_median_item,0.0,0.0,3,5,0.0
frozen_policy,28,four_state_semimarkov,interleaved_median_item,-0.00047222222222222354,0.0020315793892473955,3,5,0.0011729329072620793
frozen_policy,28,four_state_semimarkov,least_mastery_target_item,-0.0010555555555555602,0.0013852730710879663,3,5,0.000799787780493777
frozen_policy,28,four_state_semimarkov,maximum_response_information_gain,0.004805555555555553,0.001354860933139691,3,5,0.0007822293244627082
frozen_policy,28,four_state_semimarkov,maximum_skill_uncertainty,0.00044444444444443867,0.0025554045849126503,3,5,0.0014753635249877225
frozen_policy,28,four_state_semimarkov,target_success_070,-0.00047222222222222126,0.0027917703131671635,3,5,0.0016118293418226678
frozen_policy,28,four_state_semimarkov,two_corner_robust_response_information_gain,0.0044999999999999945,0.0008457409637576848,3,5,0.0004882887730901928
frozen_policy,29,binary_bktf,balanced_mastery,0.00975,0.006712860791048779,3,5,0.0038756719847444967
frozen_policy,29,binary_bktf,blocked_median_item,0.0,0.0,3,5,0.0
frozen_policy,29,binary_bktf,interleaved_median_item,-0.0008333333333333352,0.008292818177997952,3,5,0.004787860807407739
frozen_policy,29,binary_bktf,least_mastery_target_item,0.0045833333333333325,0.005002082899486307,3,5,0.0028879539085272434
frozen_policy,29,binary_bktf,maximum_response_information_gain,0.015416666666666667,0.005928392137277472,3,5,0.003422758796318809
frozen_policy,29,binary_bktf,maximum_skill_uncertainty,0.007499999999999999,0.00043301270189222217,3,5,0.00025000000000000163
frozen_policy,29,binary_bktf,target_success_070,0.0002499999999999998,0.0010897247358851658,3,5,0.0006291528696058944
frozen_policy,29,binary_bktf,two_corner_robust_response_information_gain,0.014333333333333332,0.004536885862938733,3,5,0.002619372274250285
frozen_policy,29,continuous_latent_trait,balanced_mastery,-0.004603638421561298,0.0004038270964510193,3,5,0.00023314968284206098
frozen_policy,29,continuous_latent_trait,blocked_median_item,0.0,0.0,3,5,0.0
frozen_policy,29,continuous_latent_trait,interleaved_median_item,0.00017080125381268175,3.840489938602987e-06,3,5,2.217307899872484e-06
frozen_policy,29,continuous_latent_trait,least_mastery_target_item,-0.008783979782220038,0.0005704954299660999,3,5,0.0003293756900623791
frozen_policy,29,continuous_latent_trait,maximum_response_information_gain,0.0014384660556813079,0.0001266364526006596,3,5,7.311358999821011e-05
frozen_policy,29,continuous_latent_trait,maximum_skill_uncertainty,-1.2053073129238501e-05,0.00026513809385575715,3,5,0.00015307754986004565
frozen_policy,29,continuous_latent_trait,target_success_070,-0.00045573497893440463,0.0012368755904727982,3,5,0.0007141104551135473
frozen_policy,29,continuous_latent_trait,two_corner_robust_response_information_gain,0.0017611591667433043,0.00025633933262519303,3,5,0.00014799758269504423
frozen_policy,29,four_state_semimarkov,balanced_mastery,-0.00013888888888889217,0.0020005786200034256,3,5,0.0011550346047939878
frozen_policy,29,four_state_semimarkov,blocked_median_item,0.0,0.0,3,5,0.0
frozen_policy,29,four_state_semimarkov,interleaved_median_item,0.0030833333333333303,0.002333333333333333,3,5,0.0013471506281091266
frozen_policy,29,four_state_semimarkov,least_mastery_target_item,-0.0025277777777777803,0.002473938230912479,3,5,0.0014283289035758263
frozen_policy,29,four_state_semimarkov,maximum_response_information_gain,0.006777777777777769,0.003136183691710059,3,5,0.001810676498636917
frozen_policy,29,four_state_semimarkov,maximum_skill_uncertainty,0.00394444444444444,0.0019370892635123527,3,5,0.001118379007733191
frozen_policy,29,four_state_semimarkov,target_success_070,0.000805555555555551,0.0018111025903003403,3,5,0.00104564056803993
frozen_policy,29,four_state_semimarkov,two_corner_robust_response_information_gain,0.004749999999999993,0.004804511768466526,3,5,0.002773886162848874
frozen_policy,30,binary_bktf,balanced_mastery,0.010916666666666663,0.008005206639015218,3,5,0.004621808207954016
frozen_policy,30,binary_bktf,blocked_median_item,0.0,0.0,3,5,0.0
frozen_policy,30,binary_bktf,interleaved_median_item,-0.00016666666666666682,0.004888336458687489,3,5,0.002822282370312684
frozen_policy,30,binary_bktf,least_mastery_target_item,0.006916666666666666,0.006027713773341707,3,5,0.00348010216963685
frozen_policy,30,binary_bktf,maximum_response_information_gain,0.017166666666666663,0.005991313156006233,3,5,0.003459086263419545
frozen_policy,30,binary_bktf,maximum_skill_uncertainty,0.007166666666666666,0.007090192757135264,3,5,0.00409352469693838
frozen_policy,30,binary_bktf,target_success_070,0.0011666666666666676,0.005186119294167206,3,5,0.0029942073705369484
frozen_policy,30,binary_bktf,two_corner_robust_response_information_gain,0.016916666666666667,0.0036429154990657354,3,5,0.0021032382440206625
frozen_policy,30,continuous_latent_trait,balanced_mastery,-0.0040659017647188865,0.0002665763195181715,3,5,0.00015390790983339602
frozen_policy,30,continuous_latent_trait,blocked_median_item,0.0,0.0,3,5,0.0
frozen_policy,30,continuous_latent_trait,interleaved_median_item,0.00018072285503923204,2.6189665721272287e-06,3,5,1.512061055416287e-06
frozen_policy,30,continuous_latent_trait,least_mastery_target_item,-0.009260942098538612,8.703731519455566e-05,3,5,5.025101735711902e-05
frozen_policy,30,continuous_latent_trait,maximum_response_information_gain,0.0003782647892311796,0.0007063160260374362,3,5,0.00040779174776566055
frozen_policy,30,continuous_latent_trait,maximum_skill_uncertainty,-0.0013729985877549698,0.00025912595459593574,3,5,0.00014960643963998226
frozen_policy,30,continuous_latent_trait,target_success_070,-0.0005618535535247485,0.0004455797456819327,3,5,0.00025725558611490885
frozen_policy,30,continuous_latent_trait,two_corner_robust_response_information_gain,0.0006430177357349929,0.0004327325751088412,3,5,0.0002498382687262094
frozen_policy,30,four_state_semimarkov,balanced_mastery,0.004055555555555557,0.00156864532261061,3,5,0.000905657799272283
frozen_policy,30,four_state_semimarkov,blocked_median_item,0.0,0.0,3,5,0.0
frozen_policy,30,four_state_semimarkov,interleaved_median_item,0.00016666666666666444,0.0023228933107943927,3,5,0.0013411230782859238
frozen_policy,30,four_state_semimarkov,least_mastery_target_item,-0.001249999999999997,0.004562071897723663,3,5,0.0026339134382131835
frozen_policy,30,four_state_semimarkov,maximum_response_information_gain,0.006055555555555554,0.005048606335012263,3,5,0.0029148142265517803
frozen_policy,30,four_state_semimarkov,maximum_skill_uncertainty,0.003305555555555554,0.006689717095275015,3,5,0.0038623099657594715
frozen_policy,30,four_state_semimarkov,target_success_070,0.003222222222222222,0.0055304292914879725,3,5,0.0031929948401747724
frozen_policy,30,four_state_semimarkov,two_corner_robust_response_information_gain,0.0057499999999999956,0.0015161171165550217,3,5,0.0008753306253660411
frozen_policy,31,binary_bktf,balanced_mastery,0.008749999999999999,0.011434596626029272,3,5,0.006601767440112787
frozen_policy,31,binary_bktf,blocked_median_item,0.0,0.0,3,5,0.0
frozen_policy,31,binary_bktf,interleaved_median_item,0.0009999999999999994,0.0023848480035423628,3,5,0.0013768926368215248
frozen_policy,31,binary_bktf,least_mastery_target_item,0.005833333333333333,0.004758763845089743,3,5,0.002747473586972422
frozen_policy,31,binary_bktf,maximum_response_information_gain,0.016583333333333335,0.006597032161004923,3,5,0.003808798294008811
frozen_policy,31,binary_bktf,maximum_skill_uncertainty,0.009916666666666669,0.003556098048891975,3,5,0.0020531141657924848
frozen_policy,31,binary_bktf,target_success_070,-0.0030833333333333316,0.0015275252316519457,3,5,0.0008819171036881963
frozen_policy,31,binary_bktf,two_corner_robust_response_information_gain,0.015166666666666667,0.002553592241007425,3,5,0.0014743171677461765
frozen_policy,31,continuous_latent_trait,balanced_mastery,-0.004795980767828563,0.00027366168500387293,3,5,0.0001579986475038726
frozen_policy,31,continuous_latent_trait,blocked_median_item,0.0,0.0,3,5,0.0
frozen_policy,31,continuous_latent_trait,interleaved_median_item,0.00014374795554133606,1.394938954456079e-06,3,5,8.053683808583124e-07
frozen_policy,31,continuous_latent_trait,least_mastery_target_item,-0.011875816745773727,0.0006964416924805548,3,5,0.0004020907986285269
frozen_policy,31,continuous_latent_trait,maximum_response_information_gain,0.002055513139219619,0.0006440128155230524,3,5,0.0003718209724038031
frozen_policy,31,continuous_latent_trait,maximum_skill_uncertainty,-0.00019803255653572409,0.00044613425996786006,3,5,0.00025757573508715853
frozen_policy,31,continuous_latent_trait,target_success_070,0.0014472517659447784,0.00010582922286302214,3,5,6.110053030809473e-05
frozen_policy,31,continuous_latent_trait,two_corner_robust_response_information_gain,0.0023435447533981645,0.0003698505084710338,3,5,0.00021353329062567133
frozen_policy,31,four_state_semimarkov,balanced_mastery,-0.0021666666666666653,0.00044095855184409833,3,5,0.00025458753860865775
frozen_policy,31,four_state_semimarkov,blocked_median_item,0.0,0.0,3,5,0.0
frozen_policy,31,four_state_semimarkov,interleaved_median_item,0.0007499999999999973,0.003250000000000002,3,5,0.001876388374866285
frozen_policy,31,four_state_semimarkov,least_mastery_target_item,-0.006277777777777775,0.003952261424851642,3,5,0.0022818391975458693
frozen_policy,31,four_state_semimarkov,maximum_response_information_gain,0.005638888888888887,0.0017125625157553693,3,5,0.0009887484294754253
frozen_policy,31,four_state_semimarkov,maximum_skill_uncertainty,0.00461111111111111,0.0026475005683208553,3,5,0.001528535165799733
frozen_policy,31,four_state_semimarkov,target_success_070,0.001166666666666664,0.002088327347690275,3,5,0.0012056963563450375
frozen_policy,31,four_state_semimarkov,two_corner_robust_response_information_gain,0.005861111111111108,0.0007561476438231202,3,5,0.0004365620457083798
frozen_policy,32,binary_bktf,balanced_mastery,0.01,0.004548351349665064,3,5,0.0026259918760981227
frozen_policy,32,binary_bktf,blocked_median_item,0.0,0.0,3,5,0.0
frozen_policy,32,binary_bktf,interleaved_median_item,-0.002916666666666668,0.005346338310781812,3,5,0.003086709862908688
frozen_policy,32,binary_bktf,least_mastery_target_item,0.007333333333333334,0.0069116447632479846,3,5,0.0039904399646042915
frozen_policy,32,binary_bktf,maximum_response_information_gain,0.01875,0.0032499999999999964,3,5,0.0018763883748662818
frozen_policy,32,binary_bktf,maximum_skill_uncertainty,0.010083333333333333,0.005636562191028617,3,5,0.003254270698294439
frozen_policy,32,binary_bktf,target_success_070,0.0025000000000000005,0.005344389581607984,3,5,0.003085584763595601
frozen_policy,32,binary_bktf,two_corner_robust_response_information_gain,0.022250000000000002,0.006614378277661475,3,5,0.003818813079129866
frozen_policy,32,continuous_latent_trait,balanced_mastery,-0.005426860075796863,0.00046465281467358724,3,5,0.0002682674276315129
frozen_policy,32,continuous_latent_trait,blocked_median_item,0.0,0.0,3,5,0.0
frozen_policy,32,continuous_latent_trait,interleaved_median_item,0.00010599941524324235,3.4651254272252757e-06,3,5,2.00059109818433e-06
frozen_policy,32,continuous_latent_trait,least_mastery_target_item,-0.011750615063012546,0.0005243062050910539,3,5,0.00030270832864711116
frozen_policy,32,continuous_latent_trait,maximum_response_information_gain,0.003149190185785251,0.0005227968170295464,3,5,0.00030183688304348815
frozen_policy,32,continuous_latent_trait,maximum_skill_uncertainty,-0.0007553488221293754,0.0008194366451381211,3,5,0.0004731019676543381
frozen_policy,32,continuous_latent_trait,target_success_070,0.0005704732387270187,0.0006713755905911674,3,5,0.00038761887795515454
frozen_policy,32,continuous_latent_trait,two_corner_robust_response_information_gain,0.003357579860068318,0.0004197712714273334,3,5,0.0002423550565566424
frozen_policy,32,four_state_semimarkov,balanced_mastery,0.0007222222222222236,0.002041808385104113,3,5,0.0011788386207734949
frozen_policy,32,four_state_semimarkov,blocked_median_item,0.0,0.0,3,5,0.0
frozen_policy,32,four_state_semimarkov,interleaved_median_item,0.002666666666666669,0.0025166114784235826,3,5,0.0014529663145135575
frozen_policy,32,four_state_semimarkov,least_mastery_target_item,-0.004555555555555551,0.0015007714065822348,3,5,0.0008664707755823467
frozen_policy,32,four_state_semimarkov,maximum_response_information_gain,0.010472222222222223,0.0004276334532872416,3,5,0.0002468942893698782
frozen_policy,32,four_state_semimarkov,maximum_skill_uncertainty,0.00602777777777778,0.001339395939026797,3,5,0.0007733006059486129
frozen_policy,32,four_state_semimarkov,target_success_070,0.0013611111111111144,0.0012285191326386665,3,5,0.0007092858519335397
frozen_policy,32,four_state_semimarkov,two_corner_robust_response_information_gain,0.008861111111111111,0.0024725343123859623,3,5,0.0014275183508366217
frozen_policy,33,binary_bktf,balanced_mastery,0.011749999999999998,0.003929058411375426,3,5,0.0022684429314693655
frozen_policy,33,binary_bktf,blocked_median_item,0.0,0.0,3,5,0.0
frozen_policy,33,binary_bktf,interleaved_median_item,-0.0017500000000000013,0.0069056136584665665,3,5,0.003986957904635229
frozen_policy,33,binary_bktf,least_mastery_target_item,0.004416666666666667,0.003923752455664518,3,5,0.002265379536511365
frozen_policy,33,binary_bktf,maximum_response_information_gain,0.011000000000000001,0.004993746088859545,3,5,0.002883140648667699
frozen_policy,33,binary_bktf,maximum_skill_uncertainty,0.010666666666666666,0.005713653238807314,3,5,0.00329877923548158
frozen_policy,33,binary_bktf,target_success_070,-0.0042499999999999994,0.00794905654779232,3,5,0.004589389937671454
frozen_policy,33,binary_bktf,two_corner_robust_response_information_gain,0.012166666666666666,0.0026731691553909063,3,5,0.0015433549314543445
frozen_policy,33,continuous_latent_trait,balanced_mastery,-0.0034880333256353657,0.0003999129993894767,3,5,0.00023088987784994504
frozen_policy,33,continuous_latent_trait,blocked_median_item,0.0,0.0,3,5,0.0
frozen_policy,33,continuous_latent_trait,interleaved_median_item,0.00019139133651802697,6.29994832435414e-06,3,5,3.6372768609465947e-06
frozen_policy,33,continuous_latent_trait,least_mastery_target_item,-0.007986820511802325,0.0004921296560126085,3,5,0.00028413118937507744
frozen_policy,33,continuous_latent_trait,maximum_response_information_gain,0.0009234564827457358,0.0007161402516262051,3,5,0.00041346376705391586
frozen_policy,33,continuous_latent_trait,maximum_skill_uncertainty,-0.0014124769281977647,0.00041365769806780994,3,5,0.00023882538333181103
frozen_policy,33,continuous_latent_trait,target_success_070,-0.0038458769392333337,0.0008884143953305872,3,5,0.0005129262902960532
frozen_policy,33,continuous_latent_trait,two_corner_robust_response_information_gain,0.001180466825306119,0.00031662282927198454,3,5,0.0001828022757117612
frozen_policy,33,four_state_semimarkov,balanced_mastery,0.0011944444444444459,0.008993181573548644,3,5,0.005192215802359492
frozen_policy,33,four_state_semimarkov,blocked_median_item,0.0,0.0,3,5,0.0
frozen_policy,33,four_state_semimarkov,interleaved_median_item,-0.0025555555555555488,0.005310062076780199,3,5,0.0030657657694426713
frozen_policy,33,four_state_semimarkov,least_mastery_target_item,-0.0023055555555555524,0.0028871522557960415,3,5,0.00166689813207528
frozen_policy,33,four_state_semimarkov,maximum_response_information_gain,0.0015000000000000022,0.002218921159282385,3,5,0.0012810947286222415
frozen_policy,33,four_state_semimarkov,maximum_skill_uncertainty,-0.0008611111111111077,0.0038336352538105678,3,5,0.0022133503457623708
frozen_policy,33,four_state_semimarkov,target_success_070,-0.008083333333333333,0.0027651100038395093,3,5,0.001596437005055668
frozen_policy,33,four_state_semimarkov,two_corner_robust_response_information_gain,0.004583333333333335,0.0055646453415988464,3,5,0.0032127494859168913
frozen_policy,34,binary_bktf,balanced_mastery,0.012416666666666661,0.0026731691553909037,3,5,0.001543354931454343
frozen_policy,34,binary_bktf,blocked_median_item,0.0,0.0,3,5,0.0
frozen_policy,34,binary_bktf,interleaved_median_item,0.001833333333333332,0.0015275252316519473,3,5,0.0008819171036881972
frozen_policy,34,binary_bktf,least_mastery_target_item,0.00608333333333333,0.003642915499065731,3,5,0.00210323824402066
frozen_policy,34,binary_bktf,maximum_response_information_gain,0.015166666666666663,0.0042890364108192575,3,5,0.002476276326350605
frozen_policy,34,binary_bktf,maximum_skill_uncertainty,0.0065833333333333325,0.0020052015692526644,3,5,0.0011577036657874859
frozen_policy,34,binary_bktf,target_success_070,0.0019999999999999987,0.006144102863722252,3,5,0.003547299442298793
frozen_policy,34,binary_bktf,two_corner_robust_response_information_gain,0.015166666666666663,0.003986957904635227,3,5,0.0023018712194888546
frozen_policy,34,continuous_latent_trait,balanced_mastery,-0.0051403276780267885,0.0003238667882267338,3,5,0.0001869845773642843
frozen_policy,34,continuous_latent_trait,blocked_median_item,0.0,0.0,3,5,0.0
frozen_policy,34,continuous_latent_trait,interleaved_median_item,0.00019637280788727422,5.84149190266225e-06,3,5,3.3725869224710692e-06
frozen_policy,34,continuous_latent_trait,least_mastery_target_item,-0.011572869128757332,0.0009338117971404708,3,5,0.000539136492451499
frozen_policy,34,continuous_latent_trait,maximum_response_information_gain,0.0007129205222556008,7.095696533041457e-05,3,5,4.096702303439379e-05
frozen_policy,34,continuous_latent_trait,maximum_skill_uncertainty,-0.0008986809345075698,0.00015793167069294567,3,5,9.118189258813952e-05
frozen_policy,34,continuous_latent_trait,target_success_070,-0.0014500324024309303,0.0003294119016457387,3,5,0.00019018605008943378
frozen_policy,34,continuous_latent_trait,two_corner_robust_response_information_gain,0.0012599949327835862,0.0004649131610757408,3,5,0.0002684177386968788
frozen_policy,34,four_state_semimarkov,balanced_mastery,0.0004999999999999994,0.002053114165792485,3,5,0.0011853660162973252
frozen_policy,34,four_state_semimarkov,blocked_median_item,0.0,0.0,3,5,0.0
frozen_policy,34,four_state_semimarkov,interleaved_median_item,-0.0006944444444444449,0.0009730155493409495,3,5,0.0005617707893376888
frozen_policy,34,four_state_semimarkov,least_mastery_target_item,-0.005027777777777778,0.001708502701631304,3,5,0.0009864044946980364
frozen_policy,34,four_state_semimarkov,maximum_response_information_gain,0.0074166666666666626,0.0037675515184857683,3,5,0.0021751968833835416
frozen_policy,34,four_state_semimarkov,maximum_skill_uncertainty,0.0029444444444444444,0.003401728863278087,3,5,0.0019639890749237232
frozen_policy,34,four_state_semimarkov,target_success_070,-0.0011111111111111107,0.0028751006423608292,3,5,0.0016599401298142908
frozen_policy,34,four_state_semimarkov,two_corner_robust_response_information_gain,0.007749999999999997,0.0007637626158259686,3,5,0.00044095855184409573
frozen_policy,35,binary_bktf,balanced_mastery,0.014083333333333331,0.0036257183196345155,3,5,0.002093309447846745
frozen_policy,35,binary_bktf,blocked_median_item,0.0,0.0,3,5,0.0
frozen_policy,35,binary_bktf,interleaved_median_item,0.0028333333333333322,0.004964457002868825,3,5,0.002866230586986639
frozen_policy,35,binary_bktf,least_mastery_target_item,0.005916666666666667,0.0023094010767585062,3,5,0.0013333333333333352
frozen_policy,35,binary_bktf,maximum_response_information_gain,0.016666666666666663,0.0019094065395649355,3,5,0.0011023963796102474
frozen_policy,35,binary_bktf,maximum_skill_uncertainty,0.012249999999999997,0.004272001872658766,3,5,0.0024664414311581237
frozen_policy,35,binary_bktf,target_success_070,0.001499999999999999,0.0028173569173961625,3,5,0.0016266017746619289
frozen_policy,35,binary_bktf,two_corner_robust_response_information_gain,0.017666666666666664,0.0053052646807990045,3,5,0.0030629959915815194
frozen_policy,35,continuous_latent_trait,balanced_mastery,-0.004868177763126018,0.00021578248852863007,3,5,0.0001245820778384119
frozen_policy,35,continuous_latent_trait,blocked_median_item,0.0,0.0,3,5,0.0
frozen_policy,35,continuous_latent_trait,interleaved_median_item,0.00023564981339401492,2.437309917243694e-06,3,5,1.4071815368191914e-06
frozen_policy,35,continuous_latent_trait,least_mastery_target_item,-0.01254946094534791,0.0007001977474682917,3,5,0.00040425935798678786
frozen_policy,35,continuous_latent_trait,maximum_response_information_gain,0.001220843819710732,0.00036393741907173044,3,5,0.00021011936686924122
frozen_policy,35,continuous_latent_trait,maximum_skill_uncertainty,0.0002332197402861427,0.0002819655962266108,3,5,0.00016279291288364708
frozen_policy,35,continuous_latent_trait,target_success_070,0.0003352737680876437,0.000487914834379767,3,5,0.00028169776097077014
frozen_policy,35,continuous_latent_trait,two_corner_robust_response_information_gain,0.0018391626499632845,0.0006194569724179859,3,5,0.0003576436497769147
frozen_policy,35,four_state_semimarkov,balanced_mastery,-0.0006111111111111134,0.0037214966125252756,3,5,0.0021486070710297483
frozen_policy,35,four_state_semimarkov,blocked_median_item,0.0,0.0,3,5,0.0
frozen_policy,35,four_state_semimarkov,interleaved_median_item,-0.0024722222222222224,0.0039522614248516524,3,5,0.0022818391975458754
frozen_policy,35,four_state_semimarkov,least_mastery_target_item,-0.006333333333333329,0.0003004626062886679,3,5,0.00017347216662217898
frozen_policy,35,four_state_semimarkov,maximum_response_information_gain,0.003194444444444443,0.0033232486337139325,3,5,0.001918678493258795
frozen_policy,35,four_state_semimarkov,maximum_skill_uncertainty,0.0022777777777777774,0.003975911262889353,3,5,0.0022954934379032332
frozen_policy,35,four_state_semimarkov,target_success_070,-0.002277777777777776,0.00402193062171962,3,5,0.002322062727111822
frozen_policy,35,four_state_semimarkov,two_corner_robust_response_information_gain,0.004638888888888885,0.00525352615269374,3,5,0.00303312473845247
frozen_policy,36,binary_bktf,balanced_mastery,0.013333333333333334,0.008412540242598151,3,5,0.004856982373632602
frozen_policy,36,binary_bktf,blocked_median_item,0.0,0.0,3,5,0.0
frozen_policy,36,binary_bktf,interleaved_median_item,0.003583333333333333,0.0058754432456907734,3,5,0.0033921887395079366
frozen_policy,36,binary_bktf,least_mastery_target_item,0.004749999999999999,0.004993746088859545,3,5,0.002883140648667699
frozen_policy,36,binary_bktf,maximum_response_information_gain,0.014666666666666663,0.0038269875010683418,3,5,0.0022095122639271404
frozen_policy,36,binary_bktf,maximum_skill_uncertainty,0.008,0.0011456439237389586,3,5,0.0006614378277661468
frozen_policy,36,binary_bktf,target_success_070,0.0020833333333333324,0.0023228933107943927,3,5,0.0013411230782859238
frozen_policy,36,binary_bktf,two_corner_robust_response_information_gain,0.015166666666666667,0.005530220007679018,3,5,0.0031928740101113354
frozen_policy,36,continuous_latent_trait,balanced_mastery,-0.004450973241377681,0.0002845234248586011,3,5,0.00016426967593286763
frozen_policy,36,continuous_latent_trait,blocked_median_item,0.0,0.0,3,5,0.0
frozen_policy,36,continuous_latent_trait,interleaved_median_item,0.00017371273456844353,6.362550641139392e-06,3,5,3.673420325394454e-06
frozen_policy,36,continuous_latent_trait,least_mastery_target_item,-0.012027725016816327,0.0007692005490812879,3,5,0.0004440981440728895
frozen_policy,36,continuous_latent_trait,maximum_response_information_gain,0.003145428628192668,0.0003448577501657667,3,5,0.0001991037148903341
frozen_policy,36,continuous_latent_trait,maximum_skill_uncertainty,-6.106336009944342e-05,0.00019338656405121983,3,5,0.00011165178481262857
frozen_policy,36,continuous_latent_trait,target_success_070,0.001684043466423144,0.0006662994423116843,3,5,0.0003846881623795485
frozen_policy,36,continuous_latent_trait,two_corner_robust_response_information_gain,0.003851404319305663,5.156053149852816e-05,3,5,2.9768486740235414e-05
frozen_policy,36,four_state_semimarkov,balanced_mastery,-0.0017222222222222216,0.0022551381660883096,3,5,0.0013020046272508845
frozen_policy,36,four_state_semimarkov,blocked_median_item,0.0,0.0,3,5,0.0
frozen_policy,36,four_state_semimarkov,interleaved_median_item,-0.0016111111111111129,0.007402295689951971,3,5,0.004273717409214978
frozen_policy,36,four_state_semimarkov,least_mastery_target_item,-0.005833333333333329,0.0025671536334582272,3,5,0.0014821468413282334
frozen_policy,36,four_state_semimarkov,maximum_response_information_gain,0.007333333333333327,0.00038188130791298795,3,5,0.00022047927592204998
frozen_policy,36,four_state_semimarkov,maximum_skill_uncertainty,0.0027777777777777766,0.001261979632400062,3,5,0.0007286042804780008
frozen_policy,36,four_state_semimarkov,target_success_070,0.001583333333333336,0.002619372274250289,3,5,0.0015122952876462468
frozen_policy,36,four_state_semimarkov,two_corner_robust_response_information_gain,0.007888888888888885,0.001564212025033449,3,5,0.0009030982337227115
frozen_policy,37,binary_bktf,balanced_mastery,0.010583333333333333,0.0033008837200563966,3,5,0.001905766104338214
frozen_policy,37,binary_bktf,blocked_median_item,0.0,0.0,3,5,0.0
frozen_policy,37,binary_bktf,interleaved_median_item,-0.0027500000000000007,0.0071195154329490706,3,5,0.0041104541517128414
frozen_policy,37,binary_bktf,least_mastery_target_item,0.0006666666666666651,0.0016645820296198484,3,5,0.0009610468828892331
frozen_policy,37,binary_bktf,maximum_response_information_gain,0.014333333333333332,0.007567749555405051,3,5,0.004369242242972777
frozen_policy,37,binary_bktf,maximum_skill_uncertainty,0.0065000000000000014,0.005074445782546109,3,5,0.0029297326385411574
frozen_policy,37,binary_bktf,target_success_070,-0.00016666666666666726,0.0033572061797472815,3,5,0.0019382838916021682
frozen_policy,37,binary_bktf,two_corner_robust_response_information_gain,0.014583333333333332,0.0020816659994661313,3,5,0.0012018504251546623
frozen_policy,37,continuous_latent_trait,balanced_mastery,-0.0055544473124323375,0.0004736133212879321,3,5,0.0002734407785373803
frozen_policy,37,continuous_latent_trait,blocked_median_item,0.0,0.0,3,5,0.0
frozen_policy,37,continuous_latent_trait,interleaved_median_item,0.00018984262182598715,8.940599541426143e-06,3,5,5.161857551959028e-06
frozen_policy,37,continuous_latent_trait,least_mastery_target_item,-0.012201163177795607,0.00021461539588826524,3,5,0.00012390825658832805
frozen_policy,37,continuous_latent_trait,maximum_response_information_gain,0.0014443937836681221,0.0003924642549947024,3,5,0.0002265893432684974
frozen_policy,37,continuous_latent_trait,maximum_skill_uncertainty,-0.0012447247987235185,0.0002869544564908792,3,5,0.00016567323270017187
frozen_policy,37,continuous_latent_trait,target_success_070,0.0023827318297441964,0.0006292334764407208,3,5,0.00036328811700617425
frozen_policy,37,continuous_latent_trait,two_corner_robust_response_information_gain,0.0018973087613471783,0.0004082607969836453,3,5,0.00023570948103807877
frozen_policy,37,four_state_semimarkov,balanced_mastery,0.0020833333333333307,0.006712860791048773,3,5,0.0038756719847444932
frozen_policy,37,four_state_semimarkov,blocked_median_item,0.0,0.0,3,5,0.0
frozen_policy,37,four_state_semimarkov,interleaved_median_item,0.0022777777777777744,0.0011676583087213157,3,5,0.0006741478388617547
frozen_policy,37,four_state_semimarkov,least_mastery_target_item,-0.0028055555555555546,0.0010285282545318723,3,5,0.0005938210646231124
frozen_policy,37,four_state_semimarkov,maximum_response_information_gain,0.008694444444444437,0.0024300396277823514,3,5,0.0014029840332415986
frozen_policy,37,four_state_semimarkov,maximum_skill_uncertainty,0.0034722222222222186,0.0011190687265824266,3,5,0.0006460946305340557
frozen_policy,37,four_state_semimarkov,target_success_070,0.005166666666666665,0.0027092947011681428,3,5,0.001564212025033454
frozen_policy,37,four_state_semimarkov,two_corner_robust_response_information_gain,0.008111111111111107,0.0027263291016255487,3,5,0.001574046840723021
frozen_policy,38,binary_bktf,balanced_mastery,0.009666666666666665,0.0030855847635956023,3,5,0.0017814631938693289
frozen_policy,38,binary_bktf,blocked_median_item,0.0,0.0,3,5,0.0
frozen_policy,38,binary_bktf,interleaved_median_item,0.0040833333333333294,0.006539941386077807,3,5,0.0037758369197363967
frozen_policy,38,binary_bktf,least_mastery_target_item,0.005833333333333332,0.0035118845842842454,3,5,0.0020275875100994063
frozen_policy,38,binary_bktf,maximum_response_information_gain,0.015583333333333331,0.003843284185866735,3,5,0.002218921159282391
frozen_policy,38,binary_bktf,maximum_skill_uncertainty,0.010083333333333335,0.005838093296045666,3,5,0.003370624736026115
frozen_policy,38,binary_bktf,target_success_070,0.00025000000000000006,0.006062177826491072,3,5,0.003500000000000001
frozen_policy,38,binary_bktf,two_corner_robust_response_information_gain,0.017499999999999998,0.006082762530298219,3,5,0.003511884584284246
frozen_policy,38,continuous_latent_trait,balanced_mastery,-0.0051536193618187615,0.00021305651759914824,3,5,0.00012300823778847248
frozen_policy,38,continuous_latent_trait,blocked_median_item,0.0,0.0,3,5,0.0
frozen_policy,38,continuous_latent_trait,interleaved_median_item,0.00018443232794467182,1.8927492202802355e-06,3,5,1.0927792718372483e-06
frozen_policy,38,continuous_latent_trait,least_mastery_target_item,-0.012162266799096313,0.00028737272512040495,3,5,0.00016591472020602215
frozen_policy,38,continuous_latent_trait,maximum_response_information_gain,0.0006567351555344385,0.000322024808025552,3,5,0.00018592110959929
frozen_policy,38,continuous_latent_trait,maximum_skill_uncertainty,-0.0009957967756914386,0.0004299677809026407,3,5,0.00024824201404700566
frozen_policy,38,continuous_latent_trait,target_success_070,-0.0013044937372805436,0.0006073714815508103,3,5,0.0003506660883714622
frozen_policy,38,continuous_latent_trait,two_corner_robust_response_information_gain,0.0016391274363104548,0.00027263654656688706,3,5,0.0001574067835513222
frozen_policy,38,four_state_semimarkov,balanced_mastery,-0.0023611111111111103,0.0006938886664887105,3,5,0.0004006168083848875
frozen_policy,38,four_state_semimarkov,blocked_median_item,0.0,0.0,3,5,0.0
frozen_policy,38,four_state_semimarkov,interleaved_median_item,-0.0005277777777777805,0.0027917703131671583,3,5,0.0016118293418226647
frozen_policy,38,four_state_semimarkov,least_mastery_target_item,-0.004972222222222224,0.0027110029577698783,3,5,0.001565198287442311
frozen_policy,38,four_state_semimarkov,maximum_response_information_gain,0.005166666666666663,0.0015161171165550208,3,5,0.0008753306253660405
frozen_policy,38,four_state_semimarkov,maximum_skill_uncertainty,-0.000277777777777778,0.0005853140973807072,3,5,0.0003379312516832342
frozen_policy,38,four_state_semimarkov,target_success_070,-0.0019166666666666666,0.0010137937550497027,3,5,0.0005853140973807074
frozen_policy,38,four_state_semimarkov,two_corner_robust_response_information_gain,0.003999999999999997,0.0018427786989579965,3,5,0.0010639287779003078
frozen_policy,39,binary_bktf,balanced_mastery,0.015333333333333332,0.002982588361362212,3,5,0.0017219981933143179
frozen_policy,39,binary_bktf,blocked_median_item,0.0,0.0,3,5,0.0
frozen_policy,39,binary_bktf,interleaved_median_item,0.007416666666666669,0.0071428869046998985,3,5,0.004123947677219539
frozen_policy,39,binary_bktf,least_mastery_target_item,0.00775,0.004924428900898054,3,5,0.0028431203515386647
frozen_policy,39,binary_bktf,maximum_response_information_gain,0.013583333333333334,0.0018763883748662818,3,5,0.0010833333333333322
frozen_policy,39,binary_bktf,maximum_skill_uncertainty,0.015250000000000001,0.0006614378277661457,3,5,0.00038188130791298557
frozen_policy,39,binary_bktf,target_success_070,0.0045000000000000005,0.004630064794363033,3,5,0.0026731691553909067
frozen_policy,39,binary_bktf,two_corner_robust_response_information_gain,0.014750000000000004,0.0006614378277661482,3,5,0.00038188130791298703
frozen_policy,39,continuous_latent_trait,balanced_mastery,-0.005996820914454284,0.00016413323611272164,3,5,9.476236805264425e-05
frozen_policy,39,continuous_latent_trait,blocked_median_item,0.0,0.0,3,5,0.0
frozen_policy,39,continuous_latent_trait,interleaved_median_item,0.00017071812656532643,6.192673447191141e-06,3,5,3.5753416817392533e-06
frozen_policy,39,continuous_latent_trait,least_mastery_target_item,-0.012479869462771402,0.0007509081970669298,3,5,0.0004335370497132885
frozen_policy,39,continuous_latent_trait,maximum_response_information_gain,0.0004836743323361348,0.00017926394017637768,3,5,0.00010349808411682462
frozen_policy,39,continuous_latent_trait,maximum_skill_uncertainty,7.498912030961769e-05,0.00047681471155161775,3,5,0.00027528910206790026
frozen_policy,39,continuous_latent_trait,target_success_070,0.00023836947946929857,0.0004101952869269335,3,5,0.00023682635932758086
frozen_policy,39,continuous_latent_trait,two_corner_robust_response_information_gain,0.0011160731347988184,0.0007951810108532648,3,5,0.0004590979706706112
frozen_policy,39,four_state_semimarkov,balanced_mastery,0.0015277777777777757,0.002664495644026661,3,5,0.0015383472773333779
frozen_policy,39,four_state_semimarkov,blocked_median_item,0.0,0.0,3,5,0.0
frozen_policy,39,four_state_semimarkov,interleaved_median_item,-0.001861111111111113,0.0010485881160098263,3,5,0.0006054026310473159
frozen_policy,39,four_state_semimarkov,least_mastery_target_item,-0.003722222222222222,0.0006684005230842232,3,5,0.00038590122192916294
frozen_policy,39,four_state_semimarkov,maximum_response_information_gain,0.004722222222222219,0.003937297907806167,3,5,0.002273200006951641
frozen_policy,39,four_state_semimarkov,maximum_skill_uncertainty,0.003749999999999995,0.001364225461978742,3,5,0.0007876359377087683
frozen_policy,39,four_state_semimarkov,target_success_070,0.0006944444444444415,0.0022857246196856373,3,5,0.0013196637244688577
frozen_policy,39,four_state_semimarkov,two_corner_robust_response_information_gain,0.006027777777777773,0.004214997473748198,3,5,0.0024335299261021145
frozen_policy,40,binary_bktf,balanced_mastery,0.007083333333333333,0.004692636075100359,3,5,0.0027092947011681415
frozen_policy,40,binary_bktf,blocked_median_item,0.0,0.0,3,5,0.0
frozen_policy,40,binary_bktf,interleaved_median_item,0.0018333333333333337,0.00038188130791298746,3,5,0.00022047927592204968
frozen_policy,40,binary_bktf,least_mastery_target_item,0.003833333333333335,0.0008779711460710645,3,5,0.0005068968775248534
frozen_policy,40,binary_bktf,maximum_response_information_gain,0.010833333333333334,0.0012829003598617235,3,5,0.0007406828681096339
frozen_policy,40,binary_bktf,maximum_skill_uncertainty,0.007666666666666666,0.003625718319634515,3,5,0.002093309447846745
frozen_policy,40,binary_bktf,target_success_070,-0.0003333333333333319,0.007076957915187382,3,5,0.004085883557377087
frozen_policy,40,binary_bktf,two_corner_robust_response_information_gain,0.014416666666666668,0.0059072695328157634,3,5,0.003410563654946856
frozen_policy,40,continuous_latent_trait,balanced_mastery,-0.0064693742835704475,0.00023974108790372048,3,5,0.00013841458163702677
frozen_policy,40,continuous_latent_trait,blocked_median_item,0.0,0.0,3,5,0.0
frozen_policy,40,continuous_latent_trait,interleaved_median_item,0.00021558448654719953,3.4915697902952033e-06,3,5,2.015858758321301e-06
frozen_policy,40,continuous_latent_trait,least_mastery_target_item,-0.013767217710577746,0.0004097573501526544,3,5,0.00023657351641306277
frozen_policy,40,continuous_latent_trait,maximum_response_information_gain,0.0011244106981356855,0.00021445176954926334,3,5,0.0001238137868774588
frozen_policy,40,continuous_latent_trait,maximum_skill_uncertainty,6.404119724466779e-06,0.000410968733362591,3,5,0.00023727290883541146
frozen_policy,40,continuous_latent_trait,target_success_070,-0.00029268006071738367,0.00010702402813124544,3,5,6.179035145133264e-05
frozen_policy,40,continuous_latent_trait,two_corner_robust_response_information_gain,0.0010661277586128852,0.0002317050830911561,3,5,0.00013377499209528358
frozen_policy,40,four_state_semimarkov,balanced_mastery,-0.005166666666666665,0.002814890959009081,3,5,0.0016251780529233368
frozen_policy,40,four_state_semimarkov,blocked_median_item,0.0,0.0,3,5,0.0
frozen_policy,40,four_state_semimarkov,interleaved_median_item,0.0015277777777777796,0.004599466555220571,3,5,0.0026555032537852775
frozen_policy,40,four_state_semimarkov,least_mastery_target_item,-0.007138888888888888,0.0045896421227384155,3,5,0.0026498311150470696
frozen_policy,40,four_state_semimarkov,maximum_response_information_gain,0.005305555555555554,0.006853797271369868,3,5,0.003957041699596517
frozen_policy,40,four_state_semimarkov,maximum_skill_uncertainty,0.0011388888888888863,0.0060954977313253545,3,5,0.0035192372560254466
frozen_policy,40,four_state_semimarkov,target_success_070,-0.0005277777777777758,0.005533567598789262,3,5,0.0031948067427399716
frozen_policy,40,four_state_semimarkov,two_corner_robust_response_information_gain,0.005388888888888887,0.006357592428072239,3,5,0.0036705576997454335
frozen_policy,41,binary_bktf,balanced_mastery,0.004000000000000001,0.0026457513110645908,3,5,0.0015275252316519468
frozen_policy,41,binary_bktf,blocked_median_item,0.0,0.0,3,5,0.0
frozen_policy,41,binary_bktf,interleaved_median_item,-0.000749999999999999,0.004092676385936223,3,5,0.0023629078131263033
frozen_policy,41,binary_bktf,least_mastery_target_item,0.000666666666666664,0.004536885862938733,3,5,0.002619372274250285
frozen_policy,41,binary_bktf,maximum_response_information_gain,0.017166666666666667,0.0034671073437857847,3,5,0.0020017353582440513
frozen_policy,41,binary_bktf,maximum_skill_uncertainty,0.008833333333333332,0.007883262860854848,3,5,0.004551403934807126
frozen_policy,41,binary_bktf,target_success_070,-0.0004999999999999996,0.0010897247358851675,3,5,0.0006291528696058953
frozen_policy,41,binary_bktf,two_corner_robust_response_information_gain,0.013999999999999999,0.0018874586088176843,3,5,0.0010897247358851666
frozen_policy,41,continuous_latent_trait,balanced_mastery,-0.005202374722491843,0.0005771512336285593,3,5,0.00033321842009857337
frozen_policy,41,continuous_latent_trait,blocked_median_item,0.0,0.0,3,5,0.0
frozen_policy,41,continuous_latent_trait,interleaved_median_item,0.00016350636952049285,6.918686907074001e-06,3,5,3.9945057482379135e-06
frozen_policy,41,continuous_latent_trait,least_mastery_target_item,-0.011189366389499258,0.00048584304323546985,3,5,0.00028050161179590555
frozen_policy,41,continuous_latent_trait,maximum_response_information_gain,0.001908176783992594,0.0007472336303805606,3,5,0.000431415537647758
frozen_policy,41,continuous_latent_trait,maximum_skill_uncertainty,-0.0006112651429375082,0.000550527474508767,3,5,0.0003178471856039215
frozen_policy,41,continuous_latent_trait,target_success_070,0.00019812635153314403,0.00011319881842573395,3,5,6.535536829004507e-05
frozen_policy,41,continuous_latent_trait,two_corner_robust_response_information_gain,0.0022662273886827,0.00028743298513887814,3,5,0.000165949511343909
frozen_policy,41,four_state_semimarkov,balanced_mastery,-0.0008055555555555549,0.0027743033826997483,3,5,0.001601744804815389
frozen_policy,41,four_state_semimarkov,blocked_median_item,0.0,0.0,3,5,0.0
frozen_policy,41,four_state_semimarkov,interleaved_median_item,0.0007499999999999985,0.0015433549314543432,3,5,0.0008910563851303014
frozen_policy,41,four_state_semimarkov,least_mastery_target_item,-0.005916666666666663,0.003436931771216877,3,5,0.0019843134832984413
frozen_policy,41,four_state_semimarkov,maximum_response_information_gain,0.005666666666666663,0.0037202523809249555,3,5,0.0021478887135803694
frozen_policy,41,four_state_semimarkov,maximum_skill_uncertainty,-0.0003333333333333346,0.002814890959009091,3,5,0.0016251780529233425
frozen_policy,41,four_state_semimarkov,target_success_070,-0.0004999999999999995,0.0035365158623204863,3,5,0.0020418083851041144
frozen_policy,41,four_state_semimarkov,two_corner_robust_response_information_gain,0.004638888888888883,0.003816387665687912,3,5,0.0022033924461168836
frozen_policy,42,binary_bktf,balanced_mastery,0.009666666666666662,0.0035472994422987955,3,5,0.002048034287907419
frozen_policy,42,binary_bktf,blocked_median_item,0.0,0.0,3,5,0.0
frozen_policy,42,binary_bktf,interleaved_median_item,-0.002833333333333335,0.0011273124382057257,3,5,0.0006508541396588891
frozen_policy,42,binary_bktf,least_mastery_target_item,0.009916666666666666,0.00215541952606293,3,5,0.0012444320435890084
frozen_policy,42,binary_bktf,maximum_response_information_gain,0.013499999999999998,0.0037749172176353768,3,5,0.002179449471770338
frozen_policy,42,binary_bktf,maximum_skill_uncertainty,0.0061666666666666675,0.0025289984842489237,3,5,0.0014601179556612716
frozen_policy,42,binary_bktf,target_success_070,-0.0023333333333333335,0.002126225137028844,3,5,0.001227576655221352
frozen_policy,42,binary_bktf,two_corner_robust_response_information_gain,0.009499999999999996,0.005814851674806506,3,5,0.0033572061797472828
frozen_policy,42,continuous_latent_trait,balanced_mastery,-0.0018778429616831416,0.0005397306383365419,3,5,0.00031161362933349105
frozen_policy,42,continuous_latent_trait,blocked_median_item,0.0,0.0,3,5,0.0
frozen_policy,42,continuous_latent_trait,interleaved_median_item,0.00017277388839151715,4.0893614854512925e-06,3,5,2.3609939544389916e-06
frozen_policy,42,continuous_latent_trait,least_mastery_target_item,-0.0050815615605401265,0.00045517671748439704,3,5,0.0002627964003684669
frozen_policy,42,continuous_latent_trait,maximum_response_information_gain,0.002644616597943641,0.0003904138499469976,3,5,0.00022540554136225724
frozen_policy,42,continuous_latent_trait,maximum_skill_uncertainty,-0.00017274184844755136,0.0003787274576992583,3,5,0.0002186583996521694
frozen_policy,42,continuous_latent_trait,target_success_070,-0.0012144382632283618,0.0006608036588835952,3,5,0.00038151517033793334
frozen_policy,42,continuous_latent_trait,two_corner_robust_response_information_gain,0.0034474292061897997,0.0004062831102633442,3,5,0.0002345676630777402
frozen_policy,42,four_state_semimarkov,balanced_mastery,0.005333333333333329,0.0024593924272289483,3,5,0.0014199308799035604
frozen_policy,42,four_state_semimarkov,blocked_median_item,0.0,0.0,3,5,0.0
frozen_policy,42,four_state_semimarkov,interleaved_median_item,0.0021944444444444446,0.0017956995954326678,3,5,0.0010367476448067529
frozen_policy,42,four_state_semimarkov,least_mastery_target_item,0.005944444444444441,0.002057056509063736,3,5,0.0011876421292462199
frozen_policy,42,four_state_semimarkov,maximum_response_information_gain,0.009805555555555548,0.005264090438826837,3,5,0.0030392240318952097
frozen_policy,42,four_state_semimarkov,maximum_skill_uncertainty,0.00430555555555555,0.0038840247357796467,3,5,0.0022424427267415444
frozen_policy,42,four_state_semimarkov,target_success_070,-0.00016666666666666685,0.0025426910503987222,3,5,0.0014680233624137545
frozen_policy,42,four_state_semimarkov,two_corner_robust_response_information_gain,0.008083333333333326,0.003518798721786231,3,5,0.0020315793892473916
frozen_policy,43,binary_bktf,balanced_mastery,0.015416666666666664,0.0064485140407177025,3,5,0.003723051317281447
frozen_policy,43,binary_bktf,blocked_median_item,0.0,0.0,3,5,0.0
frozen_policy,43,binary_bktf,interleaved_median_item,-0.0011666666666666668,0.004752192476461084,3,5,0.0027436796055257213
frozen_policy,43,binary_bktf,least_mastery_target_item,0.005333333333333331,0.0030034702151566835,3,5,0.0017340543372237345
frozen_policy,43,binary_bktf,maximum_response_information_gain,0.012583333333333334,0.004303583777891787,3,5,0.00248467525264593
frozen_policy,43,binary_bktf,maximum_skill_uncertainty,0.007749999999999999,0.006466258578188781,3,5,0.0037332961307670193
frozen_policy,43,binary_bktf,target_success_070,-0.0005833333333333342,0.003319764047840351,3,5,0.0019166666666666683
frozen_policy,43,binary_bktf,two_corner_robust_response_information_gain,0.010583333333333332,0.0014215601757693323,3,5,0.0008207381501496758
frozen_policy,43,continuous_latent_trait,balanced_mastery,-0.003986008292011668,0.00046366937978087406,3,5,0.0002676996412314745
frozen_policy,43,continuous_latent_trait,blocked_median_item,0.0,0.0,3,5,0.0
frozen_policy,43,continuous_latent_trait,interleaved_median_item,0.00016852078816600104,8.017299656818742e-07,3,5,4.628790115038195e-07
frozen_policy,43,continuous_latent_trait,least_mastery_target_item,-0.010680608456229423,0.0009110366885183661,3,5,0.000525987277357704
frozen_policy,43,continuous_latent_trait,maximum_response_information_gain,0.0021295536072216147,0.00023360958166246032,3,5,0.00013487455485809734
frozen_policy,43,continuous_latent_trait,maximum_skill_uncertainty,-0.0005998590041289949,0.00039985696626219274,3,5,0.0002308575271088241
frozen_policy,43,continuous_latent_trait,target_success_070,0.0009200447516464991,0.0002337153007379905,3,5,0.00013493559179481317
frozen_policy,43,continuous_latent_trait,two_corner_robust_response_information_gain,0.002301336366135868,0.0007274225046171583,3,5,0.0004199775788553082
frozen_policy,43,four_state_semimarkov,balanced_mastery,0.0019166666666666718,0.002753785273643054,3,5,0.0015898986690282444
frozen_policy,43,four_state_semimarkov,blocked_median_item,0.0,0.0,3,5,0.0
frozen_policy,43,four_state_semimarkov,interleaved_median_item,0.001638888888888897,0.008013154693886053,3,5,0.004626397019573226
frozen_policy,43,four_state_semimarkov,least_mastery_target_item,-0.003888888888888883,0.0035082574549725382,3,5,0.0020254933860149064
frozen_policy,43,four_state_semimarkov,maximum_response_information_gain,0.008416666666666668,0.0031830715424640494,3,5,0.0018377472118914562
frozen_policy,43,four_state_semimarkov,maximum_skill_uncertainty,0.0038055555555555625,0.0010419444074172815,3,5,0.0006015668841029926
frozen_policy,43,four_state_semimarkov,target_success_070,0.004388888888888897,0.0005091750772173176,3,5,0.0002939723678960668
frozen_policy,43,four_state_semimarkov,two_corner_robust_response_information_gain,0.007555555555555559,0.0031582490460755385,3,5,0.001823415936919591
frozen_policy,44,binary_bktf,balanced_mastery,0.01633333333333333,0.0034671073437857838,3,5,0.002001735358244051
frozen_policy,44,binary_bktf,blocked_median_item,0.0,0.0,3,5,0.0
frozen_policy,44,binary_bktf,interleaved_median_item,0.00525,0.007798236980241109,3,5,0.004502314219746699
frozen_policy,44,binary_bktf,least_mastery_target_item,0.011250000000000001,0.0013228756555322988,3,5,0.0007637626158259755
frozen_policy,44,binary_bktf,maximum_response_information_gain,0.020666666666666663,0.0020361319538117683,3,5,0.0011755613316388233
frozen_policy,44,binary_bktf,maximum_skill_uncertainty,0.011250000000000001,0.0030720514318611277,3,5,0.0017736497211493975
frozen_policy,44,binary_bktf,target_success_070,0.004916666666666666,0.005530220007679018,3,5,0.0031928740101113354
frozen_policy,44,binary_bktf,two_corner_robust_response_information_gain,0.01883333333333333,0.0012583057392117876,3,5,0.0007264831572567767
frozen_policy,44,continuous_latent_trait,balanced_mastery,-0.003950700031654749,0.00036006645420672657,3,5,0.00020788446426240766
frozen_policy,44,continuous_latent_trait,blocked_median_item,0.0,0.0,3,5,0.0
frozen_policy,44,continuous_latent_trait,interleaved_median_item,0.00025422186139719083,7.322628619545465e-06,3,5,4.227721604670232e-06
frozen_policy,44,continuous_latent_trait,least_mastery_target_item,-0.011688758492679259,0.00034137683710063784,3,5,0.0001970940087951563
frozen_policy,44,continuous_latent_trait,maximum_response_information_gain,0.002701877492297516,0.0002556980143882372,3,5,0.00014762731743830156
frozen_policy,44,continuous_latent_trait,maximum_skill_uncertainty,-0.0004607358923393412,0.0002098812940626063,3,5,0.00012117502162491276
frozen_policy,44,continuous_latent_trait,target_success_070,3.741545151396138e-05,0.0007392645252270139,3,5,0.0004268145726421574
frozen_policy,44,continuous_latent_trait,two_corner_robust_response_information_gain,0.002992210803740416,0.00037210624868162947,3,5,0.00021483564284348062
frozen_policy,44,four_state_semimarkov,balanced_mastery,0.001222222222222222,0.0011097213530798977,3,5,0.0006406979219261547
frozen_policy,44,four_state_semimarkov,blocked_median_item,0.0,0.0,3,5,0.0
frozen_policy,44,four_state_semimarkov,interleaved_median_item,-0.0013333333333333329,0.0007637626158259729,3,5,0.00044095855184409817
frozen_policy,44,four_state_semimarkov,least_mastery_target_item,-0.006249999999999996,0.0047893110151670075,3,5,0.002765110003839512
frozen_policy,44,four_state_semimarkov,maximum_response_information_gain,0.006138888888888891,0.005937365982892988,3,5,0.003427939848500594
frozen_policy,44,four_state_semimarkov,maximum_skill_uncertainty,-0.0008611111111111082,0.002571658205502033,3,5,0.0014847475572103087
frozen_policy,44,four_state_semimarkov,target_success_070,-0.0027222222222222196,0.004584343323062061,3,5,0.0026467718516275445
frozen_policy,44,four_state_semimarkov,two_corner_robust_response_information_gain,0.006194444444444446,0.003975911262889351,3,5,0.002295493437903232
frozen_policy,45,binary_bktf,balanced_mastery,0.010666666666666663,0.004639055219905593,3,5,0.002678359779998033
frozen_policy,45,binary_bktf,blocked_median_item,0.0,0.0,3,5,0.0
frozen_policy,45,binary_bktf,interleaved_median_item,0.0029999999999999988,0.0031224989991991974,3,5,0.0018027756377319937
frozen_policy,45,binary_bktf,least_mastery_target_item,0.0030833333333333307,0.00895939916140214,3,5,0.005172711517612833
frozen_policy,45,binary_bktf,maximum_response_information_gain,0.012249999999999997,0.005018714974971179,3,5,0.0028975564417856163
frozen_policy,45,binary_bktf,maximum_skill_uncertainty,0.009500000000000003,0.006726812023536856,3,5,0.003883726732577015
frozen_policy,45,binary_bktf,target_success_070,0.001083333333333332,0.007706869230325199,3,5,0.004449563024737498
frozen_policy,45,binary_bktf,two_corner_robust_response_information_gain,0.016083333333333335,0.005724581498531863,3,5,0.0033050886691753222
frozen_policy,45,continuous_latent_trait,balanced_mastery,-0.0055333953277975564,0.0002069726234018982,3,5,0.00011949569983596897
frozen_policy,45,continuous_latent_trait,blocked_median_item,0.0,0.0,3,5,0.0
frozen_policy,45,continuous_latent_trait,interleaved_median_item,0.00019492761435092672,4.413112235015301e-06,3,5,2.5479115368501154e-06
frozen_policy,45,continuous_latent_trait,least_mastery_target_item,-0.013877020834162887,0.0007800839442049259,3,5,0.000450381675177219
frozen_policy,45,continuous_latent_trait,maximum_response_information_gain,0.0012656323957635984,0.0006842175011267669,3,5,0.000395033158459792
frozen_policy,45,continuous_latent_trait,maximum_skill_uncertainty,0.00019708969033968926,0.0004291013827853498,3,5,0.00024774179886076237
frozen_policy,45,continuous_latent_trait,target_success_070,0.00028442484727052834,0.000613926764132158,3,5,0.00035445078253441733
frozen_policy,45,continuous_latent_trait,two_corner_robust_response_information_gain,0.0012141684891792941,0.0002484681523997795,3,5,0.00014345315467306167
frozen_policy,45,four_state_semimarkov,balanced_mastery,-0.0014444444444444407,0.003719630109049572,3,5,0.0021475294447456075
frozen_policy,45,four_state_semimarkov,blocked_median_item,0.0,0.0,3,5,0.0
frozen_policy,45,four_state_semimarkov,interleaved_median_item,0.00152777777777778,0.0039592835116881876,3,5,0.002285893401271222
frozen_policy,45,four_state_semimarkov,least_mastery_target_item,-0.0035833333333333294,0.002113120388850995,3,5,0.0012200106253332085
frozen_policy,45,four_state_semimarkov,maximum_response_information_gain,0.007416666666666666,0.00217146903679923,3,5,0.001253698232932973
frozen_policy,45,four_state_semimarkov,maximum_skill_uncertainty,0.005166666666666668,0.0016914819275153708,3,5,0.0009765775461803865
frozen_policy,45,four_state_semimarkov,target_success_070,0.0015277777777777807,0.0018490488045158457,3,5,0.0010675488250319793
frozen_policy,45,four_state_semimarkov,two_corner_robust_response_information_gain,0.008055555555555557,0.0034973534967860306,3,5,0.0020191979828206937
frozen_policy,46,binary_bktf,balanced_mastery,0.011999999999999997,0.00715454401062709,3,5,0.004130677910464575
frozen_policy,46,binary_bktf,blocked_median_item,0.0,0.0,3,5,0.0
frozen_policy,46,binary_bktf,interleaved_median_item,-0.004416666666666667,0.005299371031861549,3,5,0.0030595932917809703
frozen_policy,46,binary_bktf,least_mastery_target_item,0.007666666666666668,0.002428133714055577,3,5,0.0014018836534383933
frozen_policy,46,binary_bktf,maximum_response_information_gain,0.015916666666666666,0.004163331998932263,3,5,0.0024037008503093246
frozen_policy,46,binary_bktf,maximum_skill_uncertainty,0.0030000000000000014,0.00425,3,5,0.0024537386440559097
frozen_policy,46,binary_bktf,target_success_070,-0.0014166666666666661,0.005161960221982863,3,5,0.0029802591237079465
frozen_policy,46,binary_bktf,two_corner_robust_response_information_gain,0.014333333333333332,0.006756170019569767,3,5,0.0039006765794894847
frozen_policy,46,continuous_latent_trait,balanced_mastery,-0.004116412675053644,0.0004365256593588,3,5,0.00025202820693898207
frozen_policy,46,continuous_latent_trait,blocked_median_item,0.0,0.0,3,5,0.0
frozen_policy,46,continuous_latent_trait,interleaved_median_item,0.00015991648187065174,3.397253291172313e-06,3,5,1.961405102163677e-06
frozen_policy,46,continuous_latent_trait,least_mastery_target_item,-0.009541810351831978,0.00045675133153436835,3,5,0.00026370550421408757
frozen_policy,46,continuous_latent_trait,maximum_response_information_gain,0.0017716172514450014,0.0002727934764285827,3,5,0.00015749738704921607
frozen_policy,46,continuous_latent_trait,maximum_skill_uncertainty,-0.0003266397331081639,0.0003908904703965902,3,5,0.0002256807183071308
frozen_policy,46,continuous_latent_trait,target_success_070,-0.0008466324313565693,0.0002535833678186671,3,5,0.00014640642567211935
frozen_policy,46,continuous_latent_trait,two_corner_robust_response_information_gain,0.0018830855407020134,0.000672067243008901,3,5,0.00038801820366471867
frozen_policy,46,four_state_semimarkov,balanced_mastery,0.0021388888888888838,0.0008511974136691457,3,5,0.0004914390559153946
frozen_policy,46,four_state_semimarkov,blocked_median_item,0.0,0.0,3,5,0.0
frozen_policy,46,four_state_semimarkov,interleaved_median_item,0.0018055555555555518,0.002810364415542609,3,5,0.0016225646518344707
frozen_policy,46,four_state_semimarkov,least_mastery_target_item,-0.00038888888888888887,0.0025513250007122403,3,5,0.0014730081759514342
frozen_policy,46,four_state_semimarkov,maximum_response_information_gain,0.008249999999999993,0.003122498999199192,3,5,0.0018027756377319906
frozen_policy,46,four_state_semimarkov,maximum_skill_uncertainty,0.0003333333333333333,0.0035775146556109483,3,5,0.0020654790494468124
frozen_policy,46,four_state_semimarkov,target_success_070,-0.0018333333333333318,0.0036996621467371782,3,5,0.0021360009363293785
frozen_policy,46,four_state_semimarkov,two_corner_robust_response_information_gain,0.007055555555555548,0.0022887607839016046,3,5,0.0013214166546962503
frozen_policy,47,binary_bktf,balanced_mastery,0.018666666666666668,0.0011814539065631527,3,5,0.0006821127309893713
frozen_policy,47,binary_bktf,blocked_median_item,0.0,0.0,3,5,0.0
frozen_policy,47,binary_bktf,interleaved_median_item,0.0008333333333333332,0.0023228933107943923,3,5,0.0013411230782859236
frozen_policy,47,binary_bktf,least_mastery_target_item,0.013916666666666666,0.006520800053163209,3,5,0.0037647856660255052
frozen_policy,47,binary_bktf,maximum_response_information_gain,0.015749999999999997,0.0013228756555322889,3,5,0.0007637626158259697
frozen_policy,47,binary_bktf,maximum_skill_uncertainty,0.007083333333333335,0.008464386175815313,3,5,0.004886915637131918
frozen_policy,47,binary_bktf,target_success_070,0.001416666666666667,0.0050083264004389064,3,5,0.0028915585954829123
frozen_policy,47,binary_bktf,two_corner_robust_response_information_gain,0.015083333333333336,0.005822012824902857,3,5,0.003361340671683118
frozen_policy,47,continuous_latent_trait,balanced_mastery,-0.0027060519092018207,0.00027532381483556383,3,5,0.00015895827860962745
frozen_policy,47,continuous_latent_trait,blocked_median_item,0.0,0.0,3,5,0.0
frozen_policy,47,continuous_latent_trait,interleaved_median_item,0.0002055667097257117,3.587961288412106e-06,3,5,2.071510415706686e-06
frozen_policy,47,continuous_latent_trait,least_mastery_target_item,-0.007211202860917043,0.00015753936496596,3,5,9.095539477105971e-05
frozen_policy,47,continuous_latent_trait,maximum_response_information_gain,0.0008464909320946573,0.00035511965905768764,3,5,0.0002050284307514841
frozen_policy,47,continuous_latent_trait,maximum_skill_uncertainty,-3.5767230820862484e-06,0.0006830462167938431,3,5,0.0003943569171348808
frozen_policy,47,continuous_latent_trait,target_success_070,-0.0011231242593105345,0.0005656281919254642,3,5,0.0003265655888694081
frozen_policy,47,continuous_latent_trait,two_corner_robust_response_information_gain,0.0012755838888512474,0.00023895105369274025,3,5,0.0001379584551726483
frozen_policy,47,four_state_semimarkov,balanced_mastery,0.0020833333333333294,0.003169954433601702,3,5,0.0018301740455587904
frozen_policy,47,four_state_semimarkov,blocked_median_item,0.0,0.0,3,5,0.0
frozen_policy,47,four_state_semimarkov,interleaved_median_item,-0.00027777777777777767,0.002405626121623442,3,5,0.0013888888888888896
frozen_policy,47,four_state_semimarkov,least_mastery_target_item,-0.0011388888888888922,0.002058743773743089,3,5,0.0011886162719630387
frozen_policy,47,four_state_semimarkov,maximum_response_information_gain,0.0035277777777777777,0.0024865378280594015,3,5,0.001435603284380283
frozen_policy,47,four_state_semimarkov,maximum_skill_uncertainty,0.0014722222222222211,0.0022993557873972055,3,5,0.0013275336828165005
frozen_policy,47,four_state_semimarkov,target_success_070,-0.004361111111111112,0.001835856849095362,3,5,0.0010599324460188256
frozen_policy,47,four_state_semimarkov,two_corner_robust_response_information_gain,0.004305555555555555,0.0030211446199768085,3,5,0.0017442586596044002
frozen_policy,48,binary_bktf,balanced_mastery,0.00958333333333333,0.004652508284069283,3,5,0.002686126910214365
frozen_policy,48,binary_bktf,blocked_median_item,0.0,0.0,3,5,0.0
frozen_policy,48,binary_bktf,interleaved_median_item,-0.0033333333333333322,0.004259792639710687,3,5,0.002459392427228952
frozen_policy,48,binary_bktf,least_mastery_target_item,0.0015000000000000002,0.00229128784747792,3,5,0.0013228756555322952
frozen_policy,48,binary_bktf,maximum_response_information_gain,0.011583333333333333,0.0028099525500145618,3,5,0.0016223268611609827
frozen_policy,48,binary_bktf,maximum_skill_uncertainty,0.007000000000000002,0.0028831406486677018,3,5,0.00166458202961985
frozen_policy,48,binary_bktf,target_success_070,0.0005000000000000004,0.001639359631075499,3,5,0.000946484724300045
frozen_policy,48,binary_bktf,two_corner_robust_response_information_gain,0.012666666666666665,0.00028867513459481203,3,5,0.00016666666666666617
frozen_policy,48,continuous_latent_trait,balanced_mastery,-0.0044833624978836,0.00036736714777103093,3,5,0.00021209952165702974
frozen_policy,48,continuous_latent_trait,blocked_median_item,0.0,0.0,3,5,0.0
frozen_policy,48,continuous_latent_trait,interleaved_median_item,0.00016801311883226643,1.0199715587080263e-05,3,5,5.888808539858412e-06
frozen_policy,48,continuous_latent_trait,least_mastery_target_item,-0.011317757229469145,0.000985573852988096,3,5,0.0005690213293289339
frozen_policy,48,continuous_latent_trait,maximum_response_information_gain,0.0010636765255122745,0.0001623142224217295,3,5,9.371216000849032e-05
frozen_policy,48,continuous_latent_trait,maximum_skill_uncertainty,-0.0005301695868065163,0.0003846034394572972,3,5,0.00022205089930192647
frozen_policy,48,continuous_latent_trait,target_success_070,-0.0007366359280692116,0.00026598111834604915,3,5,0.0001535642702764492
frozen_policy,48,continuous_latent_trait,two_corner_robust_response_information_gain,0.0013466232062259696,0.0005207276848082495,3,5,0.00030064226899853346
frozen_policy,48,four_state_semimarkov,balanced_mastery,0.0002777777777777832,0.007447190621177105,3,5,0.004299637509843058
frozen_policy,48,four_state_semimarkov,blocked_median_item,0.0,0.0,3,5,0.0
frozen_policy,48,four_state_semimarkov,interleaved_median_item,-0.0018888888888888855,0.0030015428131644683,3,5,0.0017329415511646924
frozen_policy,48,four_state_semimarkov,least_mastery_target_item,-0.0036944444444444394,0.0033190666916625426,3,5,0.0019162640478896898
frozen_policy,48,four_state_semimarkov,maximum_response_information_gain,0.004277777777777774,0.004827822528880942,3,5,0.002787344636649152
frozen_policy,48,four_state_semimarkov,maximum_skill_uncertainty,5.5555555555558255e-05,0.00362220518060068,3,5,0.0020912811360798596
frozen_policy,48,four_state_semimarkov,target_success_070,5.555555555555666e-05,0.004510276332176623,3,5,0.0026040092545017712
frozen_policy,48,four_state_semimarkov,two_corner_robust_response_information_gain,0.005861111111111109,0.004637058853930455,3,5,0.002677207177564886
frozen_policy,49,binary_bktf,balanced_mastery,0.008499999999999995,0.0024622144504490256,3,5,0.0014215601757693315
frozen_policy,49,binary_bktf,blocked_median_item,0.0,0.0,3,5,0.0
frozen_policy,49,binary_bktf,interleaved_median_item,-0.0029999999999999996,0.0019525624189766645,3,5,0.0011273124382057242
frozen_policy,49,binary_bktf,least_mastery_target_item,0.004749999999999998,0.0043803538669838086,3,5,0.0025289984842489202
frozen_policy,49,binary_bktf,maximum_response_information_gain,0.016833333333333332,0.0039712508524812834,3,5,0.0022928027486995997
frozen_policy,49,binary_bktf,maximum_skill_uncertainty,0.007416666666666666,0.0014648663192705779,3,5,0.0008457409637576844
frozen_policy,49,binary_bktf,target_success_070,-0.0009166666666666663,0.000803637563416079,3,5,0.0004639803635691682
frozen_policy,49,binary_bktf,two_corner_robust_response_information_gain,0.014166666666666668,0.0071472605474638545,3,5,0.004126472801046648
frozen_policy,49,continuous_latent_trait,balanced_mastery,-0.004520949393710311,0.0007465261639527757,3,5,0.00043100708171523377
frozen_policy,49,continuous_latent_trait,blocked_median_item,0.0,0.0,3,5,0.0
frozen_policy,49,continuous_latent_trait,interleaved_median_item,0.00013796426708336437,6.107454792369332e-06,3,5,3.526140668437904e-06
frozen_policy,49,continuous_latent_trait,least_mastery_target_item,-0.009241637927262555,0.0005658920546809061,3,5,0.0003267179301022916
frozen_policy,49,continuous_latent_trait,maximum_response_information_gain,0.0026471057442770418,0.0004739066560208716,3,5,0.0002736101354244056
frozen_policy,49,continuous_latent_trait,maximum_skill_uncertainty,-0.000778231139932604,0.0005180233894684685,3,5,0.0002990809433561426
frozen_policy,49,continuous_latent_trait,target_success_070,0.0027971191149311846,0.00032758466976979487,3,5,0.00018913109727398573
frozen_policy,49,continuous_latent_trait,two_corner_robust_response_information_gain,0.0026613221051335623,0.0002697475591621597,3,5,0.0001557388258955174
frozen_policy,49,four_state_semimarkov,balanced_mastery,0.0001944444444444476,0.0055654772515065605,3,5,0.0032132297893260513
frozen_policy,49,four_state_semimarkov,blocked_median_item,0.0,0.0,3,5,0.0
frozen_policy,49,four_state_semimarkov,interleaved_median_item,0.0009444444444444457,0.003710283507186978,3,5,0.0021421331816442305
frozen_policy,49,four_state_semimarkov,least_mastery_target_item,-0.002694444444444439,0.0013752104216096122,3,5,0.0007939781071086884
frozen_policy,49,four_state_semimarkov,maximum_response_information_gain,0.008388888888888885,0.003016543889459756,3,5,0.0017416024266019108
frozen_policy,49,four_state_semimarkov,maximum_skill_uncertainty,0.0020000000000000013,0.0033239451125298513,3,5,0.0019190806054906508
frozen_policy,49,four_state_semimarkov,target_success_070,0.005083333333333335,0.00016666666666666512,3,5,9.622504486493674e-05
frozen_policy,49,four_state_semimarkov,two_corner_robust_response_information_gain,0.009249999999999996,0.0017736497211493993,3,5,0.0010240171439537104
frozen_policy,50,binary_bktf,balanced_mastery,0.013166666666666665,0.009683534134464199,3,5,0.005590791039239836
frozen_policy,50,binary_bktf,blocked_median_item,0.0,0.0,3,5,0.0
frozen_policy,50,binary_bktf,interleaved_median_item,-0.0007499999999999993,0.0032787192621510034,3,5,0.001892969448600093
frozen_policy,50,binary_bktf,least_mastery_target_item,0.005750000000000002,0.006289872812704563,3,5,0.003631459761583488
frozen_policy,50,binary_bktf,maximum_response_information_gain,0.016416666666666666,0.008163689933683991,3,5,0.004713308580793091
frozen_policy,50,binary_bktf,maximum_skill_uncertainty,0.005250000000000002,0.010009370609583802,3,5,0.005778912815861937
frozen_policy,50,binary_bktf,target_success_070,0.0025000000000000027,0.008104782538723664,3,5,0.004679298380455487
frozen_policy,50,binary_bktf,two_corner_robust_response_information_gain,0.014166666666666668,0.008804591605141793,3,5,0.005083333333333334
frozen_policy,50,continuous_latent_trait,balanced_mastery,-0.003710834061936459,0.00022681513236701297,3,5,0.00013095177772837554
frozen_policy,50,continuous_latent_trait,blocked_median_item,0.0,0.0,3,5,0.0
frozen_policy,50,continuous_latent_trait,interleaved_median_item,0.0001921447210772513,7.438673707777197e-06,3,5,4.294720267598956e-06
frozen_policy,50,continuous_latent_trait,least_mastery_target_item,-0.012053312554145061,0.0006008714835704083,3,5,0.00034691331278774505
frozen_policy,50,continuous_latent_trait,maximum_response_information_gain,0.0012796249269164143,0.0002458990450306841,3,5,0.00014196987984193738
frozen_policy,50,continuous_latent_trait,maximum_skill_uncertainty,-0.0007272702052438366,0.0004331902679143417,3,5,0.0002501025177906713
frozen_policy,50,continuous_latent_trait,target_success_070,0.0007503882676733893,0.00038052821185606295,3,5,0.0002196980655493449
frozen_policy,50,continuous_latent_trait,two_corner_robust_response_information_gain,0.001718140948858154,0.00026771667123707263,3,5,0.00015456629220527443
frozen_policy,50,four_state_semimarkov,balanced_mastery,0.0045,0.0018837757592428833,3,5,0.0010875984416917703
frozen_policy,50,four_state_semimarkov,blocked_median_item,0.0,0.0,3,5,0.0
frozen_policy,50,four_state_semimarkov,interleaved_median_item,0.0013888888888888874,0.0034903968786329145,3,5,0.002015181577457343
frozen_policy,50,four_state_semimarkov,least_mastery_target_item,0.0005555555555555609,0.0015642120250334505,3,5,0.0009030982337227124
frozen_policy,50,four_state_semimarkov,maximum_response_information_gain,0.007361111111111107,0.0033647822008652014,3,5,0.0019426579094339856
frozen_policy,50,four_state_semimarkov,maximum_skill_uncertainty,0.00211111111111111,0.002141412652467554,3,5,0.001236345171348213
frozen_policy,50,four_state_semimarkov,target_success_070,0.0018333333333333353,0.003875671984744494,3,5,0.002237620263682925
frozen_policy,50,four_state_semimarkov,two_corner_robust_response_information_gain,0.006944444444444438,0.0030927034799370606,3,5,0.0017855731866653543
frozen_policy,51,binary_bktf,balanced_mastery,0.007416666666666665,0.0020052015692526614,3,5,0.0011577036657874841
frozen_policy,51,binary_bktf,blocked_median_item,0.0,0.0,3,5,0.0
frozen_policy,51,binary_bktf,interleaved_median_item,0.002999999999999998,0.008982622111610841,3,5,0.005186119294167204
frozen_policy,51,binary_bktf,least_mastery_target_item,0.003000000000000001,0.0004999999999999986,3,5,0.0002886751345948121
frozen_policy,51,binary_bktf,maximum_response_information_gain,0.015999999999999997,0.0027838821814150103,3,5,0.001607275126832159
frozen_policy,51,binary_bktf,maximum_skill_uncertainty,0.013749999999999998,0.004358898943540673,3,5,0.0025166114784235826
frozen_policy,51,binary_bktf,target_success_070,-0.0024166666666666664,0.0018929694486000913,3,5,0.0010929064207170001
frozen_policy,51,binary_bktf,two_corner_robust_response_information_gain,0.013666666666666666,0.004418238713937185,3,5,0.00255087131083566
frozen_policy,51,continuous_latent_trait,balanced_mastery,-0.004395734100695689,0.00015157241674031938,3,5,8.751037560674554e-05
frozen_policy,51,continuous_latent_trait,blocked_median_item,0.0,0.0,3,5,0.0
frozen_policy,51,continuous_latent_trait,interleaved_median_item,0.00018201746860018353,9.152628719391426e-06,3,5,5.284272654933339e-06
frozen_policy,51,continuous_latent_trait,least_mastery_target_item,-0.011145330444741591,0.0005117893680116377,3,5,0.00029548172938990747
frozen_policy,51,continuous_latent_trait,maximum_response_information_gain,0.0011537911160489358,0.0005007561772689865,3,5,0.00028911171374461733
frozen_policy,51,continuous_latent_trait,maximum_skill_uncertainty,-0.00042012373579308624,0.0003554300617593284,3,5,0.00020520764183483357
frozen_policy,51,continuous_latent_trait,target_success_070,-0.0003443896083107131,0.00030561964818230094,3,5,0.0001764495861476902
frozen_policy,51,continuous_latent_trait,two_corner_robust_response_information_gain,0.0013911969329076645,0.00025821930183860393,3,5,0.00014908298342647522
frozen_policy,51,four_state_semimarkov,balanced_mastery,-0.0016944444444444492,0.004709869464260164,3,5,0.0027192444030386047
frozen_policy,51,four_state_semimarkov,blocked_median_item,0.0,0.0,3,5,0.0
frozen_policy,51,four_state_semimarkov,interleaved_median_item,-0.0038333333333333344,0.0020883273476902764,3,5,0.0012056963563450384
frozen_policy,51,four_state_semimarkov,least_mastery_target_item,-0.0027500000000000055,0.0028662305869866385,3,5,0.0016548190009562749
frozen_policy,51,four_state_semimarkov,maximum_response_information_gain,0.004694444444444437,0.002657971936423478,3,5,0.001534580812992566
frozen_policy,51,four_state_semimarkov,maximum_skill_uncertainty,-0.0001944444444444512,0.0032321446841469276,3,5,0.0018660796034520467
frozen_policy,51,four_state_semimarkov,target_success_070,-0.002083333333333335,0.00275378527364305,3,5,0.0015898986690282423
frozen_policy,51,four_state_semimarkov,two_corner_robust_response_information_gain,0.002638888888888883,0.005167562646325987,3,5,0.002983493684910564
frozen_policy,52,binary_bktf,balanced_mastery,0.0045,0.004264680527307991,3,5,0.0024622144504490243
frozen_policy,52,binary_bktf,blocked_median_item,0.0,0.0,3,5,0.0
frozen_policy,52,binary_bktf,interleaved_median_item,-0.004000000000000001,0.005749999999999998,3,5,0.0033197640478403474
frozen_policy,52,binary_bktf,least_mastery_target_item,-0.00041666666666666615,0.0020207259421636914,3,5,0.0011666666666666674
frozen_policy,52,binary_bktf,maximum_response_information_gain,0.005916666666666667,0.0016645820296198478,3,5,0.0009610468828892328
frozen_policy,52,binary_bktf,maximum_skill_uncertainty,0.003749999999999998,0.00025000000000000055,3,5,0.00014433756729740677
frozen_policy,52,binary_bktf,target_success_070,-0.006583333333333333,0.0032145502536643175,3,5,0.0018559214542766735
frozen_policy,52,binary_bktf,two_corner_robust_response_information_gain,0.008000000000000002,0.0037831864876053866,3,5,0.0021842237370135248
frozen_policy,52,continuous_latent_trait,balanced_mastery,-0.0034781915314322557,0.00045314004935833826,3,5,0.0002616205294776369
frozen_policy,52,continuous_latent_trait,blocked_median_item,0.0,0.0,3,5,0.0
frozen_policy,52,continuous_latent_trait,interleaved_median_item,0.00013600401633206535,2.4384754567554775e-06,3,5,1.4078544613700706e-06
frozen_policy,52,continuous_latent_trait,least_mastery_target_item,-0.009418954512168185,0.0006422258477703718,3,5,0.0003707892660907598
frozen_policy,52,continuous_latent_trait,maximum_response_information_gain,0.00349393075383633,0.0002626515560959183,3,5,0.00015164194661505253
frozen_policy,52,continuous_latent_trait,maximum_skill_uncertainty,0.0006080939036045605,0.000541519994007738,3,5,0.00031264671431193206
frozen_policy,52,continuous_latent_trait,target_success_070,-0.0004624558445110011,0.00021512934911885567,3,5,0.0001242049876243603
frozen_policy,52,continuous_latent_trait,two_corner_robust_response_information_gain,0.0029372340607650045,0.0004645807717191799,3,5,0.00026822583361239263
frozen_policy,52,four_state_semimarkov,balanced_mastery,0.0036388888888888864,0.0048622220952671165,3,5,0.002807205235562216
frozen_policy,52,four_state_semimarkov,blocked_median_item,0.0,0.0,3,5,0.0
frozen_policy,52,four_state_semimarkov,interleaved_median_item,0.004666666666666662,0.007806247497998004,3,5,0.004506939094329991
frozen_policy,52,four_state_semimarkov,least_mastery_target_item,-0.00041666666666667304,0.002081665999466135,3,5,0.0012018504251546645
frozen_policy,52,four_state_semimarkov,maximum_response_information_gain,0.009138888888888879,0.003055429290320453,3,5,0.001764052923256381
frozen_policy,52,four_state_semimarkov,maximum_skill_uncertainty,0.0067499999999999895,0.005827973728301959,3,5,0.003364782200865203
frozen_policy,52,four_state_semimarkov,target_success_070,0.0004444444444444406,0.00655655595003398,3,5,0.003785429342708961
frozen_policy,52,four_state_semimarkov,two_corner_robust_response_information_gain,0.009666666666666658,0.008227241335952172,3,5,0.004750000000000003
frozen_policy,53,binary_bktf,balanced_mastery,0.011999999999999999,0.00964689069078737,3,5,0.005569634937168983
frozen_policy,53,binary_bktf,blocked_median_item,0.0,0.0,3,5,0.0
frozen_policy,53,binary_bktf,interleaved_median_item,-0.002333333333333333,0.005625462943912559,3,5,0.0032478625449841804
frozen_policy,53,binary_bktf,least_mastery_target_item,0.0026666666666666666,0.00436844747402705,3,5,0.002522124325070258
frozen_policy,53,binary_bktf,maximum_response_information_gain,0.014499999999999999,0.005814851674806502,3,5,0.00335720617974728
frozen_policy,53,binary_bktf,maximum_skill_uncertainty,0.0036666666666666666,0.009042722672587792,3,5,0.005220818369225695
frozen_policy,53,binary_bktf,target_success_070,-0.0007499999999999986,0.007262919523166975,3,5,0.004193248541803042
frozen_policy,53,binary_bktf,two_corner_robust_response_information_gain,0.01525,0.0014999999999999985,3,5,0.0008660254037844378
frozen_policy,53,continuous_latent_trait,balanced_mastery,-0.004864540375705496,0.0002557457954328988,3,5,0.00014765490383729908
frozen_policy,53,continuous_latent_trait,blocked_median_item,0.0,0.0,3,5,0.0
frozen_policy,53,continuous_latent_trait,interleaved_median_item,0.00015793569283110507,4.093791696129881e-06,3,5,2.3635517377668412e-06
frozen_policy,53,continuous_latent_trait,least_mastery_target_item,-0.012716697240314344,0.00025733479238074296,3,5,0.00014857231165287842
frozen_policy,53,continuous_latent_trait,maximum_response_information_gain,0.0029708799969918372,0.0003694164957640048,3,5,0.00021328271327243642
frozen_policy,53,continuous_latent_trait,maximum_skill_uncertainty,-0.0008050983634123286,0.0005563675109133225,3,5,0.0003212189321941688
frozen_policy,53,continuous_latent_trait,target_success_070,0.0010545824879941426,0.0005003511239800616,3,5,0.0002888778561192204
frozen_policy,53,continuous_latent_trait,two_corner_robust_response_information_gain,0.0026143270352140826,0.0006974786715887361,3,5,0.0004026894987957794
frozen_policy,53,four_state_semimarkov,balanced_mastery,0.0018888888888888937,0.0018452892978047053,3,5,0.0010653782728202823
frozen_policy,53,four_state_semimarkov,blocked_median_item,0.0,0.0,3,5,0.0
frozen_policy,53,four_state_semimarkov,interleaved_median_item,0.001527777777777779,0.003513202611947195,3,5,0.0020283484737254097
frozen_policy,53,four_state_semimarkov,least_mastery_target_item,-0.0036111111111111044,0.0023129066209073433,3,5,0.0013353572601913224
frozen_policy,53,four_state_semimarkov,maximum_response_information_gain,0.008916666666666666,0.00414410558638545,3,5,0.0023926004758498716
frozen_policy,53,four_state_semimarkov,maximum_skill_uncertainty,0.006166666666666667,0.003282952600598702,3,5,0.0018954135676924426
frozen_policy,53,four_state_semimarkov,target_success_070,0.002500000000000002,0.0020531141657924856,3,5,0.0011853660162973257
frozen_policy,53,four_state_semimarkov,two_corner_robust_response_information_gain,0.00894444444444444,0.0026158349704430133,3,5,0.0015102530243409106
frozen_policy,54,binary_bktf,balanced_mastery,0.0076666666666666645,0.007392282011215026,3,5,0.004267936009100624
frozen_policy,54,binary_bktf,blocked_median_item,0.0,0.0,3,5,0.0
frozen_policy,54,binary_bktf,interleaved_median_item,0.0022499999999999985,0.0032787192621509978,3,5,0.0018929694486000898
frozen_policy,54,binary_bktf,least_mastery_target_item,-0.0010000000000000033,0.0071980900244439875,3,5,0.004155819213263896
frozen_policy,54,binary_bktf,maximum_response_information_gain,0.015666666666666666,0.0028431203515386617,3,5,0.0016414763002993498
frozen_policy,54,binary_bktf,maximum_skill_uncertainty,0.005333333333333331,0.002696448281227241,3,5,0.0015567951410224512
frozen_policy,54,binary_bktf,target_success_070,-0.0026666666666666696,0.0036084391824351613,3,5,0.0020833333333333337
frozen_policy,54,binary_bktf,two_corner_robust_response_information_gain,0.014166666666666666,0.00775134396948899,3,5,0.004475240527365851
frozen_policy,54,continuous_latent_trait,balanced_mastery,-0.005586174107646127,0.0005255917659872016,3,5,0.00030345054757656165
frozen_policy,54,continuous_latent_trait,blocked_median_item,0.0,0.0,3,5,0.0
frozen_policy,54,continuous_latent_trait,interleaved_median_item,0.00023837340775607508,8.933414296689688e-06,3,5,5.157709148976243e-06
frozen_policy,54,continuous_latent_trait,least_mastery_target_item,-0.014733600308043132,0.00013153878838047863,3,5,7.594395488034656e-05
frozen_policy,54,continuous_latent_trait,maximum_response_information_gain,0.001742460336602467,0.0001868875172915491,3,5,0.00010789955841645672
frozen_policy,54,continuous_latent_trait,maximum_skill_uncertainty,0.0003047468137380685,0.0005048647678701291,3,5,0.00029148380963417696
frozen_policy,54,continuous_latent_trait,target_success_070,-0.003305312066675055,0.0004388937387106649,3,5,0.0002533954181902437
frozen_policy,54,continuous_latent_trait,two_corner_robust_response_information_gain,0.001798982046890471,0.0004028975644464964,3,5,0.00023261301728902932
frozen_policy,54,four_state_semimarkov,balanced_mastery,-0.0026666666666666622,0.0020224435165852694,3,5,0.0011676583087213187
frozen_policy,54,four_state_semimarkov,blocked_median_item,0.0,0.0,3,5,0.0
frozen_policy,54,four_state_semimarkov,interleaved_median_item,-0.0017499999999999983,0.001452966314513562,3,5,0.0008388704928078636
frozen_policy,54,four_state_semimarkov,least_mastery_target_item,-0.011555555555555548,0.001131411769689793,3,5,0.0006532208897947129
frozen_policy,54,four_state_semimarkov,maximum_response_information_gain,0.006916666666666664,0.002001735358244055,3,5,0.001155702447928597
frozen_policy,54,four_state_semimarkov,maximum_skill_uncertainty,0.0005277777777777814,0.001791828158096681,3,5,0.0010345124694186702
frozen_policy,54,four_state_semimarkov,target_success_070,-0.00591666666666666,0.0035910769044025428,3,5,0.0020733092174374562
frozen_policy,54,four_state_semimarkov,two_corner_robust_response_information_gain,0.0065,0.0014743171677461776,3,5,0.0008511974136691423
frozen_policy,55,binary_bktf,balanced_mastery,0.006999999999999999,0.007284401142166731,3,5,0.00420565096031518
frozen_policy,55,binary_bktf,blocked_median_item,0.0,0.0,3,5,0.0
frozen_policy,55,binary_bktf,interleaved_median_item,0.0011666666666666646,0.0037941841459440684,3,5,0.0021905732380158183
frozen_policy,55,binary_bktf,least_mastery_target_item,0.0005000000000000014,0.0037831864876053884,3,5,0.002184223737013526
frozen_policy,55,binary_bktf,maximum_response_information_gain,0.01275,0.004821825380496475,3,5,0.0027838821814150094
frozen_policy,55,binary_bktf,maximum_skill_uncertainty,0.007333333333333333,0.0049138409959351885,3,5,0.0028370074217582
frozen_policy,55,binary_bktf,target_success_070,-0.005166666666666667,0.004072263907623537,3,5,0.0023511226632776465
frozen_policy,55,binary_bktf,two_corner_robust_response_information_gain,0.014583333333333335,0.007001487937098321,3,5,0.004042310945211633
frozen_policy,55,continuous_latent_trait,balanced_mastery,-0.005355654994141178,0.00041593137469267275,3,5,0.00024013809114322574
frozen_policy,55,continuous_latent_trait,blocked_median_item,0.0,0.0,3,5,0.0
frozen_policy,55,continuous_latent_trait,interleaved_median_item,0.0001976959976912173,4.97269921750615e-06,3,5,2.8709892318262177e-06
frozen_policy,55,continuous_latent_trait,least_mastery_target_item,-0.010161557515183281,0.0002315853305571026,3,5,0.00013370585293751166
frozen_policy,55,continuous_latent_trait,maximum_response_information_gain,0.001212309859711629,0.00018453054004653627,3,5,0.00010653875696957474
frozen_policy,55,continuous_latent_trait,maximum_skill_uncertainty,-0.0003089585543745838,0.00023181753012121802,3,5,0.0001338399134183594
frozen_policy,55,continuous_latent_trait,target_success_070,-0.0008402918705050071,0.0006384596763319947,3,5,0.0003686148659969985
frozen_policy,55,continuous_latent_trait,two_corner_robust_response_information_gain,0.0009411356055405946,6.123822790633376e-05,3,5,3.535590736641745e-05
frozen_policy,55,four_state_semimarkov,balanced_mastery,-5.555555555556013e-05,0.0047378010995882,3,5,0.0027353707402141525
frozen_policy,55,four_state_semimarkov,blocked_median_item,0.0,0.0,3,5,0.0
frozen_policy,55,four_state_semimarkov,interleaved_median_item,0.00058333333333333,0.002625991876098125,3,5,0.0015161171165550228
frozen_policy,55,four_state_semimarkov,least_mastery_target_item,-0.004194444444444446,0.0036135675405851173,3,5,0.0020862941922917115
frozen_policy,55,four_state_semimarkov,maximum_response_information_gain,0.007166666666666661,0.0038837267325770183,3,5,0.0022422706745122874
frozen_policy,55,four_state_semimarkov,maximum_skill_uncertainty,0.0024999999999999957,0.001210486587194495,3,5,0.0006988747569671731
frozen_policy,55,four_state_semimarkov,target_success_070,-0.000777777777777778,0.004525647078759175,3,5,0.0026128835591788533
frozen_policy,55,four_state_semimarkov,two_corner_robust_response_information_gain,0.007527777777777772,0.00335134025152348,3,5,0.0019348971963631095
frozen_policy,56,binary_bktf,balanced_mastery,0.010166666666666664,0.003907791362564453,3,5,0.0022561643951134816
frozen_policy,56,binary_bktf,blocked_median_item,0.0,0.0,3,5,0.0
frozen_policy,56,binary_bktf,interleaved_median_item,0.0019166666666666661,0.0027651100038395124,3,5,0.0015964370050556697
frozen_policy,56,binary_bktf,least_mastery_target_item,0.0067499999999999965,0.010268276388956428,3,5,0.005928392137277473
frozen_policy,56,binary_bktf,maximum_response_information_gain,0.014166666666666666,0.0038432841858667393,3,5,0.0022189211592823937
frozen_policy,56,binary_bktf,maximum_skill_uncertainty,0.0072499999999999995,0.006873863542433763,3,5,0.003968626966596888
frozen_policy,56,binary_bktf,target_success_070,0.0031666666666666644,0.0025166114784235835,3,5,0.0014529663145135582
frozen_policy,56,binary_bktf,two_corner_robust_response_information_gain,0.017499999999999998,0.005814851674806506,3,5,0.0033572061797472828
frozen_policy,56,continuous_latent_trait,balanced_mastery,-0.00605477702051845,0.0003892924286867991,3,5,0.0002247580884958067
frozen_policy,56,continuous_latent_trait,blocked_median_item,0.0,0.0,3,5,0.0
frozen_policy,56,continuous_latent_trait,interleaved_median_item,9.177099574113075e-05,2.2798157445691175e-07,3,5,1.3162522338297272e-07
frozen_policy,56,continuous_latent_trait,least_mastery_target_item,-0.012172855735074506,0.0004229121329730875,3,5,0.0002441684338155709
frozen_policy,56,continuous_latent_trait,maximum_response_information_gain,0.001690077012379767,0.00028965417393929756,3,5,0.00016723191529575214
frozen_policy,56,continuous_latent_trait,maximum_skill_uncertainty,-0.0003976666419078058,0.0002569582434923392,3,5,0.00014835491105079544
frozen_policy,56,continuous_latent_trait,target_success_070,0.00047279975815347434,0.0005412323151237115,3,5,0.0003124806228307992
frozen_policy,56,continuous_latent_trait,two_corner_robust_response_information_gain,0.0020171777899692395,0.0002630678655813767,3,5,0.00015188230300854815
frozen_policy,56,four_state_semimarkov,balanced_mastery,-0.0010555555555555583,0.0011375330683024063,3,5,0.0006567550231964953
frozen_policy,56,four_state_semimarkov,blocked_median_item,0.0,0.0,3,5,0.0
frozen_policy,56,four_state_semimarkov,interleaved_median_item,-0.0009166666666666686,0.003982601048449501,3,5,0.0022993557873972055
frozen_policy,56,four_state_semimarkov,least_mastery_target_item,-0.0036388888888888864,0.002625110226962611,3,5,0.0015156080961893032
frozen_policy,56,four_state_semimarkov,maximum_response_information_gain,0.00611111111111111,0.0016187558093703881,3,5,0.0009345891022922642
frozen_policy,56,four_state_semimarkov,maximum_skill_uncertainty,0.002722222222222221,0.002009237924447235,3,5,0.0011600340565456162
frozen_policy,56,four_state_semimarkov,target_success_070,0.0018888888888888879,0.0016123079845479428,3,5,0.0009308664488953378
frozen_policy,56,four_state_semimarkov,two_corner_robust_response_information_gain,0.007805555555555554,0.00037577081273523815,3,5,0.00021695137988629422
frozen_policy,57,binary_bktf,balanced_mastery,0.015249999999999998,0.006159342497377456,3,5,0.003556098048891976
frozen_policy,57,binary_bktf,blocked_median_item,0.0,0.0,3,5,0.0
frozen_policy,57,binary_bktf,interleaved_median_item,0.0008333333333333326,0.005269803917920788,3,5,0.0030425227105881116
frozen_policy,57,binary_bktf,least_mastery_target_item,0.013416666666666667,0.0045437686267385275,3,5,0.0026233460397828653
frozen_policy,57,binary_bktf,maximum_response_information_gain,0.016583333333333332,0.004939213837579145,3,5,0.002851656438711444
frozen_policy,57,binary_bktf,maximum_skill_uncertainty,0.012333333333333335,0.00616610357789531,3,5,0.003560001560548972
frozen_policy,57,binary_bktf,target_success_070,0.003833333333333333,0.006001735860010277,3,5,0.0034651038143819635
frozen_policy,57,binary_bktf,two_corner_robust_response_information_gain,0.016833333333333336,0.005392896562454475,3,5,0.0031135902820448986
frozen_policy,57,continuous_latent_trait,balanced_mastery,-0.0033631521907326704,0.00039255430770014036,3,5,0.00022664133522222324
frozen_policy,57,continuous_latent_trait,blocked_median_item,0.0,0.0,3,5,0.0
frozen_policy,57,continuous_latent_trait,interleaved_median_item,0.00017731938458571646,1.9147089504389627e-06,3,5,1.105457727955721e-06
frozen_policy,57,continuous_latent_trait,least_mastery_target_item,-0.006969506821782344,0.0005092368891986003,3,5,0.00029400805506009955
frozen_policy,57,continuous_latent_trait,maximum_response_information_gain,0.001961256470605976,0.0002828921073818762,3,5,0.00016332783434854674
frozen_policy,57,continuous_latent_trait,maximum_skill_uncertainty,-0.0006139179295158395,0.00020333749853544613,3,5,0.00011739695951578497
frozen_policy,57,continuous_latent_trait,target_success_070,-0.00035364371001831617,0.0005895568652981472,3,5,0.00034038081488247724
frozen_policy,57,continuous_latent_trait,two_corner_robust_response_information_gain,0.0018084218949139675,9.710632892848772e-05,3,5,5.6064365146878734e-05
frozen_policy,57,four_state_semimarkov,balanced_mastery,0.001888888888888885,0.0017506612507320798,3,5,0.0010107447443700132
frozen_policy,57,four_state_semimarkov,blocked_median_item,0.0,0.0,3,5,0.0
frozen_policy,57,four_state_semimarkov,interleaved_median_item,-0.0009444444444444487,0.0008753306253660396,3,5,0.0005053723721850065
frozen_policy,57,four_state_semimarkov,least_mastery_target_item,-0.0017500000000000033,0.0007637626158259704,3,5,0.00044095855184409676
frozen_policy,57,four_state_semimarkov,maximum_response_information_gain,0.0044999999999999945,0.001127312438205724,3,5,0.0006508541396588882
frozen_policy,57,four_state_semimarkov,maximum_skill_uncertainty,0.001750000000000001,0.0022469114604521286,3,5,0.0012972549365372916
frozen_policy,57,four_state_semimarkov,target_success_070,-8.333333333333581e-05,0.00022047927592204697,3,5,0.0001272937693043276
frozen_policy,57,four_state_semimarkov,two_corner_robust_response_information_gain,0.006027777777777773,0.0022857246196856334,3,5,0.0013196637244688556
frozen_policy,58,binary_bktf,balanced_mastery,0.0095,0.0004330127018922186,3,5,0.00024999999999999957
frozen_policy,58,binary_bktf,blocked_median_item,0.0,0.0,3,5,0.0
frozen_policy,58,binary_bktf,interleaved_median_item,0.003999999999999999,0.005267826876426372,3,5,0.0030413812651491116
frozen_policy,58,binary_bktf,least_mastery_target_item,0.003916666666666666,0.003843284185866737,3,5,0.0022189211592823924
frozen_policy,58,binary_bktf,maximum_response_information_gain,0.00925,0.004130677910464578,3,5,0.002384848003542365
frozen_policy,58,binary_bktf,maximum_skill_uncertainty,0.005749999999999998,0.001952562418976666,3,5,0.001127312438205725
frozen_policy,58,binary_bktf,target_success_070,0.0017499999999999998,0.004264680527307996,3,5,0.0024622144504490265
frozen_policy,58,binary_bktf,two_corner_robust_response_information_gain,0.013499999999999998,0.0017499999999999983,3,5,0.0010103629710818442
frozen_policy,58,continuous_latent_trait,balanced_mastery,-0.004391651725614123,0.00013673618394887554,3,5,7.894467261084549e-05
frozen_policy,58,continuous_latent_trait,blocked_median_item,0.0,0.0,3,5,0.0
frozen_policy,58,continuous_latent_trait,interleaved_median_item,0.0001922457473753311,4.139591524089078e-06,3,5,2.389994280767922e-06
frozen_policy,58,continuous_latent_trait,least_mastery_target_item,-0.011018197092168884,0.0010954085912281105,3,5,0.0006324344450181783
frozen_policy,58,continuous_latent_trait,maximum_response_information_gain,0.0010624362480798372,0.0002809541325320703,3,5,0.0001622089440473286
frozen_policy,58,continuous_latent_trait,maximum_skill_uncertainty,-0.0008405144146462659,0.0003584477322015097,3,5,0.0002069498946769525
frozen_policy,58,continuous_latent_trait,target_success_070,-0.00028881230778666323,0.00018328989020611176,3,5,0.00010582246745023559
frozen_policy,58,continuous_latent_trait,two_corner_robust_response_information_gain,0.001445891705997169,0.000426747115045815,3,5,0.0002463825617475975
frozen_policy,58,four_state_semimarkov,balanced_mastery,0.0018055555555555596,0.0019831465831779463,3,5,0.001144970213640274
frozen_policy,58,four_state_semimarkov,blocked_median_item,0.0,0.0,3,5,0.0
frozen_policy,58,four_state_semimarkov,interleaved_median_item,0.00033333333333333115,0.0034044497026359186,3,5,0.001965559952259389
frozen_policy,58,four_state_semimarkov,least_mastery_target_item,-0.0032222222222222166,0.002078884138007519,3,5,0.0012002443166926843
frozen_policy,58,four_state_semimarkov,maximum_response_information_gain,0.007388888888888889,0.0015373437891135198,3,5,0.0008875858504816899
frozen_policy,58,four_state_semimarkov,maximum_skill_uncertainty,0.003555555555555558,0.0014632852434517713,3,5,0.0008448281292080872
frozen_policy,58,four_state_semimarkov,target_success_070,-0.0004166666666666639,0.0020632364005233185,3,5,0.0011912100912439725
frozen_policy,58,four_state_semimarkov,two_corner_robust_response_information_gain,0.006416666666666665,0.0025426910503987274,3,5,0.0014680233624137576
frozen_policy,59,binary_bktf,balanced_mastery,0.016749999999999998,0.006309714732061981,3,5,0.003642915499065732
frozen_policy,59,binary_bktf,blocked_median_item,0.0,0.0,3,5,0.0
frozen_policy,59,binary_bktf,interleaved_median_item,0.0015000000000000005,0.0070533679898329375,3,5,0.004072263907623537
frozen_policy,59,binary_bktf,least_mastery_target_item,0.015583333333333331,0.011579435795121168,3,5,0.006685390373377195
frozen_policy,59,binary_bktf,maximum_response_information_gain,0.011333333333333332,0.010753875270493577,3,5,0.006208752782251126
frozen_policy,59,binary_bktf,maximum_skill_uncertainty,0.0105,0.007628073151196178,3,5,0.00440407008724127
frozen_policy,59,binary_bktf,target_success_070,-0.00025000000000000136,0.011302654555457314,3,5,0.006525590650150631
frozen_policy,59,binary_bktf,two_corner_robust_response_information_gain,0.013583333333333334,0.013043996064601266,3,5,0.00753095463920596
frozen_policy,59,continuous_latent_trait,balanced_mastery,-0.0032010344056223,0.0002839682009483789,3,5,0.00016394911725884032
frozen_policy,59,continuous_latent_trait,blocked_median_item,0.0,0.0,3,5,0.0
frozen_policy,59,continuous_latent_trait,interleaved_median_item,0.00022707145983095375,6.728546409854183e-06,3,5,3.884728080984203e-06
frozen_policy,59,continuous_latent_trait,least_mastery_target_item,-0.00924807224083868,0.00033101529808684117,3,5,0.00019111177145632197
frozen_policy,59,continuous_latent_trait,maximum_response_information_gain,0.0019820191122996906,0.0003673462363766274,3,5,0.00021208744845784176
frozen_policy,59,continuous_latent_trait,maximum_skill_uncertainty,-0.000513161471570287,0.0005644572880447369,3,5,0.000325889567198675
frozen_policy,59,continuous_latent_trait,target_success_070,-0.003244523296595225,0.00039615267458359285,3,5,0.00022871885331102757
frozen_policy,59,continuous_latent_trait,two_corner_robust_response_information_gain,0.002137040430591298,9.573557917986023e-05,3,5,5.527296241051704e-05
frozen_policy,59,four_state_semimarkov,balanced_mastery,0.0018611111111111092,0.002834966849371795,3,5,0.0016367688736284712
frozen_policy,59,four_state_semimarkov,blocked_median_item,0.0,0.0,3,5,0.0
frozen_policy,59,four_state_semimarkov,interleaved_median_item,0.00016666666666666783,0.0022469114604521225,3,5,0.0012972549365372881
frozen_policy,59,four_state_semimarkov,least_mastery_target_item,-0.0008611111111111097,0.0031094985900433324,3,5,0.0017952698480062797
frozen_policy,59,four_state_semimarkov,maximum_response_information_gain,0.006499999999999996,0.003985215733739448,3,5,0.0023008653766532026
frozen_policy,59,four_state_semimarkov,maximum_skill_uncertainty,0.0028888888888888853,0.0008753306253660395,3,5,0.0005053723721850064
frozen_policy,59,four_state_semimarkov,target_success_070,-0.0049999999999999975,0.0013411230782859219,3,5,0.0007742977702647966
frozen_policy,59,four_state_semimarkov,two_corner_robust_response_information_gain,0.006833333333333326,0.006287112037953335,3,5,0.003629865827537695
frozen_policy,60,binary_bktf,balanced_mastery,0.011666666666666665,0.00613562004473332,3,5,0.003542401884472046
frozen_policy,60,binary_bktf,blocked_median_item,0.0,0.0,3,5,0.0
frozen_policy,60,binary_bktf,interleaved_median_item,0.0025,0.0034731109973624515,3,5,0.002005201569252661
frozen_policy,60,binary_bktf,least_mastery_target_item,0.004666666666666667,0.004652508284069286,3,5,0.002686126910214366
frozen_policy,60,binary_bktf,maximum_response_information_gain,0.018416666666666668,0.0044464405239847,3,5,0.0025671536334582272
frozen_policy,60,binary_bktf,maximum_skill_uncertainty,0.0054166666666666695,0.003412599204907213,3,5,0.0019702650695894823
frozen_policy,60,binary_bktf,target_success_070,0.0009166666666666668,0.0023228933107943945,3,5,0.0013411230782859247
frozen_policy,60,binary_bktf,two_corner_robust_response_information_gain,0.01233333333333333,0.006983611768514434,3,5,0.004031990134467647
frozen_policy,60,continuous_latent_trait,balanced_mastery,-0.006526319226951636,0.00037638876192693974,3,5,0.00021730815301846865
frozen_policy,60,continuous_latent_trait,blocked_median_item,0.0,0.0,3,5,0.0
frozen_policy,60,continuous_latent_trait,interleaved_median_item,0.00020198277002215123,1.142193231246763e-05,3,5,6.594455695268871e-06
frozen_policy,60,continuous_latent_trait,least_mastery_target_item,-0.01590093422365119,0.0009090208618323957,3,5,0.0005248234392779193
frozen_policy,60,continuous_latent_trait,maximum_response_information_gain,0.002227736291137422,0.0006061416490125649,3,5,0.000349956044224448
frozen_policy,60,continuous_latent_trait,maximum_skill_uncertainty,-0.001076360751872539,0.000510482987329056,3,5,0.0002947274901511548
frozen_policy,60,continuous_latent_trait,target_success_070,0.0001127813992357793,0.0006366741312798915,3,5,0.0003675839810805165
frozen_policy,60,continuous_latent_trait,two_corner_robust_response_information_gain,0.002468449487327322,0.00050949939687963,3,5,0.0002941596139404064
frozen_policy,60,four_state_semimarkov,balanced_mastery,-0.000638888888888889,0.00329807744221006,3,5,0.0019041458990682108
frozen_policy,60,four_state_semimarkov,blocked_median_item,0.0,0.0,3,5,0.0
frozen_policy,60,four_state_semimarkov,interleaved_median_item,0.002527777777777775,0.002458451032963943,3,5,0.0014193873656712461
frozen_policy,60,four_state_semimarkov,least_mastery_target_item,-0.00830555555555555,0.005907465458904369,3,5,0.0034106767729268537
frozen_policy,60,four_state_semimarkov,maximum_response_information_gain,0.009999999999999995,0.001529796645890496,3,5,0.0008832285053102645
frozen_policy,60,four_state_semimarkov,maximum_skill_uncertainty,0.0040833333333333294,0.006311915539499707,3,5,0.0036441861358323378
frozen_policy,60,four_state_semimarkov,target_success_070,0.0005555555555555582,0.004862222095267112,3,5,0.0028072052355622135
frozen_policy,60,four_state_semimarkov,two_corner_robust_response_information_gain,0.010277777777777773,0.002131661671438859,3,5,0.001230715439826433
frozen_policy,61,binary_bktf,balanced_mastery,0.007583333333333334,0.0014648663192705818,3,5,0.0008457409637576867
frozen_policy,61,binary_bktf,blocked_median_item,0.0,0.0,3,5,0.0
frozen_policy,61,binary_bktf,interleaved_median_item,-0.002083333333333333,0.0012332207155790597,3,5,0.000712000312109793
frozen_policy,61,binary_bktf,least_mastery_target_item,0.004166666666666669,0.004200694387042856,3,5,0.002425272035142543
frozen_policy,61,binary_bktf,maximum_response_information_gain,0.004416666666666665,0.00718650355411679,3,5,0.004149129761501532
frozen_policy,61,binary_bktf,maximum_skill_uncertainty,0.0062499999999999995,0.003929058411375428,3,5,0.0022684429314693668
frozen_policy,61,binary_bktf,target_success_070,-0.002583333333333333,0.006424237957402677,3,5,0.0037090355140446474
frozen_policy,61,binary_bktf,two_corner_robust_response_information_gain,0.011166666666666667,0.003224257020358854,3,5,0.001861525658640725
frozen_policy,61,continuous_latent_trait,balanced_mastery,-0.005806384482703382,9.064745238644932e-05,3,5,5.2335331036670304e-05
frozen_policy,61,continuous_latent_trait,blocked_median_item,0.0,0.0,3,5,0.0
frozen_policy,61,continuous_latent_trait,interleaved_median_item,0.00021089605035874435,3.8017570989066257e-06,3,5,2.194945484447311e-06
frozen_policy,61,continuous_latent_trait,least_mastery_target_item,-0.01472485972840608,0.0003933606040326152,3,5,0.0002271068506268242
frozen_policy,61,continuous_latent_trait,maximum_response_information_gain,0.0005481026142044101,0.0003635617628887259,3,5,0.00020990248167086081
frozen_policy,61,continuous_latent_trait,maximum_skill_uncertainty,-0.000793420869154201,0.00012215681360096164,3,5,7.052726921586214e-05
frozen_policy,61,continuous_latent_trait,target_success_070,-0.0023275024341236194,0.0003098143328371964,3,5,0.00017887138846235965
frozen_policy,61,continuous_latent_trait,two_corner_robust_response_information_gain,0.0008771756000160441,0.0005243149311922705,3,5,0.00030271336666399753
frozen_policy,61,four_state_semimarkov,balanced_mastery,0.00022222222222222942,0.003937297907806168,3,5,0.0022732000069516415
frozen_policy,61,four_state_semimarkov,blocked_median_item,0.0,0.0,3,5,0.0
frozen_policy,61,four_state_semimarkov,interleaved_median_item,-0.0025555555555555553,0.0016337017725036218,3,5,0.0009432181581305348
frozen_policy,61,four_state_semimarkov,least_mastery_target_item,-0.004666666666666663,0.0026339134382131883,3,5,0.001520690632574557
frozen_policy,61,four_state_semimarkov,maximum_response_information_gain,0.0052222222222222245,0.0041267532749841695,3,5,0.00238258211419128
frozen_policy,61,four_state_semimarkov,maximum_skill_uncertainty,-0.00022222222222222066,0.002831290112952702,3,5,0.0016346461088671686
frozen_policy,61,four_state_semimarkov,target_success_070,-0.003194444444444441,0.003206258347761856,3,5,0.0018511341201717924
frozen_policy,61,four_state_semimarkov,two_corner_robust_response_information_gain,0.005416666666666667,0.005000694396225831,3,5,0.0028871522557960367
frozen_policy,62,binary_bktf,balanced_mastery,0.009416666666666667,0.01039631344916713,3,5,0.0060023143684563695
frozen_policy,62,binary_bktf,blocked_median_item,0.0,0.0,3,5,0.0
frozen_policy,62,binary_bktf,interleaved_median_item,0.0002500000000000004,0.002817356917396164,3,5,0.0016266017746619295
frozen_policy,62,binary_bktf,least_mastery_target_item,0.0009166666666666658,0.00627661001921685,3,5,0.0036238024841931506
frozen_policy,62,binary_bktf,maximum_response_information_gain,0.010083333333333331,0.003412599204907215,3,5,0.0019702650695894836
frozen_policy,62,binary_bktf,maximum_skill_uncertainty,0.006583333333333334,0.003907791362564452,3,5,0.002256164395113481
frozen_policy,62,binary_bktf,target_success_070,-0.005833333333333333,0.0055075705472861025,3,5,0.003179797338056486
frozen_policy,62,binary_bktf,two_corner_robust_response_information_gain,0.012999999999999998,0.002999999999999999,3,5,0.001732050807568877
frozen_policy,62,continuous_latent_trait,balanced_mastery,-0.005244887360566947,0.00030912351377800464,3,5,0.00017847254389257399
frozen_policy,62,continuous_latent_trait,blocked_median_item,0.0,0.0,3,5,0.0
frozen_policy,62,continuous_latent_trait,interleaved_median_item,0.00010809875686622375,3.1883114768541202e-06,3,5,1.8407724894220997e-06
frozen_policy,62,continuous_latent_trait,least_mastery_target_item,-0.01085098161600939,0.0001386776399938738,3,5,8.006557278104505e-05
frozen_policy,62,continuous_latent_trait,maximum_response_information_gain,0.0014969009079765308,0.00042877997920311243,3,5,0.0002475562364160391
frozen_policy,62,continuous_latent_trait,maximum_skill_uncertainty,0.0007022908472745613,0.00029845978491804527,3,5,0.00017231583716471126
frozen_policy,62,continuous_latent_trait,target_success_070,-0.0005018169219833379,0.00034950653269554807,3,5,0.00020178769073530742
frozen_policy,62,continuous_latent_trait,two_corner_robust_response_information_gain,0.001640625129898607,0.0004593264146758968,3,5,0.0002651922291590347
frozen_policy,62,four_state_semimarkov,balanced_mastery,-0.0003055555555555531,0.006910304972634335,3,5,0.003989666436132843
frozen_policy,62,four_state_semimarkov,blocked_median_item,0.0,0.0,3,5,0.0
frozen_policy,62,four_state_semimarkov,interleaved_median_item,0.0025555555555555596,0.0012143051663552438,3,5,0.0007010794146735533
frozen_policy,62,four_state_semimarkov,least_mastery_target_item,-0.0034999999999999957,0.004774789116925593,3,5,0.002756725781980687
frozen_policy,62,four_state_semimarkov,maximum_response_information_gain,0.007722222222222225,0.002418581616782249,3,5,0.0013963687475063119
frozen_policy,62,four_state_semimarkov,maximum_skill_uncertainty,0.0034444444444444466,0.0013752104216096185,3,5,0.000793978107108692
frozen_policy,62,four_state_semimarkov,target_success_070,0.0007777777777777783,0.0036097219550254222,3,5,0.00208407394243363
frozen_policy,62,four_state_semimarkov,two_corner_robust_response_information_gain,0.007749999999999997,0.0019418633662885028,3,5,0.00112113533725614
frozen_policy,63,binary_bktf,balanced_mastery,0.013416666666666665,0.007072540797572914,3,5,0.004083333333333333
frozen_policy,63,binary_bktf,blocked_median_item,0.0,0.0,3,5,0.0
frozen_policy,63,binary_bktf,interleaved_median_item,-2.8912057932946783e-19,0.003132491021535413,3,5,0.0018085445345175566
frozen_policy,63,binary_bktf,least_mastery_target_item,0.010833333333333334,0.006135620044733318,3,5,0.0035424018844720452
frozen_policy,63,binary_bktf,maximum_response_information_gain,0.011166666666666665,0.0011273124382057218,3,5,0.0006508541396588869
frozen_policy,63,binary_bktf,maximum_skill_uncertainty,0.008166666666666664,0.004289036410819255,3,5,0.002476276326350603
frozen_policy,63,binary_bktf,target_success_070,-0.002500000000000001,0.0027838821814150064,3,5,0.0016072751268321566
frozen_policy,63,binary_bktf,two_corner_robust_response_information_gain,0.014666666666666663,0.003412599204907212,3,5,0.001970265069589482
frozen_policy,63,continuous_latent_trait,balanced_mastery,-0.002772891403847115,0.0007685761578745174,3,5,0.00044373765164158096
frozen_policy,63,continuous_latent_trait,blocked_median_item,0.0,0.0,3,5,0.0
frozen_policy,63,continuous_latent_trait,interleaved_median_item,0.0001562378013368986,1.6445083214918874e-06,3,5,9.494573220979209e-07
frozen_policy,63,continuous_latent_trait,least_mastery_target_item,-0.0076615247473360995,0.00020095508197769655,3,5,0.00011602147067484642
frozen_policy,63,continuous_latent_trait,maximum_response_information_gain,0.00126270068008774,0.00026644428352441105,3,5,0.0001538316788168557
frozen_policy,63,continuous_latent_trait,maximum_skill_uncertainty,-0.00030984857338427603,0.0006289171003190036,3,5,0.00036310545716713565
frozen_policy,63,continuous_latent_trait,target_success_070,-0.0003012490046095452,0.00024203051964544664,3,5,0.00013973638566940364
frozen_policy,63,continuous_latent_trait,two_corner_robust_response_information_gain,0.0019593865295782775,0.0002323658621360713,3,5,0.00013415649305474023
frozen_policy,63,four_state_semimarkov,balanced_mastery,0.00036111111111111267,0.0035913991908653286,3,5,0.002073495289613502
frozen_policy,63,four_state_semimarkov,blocked_median_item,0.0,0.0,3,5,0.0
frozen_policy,63,four_state_semimarkov,interleaved_median_item,0.0012499999999999987,0.005149838185160122,3,5,0.0029732604624852104
frozen_policy,63,four_state_semimarkov,least_mastery_target_item,-0.0020833333333333337,0.0013869430814244304,3,5,0.000800751961411084
frozen_policy,63,four_state_semimarkov,maximum_response_information_gain,0.008277777777777776,0.0042860670048857534,3,5,0.002474561939035563
frozen_policy,63,four_state_semimarkov,maximum_skill_uncertainty,0.0024166666666666638,0.003382963855030742,3,5,0.0019531550923607734
frozen_policy,63,four_state_semimarkov,target_success_070,-0.0001944444444444447,0.004476274906329702,3,5,0.0025843785221362206
frozen_policy,63,four_state_semimarkov,two_corner_robust_response_information_gain,0.007749999999999997,0.004310839052125854,3,5,0.0024888640871780134
frozen_policy,64,binary_bktf,balanced_mastery,0.012166666666666668,0.006424237957402679,3,5,0.0037090355140446487
frozen_policy,64,binary_bktf,blocked_median_item,0.0,0.0,3,5,0.0
frozen_policy,64,binary_bktf,interleaved_median_item,-0.0010833333333333302,0.008779711460710615,3,5,0.005068968775248516
frozen_policy,64,binary_bktf,least_mastery_target_item,0.01025,0.0028831406486676987,3,5,0.0016645820296198482
frozen_policy,64,binary_bktf,maximum_response_information_gain,0.016916666666666667,0.0061457980224974285,3,5,0.00354827814267396
frozen_policy,64,binary_bktf,maximum_skill_uncertainty,0.001833333333333335,0.004705935967831833,3,5,0.002716973397816851
frozen_policy,64,binary_bktf,target_success_070,0.0023333333333333353,0.006774646362234219,3,5,0.003911343900900446
frozen_policy,64,binary_bktf,two_corner_robust_response_information_gain,0.014333333333333335,0.0016645820296198486,3,5,0.0009610468828892333
frozen_policy,64,continuous_latent_trait,balanced_mastery,-0.0028291060303127272,0.00036214928287065505,3,5,0.00020908698595220262
frozen_policy,64,continuous_latent_trait,blocked_median_item,0.0,0.0,3,5,0.0
frozen_policy,64,continuous_latent_trait,interleaved_median_item,0.0001920713794861644,5.6787154818348375e-06,3,5,3.2786079120886388e-06
frozen_policy,64,continuous_latent_trait,least_mastery_target_item,-0.007978988778974428,0.0010067686274047242,3,5,0.0005812581380437876
frozen_policy,64,continuous_latent_trait,maximum_response_information_gain,0.0031100607935194463,0.0005808757134623238,3,5,0.0003353687495331886
frozen_policy,64,continuous_latent_trait,maximum_skill_uncertainty,-0.00011149870511933501,0.00031184004516838604,3,5,0.00018004093402207276
frozen_policy,64,continuous_latent_trait,target_success_070,-0.0006379078569486731,0.00012569768000542287,3,5,7.257158938764234e-05
frozen_policy,64,continuous_latent_trait,two_corner_robust_response_information_gain,0.0040133586429212526,0.0005446657396915363,3,5,0.0003144629114292751
frozen_policy,64,four_state_semimarkov,balanced_mastery,-0.0020833333333333385,0.003623802484193147,3,5,0.0020922033397389483
frozen_policy,64,four_state_semimarkov,blocked_median_item,0.0,0.0,3,5,0.0
frozen_policy,64,four_state_semimarkov,interleaved_median_item,-0.001694444444444448,0.002303881587749329,3,5,0.0013301466548680976
frozen_policy,64,four_state_semimarkov,least_mastery_target_item,-0.0022500000000000007,0.002534484387624256,3,5,0.0014632852434517682
frozen_policy,64,four_state_semimarkov,maximum_response_information_gain,0.005972222222222212,0.003417005403262616,3,5,0.001972808989396077
frozen_policy,64,four_state_semimarkov,maximum_skill_uncertainty,0.0025555555555555535,0.0020922033397389466,3,5,0.001207934161397715
frozen_policy,64,four_state_semimarkov,target_success_070,-0.0034444444444444466,0.0011496778936986116,3,5,0.0006637668414082554
frozen_policy,64,four_state_semimarkov,two_corner_robust_response_information_gain,0.0083611111111111,0.0040844669628202854,3,5,0.002358168100480425
frozen_policy,65,binary_bktf,balanced_mastery,0.013749999999999998,0.005717298313014637,3,5,0.003300883720056394
frozen_policy,65,binary_bktf,blocked_median_item,0.0,0.0,3,5,0.0
frozen_policy,65,binary_bktf,interleaved_median_item,-0.001749999999999998,0.004272001872658767,3,5,0.002466441431158125
frozen_policy,65,binary_bktf,least_mastery_target_item,0.0036666666666666675,0.004289036410819258,3,5,0.0024762763263506053
frozen_policy,65,binary_bktf,maximum_response_information_gain,0.012833333333333335,0.006370504951205467,3,5,0.00367801274845232
frozen_policy,65,binary_bktf,maximum_skill_uncertainty,0.006333333333333334,0.005149838185160127,3,5,0.0029732604624852135
frozen_policy,65,binary_bktf,target_success_070,-0.0006666666666666638,0.003547299442298792,3,5,0.002048034287907417
frozen_policy,65,binary_bktf,two_corner_robust_response_information_gain,0.015083333333333332,0.0062766100192168505,3,5,0.003623802484193151
frozen_policy,65,continuous_latent_trait,balanced_mastery,-0.004482931117664472,0.0006031052034523404,3,5,0.00034820295156287275
frozen_policy,65,continuous_latent_trait,blocked_median_item,0.0,0.0,3,5,0.0
frozen_policy,65,continuous_latent_trait,interleaved_median_item,0.00021395107046916543,4.905930284684352e-06,3,5,2.832440170488048e-06
frozen_policy,65,continuous_latent_trait,least_mastery_target_item,-0.01072592741196434,0.00044972305329944365,3,5,0.0002596477258832142
frozen_policy,65,continuous_latent_trait,maximum_response_information_gain,0.0008407156293660676,0.0004965229416718426,3,5,0.0002866676540330632
frozen_policy,65,continuous_latent_trait,maximum_skill_uncertainty,-0.0013902746155319042,0.0005470186007069685,3,5,0.00031582133636990067
frozen_policy,65,continuous_latent_trait,target_success_070,-0.0012398053428274555,0.0001015522194767928,3,5,5.863120125173028e-05
frozen_policy,65,continuous_latent_trait,two_corner_robust_response_information_gain,0.0008964252037584374,0.0002979717596478091,3,5,0.00017203407564356905
frozen_policy,65,four_state_semimarkov,balanced_mastery,0.002138888888888887,0.0027186768295815746,3,5,0.0015696287993985205
frozen_policy,65,four_state_semimarkov,blocked_median_item,0.0,0.0,3,5,0.0
frozen_policy,65,four_state_semimarkov,interleaved_median_item,0.00016666666666666623,0.0016604049037642684,3,5,0.0009586352181520751
frozen_policy,65,four_state_semimarkov,least_mastery_target_item,-0.0031111111111111057,0.0018358568490953666,3,5,0.0010599324460188282
frozen_policy,65,four_state_semimarkov,maximum_response_information_gain,0.008138888888888883,0.0004738533919231119,3,5,0.0002735793833832259
frozen_policy,65,four_state_semimarkov,maximum_skill_uncertainty,-2.7777777777777898e-05,0.00132375028416043,3,5,0.0007642675828998679
frozen_policy,65,four_state_semimarkov,target_success_070,-0.0029444444444444444,0.001875154314637521,3,5,0.001082620848328061
frozen_policy,65,four_state_semimarkov,two_corner_robust_response_information_gain,0.007472222222222217,0.004019339820491992,3,5,0.002320566927325634
frozen_policy,66,binary_bktf,balanced_mastery,0.009,0.0016393596310755004,3,5,0.0009464847243000458
frozen_policy,66,binary_bktf,blocked_median_item,0.0,0.0,3,5,0.0
frozen_policy,66,binary_bktf,interleaved_median_item,-0.00033333333333333305,0.006506407098647711,3,5,0.003756475889861548
frozen_policy,66,binary_bktf,least_mastery_target_item,-0.0006666666666666687,0.004375595197608358,3,5,0.0025262510652040195
frozen_policy,66,binary_bktf,maximum_response_information_gain,0.02008333333333333,0.008567136822377317,3,5,0.004946238750583899
frozen_policy,66,binary_bktf,maximum_skill_uncertainty,0.010833333333333332,0.005713653238807313,3,5,0.0032987792354815795
frozen_policy,66,binary_bktf,target_success_070,0.004500000000000001,0.004130677910464575,3,5,0.0023848480035423636
frozen_policy,66,binary_bktf,two_corner_robust_response_information_gain,0.016833333333333336,0.0033291640592396947,3,5,0.001922093765778465
frozen_policy,66,continuous_latent_trait,balanced_mastery,-0.005900549875125883,0.0001096103685009603,3,5,6.328357576000351e-05
frozen_policy,66,continuous_latent_trait,blocked_median_item,0.0,0.0,3,5,0.0
frozen_policy,66,continuous_latent_trait,interleaved_median_item,0.00017733245861289754,5.140253759353798e-06,3,5,2.9677268916659015e-06
frozen_policy,66,continuous_latent_trait,least_mastery_target_item,-0.01645749833585407,0.00029526355288739443,3,5,0.0001704704917414225
frozen_policy,66,continuous_latent_trait,maximum_response_information_gain,0.003452800704080928,0.0005218838618038957,3,5,0.00030130978809820067
frozen_policy,66,continuous_latent_trait,maximum_skill_uncertainty,0.0005730617417410094,0.00015375288175563617,3,5,8.876926767029725e-05
frozen_policy,66,continuous_latent_trait,target_success_070,0.0012303917959318271,0.0002650932440873989,3,5,0.00015305165583421094
frozen_policy,66,continuous_latent_trait,two_corner_robust_response_information_gain,0.0038628051459599286,0.0003977266598842055,3,5,0.00022962759414803678
frozen_policy,66,four_state_semimarkov,balanced_mastery,0.00019444444444444628,0.005208388888592601,3,5,0.0030070647268731943
frozen_policy,66,four_state_semimarkov,blocked_median_item,0.0,0.0,3,5,0.0
frozen_policy,66,four_state_semimarkov,interleaved_median_item,0.002055555555555558,0.004289306254879474,3,5,0.00247643212089141
frozen_policy,66,four_state_semimarkov,least_mastery_target_item,-0.008749999999999997,0.0011023963796102506,3,5,0.0006364688465216471
frozen_policy,66,four_state_semimarkov,maximum_response_information_gain,0.005749999999999997,0.003556098048891982,3,5,0.002053114165792489
frozen_policy,66,four_state_semimarkov,maximum_skill_uncertainty,0.003666666666666663,0.0014813657362192614,3,5,0.0008552669065744788
frozen_policy,66,four_state_semimarkov,target_success_070,0.003388888888888889,0.00536211850063152,3,5,0.0030958205597662806
frozen_policy,66,four_state_semimarkov,two_corner_robust_response_information_gain,0.010694444444444442,0.002946671065858962,3,5,0.0017012613330869533
frozen_policy,67,binary_bktf,balanced_mastery,0.014083333333333335,0.0032242570203588495,3,5,0.0018615256586407226
frozen_policy,67,binary_bktf,blocked_median_item,0.0,0.0,3,5,0.0
frozen_policy,67,binary_bktf,interleaved_median_item,0.0074166666666666695,0.0024022558842332607,3,5,0.0013869430814244356
frozen_policy,67,binary_bktf,least_mastery_target_item,0.0105,0.006740734381356376,3,5,0.0038917648096118695
frozen_policy,67,binary_bktf,maximum_response_information_gain,0.016000000000000004,0.0025980762113533133,3,5,0.0014999999999999985
frozen_policy,67,binary_bktf,maximum_skill_uncertainty,0.014333333333333335,0.0005204164998665279,3,5,0.00030046260628866276
frozen_policy,67,binary_bktf,target_success_070,0.002583333333333333,0.0033291640592396942,3,5,0.0019220937657784649
frozen_policy,67,binary_bktf,two_corner_robust_response_information_gain,0.01525,0.007937253933193767,3,5,0.004582575694955838
frozen_policy,67,continuous_latent_trait,balanced_mastery,-0.005444958703962586,0.000404648453925865,3,5,0.00023362389380126406
frozen_policy,67,continuous_latent_trait,blocked_median_item,0.0,0.0,3,5,0.0
frozen_policy,67,continuous_latent_trait,interleaved_median_item,0.00016053452289270263,1.8274989361851276e-06,3,5,1.055107002750238e-06
frozen_policy,67,continuous_latent_trait,least_mastery_target_item,-0.010293641424000242,0.0005562680090308876,3,5,0.00032116148475556017
frozen_policy,67,continuous_latent_trait,maximum_response_information_gain,0.0017356318745240797,0.0002607753311752522,3,5,0.00015055870765204568
frozen_policy,67,continuous_latent_trait,maximum_skill_uncertainty,-0.0008647228598619335,0.0002763077715608019,3,5,0.00015952636628981462
frozen_policy,67,continuous_latent_trait,target_success_070,-0.000630633032223007,0.0009327861763798079,3,5,0.0005385443500292438
frozen_policy,67,continuous_latent_trait,two_corner_robust_response_information_gain,0.001621875397089023,0.00020310890900010177,3,5,0.00011726498328601997
frozen_policy,67,four_state_semimarkov,balanced_mastery,-0.004055555555555556,0.0006028481781725241,3,5,0.00034805455794838225
frozen_policy,67,four_state_semimarkov,blocked_median_item,0.0,0.0,3,5,0.0
frozen_policy,67,four_state_semimarkov,interleaved_median_item,-0.0016111111111111111,0.0035495826567410707,3,5,0.0020493525023802845
frozen_policy,67,four_state_semimarkov,least_mastery_target_item,-0.004083333333333334,0.0023018712194888603,3,5,0.0013289859682117458
frozen_policy,67,four_state_semimarkov,maximum_response_information_gain,0.007444444444444441,0.0005023094811118074,3,5,0.0002900085141364033
frozen_policy,67,four_state_semimarkov,maximum_skill_uncertainty,-0.0003888888888888915,0.002364866294865858,3,5,0.0013653561919382761
frozen_policy,67,four_state_semimarkov,target_success_070,-0.0026388888888888916,0.00047385339192310854,3,5,0.00027357938338322396
frozen_policy,67,four_state_semimarkov,two_corner_robust_response_information_gain,0.005527777777777776,0.0023896962460003487,3,5,0.0013796917709097396
frozen_policy,68,binary_bktf,balanced_mastery,0.01608333333333333,0.0022407216099581215,3,5,0.0012936812246883331
frozen_policy,68,binary_bktf,blocked_median_item,0.0,0.0,3,5,0.0
frozen_policy,68,binary_bktf,interleaved_median_item,0.0037499999999999994,0.005425633603552676,3,5,0.003132491021535417
frozen_policy,68,binary_bktf,least_mastery_target_item,0.005416666666666666,0.006001735860010279,3,5,0.0034651038143819653
frozen_policy,68,binary_bktf,maximum_response_information_gain,0.016916666666666667,0.0039077913625644506,3,5,0.0022561643951134803
frozen_policy,68,binary_bktf,maximum_skill_uncertainty,0.01525,0.004866980583482945,3,5,0.0028099525500145605
frozen_policy,68,binary_bktf,target_success_070,0.002166666666666669,0.005002082899486307,3,5,0.0028879539085272434
frozen_policy,68,binary_bktf,two_corner_robust_response_information_gain,0.01983333333333333,0.003214550253664317,3,5,0.0018559214542766733
frozen_policy,68,continuous_latent_trait,balanced_mastery,-0.0031161512974106844,0.0002542014678258266,3,5,0.00014676328587763898
frozen_policy,68,continuous_latent_trait,blocked_median_item,0.0,0.0,3,5,0.0
frozen_policy,68,continuous_latent_trait,interleaved_median_item,0.0002049264196526604,8.877621820924322e-06,3,5,5.125497348074354e-06
frozen_policy,68,continuous_latent_trait,least_mastery_target_item,-0.008084119688199148,0.0007971606089629314,3,5,0.00046024089217211445
frozen_policy,68,continuous_latent_trait,maximum_response_information_gain,0.0016204642966896638,0.0005504917582083452,3,5,0.00031782656478825854
frozen_policy,68,continuous_latent_trait,maximum_skill_uncertainty,0.000408990857483019,0.00010343352231697323,3,5,5.971737195293566e-05
frozen_policy,68,continuous_latent_trait,target_success_070,-0.000796862139429849,0.0006275604446294098,3,5,0.000362322191639551
frozen_policy,68,continuous_latent_trait,two_corner_robust_response_information_gain,0.002063071316884334,0.0007164358186479437,3,5,0.00041363441275348023
frozen_policy,68,four_state_semimarkov,balanced_mastery,0.00036111111111110746,0.00433440157773101,3,5,0.002502467917678937
frozen_policy,68,four_state_semimarkov,blocked_median_item,0.0,0.0,3,5,0.0
frozen_policy,68,four_state_semimarkov,interleaved_median_item,-0.0008888888888888903,0.0032928092250527675,3,5,0.0019011042924742985
frozen_policy,68,four_state_semimarkov,least_mastery_target_item,-0.0003888888888888877,0.005232333591698336,3,5,0.0030208892076569556
frozen_policy,68,four_state_semimarkov,maximum_response_information_gain,0.006944444444444437,0.0033503040215832757,3,5,0.0019342989287281901
frozen_policy,68,four_state_semimarkov,maximum_skill_uncertainty,0.002999999999999998,0.004823985212802101,3,5,0.0027851291611780673
frozen_policy,68,four_state_semimarkov,target_success_070,-0.0006388888888888947,0.00335444702071963,3,5,0.0019366908903948167
frozen_policy,68,four_state_semimarkov,two_corner_robust_response_information_gain,0.005055555555555552,0.004315937304319289,3,5,0.0024918075644542897
frozen_policy,69,binary_bktf,balanced_mastery,0.007583333333333333,0.002516611478423583,3,5,0.0014529663145135578
frozen_policy,69,binary_bktf,blocked_median_item,0.0,0.0,3,5,0.0
frozen_policy,69,binary_bktf,interleaved_median_item,-0.004166666666666667,0.0018929694486000922,3,5,0.0010929064207170008
frozen_policy,69,binary_bktf,least_mastery_target_item,0.008083333333333333,0.0021842237370135243,3,5,0.0012610621625351287
frozen_policy,69,binary_bktf,maximum_response_information_gain,0.006666666666666664,0.0026731691553909037,3,5,0.001543354931454343
frozen_policy,69,binary_bktf,maximum_skill_uncertainty,0.006250000000000001,0.004358898943540672,3,5,0.002516611478423582
frozen_policy,69,binary_bktf,target_success_070,-0.006749999999999999,0.003072051431861125,3,5,0.001773649721149396
frozen_policy,69,binary_bktf,two_corner_robust_response_information_gain,0.0095,0.005196152422706628,3,5,0.002999999999999998
frozen_policy,69,continuous_latent_trait,balanced_mastery,-0.0035735211803961456,0.0005942907951900867,3,5,0.0003431139505799133
frozen_policy,69,continuous_latent_trait,blocked_median_item,0.0,0.0,3,5,0.0
frozen_policy,69,continuous_latent_trait,interleaved_median_item,0.0001507197219711349,5.36342767679351e-06,3,5,3.0965764129758223e-06
frozen_policy,69,continuous_latent_trait,least_mastery_target_item,-0.010927493726014453,0.00023958752036422034,3,5,0.00013832591937675757
frozen_policy,69,continuous_latent_trait,maximum_response_information_gain,0.0005262791844389807,0.00038968303906912726,3,5,0.0002249836075051921
frozen_policy,69,continuous_latent_trait,maximum_skill_uncertainty,-5.2303263200647174e-05,0.0003248559485514195,3,5,0.0001875556693440133
frozen_policy,69,continuous_latent_trait,target_success_070,-0.000733959649581338,0.00014424570838468317,3,5,8.32802985653451e-05
frozen_policy,69,continuous_latent_trait,two_corner_robust_response_information_gain,0.0003404308327566924,7.527309613300826e-05,3,5,4.34589423151289e-05
frozen_policy,69,four_state_semimarkov,balanced_mastery,-0.0005555555555555551,0.002380962301566627,3,5,0.0013746492257398432
frozen_policy,69,four_state_semimarkov,blocked_median_item,0.0,0.0,3,5,0.0
frozen_policy,69,four_state_semimarkov,interleaved_median_item,-0.0010833333333333346,0.003971250852481288,3,5,0.0022928027486996023
frozen_policy,69,four_state_semimarkov,least_mastery_target_item,-0.0029444444444444405,0.0019118296452855228,3,5,0.0011037953603503035
frozen_policy,69,four_state_semimarkov,maximum_response_information_gain,0.004444444444444443,0.0026644956440266543,3,5,0.0015383472773333742
frozen_policy,69,four_state_semimarkov,maximum_skill_uncertainty,0.004083333333333334,0.0014215601757693252,3,5,0.0008207381501496717
frozen_policy,69,four_state_semimarkov,target_success_070,-0.0005555555555555553,0.0013952631505415951,3,5,0.0008055555555555553
frozen_policy,69,four_state_semimarkov,two_corner_robust_response_information_gain,0.005972222222222219,0.003018845131159579,3,5,0.001742931049116774
frozen_policy,70,binary_bktf,balanced_mastery,0.012166666666666668,0.012867918764638416,3,5,0.007429296362674227
frozen_policy,70,binary_bktf,blocked_median_item,0.0,0.0,3,5,0.0
frozen_policy,70,binary_bktf,interleaved_median_item,0.0019166666666666696,0.008217106141053143,3,5,0.00474414844249676
frozen_policy,70,binary_bktf,least_mastery_target_item,0.010333333333333335,0.005137687547266123,3,5,0.0029662452884262848
frozen_policy,70,binary_bktf,maximum_response_information_gain,0.0165,0.00438035386698381,3,5,0.002528998484248921
frozen_policy,70,binary_bktf,maximum_skill_uncertainty,0.006750000000000002,0.004821825380496477,3,5,0.002783882181415011
frozen_policy,70,binary_bktf,target_success_070,-0.0038333333333333323,0.0037941841459440745,3,5,0.002190573238015822
frozen_policy,70,binary_bktf,two_corner_robust_response_information_gain,0.01575,0.010871407452579453,3,5,0.006276610019216851
frozen_policy,70,continuous_latent_trait,balanced_mastery,-0.003570224963679177,0.0001761959491176027,3,5,0.00010172677865316954
frozen_policy,70,continuous_latent_trait,blocked_median_item,0.0,0.0,3,5,0.0
frozen_policy,70,continuous_latent_trait,interleaved_median_item,0.00013723347982995163,4.658264235703737e-06,3,5,2.689450110439959e-06
frozen_policy,70,continuous_latent_trait,least_mastery_target_item,-0.011348122167184551,0.0003592822978177331,3,5,0.0002074317313601355
frozen_policy,70,continuous_latent_trait,maximum_response_information_gain,0.002500696637207735,0.00036822090980302024,3,5,0.00021259244139602265
frozen_policy,70,continuous_latent_trait,maximum_skill_uncertainty,1.973248788498009e-05,0.00031483142675913883,3,5,0.00018176800898874276
frozen_policy,70,continuous_latent_trait,target_success_070,-0.0005690138733672325,0.0005487216963319972,3,5,0.0003168046190874667
frozen_policy,70,continuous_latent_trait,two_corner_robust_response_information_gain,0.0022866184211060027,0.00032382645157892165,3,5,0.00018696128898981174
frozen_policy,70,four_state_semimarkov,balanced_mastery,0.0015833333333333365,0.0002499999999999977,3,5,0.0001443375672974051
frozen_policy,70,four_state_semimarkov,blocked_median_item,0.0,0.0,3,5,0.0
frozen_policy,70,four_state_semimarkov,interleaved_median_item,-0.0023611111111111085,0.002850844579210659,3,5,0.0016459358852250596
frozen_policy,70,four_state_semimarkov,least_mastery_target_item,-0.0030277777777777764,0.0009179284245476814,3,5,0.000529966223009413
frozen_policy,70,four_state_semimarkov,maximum_response_information_gain,0.006833333333333333,0.0004999999999999973,3,5,0.0002886751345948113
frozen_policy,70,four_state_semimarkov,maximum_skill_uncertainty,0.0013333333333333329,0.0018276426832884456,3,5,0.001055189995179034
frozen_policy,70,four_state_semimarkov,target_success_070,0.000555555555555559,0.0016251780529233386,3,5,0.0009382969863363615
frozen_policy,70,four_state_semimarkov,two_corner_robust_response_information_gain,0.005138888888888887,0.000585314097380708,3,5,0.0003379312516832346
frozen_policy,71,binary_bktf,balanced_mastery,0.003916666666666667,0.003085584763595601,3,5,0.0017814631938693282
frozen_policy,71,binary_bktf,blocked_median_item,0.0,0.0,3,5,0.0
frozen_policy,71,binary_bktf,interleaved_median_item,-0.002500000000000002,0.004630064794363033,3,5,0.0026731691553909067
frozen_policy,71,binary_bktf,least_mastery_target_item,-0.0005000000000000019,0.0031324910215354182,3,5,0.0018085445345175596
frozen_policy,71,binary_bktf,maximum_response_information_gain,0.011500000000000002,0.0049812147112928175,3,5,0.0028759056544562325
frozen_policy,71,binary_bktf,maximum_skill_uncertainty,0.008833333333333334,0.0018763883748662835,3,5,0.0010833333333333333
frozen_policy,71,binary_bktf,target_success_070,0.0018333333333333344,0.0008779711460710609,3,5,0.0005068968775248512
frozen_policy,71,binary_bktf,two_corner_robust_response_information_gain,0.012666666666666665,0.0026731691553909076,3,5,0.0015433549314543451
frozen_policy,71,continuous_latent_trait,balanced_mastery,-0.006955684321111892,0.00043992568899253146,3,5,0.00025399121496326964
frozen_policy,71,continuous_latent_trait,blocked_median_item,0.0,0.0,3,5,0.0
frozen_policy,71,continuous_latent_trait,interleaved_median_item,0.00016731611294424901,3.4518433589868002e-06,3,5,1.9929226925114514e-06
frozen_policy,71,continuous_latent_trait,least_mastery_target_item,-0.012888347319282975,0.0008069969509834233,3,5,0.0004659199068854867
frozen_policy,71,continuous_latent_trait,maximum_response_information_gain,0.0030294095710472527,0.0005445250892109445,3,5,0.00031438170683644384
frozen_policy,71,continuous_latent_trait,maximum_skill_uncertainty,-0.0005501901594088739,0.00011584071695064057,3,5,6.688066911457158e-05
frozen_policy,71,continuous_latent_trait,target_success_070,0.00010913958878979448,0.00033258077282661246,3,5,0.00019201559871873848
frozen_policy,71,continuous_latent_trait,two_corner_robust_response_information_gain,0.0028326756052079716,0.0006139017561765116,3,5,0.000354436344184493
frozen_policy,71,four_state_semimarkov,balanced_mastery,-0.0033611111111111086,0.0066855634960158224,3,5,0.003859911884109071
frozen_policy,71,four_state_semimarkov,blocked_median_item,0.0,0.0,3,5,0.0
frozen_policy,71,four_state_semimarkov,interleaved_median_item,-0.0014444444444444446,0.003923162462058349,3,5,0.002265038903544023
frozen_policy,71,four_state_semimarkov,least_mastery_target_item,-0.0074722222222222195,0.00675685522951266,3,5,0.003901072185634465
frozen_policy,71,four_state_semimarkov,maximum_response_information_gain,0.0073611111111111065,0.0012972549365372888,3,5,0.0007489704868173746
frozen_policy,71,four_state_semimarkov,maximum_skill_uncertainty,0.00041666666666666545,0.004393018451032406,3,5,0.0025363103852585524
frozen_policy,71,four_state_semimarkov,target_success_070,-0.0011388888888888905,0.002800462924695236,3,5,0.0016168480234283612
frozen_policy,71,four_state_semimarkov,two_corner_robust_response_information_gain,0.007416666666666659,0.0014018836534383896,3,5,0.0008093779046851903
frozen_policy,72,binary_bktf,balanced_mastery,0.011333333333333334,0.005149838185160125,3,5,0.0029732604624852126
frozen_policy,72,binary_bktf,blocked_median_item,0.0,0.0,3,5,0.0
frozen_policy,72,binary_bktf,interleaved_median_item,-0.0013333333333333305,0.010106722185423585,3,5,0.00583511877437907
frozen_policy,72,binary_bktf,least_mastery_target_item,0.003750000000000001,0.008242420760917269,3,5,0.004758763845089746
frozen_policy,72,binary_bktf,maximum_response_information_gain,0.0175,0.0060827625302982205,3,5,0.003511884584284247
frozen_policy,72,binary_bktf,maximum_skill_uncertainty,0.010583333333333333,0.006166103577895311,3,5,0.0035600015605489724
frozen_policy,72,binary_bktf,target_success_070,0.0016666666666666687,0.0061964371483404345,3,5,0.003577514655610947
frozen_policy,72,binary_bktf,two_corner_robust_response_information_gain,0.015583333333333333,0.005149838185160125,3,5,0.0029732604624852126
frozen_policy,72,continuous_latent_trait,balanced_mastery,-0.004713762619485118,0.00013710838344066799,3,5,7.915956208762409e-05
frozen_policy,72,continuous_latent_trait,blocked_median_item,0.0,0.0,3,5,0.0
frozen_policy,72,continuous_latent_trait,interleaved_median_item,0.0001617006577979859,6.479168938476174e-06,3,5,3.7407499307542812e-06
frozen_policy,72,continuous_latent_trait,least_mastery_target_item,-0.009149202565485095,0.000483484785586033,3,5,0.00027914007110718463
frozen_policy,72,continuous_latent_trait,maximum_response_information_gain,0.0016248593602142187,0.0003631523073995528,3,5,0.00020966608243396556
frozen_policy,72,continuous_latent_trait,maximum_skill_uncertainty,1.482970642693462e-05,0.0003588271072642657,3,5,0.00020716892697155855
frozen_policy,72,continuous_latent_trait,target_success_070,0.0021602268231811126,0.000495167809617067,3,5,0.000285885268176451
frozen_policy,72,continuous_latent_trait,two_corner_robust_response_information_gain,0.0017948922956816259,0.0003343080185139837,3,5,0.0001930128244812989
frozen_policy,72,four_state_semimarkov,balanced_mastery,-0.0038333333333333344,0.0053986881122485035,3,5,0.0031169340348775063
frozen_policy,72,four_state_semimarkov,blocked_median_item,0.0,0.0,3,5,0.0
frozen_policy,72,four_state_semimarkov,interleaved_median_item,0.0019999999999999966,0.0017460272366464108,3,5,0.0010080692950902238
frozen_policy,72,four_state_semimarkov,least_mastery_target_item,-0.00761111111111111,0.0031549490810001512,3,5,0.0018215107011949998
frozen_policy,72,four_state_semimarkov,maximum_response_information_gain,0.005583333333333332,0.0004999999999999976,3,5,0.00028867513459481154
frozen_policy,72,four_state_semimarkov,maximum_skill_uncertainty,0.0007777777777777758,0.001954932034434765,3,5,0.0011286805363283344
frozen_policy,72,four_state_semimarkov,target_success_070,0.002194444444444441,0.0020855543716328828,3,5,0.0012040953778718457
frozen_policy,72,four_state_semimarkov,two_corner_robust_response_information_gain,0.006027777777777772,0.0015862546150299138,3,5,0.000915824528990807
frozen_policy,73,binary_bktf,balanced_mastery,0.016500000000000004,0.006628536791781427,3,5,0.0038269875010683452
frozen_policy,73,binary_bktf,blocked_median_item,0.0,0.0,3,5,0.0
frozen_policy,73,binary_bktf,interleaved_median_item,-0.0018333333333333298,0.005864796103304304,3,5,0.003386041608985008
frozen_policy,73,binary_bktf,least_mastery_target_item,0.008583333333333339,0.004481443219916253,3,5,0.002587362449376672
frozen_policy,73,binary_bktf,maximum_response_information_gain,0.011916666666666667,0.0026731691553909063,3,5,0.0015433549314543445
frozen_policy,73,binary_bktf,maximum_skill_uncertainty,0.009083333333333334,0.007315793417896199,3,5,0.004223775299158063
frozen_policy,73,binary_bktf,target_success_070,0.004083333333333337,0.005375484474290048,3,5,0.003103537408256013
frozen_policy,73,binary_bktf,two_corner_robust_response_information_gain,0.013666666666666666,0.0011814539065631523,3,5,0.0006821127309893709
frozen_policy,73,continuous_latent_trait,balanced_mastery,-0.0027993357370813717,0.00011992081906216067,3,5,6.923631716697888e-05
frozen_policy,73,continuous_latent_trait,blocked_median_item,0.0,0.0,3,5,0.0
frozen_policy,73,continuous_latent_trait,interleaved_median_item,0.00019926715699742034,1.6706235760533418e-06,3,5,9.645349713489322e-07
frozen_policy,73,continuous_latent_trait,least_mastery_target_item,-0.00988052502805356,0.0007579081270046453,3,5,0.000437578461147137
frozen_policy,73,continuous_latent_trait,maximum_response_information_gain,0.0016290398886508238,0.00013352309938800575,3,5,7.708959737469829e-05
frozen_policy,73,continuous_latent_trait,maximum_skill_uncertainty,-0.00108277579587607,0.0003555636419745824,3,5,0.0002052847644080689
frozen_policy,73,continuous_latent_trait,target_success_070,0.001768661442315277,0.0006396928296935718,3,5,0.0003693268274222572
frozen_policy,73,continuous_latent_trait,two_corner_robust_response_information_gain,0.00203694137759142,0.0003992170438714527,3,5,0.00023048806774426988
frozen_policy,73,four_state_semimarkov,balanced_mastery,0.0015555555555555568,0.0030780735918813007,3,5,0.0017771266168581472
frozen_policy,73,four_state_semimarkov,blocked_median_item,0.0,0.0,3,5,0.0
frozen_policy,73,four_state_semimarkov,interleaved_median_item,-0.0016388888888888887,0.0017085027016313058,3,5,0.0009864044946980373
frozen_policy,73,four_state_semimarkov,least_mastery_target_item,0.0004444444444444445,0.0005023094811118129,3,5,0.00029000851413640643
frozen_policy,73,four_state_semimarkov,maximum_response_information_gain,0.00447222222222222,0.004315937304319285,3,5,0.002491807564454287
frozen_policy,73,four_state_semimarkov,maximum_skill_uncertainty,0.002166666666666662,0.003253203549323857,3,5,0.001878237944930775
frozen_policy,73,four_state_semimarkov,target_success_070,0.0004999999999999948,0.0013869430814244376,3,5,0.0008007519614110882
frozen_policy,73,four_state_semimarkov,two_corner_robust_response_information_gain,0.007694444444444441,0.00405717243263682,3,5,0.002342409596131597
frozen_policy,74,binary_bktf,balanced_mastery,0.00958333333333333,0.004049176871085446,3,5,0.002337793356517589
frozen_policy,74,binary_bktf,blocked_median_item,0.0,0.0,3,5,0.0
frozen_policy,74,binary_bktf,interleaved_median_item,0.0015833333333333307,0.00202072594216369,3,5,0.0011666666666666668
frozen_policy,74,binary_bktf,least_mastery_target_item,0.002999999999999999,0.002883140648667699,3,5,0.0016645820296198484
frozen_policy,74,binary_bktf,maximum_response_information_gain,0.012999999999999996,0.006968679932383177,3,5,0.00402336923485777
frozen_policy,74,binary_bktf,maximum_skill_uncertainty,0.0019166666666666674,0.007255744850346748,3,5,0.004189106242518936
frozen_policy,74,binary_bktf,target_success_070,-0.005333333333333332,0.00813300887330964,3,5,0.004695594862326936
frozen_policy,74,binary_bktf,two_corner_robust_response_information_gain,0.010249999999999999,0.012757350822173075,3,5,0.007365459931328119
frozen_policy,74,continuous_latent_trait,balanced_mastery,-0.0035890560131953287,0.00034772266202074347,3,5,0.0002007577725210095
frozen_policy,74,continuous_latent_trait,blocked_median_item,0.0,0.0,3,5,0.0
frozen_policy,74,continuous_latent_trait,interleaved_median_item,0.00020542231548008262,2.4592357040310035e-06,3,5,1.4198403957230388e-06
frozen_policy,74,continuous_latent_trait,least_mastery_target_item,-0.008887978134512196,0.00026472371663580774,3,5,0.0001528383090605618
frozen_policy,74,continuous_latent_trait,maximum_response_information_gain,0.0019036711828991331,8.091617718139969e-05,3,5,4.671697667747657e-05
frozen_policy,74,continuous_latent_trait,maximum_skill_uncertainty,-0.0003682363961470954,0.0004819961768805084,3,5,0.000278280622470332
frozen_policy,74,continuous_latent_trait,target_success_070,-0.0008703357784202781,0.0002715972095636212,3,5,0.00015680672205270794
frozen_policy,74,continuous_latent_trait,two_corner_robust_response_information_gain,0.0025627698389493673,0.000447832023055944,3,5,0.00025855593906308396
frozen_policy,74,four_state_semimarkov,balanced_mastery,0.004583333333333331,0.0021424933553637394,3,5,0.0012369691154562395
frozen_policy,74,four_state_semimarkov,blocked_median_item,0.0,0.0,3,5,0.0
frozen_policy,74,four_state_semimarkov,interleaved_median_item,0.001388888888888888,0.0014821468413282301,3,5,0.0008557178778194072
frozen_policy,74,four_state_semimarkov,least_mastery_target_item,-0.0013333333333333359,0.0011456439237389588,3,5,0.000661437827766147
frozen_policy,74,four_state_semimarkov,maximum_response_information_gain,0.003194444444444441,0.0005091750772173179,3,5,0.000293972367896067
frozen_policy,74,four_state_semimarkov,maximum_skill_uncertainty,0.005083333333333329,0.0016729049916570657,3,5,0.0009658521472618756
frozen_policy,74,four_state_semimarkov,target_success_070,-2.7777777777780933e-05,0.001926304271953978,3,5,0.0011121522899537554
frozen_policy,74,four_state_semimarkov,two_corner_robust_response_information_gain,0.007416666666666662,0.0004409585518440968,3,5,0.0002545875386086569
frozen_policy,75,binary_bktf,balanced_mastery,0.0185,0.0036314597615834843,3,5,0.002096624270901519
frozen_policy,75,binary_bktf,blocked_median_item,0.0,0.0,3,5,0.0
frozen_policy,75,binary_bktf,interleaved_median_item,0.0024166666666666664,0.0031258332222518425,3,5,0.0018047006523089766
frozen_policy,75,binary_bktf,least_mastery_target_item,0.014583333333333335,0.004368447474027054,3,5,0.0025221243250702604
frozen_policy,75,binary_bktf,maximum_response_information_gain,0.014916666666666663,0.007177801427549616,3,5,0.004144105586385451
frozen_policy,75,binary_bktf,maximum_skill_uncertainty,0.011749999999999998,0.0025000000000000005,3,5,0.0014433756729740647
frozen_policy,75,binary_bktf,target_success_070,0.008583333333333333,0.004259792639710687,3,5,0.002459392427228952
frozen_policy,75,binary_bktf,two_corner_robust_response_information_gain,0.020916666666666663,0.004404070087241269,3,5,0.0025426910503987257
frozen_policy,75,continuous_latent_trait,balanced_mastery,-0.001980207831065652,0.000377018829730633,3,5,0.00021767192283453867
frozen_policy,75,continuous_latent_trait,blocked_median_item,0.0,0.0,3,5,0.0
frozen_policy,75,continuous_latent_trait,interleaved_median_item,0.0001843940858088287,4.3537455145327465e-06,3,5,2.513636144798607e-06
frozen_policy,75,continuous_latent_trait,least_mastery_target_item,-0.010222222339092243,0.0008060971268056841,3,5,0.00046540039315424563
frozen_policy,75,continuous_latent_trait,maximum_response_information_gain,0.0015483489363403355,0.0004694891060386683,3,5,0.00027105966175302194
frozen_policy,75,continuous_latent_trait,maximum_skill_uncertainty,5.314592330436333e-05,0.0002770825768630443,3,5,0.00015997370033963383
frozen_policy,75,continuous_latent_trait,target_success_070,-0.00022263470822882474,0.0005621717649187518,3,5,0.0003245700198066484
frozen_policy,75,continuous_latent_trait,two_corner_robust_response_information_gain,0.002011987975912711,0.0005243186995411449,3,5,0.00030271554232123453
frozen_policy,75,four_state_semimarkov,balanced_mastery,0.003972222222222224,0.001339395939026805,3,5,0.0007733006059486175
frozen_policy,75,four_state_semimarkov,blocked_median_item,0.0,0.0,3,5,0.0
frozen_policy,75,four_state_semimarkov,interleaved_median_item,-0.00019444444444444877,0.004237181103481861,3,5,0.0024463376507004478
frozen_policy,75,four_state_semimarkov,least_mastery_target_item,-0.000972222222222222,0.001667360966495437,3,5,0.0009626513028424151
frozen_policy,75,four_state_semimarkov,maximum_response_information_gain,0.009861111111111107,0.0026930122195814163,3,5,0.0015548113299062823
frozen_policy,75,four_state_semimarkov,maximum_skill_uncertainty,0.004111111111111113,0.001586254615029925,3,5,0.0009158245289908135
frozen_policy,75,four_state_semimarkov,target_success_070,-0.0005277777777777807,0.0014961370010550328,3,5,0.0008637951003036827
frozen_policy,75,four_state_semimarkov,two_corner_robust_response_information_gain,0.009444444444444438,0.002110379990358069,3,5,0.001218428455525631
frozen_policy,76,binary_bktf,balanced_mastery,0.010166666666666664,0.006196437148340436,3,5,0.0035775146556109483
frozen_policy,76,binary_bktf,blocked_median_item,0.0,0.0,3,5,0.0
frozen_policy,76,binary_bktf,interleaved_median_item,-0.0015833333333333342,0.0074888806462203245,3,5,0.004323707257024283
frozen_policy,76,binary_bktf,least_mastery_target_item,0.002333333333333331,0.009811770142707857,3,5,0.005664828133119114
frozen_policy,76,binary_bktf,maximum_response_information_gain,0.01983333333333333,0.010447288324409035,3,5,0.006031744726399191
frozen_policy,76,binary_bktf,maximum_skill_uncertainty,0.007083333333333331,0.009042722672587794,3,5,0.0052208183692256955
frozen_policy,76,binary_bktf,target_success_070,0.005416666666666666,0.008178987304876643,3,5,0.004722140522169062
frozen_policy,76,binary_bktf,two_corner_robust_response_information_gain,0.01683333333333333,0.007229857075581326,3,5,0.0041741599287894
frozen_policy,76,continuous_latent_trait,balanced_mastery,-0.007166343018749917,0.0005511885613000357,3,5,0.00031822886424081817
frozen_policy,76,continuous_latent_trait,blocked_median_item,0.0,0.0,3,5,0.0
frozen_policy,76,continuous_latent_trait,interleaved_median_item,0.00017151504108482298,6.162756084258987e-06,3,5,3.5580688841969306e-06
frozen_policy,76,continuous_latent_trait,least_mastery_target_item,-0.01578871963064442,0.00024768709246641095,3,5,0.0001430022095102781
frozen_policy,76,continuous_latent_trait,maximum_response_information_gain,0.0006517037664045335,0.0003043243928828694,3,5,0.00017570177015189409
frozen_policy,76,continuous_latent_trait,maximum_skill_uncertainty,-0.0012443288091889056,0.000817336640659296,3,5,0.000471889529503189
frozen_policy,76,continuous_latent_trait,target_success_070,-0.00024772585653064124,0.0011401510669112242,3,5,0.0006582665253980343
frozen_policy,76,continuous_latent_trait,two_corner_robust_response_information_gain,0.0009708418182962666,7.864573062853276e-05,3,5,4.540613374899819e-05
frozen_policy,76,four_state_semimarkov,balanced_mastery,0.0007777777777777748,0.0021316616714388502,3,5,0.001230715439826428
frozen_policy,76,four_state_semimarkov,blocked_median_item,0.0,0.0,3,5,0.0
frozen_policy,76,four_state_semimarkov,interleaved_median_item,0.00027777777777777355,0.0011824331474329273,3,5,0.0006826780959691371
frozen_policy,76,four_state_semimarkov,least_mastery_target_item,-0.007972222222222219,0.0004589642122738432,3,5,0.0002649831115047079
frozen_policy,76,four_state_semimarkov,maximum_response_information_gain,0.006749999999999995,0.002897556441785615,3,5,0.001672904991657059
frozen_policy,76,four_state_semimarkov,maximum_skill_uncertainty,0.002222222222222218,0.0003938179688543803,3,5,0.00022737091032978815
frozen_policy,76,four_state_semimarkov,target_success_070,0.001499999999999997,0.0007120003121097954,3,5,0.000411073571859688
frozen_policy,76,four_state_semimarkov,two_corner_robust_response_information_gain,0.0073888888888888815,0.0021153101514995495,3,5,0.001221274885387813
frozen_policy,77,binary_bktf,balanced_mastery,0.01808333333333333,0.0014648663192705796,3,5,0.0008457409637576854
frozen_policy,77,binary_bktf,blocked_median_item,0.0,0.0,3,5,0.0
frozen_policy,77,binary_bktf,interleaved_median_item,0.001333333333333334,0.008567136822377317,3,5,0.004946238750583899
frozen_policy,77,binary_bktf,least_mastery_target_item,0.011833333333333333,0.00816368993368399,3,5,0.00471330858079309
frozen_policy,77,binary_bktf,maximum_response_information_gain,0.012416666666666668,0.002886751345948132,3,5,0.0016666666666666685
frozen_policy,77,binary_bktf,maximum_skill_uncertainty,0.008916666666666668,0.0027537852736430513,3,5,0.001589898669028243
frozen_policy,77,binary_bktf,target_success_070,0.002500000000000002,0.0010897247358851673,3,5,0.0006291528696058952
frozen_policy,77,binary_bktf,two_corner_robust_response_information_gain,0.015499999999999995,0.005165994579942955,3,5,0.0029825883613622127
frozen_policy,77,continuous_latent_trait,balanced_mastery,-0.0009976835387395728,7.506912344735884e-05,3,5,4.334117863016188e-05
frozen_policy,77,continuous_latent_trait,blocked_median_item,0.0,0.0,3,5,0.0
frozen_policy,77,continuous_latent_trait,interleaved_median_item,9.814625936361417e-05,1.9906330166274986e-07,3,5,1.1492925080076432e-07
frozen_policy,77,continuous_latent_trait,least_mastery_target_item,-0.004909885544764329,0.00022704204185109111,3,5,0.00013108278398008975
frozen_policy,77,continuous_latent_trait,maximum_response_information_gain,0.0027965877531156446,0.00048377019945232993,3,5,0.00027930485487972167
frozen_policy,77,continuous_latent_trait,maximum_skill_uncertainty,8.960970842600363e-05,0.000768236498140715,3,5,0.00044354154900283726
frozen_policy,77,continuous_latent_trait,target_success_070,0.0004274098436391614,0.000335107781436861,3,5,0.00019347456782010998
frozen_policy,77,continuous_latent_trait,two_corner_robust_response_information_gain,0.0022330850959317848,0.0005653403511169465,3,5,0.00032639940390112663
frozen_policy,77,four_state_semimarkov,balanced_mastery,0.004416666666666663,0.0014601179556612681,3,5,0.0008429994947496392
frozen_policy,77,four_state_semimarkov,blocked_median_item,0.0,0.0,3,5,0.0
frozen_policy,77,four_state_semimarkov,interleaved_median_item,0.0003888888888888857,0.0016548190009562779,3,5,0.0009554101956622147
frozen_policy,77,four_state_semimarkov,least_mastery_target_item,0.0009166666666666629,0.002301871219488857,3,5,0.0013289859682117436
frozen_policy,77,four_state_semimarkov,maximum_response_information_gain,0.005055555555555548,0.0019831465831779494,3,5,0.0011449702136402758
frozen_policy,77,four_state_semimarkov,maximum_skill_uncertainty,0.0015555555555555524,0.0005422005915539713,3,5,0.0003130396574884597
frozen_policy,77,four_state_semimarkov,target_success_070,-0.001861111111111113,0.0037130899581126553,3,5,0.0021437534868416377
frozen_policy,77,four_state_semimarkov,two_corner_robust_response_information_gain,0.005777777777777773,0.0017125625157553717,3,5,0.0009887484294754266
frozen_policy,78,binary_bktf,balanced_mastery,0.005083333333333334,0.006625393070100318,3,5,0.0038251724725095
frozen_policy,78,binary_bktf,blocked_median_item,0.0,0.0,3,5,0.0
frozen_policy,78,binary_bktf,interleaved_median_item,-0.0016666666666666661,0.005991313156006233,3,5,0.003459086263419545
frozen_policy,78,binary_bktf,least_mastery_target_item,-0.0018333333333333329,0.007488880646220325,3,5,0.004323707257024283
frozen_policy,78,binary_bktf,maximum_response_information_gain,0.013916666666666666,0.0015275252316519464,3,5,0.0008819171036881968
frozen_policy,78,binary_bktf,maximum_skill_uncertainty,0.0030833333333333316,0.0030138568866708557,3,5,0.001740051084818426
frozen_policy,78,binary_bktf,target_success_070,-0.0030000000000000005,0.007806247497997996,3,5,0.004506939094329985
frozen_policy,78,binary_bktf,two_corner_robust_response_information_gain,0.01216666666666666,0.004289036410819257,3,5,0.0024762763263506044
frozen_policy,78,continuous_latent_trait,balanced_mastery,-0.005868683510297928,0.0006999614457818466,3,5,0.00040412292914450876
frozen_policy,78,continuous_latent_trait,blocked_median_item,0.0,0.0,3,5,0.0
frozen_policy,78,continuous_latent_trait,interleaved_median_item,0.0001985378750076176,1.0708693568129388e-05,3,5,6.182667114228717e-06
frozen_policy,78,continuous_latent_trait,least_mastery_target_item,-0.013277199630124364,0.0005267545864337749,3,5,0.00030412190227440994
frozen_policy,78,continuous_latent_trait,maximum_response_information_gain,0.0020660837304355725,0.00037008758745660106,3,5,0.0002136701682418078
frozen_policy,78,continuous_latent_trait,maximum_skill_uncertainty,0.00043673503679204185,0.0004114076147242573,3,5,0.0002375262971077118
frozen_policy,78,continuous_latent_trait,target_success_070,0.0026688214382576667,0.001035321672596244,3,5,0.0005977432463712951
frozen_policy,78,continuous_latent_trait,two_corner_robust_response_information_gain,0.0028102179067141324,0.00045622027726561543,3,5,0.0002633988998890688
frozen_policy,78,four_state_semimarkov,balanced_mastery,-0.0016388888888888937,0.0021672007888655052,3,5,0.0012512339588394688
frozen_policy,78,four_state_semimarkov,blocked_median_item,0.0,0.0,3,5,0.0
frozen_policy,78,four_state_semimarkov,interleaved_median_item,-0.0007222222222222245,0.002821462058605099,3,5,0.0016289718790439697
frozen_policy,78,four_state_semimarkov,least_mastery_target_item,-0.009027777777777779,0.0024640940037383447,3,5,0.0014226453363668761
frozen_policy,78,four_state_semimarkov,maximum_response_information_gain,0.004999999999999997,0.002537222891273056,3,5,0.0014648663192705794
frozen_policy,78,four_state_semimarkov,maximum_skill_uncertainty,0.0037222222222222188,0.0047267951714235045,3,5,0.0027290164646255836
frozen_policy,78,four_state_semimarkov,target_success_070,-0.0011111111111111146,0.0016251780529233351,3,5,0.0009382969863363594
frozen_policy,78,four_state_semimarkov,two_corner_robust_response_information_gain,0.007138888888888882,0.004220759980716132,3,5,0.0024368569110512586
frozen_policy,79,binary_bktf,balanced_mastery,0.009583333333333334,0.008163689933683991,3,5,0.004713308580793091
frozen_policy,79,binary_bktf,blocked_median_item,0.0,0.0,3,5,0.0
frozen_policy,79,binary_bktf,interleaved_median_item,-0.0031666666666666627,0.005299371031861549,3,5,0.0030595932917809703
frozen_policy,79,binary_bktf,least_mastery_target_item,0.00466666666666667,0.006414501799308603,3,5,0.003703414340548161
frozen_policy,79,binary_bktf,maximum_response_information_gain,0.010666666666666672,0.004752192476461085,3,5,0.0027436796055257217
frozen_policy,79,binary_bktf,maximum_skill_uncertainty,0.004333333333333335,0.00903580839401397,3,5,0.005216826408629846
frozen_policy,79,binary_bktf,target_success_070,0.0035000000000000014,0.007211102550927979,3,5,0.004163331998932266
frozen_policy,79,binary_bktf,two_corner_robust_response_information_gain,0.0105,0.006005206074732158,3,5,0.0034671073437857873
frozen_policy,79,continuous_latent_trait,balanced_mastery,-0.0036322590881658796,0.0002775654024954084,3,5,0.00016025245984845087
frozen_policy,79,continuous_latent_trait,blocked_median_item,0.0,0.0,3,5,0.0
frozen_policy,79,continuous_latent_trait,interleaved_median_item,0.00020674378461155282,5.482074467746703e-06,3,5,3.1650771696711335e-06
frozen_policy,79,continuous_latent_trait,least_mastery_target_item,-0.009109020049618216,0.0008133335937749606,3,5,0.00046957836930693926
frozen_policy,79,continuous_latent_trait,maximum_response_information_gain,0.0021483302379136544,0.00033505037907475996,3,5,0.00019344142655089883
frozen_policy,79,continuous_latent_trait,maximum_skill_uncertainty,-0.0005347260755995698,0.0003363851714910363,3,5,0.00019421206931174824
frozen_policy,79,continuous_latent_trait,target_success_070,0.0004758718048892986,0.0006914542665708661,3,5,0.0003992113069370048
frozen_policy,79,continuous_latent_trait,two_corner_robust_response_information_gain,0.002174608557791143,0.0005697080523545983,3,5,0.0003289210973864248
frozen_policy,79,four_state_semimarkov,balanced_mastery,0.0009166666666666625,0.004404070087241268,3,5,0.0025426910503987253
frozen_policy,79,four_state_semimarkov,blocked_median_item,0.0,0.0,3,5,0.0
frozen_policy,79,four_state_semimarkov,interleaved_median_item,-0.002166666666666668,0.005774104067106663,3,5,0.003333680537472945
frozen_policy,79,four_state_semimarkov,least_mastery_target_item,-0.0035000000000000035,0.0013919410907075067,3,5,0.0008036375634160803
frozen_policy,79,four_state_semimarkov,maximum_response_information_gain,0.003638888888888879,0.0031027914552568345,3,5,0.0017913974819318043
frozen_policy,79,four_state_semimarkov,maximum_skill_uncertainty,0.0006944444444444367,0.002480945906825175,3,5,0.001432374787150415
frozen_policy,79,four_state_semimarkov,target_success_070,-0.0009444444444444474,0.0030622401628243984,3,5,0.0017679851823299499
frozen_policy,79,four_state_semimarkov,two_corner_robust_response_information_gain,0.006138888888888881,0.0031206451137426577,3,5,0.0018017052964646137
frozen_policy,80,binary_bktf,balanced_mastery,0.015333333333333332,0.002753785273643052,3,5,0.0015898986690282436
frozen_policy,80,binary_bktf,blocked_median_item,0.0,0.0,3,5,0.0
frozen_policy,80,binary_bktf,interleaved_median_item,0.0014999999999999994,0.0013919410907075045,3,5,0.000803637563416079
frozen_policy,80,binary_bktf,least_mastery_target_item,0.006999999999999999,0.0018027756377319924,3,5,0.0010408329997330652
frozen_policy,80,binary_bktf,maximum_response_information_gain,0.009833333333333335,0.006355771655222784,3,5,0.0036695064760506675
frozen_policy,80,binary_bktf,maximum_skill_uncertainty,0.010333333333333335,0.0026496855159307765,3,5,0.0015297966458904864
frozen_policy,80,binary_bktf,target_success_070,-0.0027499999999999985,0.0044440972086577935,3,5,0.0025658007197234415
frozen_policy,80,binary_bktf,two_corner_robust_response_information_gain,0.010583333333333333,0.002897556441785621,3,5,0.0016729049916570627
frozen_policy,80,continuous_latent_trait,balanced_mastery,-0.005151317379124435,0.00042797485711311683,3,5,0.00024709139896064963
frozen_policy,80,continuous_latent_trait,blocked_median_item,0.0,0.0,3,5,0.0
frozen_policy,80,continuous_latent_trait,interleaved_median_item,0.0001493148434011544,4.961226726351765e-07,3,5,2.864365585969958e-07
frozen_policy,80,continuous_latent_trait,least_mastery_target_item,-0.009142246861039503,0.0005610756059937515,3,5,0.00032393715215622485
frozen_policy,80,continuous_latent_trait,maximum_response_information_gain,-0.0005452086334237219,0.00039377536523753983,3,5,0.00022734631312013685
frozen_policy,80,continuous_latent_trait,maximum_skill_uncertainty,-0.0015547497965277598,0.0001574865144666755,3,5,9.092488152107101e-05
frozen_policy,80,continuous_latent_trait,target_success_070,-0.0018442350265335955,0.00029198279609073927,3,5,0.00016857634592172793
frozen_policy,80,continuous_latent_trait,two_corner_robust_response_information_gain,-0.00016371347961081212,0.00041187142732603086,3,5,0.0002377940794381993
frozen_policy,80,four_state_semimarkov,balanced_mastery,0.0013333333333333277,0.0013869430814244354,3,5,0.0008007519614110869
frozen_policy,80,four_state_semimarkov,blocked_median_item,0.0,0.0,3,5,0.0
frozen_policy,80,four_state_semimarkov,interleaved_median_item,0.0014999999999999944,0.002053114165792483,3,5,0.0011853660162973241
frozen_policy,80,four_state_semimarkov,least_mastery_target_item,0.000722222222222224,0.000554860676539946,3,5,0.00032034896096307575
frozen_policy,80,four_state_semimarkov,maximum_response_information_gain,0.004138888888888882,0.001323750284160425,3,5,0.0007642675828998651
frozen_policy,80,four_state_semimarkov,maximum_skill_uncertainty,8.333333333333046e-05,0.0020733092174374536,3,5,0.0011970256348008462
frozen_policy,80,four_state_semimarkov,target_success_070,-0.00019444444444443928,0.0008552669065744764,3,5,0.0004937885787397525
frozen_policy,80,four_state_semimarkov,two_corner_robust_response_information_gain,0.0074166666666666626,0.002209512263927139,3,5,0.0012756625003561132
frozen_policy,81,binary_bktf,balanced_mastery,0.009749999999999997,0.009685685313905259,3,5,0.005592033023269207
frozen_policy,81,binary_bktf,blocked_median_item,0.0,0.0,3,5,0.0
frozen_policy,81,binary_bktf,interleaved_median_item,-0.0015000000000000011,0.0043373378932243705,3,5,0.0025041632002194545
frozen_policy,81,binary_bktf,least_mastery_target_item,0.0029166666666666646,0.010539607835841586,3,5,0.006085045421176229
frozen_policy,81,binary_bktf,maximum_response_information_gain,0.009416666666666665,0.0024664414311581255,3,5,0.0014240006242195896
frozen_policy,81,binary_bktf,maximum_skill_uncertainty,0.009249999999999996,0.0028394541729001356,3,5,0.0016393596310754995
frozen_policy,81,binary_bktf,target_success_070,-0.0013333333333333355,0.005490522136676376,3,5,0.0031699544336017053
frozen_policy,81,binary_bktf,two_corner_robust_response_information_gain,0.012916666666666665,0.0026496855159307718,3,5,0.0015297966458904836
frozen_policy,81,continuous_latent_trait,balanced_mastery,-0.005343569322868399,0.00017533460265767623,3,5,0.00010122948004266545
frozen_policy,81,continuous_latent_trait,blocked_median_item,0.0,0.0,3,5,0.0
frozen_policy,81,continuous_latent_trait,interleaved_median_item,0.00019588201525968065,2.11200084127108e-06,3,5,1.2193642542365742e-06
frozen_policy,81,continuous_latent_trait,least_mastery_target_item,-0.013709560723529237,0.0007128156726030439,3,5,0.00041154432045995156
frozen_policy,81,continuous_latent_trait,maximum_response_information_gain,0.0022370586002290207,0.00035211845422261845,3,5,0.00020329568433206368
frozen_policy,81,continuous_latent_trait,maximum_skill_uncertainty,-0.0006362717219143254,0.00032499804387334897,3,5,0.00018763770811637984
frozen_policy,81,continuous_latent_trait,target_success_070,-0.0007341508010754363,0.0006160010232866729,3,5,0.0003556483566156455
frozen_policy,81,continuous_latent_trait,two_corner_robust_response_information_gain,0.0025947621355302234,0.0003879218600077574,3,5,0.00022396679030001906
frozen_policy,81,four_state_semimarkov,balanced_mastery,-0.0018888888888888898,0.003482429441469678,3,5,0.0020105815754663968
frozen_policy,81,four_state_semimarkov,blocked_median_item,0.0,0.0,3,5,0.0
frozen_policy,81,four_state_semimarkov,interleaved_median_item,-0.0009444444444444417,0.0025743571653550363,3,5,0.0014863058024079721
frozen_policy,81,four_state_semimarkov,least_mastery_target_item,-0.008916666666666665,0.0008779711460710628,3,5,0.0005068968775248523
frozen_policy,81,four_state_semimarkov,maximum_response_information_gain,0.006527777777777778,0.002110379990358066,3,5,0.0012184284555256293
frozen_policy,81,four_state_semimarkov,maximum_skill_uncertainty,0.001416666666666666,0.0026259918760981244,3,5,0.0015161171165550226
frozen_policy,81,four_state_semimarkov,target_success_070,-0.003416666666666663,0.002384848003542363,3,5,0.001376892636821525
frozen_policy,81,four_state_semimarkov,two_corner_robust_response_information_gain,0.0063611111111111064,0.001646404612526381,3,5,0.0009505521462371476
frozen_policy,82,binary_bktf,balanced_mastery,0.008500000000000002,0.0031224989991992043,3,5,0.0018027756377319978
frozen_policy,82,binary_bktf,blocked_median_item,0.0,0.0,3,5,0.0
frozen_policy,82,binary_bktf,interleaved_median_item,-0.0030833333333333325,0.001876388374866285,3,5,0.0010833333333333342
frozen_policy,82,binary_bktf,least_mastery_target_item,0.0021666666666666687,0.004041451884327382,3,5,0.0023333333333333344
frozen_policy,82,binary_bktf,maximum_response_information_gain,0.011500000000000002,0.005482928049865329,3,5,0.0031655699855370977
frozen_policy,82,binary_bktf,maximum_skill_uncertainty,0.0019166666666666696,0.0032145502536643175,3,5,0.0018559214542766735
frozen_policy,82,binary_bktf,target_success_070,-0.001249999999999997,0.004205650960315182,3,5,0.002428133714055579
frozen_policy,82,binary_bktf,two_corner_robust_response_information_gain,0.010583333333333332,0.0057354889358565905,3,5,0.003311386081050923
frozen_policy,82,continuous_latent_trait,balanced_mastery,-0.006322343708719588,0.00029689150979833845,3,5,0.00017141039310218512
frozen_policy,82,continuous_latent_trait,blocked_median_item,0.0,0.0,3,5,0.0
frozen_policy,82,continuous_latent_trait,interleaved_median_item,0.0001848611021189895,5.372222205788946e-06,3,5,3.1016539366587334e-06
frozen_policy,82,continuous_latent_trait,least_mastery_target_item,-0.012839341068416903,0.0002850668433129213,3,5,0.00016458341872375198
frozen_policy,82,continuous_latent_trait,maximum_response_information_gain,0.0006889963099288987,0.0003493186839181238,3,5,0.0002016792361930946
frozen_policy,82,continuous_latent_trait,maximum_skill_uncertainty,-0.00036825080482289846,0.0004074018523081145,3,5,0.00023521356909844208
frozen_policy,82,continuous_latent_trait,target_success_070,0.00068064671157291,0.00039292863666555384,3,5,0.0002268574541511702
frozen_policy,82,continuous_latent_trait,two_corner_robust_response_information_gain,0.0007944968048780493,0.0003313461469992605,3,5,0.00019130278716496837
frozen_policy,82,four_state_semimarkov,balanced_mastery,-0.004083333333333335,0.002509703391062605,3,5,0.0014489779284161117
frozen_policy,82,four_state_semimarkov,blocked_median_item,0.0,0.0,3,5,0.0
frozen_policy,82,four_state_semimarkov,interleaved_median_item,-0.0009166666666666658,0.0002204792759220501,3,5,0.0001272937693043294
frozen_policy,82,four_state_semimarkov,least_mastery_target_item,-0.008916666666666663,0.002453738644055911,3,5,0.0014166666666666676
frozen_policy,82,four_state_semimarkov,maximum_response_information_gain,0.0038611111111111116,0.0022628235393795863,3,5,0.001306441779589426
frozen_policy,82,four_state_semimarkov,maximum_skill_uncertainty,0.0027499999999999977,0.0026193722742502844,3,5,0.001512295287646244
frozen_policy,82,four_state_semimarkov,target_success_070,-0.0007222222222222201,0.0010285282545318697,3,5,0.0005938210646231109
frozen_policy,82,four_state_semimarkov,two_corner_robust_response_information_gain,0.005111111111111109,0.0006787106512705803,3,5,0.0003918537772129358
frozen_policy,83,binary_bktf,balanced_mastery,0.013749999999999998,0.002249999999999997,3,5,0.0012990381056766562
frozen_policy,83,binary_bktf,blocked_median_item,0.0,0.0,3,5,0.0
frozen_policy,83,binary_bktf,interleaved_median_item,0.0015833333333333324,0.0008779711460710613,3,5,0.0005068968775248516
frozen_policy,83,binary_bktf,least_mastery_target_item,0.009333333333333332,0.0015877132402714684,3,5,0.0009166666666666653
frozen_policy,83,binary_bktf,maximum_response_information_gain,0.01933333333333333,0.004064582799419068,3,5,0.002346687973388122
frozen_policy,83,binary_bktf,maximum_skill_uncertainty,0.012416666666666668,0.003642915499065733,3,5,0.0021032382440206608
frozen_policy,83,binary_bktf,target_success_070,0.0004999999999999983,0.001000000000000001,3,5,0.0005773502691896264
frozen_policy,83,binary_bktf,two_corner_robust_response_information_gain,0.02125,0.0015612494995996009,3,5,0.0009013878188659981
frozen_policy,83,continuous_latent_trait,balanced_mastery,-0.005916528039952049,0.00028892218174882703,3,5,0.00016680929940753928
frozen_policy,83,continuous_latent_trait,blocked_median_item,0.0,0.0,3,5,0.0
frozen_policy,83,continuous_latent_trait,interleaved_median_item,0.0001713444730149432,4.6313398901497636e-06,3,5,2.673905332286618e-06
frozen_policy,83,continuous_latent_trait,least_mastery_target_item,-0.014462307937575776,0.0003175986118625454,3,5,0.00018336564405309206
frozen_policy,83,continuous_latent_trait,maximum_response_information_gain,0.0028742703127813997,0.00022215429789874453,3,5,0.00012826084369347248
frozen_policy,83,continuous_latent_trait,maximum_skill_uncertainty,-0.00062196819014751,0.0004168386762521121,3,5,0.0002406619219428042
frozen_policy,83,continuous_latent_trait,target_success_070,-0.0012079231849005236,0.0005954206979140816,3,5,0.0003437663002217699
frozen_policy,83,continuous_latent_trait,two_corner_robust_response_information_gain,0.0028357173797615726,7.374755290963774e-05,3,5,4.257816952445552e-05
frozen_policy,83,four_state_semimarkov,balanced_mastery,-0.0025277777777777725,0.003285419528991925,3,5,0.0018968378494643415
frozen_policy,83,four_state_semimarkov,blocked_median_item,0.0,0.0,3,5,0.0
frozen_policy,83,four_state_semimarkov,interleaved_median_item,0.0008333333333333379,0.0021618536285121456,3,5,0.0012481467743700565
frozen_policy,83,four_state_semimarkov,least_mastery_target_item,-0.008972222222222215,0.0032854195289919266,3,5,0.0018968378494643424
frozen_policy,83,four_state_semimarkov,maximum_response_information_gain,0.0028888888888888922,0.002927756693999557,3,5,0.0016903411154023731
frozen_policy,83,four_state_semimarkov,maximum_skill_uncertainty,0.002027777777777782,0.00337714266689944,3,5,0.0019497942278261624
frozen_policy,83,four_state_semimarkov,target_success_070,-0.003277777777777774,0.0028690558519278596,3,5,0.0016564501684306209
frozen_policy,83,four_state_semimarkov,two_corner_robust_response_information_gain,0.004027777777777779,0.0027705461421759325,3,5,0.001599575560987554
frozen_policy,84,binary_bktf,balanced_mastery,0.013166666666666665,0.004200694387042857,3,5,0.0024252720351425434
frozen_policy,84,binary_bktf,blocked_median_item,0.0,0.0,3,5,0.0
frozen_policy,84,binary_bktf,interleaved_median_item,0.005416666666666664,0.005490522136676379,3,5,0.0031699544336017066
frozen_policy,84,binary_bktf,least_mastery_target_item,0.004499999999999998,0.005766281297335399,3,5,0.0033291640592396973
frozen_policy,84,binary_bktf,maximum_response_information_gain,0.021416666666666667,0.00904963166837929,3,5,0.005224807279805745
frozen_policy,84,binary_bktf,maximum_skill_uncertainty,0.011916666666666664,0.007973915809270458,3,5,0.004603742438977712
frozen_policy,84,binary_bktf,target_success_070,0.005666666666666664,0.003907791362564454,3,5,0.002256164395113482
frozen_policy,84,binary_bktf,two_corner_robust_response_information_gain,0.01841666666666666,0.007072540797572915,3,5,0.004083333333333334
frozen_policy,84,continuous_latent_trait,balanced_mastery,-0.00565716599677907,0.0004604214957649718,3,5,0.0002658244745205966
frozen_policy,84,continuous_latent_trait,blocked_median_item,0.0,0.0,3,5,0.0
frozen_policy,84,continuous_latent_trait,interleaved_median_item,0.0001388599499033774,1.95791893912053e-06,3,5,1.1304050265527045e-06
frozen_policy,84,continuous_latent_trait,least_mastery_target_item,-0.012718902767127395,0.00014869478706166256,3,5,8.584897533714496e-05
frozen_policy,84,continuous_latent_trait,maximum_response_information_gain,0.001549847108903723,0.00015503609659765725,3,5,8.951013210476624e-05
frozen_policy,84,continuous_latent_trait,maximum_skill_uncertainty,0.00016637309979171354,0.00044798438250117425,3,5,0.00025864390382980123
frozen_policy,84,continuous_latent_trait,target_success_070,0.0001434498568941315,4.824551857902235e-05,3,5,2.785456313879165e-05
frozen_policy,84,continuous_latent_trait,two_corner_robust_response_information_gain,0.001682922960126636,0.00015597920476494083,3,5,9.005463585902235e-05
frozen_policy,84,four_state_semimarkov,balanced_mastery,0.0023333333333333357,0.0022684429314693646,3,5,0.0013096861371251415
frozen_policy,84,four_state_semimarkov,blocked_median_item,0.0,0.0,3,5,0.0
frozen_policy,84,four_state_semimarkov,interleaved_median_item,0.00019444444444444573,0.0035884975706853704,3,5,0.0020718200384215167
frozen_policy,84,four_state_semimarkov,least_mastery_target_item,-0.006138888888888885,0.0035181408179342103,3,5,0.0020311995482813266
frozen_policy,84,four_state_semimarkov,maximum_response_information_gain,0.00808333333333333,0.0015567951410224512,3,5,0.0008988160937424137
frozen_policy,84,four_state_semimarkov,maximum_skill_uncertainty,0.0025555555555555587,9.622504486493094e-05,3,5,5.5555555555551696e-05
frozen_policy,84,four_state_semimarkov,target_success_070,0.0011666666666666687,0.0011577036657874798,3,5,0.0006684005230842181
frozen_policy,84,four_state_semimarkov,two_corner_robust_response_information_gain,0.007583333333333332,0.002732266051792501,3,5,0.0015774745405000765
frozen_policy,85,binary_bktf,balanced_mastery,0.00608333333333333,0.007134131575274827,3,5,0.004118892785419131
frozen_policy,85,binary_bktf,blocked_median_item,0.0,0.0,3,5,0.0
frozen_policy,85,binary_bktf,interleaved_median_item,-0.0012500000000000011,0.0072758161054276215,3,5,0.004200694387042852
frozen_policy,85,binary_bktf,least_mastery_target_item,0.0067499999999999965,0.00783022988168291,3,5,0.0045207853300062795
frozen_policy,85,binary_bktf,maximum_response_information_gain,0.011666666666666667,0.00943508523190614,3,5,0.005447348998468072
frozen_policy,85,binary_bktf,maximum_skill_uncertainty,0.00833333333333333,0.006394985014316557,3,5,0.003692146319479287
frozen_policy,85,binary_bktf,target_success_070,-0.0019166666666666663,0.007883262860854846,3,5,0.004551403934807125
frozen_policy,85,binary_bktf,two_corner_robust_response_information_gain,0.015083333333333332,0.008868248605746983,3,5,0.005120085719768544
frozen_policy,85,continuous_latent_trait,balanced_mastery,-0.005263694754466606,0.00026868667659162563,3,5,0.00015512632505784097
frozen_policy,85,continuous_latent_trait,blocked_median_item,0.0,0.0,3,5,0.0
frozen_policy,85,continuous_latent_trait,interleaved_median_item,0.00018140623252764414,3.1102594505340807e-06,3,5,1.7957091310154291e-06
frozen_policy,85,continuous_latent_trait,least_mastery_target_item,-0.013121502751525904,0.0008803988080414234,3,5,0.0005082984888169415
frozen_policy,85,continuous_latent_trait,maximum_response_information_gain,0.0019941648457399382,0.0005386529120464909,3,5,0.0003109914037698173
frozen_policy,85,continuous_latent_trait,maximum_skill_uncertainty,0.00023489147279775533,0.0006592757040568873,3,5,0.00038063300520742397
frozen_policy,85,continuous_latent_trait,target_success_070,-0.0011851782974756525,0.000357941488335527,3,5,0.0002066576146446518
frozen_policy,85,continuous_latent_trait,two_corner_robust_response_information_gain,0.0024313236634821316,0.00023770806920512237,3,5,0.0001372408177441236
frozen_policy,85,four_state_semimarkov,balanced_mastery,-0.00033333333333332655,0.0013411230782859245,3,5,0.0007742977702647981
frozen_policy,85,four_state_semimarkov,blocked_median_item,0.0,0.0,3,5,0.0
frozen_policy,85,four_state_semimarkov,interleaved_median_item,0.0009722222222222263,0.00258378132316299,3,5,0.00149174684245528
frozen_policy,85,four_state_semimarkov,least_mastery_target_item,-0.00816666666666666,0.0025913853009110394,3,5,0.001496137001055028
frozen_policy,85,four_state_semimarkov,maximum_response_information_gain,0.007027777777777774,0.0028775150030178084,3,5,0.0016613340615895186
frozen_policy,85,four_state_semimarkov,maximum_skill_uncertainty,0.0022500000000000016,0.002022443516585264,3,5,0.0011676583087213155
frozen_policy,85,four_state_semimarkov,target_success_070,-0.0011388888888888894,0.0023751218292339727,3,5,0.0013712772274663905
frozen_policy,85,four_state_semimarkov,two_corner_robust_response_information_gain,0.006888888888888889,0.0024499622068135697,3,5,0.001414486339608224
frozen_policy,86,binary_bktf,balanced_mastery,0.01158333333333333,0.003826987501068345,3,5,0.002209512263927142
frozen_policy,86,binary_bktf,blocked_median_item,0.0,0.0,3,5,0.0
frozen_policy,86,binary_bktf,interleaved_median_item,-0.002750000000000001,0.0017500000000000018,3,5,0.0010103629710818461
frozen_policy,86,binary_bktf,least_mastery_target_item,0.008083333333333333,0.003907791362564452,3,5,0.002256164395113481
frozen_policy,86,binary_bktf,maximum_response_information_gain,0.01433333333333333,0.0022684429314693668,3,5,0.0013096861371251428
frozen_policy,86,binary_bktf,maximum_skill_uncertainty,0.002749999999999999,0.0017499999999999977,3,5,0.0010103629710818437
frozen_policy,86,binary_bktf,target_success_070,-0.0006666666666666708,0.0012583057392117946,3,5,0.0007264831572567807
frozen_policy,86,binary_bktf,two_corner_robust_response_information_gain,0.011083333333333332,0.003467107343785788,3,5,0.002001735358244053
frozen_policy,86,continuous_latent_trait,balanced_mastery,-0.0015747094879662866,0.00044056223305617736,3,5,0.00025435872384976663
frozen_policy,86,continuous_latent_trait,blocked_median_item,0.0,0.0,3,5,0.0
frozen_policy,86,continuous_latent_trait,interleaved_median_item,0.00015155000808751668,6.282973561138159e-06,3,5,3.627476476834418e-06
frozen_policy,86,continuous_latent_trait,least_mastery_target_item,-0.0056709660286319505,0.0006207697350564331,3,5,0.00035840157363960435
frozen_policy,86,continuous_latent_trait,maximum_response_information_gain,0.0028141885275978274,0.0001819635274649843,3,5,0.00010505669156460256
frozen_policy,86,continuous_latent_trait,maximum_skill_uncertainty,0.000477450073618539,0.0005643423744679647,3,5,0.000325823221814192
frozen_policy,86,continuous_latent_trait,target_success_070,0.0009848904103196745,0.0008070530497089539,3,5,0.000465952295499773
frozen_policy,86,continuous_latent_trait,two_corner_robust_response_information_gain,0.0030113677006708603,0.0003675337434555737,3,5,0.00021219570572034635
frozen_policy,86,four_state_semimarkov,balanced_mastery,0.00233333333333333,0.0013228756555322934,3,5,0.0007637626158259723
frozen_policy,86,four_state_semimarkov,blocked_median_item,0.0,0.0,3,5,0.0
frozen_policy,86,four_state_semimarkov,interleaved_median_item,-0.0004444444444444439,0.002382420182487952,3,5,0.0013754909336822164
frozen_policy,86,four_state_semimarkov,least_mastery_target_item,-0.0012499999999999987,0.0028831406486676957,3,5,0.0016645820296198465
frozen_policy,86,four_state_semimarkov,maximum_response_information_gain,0.0072777777777777745,0.0011912100912439768,3,5,0.0006877454668411088
frozen_policy,86,four_state_semimarkov,maximum_skill_uncertainty,0.004055555555555552,0.005119633595106989,3,5,0.0029558218342872716
frozen_policy,86,four_state_semimarkov,target_success_070,0.0019722222222222237,0.0033169737434617735,3,5,0.0019150556836825758
frozen_policy,86,four_state_semimarkov,two_corner_robust_response_information_gain,0.007583333333333325,0.0011666666666666683,3,5,0.0006735753140545644
frozen_policy,87,binary_bktf,balanced_mastery,0.013583333333333334,0.0034125992049072107,3,5,0.001970265069589481
frozen_policy,87,binary_bktf,blocked_median_item,0.0,0.0,3,5,0.0
frozen_policy,87,binary_bktf,interleaved_median_item,0.0037500000000000016,0.0026339134382131844,3,5,0.001520690632574555
frozen_policy,87,binary_bktf,least_mastery_target_item,0.008166666666666668,0.00747635160578563,3,5,0.004316473612156624
frozen_policy,87,binary_bktf,maximum_response_information_gain,0.014666666666666663,0.0014648663192705757,3,5,0.0008457409637576832
frozen_policy,87,binary_bktf,maximum_skill_uncertainty,0.007166666666666668,0.0045023142197466995,3,5,0.002599412326747037
frozen_policy,87,binary_bktf,target_success_070,0.0025833333333333333,0.0014215601757693308,3,5,0.0008207381501496749
frozen_policy,87,binary_bktf,two_corner_robust_response_information_gain,0.01325,0.0010897247358851673,3,5,0.0006291528696058952
frozen_policy,87,continuous_latent_trait,balanced_mastery,-0.0048311901360475204,0.00023671512760280972,3,5,0.0001366675426427388
frozen_policy,87,continuous_latent_trait,blocked_median_item,0.0,0.0,3,5,0.0
frozen_policy,87,continuous_latent_trait,interleaved_median_item,0.00019966687527591713,4.635816495383147e-06,3,5,2.6764899015231676e-06
frozen_policy,87,continuous_latent_trait,least_mastery_target_item,-0.011009955293087311,0.0003365467884892822,3,5,0.00019430537892919112
frozen_policy,87,continuous_latent_trait,maximum_response_information_gain,0.0028231517707520185,0.0002862243862656047,3,5,0.0001652517264590823
frozen_policy,87,continuous_latent_trait,maximum_skill_uncertainty,0.00010592346308886955,0.00029699682385245533,3,5,0.00017147119619967895
frozen_policy,87,continuous_latent_trait,target_success_070,-0.000483100725732602,0.0006199585459983546,3,5,0.000357933233418559
frozen_policy,87,continuous_latent_trait,two_corner_robust_response_information_gain,0.002630713197550332,0.0003440692110297653,3,5,0.00019864845160789716
frozen_policy,87,four_state_semimarkov,balanced_mastery,0.0011388888888888935,0.0021751968833835394,3,5,0.0012558505061619216
frozen_policy,87,four_state_semimarkov,blocked_median_item,0.0,0.0,3,5,0.0
frozen_policy,87,four_state_semimarkov,interleaved_median_item,0.0024444444444444453,0.0021511194329499276,3,5,0.0012419493836726759
frozen_policy,87,four_state_semimarkov,least_mastery_target_item,-0.0030555555555555514,0.0002097176232019688,3,5,0.00012108052620946519
frozen_policy,87,four_state_semimarkov,maximum_response_information_gain,0.0062499999999999995,0.0031435560189766736,3,5,0.001814932913768851
frozen_policy,87,four_state_semimarkov,maximum_skill_uncertainty,0.004805555555555554,0.002766783799394631,3,5,0.0015974033713699858
frozen_policy,87,four_state_semimarkov,target_success_070,0.0021111111111111153,0.003156049452741219,3,5,0.001822146001115914
frozen_policy,87,four_state_semimarkov,two_corner_robust_response_information_gain,0.009666666666666665,0.0029486343354923534,3,5,0.0017023948273382837
frozen_policy,88,binary_bktf,balanced_mastery,0.010083333333333335,0.005647639624952474,3,5,0.003260666257752308
frozen_policy,88,binary_bktf,blocked_median_item,0.0,0.0,3,5,0.0
frozen_policy,88,binary_bktf,interleaved_median_item,-0.006166666666666665,0.0057027040369752036,3,5,0.0032924577108563997
frozen_policy,88,binary_bktf,least_mastery_target_item,0.005833333333333334,0.005064171534746167,3,5,0.0029238007988081397
frozen_policy,88,binary_bktf,maximum_response_information_gain,0.006916666666666669,0.0037527767497325675,3,5,0.002166666666666667
frozen_policy,88,binary_bktf,maximum_skill_uncertainty,0.0055000000000000005,0.004879805323985784,3,5,0.0028173569173961612
frozen_policy,88,binary_bktf,target_success_070,-0.004999999999999998,0.0039051248379533264,3,5,0.0022546248764114467
frozen_policy,88,binary_bktf,two_corner_robust_response_information_gain,0.0071666666666666675,0.0046457866215887855,3,5,0.0026822461565718476
frozen_policy,88,continuous_latent_trait,balanced_mastery,-0.003914898646903927,9.440660383093381e-05,3,5,5.4505678135068e-05
frozen_policy,88,continuous_latent_trait,blocked_median_item,0.0,0.0,3,5,0.0
frozen_policy,88,continuous_latent_trait,interleaved_median_item,0.0001620635907431035,9.530714462371237e-07,3,5,5.502560560419493e-07
frozen_policy,88,continuous_latent_trait,least_mastery_target_item,-0.008066463699067128,0.00044156692877089635,3,5,0.0002549387851911133
frozen_policy,88,continuous_latent_trait,maximum_response_information_gain,0.0003188519768548771,0.0003572610462590752,3,5,0.0002062647612286444
frozen_policy,88,continuous_latent_trait,maximum_skill_uncertainty,-0.0004387457972300469,0.0003596071207967401,3,5,0.00020761926799450417
frozen_policy,88,continuous_latent_trait,target_success_070,-0.002163387038772967,0.0005808037994184862,3,5,0.00033532722994062043
frozen_policy,88,continuous_latent_trait,two_corner_robust_response_information_gain,0.00016938178080863584,0.0002892365705672521,3,5,0.00016699081187648718
frozen_policy,88,four_state_semimarkov,balanced_mastery,-0.0006666666666666677,0.002410912690248238,3,5,0.0013919410907075051
frozen_policy,88,four_state_semimarkov,blocked_median_item,0.0,0.0,3,5,0.0
frozen_policy,88,four_state_semimarkov,interleaved_median_item,-0.0014999999999999985,0.0018782379449307717,3,5,0.0010844011831079505
frozen_policy,88,four_state_semimarkov,least_mastery_target_item,-0.0028055555555555546,0.0019317042945237496,3,5,0.001115269994438043
frozen_policy,88,four_state_semimarkov,maximum_response_information_gain,0.0036944444444444377,0.0006309898162000266,3,5,0.0003643021402389979
frozen_policy,88,four_state_semimarkov,maximum_skill_uncertainty,0.00011111111111111417,0.0009179284245476873,3,5,0.0005299662230094164
frozen_policy,88,four_state_semimarkov,target_success_070,-0.004444444444444446,0.0008093779046851949,3,5,0.0004672945511461326
frozen_policy,88,four_state_semimarkov,two_corner_robust_response_information_gain,0.004638888888888884,0.0027892817341732606,3,5,0.0016103925600706383
frozen_policy,89,binary_bktf,balanced_mastery,0.007999999999999997,0.004499999999999997,3,5,0.0025980762113533146
frozen_policy,89,binary_bktf,blocked_median_item,0.0,0.0,3,5,0.0
frozen_policy,89,binary_bktf,interleaved_median_item,-0.002833333333333333,0.0009464847243000458,3,5,0.0005464532103585002
frozen_policy,89,binary_bktf,least_mastery_target_item,0.003916666666666665,0.003511884584284244,3,5,0.0020275875100994054
frozen_policy,89,binary_bktf,maximum_response_information_gain,0.013249999999999998,0.0029474565306379,3,5,0.0017017148213885121
frozen_policy,89,binary_bktf,maximum_skill_uncertainty,0.006916666666666662,0.0036600318759996272,3,5,0.0021131203888509957
frozen_policy,89,binary_bktf,target_success_070,0.000916666666666666,0.005433307770901014,3,5,0.0031369217041197863
frozen_policy,89,binary_bktf,two_corner_robust_response_information_gain,0.0095,0.006108395861435309,3,5,0.003526683994916472
frozen_policy,89,continuous_latent_trait,balanced_mastery,-0.006582417522673131,0.0005456832901411169,3,5,0.0003150503944552545
frozen_policy,89,continuous_latent_trait,blocked_median_item,0.0,0.0,3,5,0.0
frozen_policy,89,continuous_latent_trait,interleaved_median_item,0.00018091633765665756,3.267516908735597e-06,3,5,1.8865017668401507e-06
frozen_policy,89,continuous_latent_trait,least_mastery_target_item,-0.012502017292689032,0.00040828751523189303,3,5,0.00023572490682589688
frozen_policy,89,continuous_latent_trait,maximum_response_information_gain,0.001702738533382595,0.00047439428324737716,3,5,0.0002738916671348928
frozen_policy,89,continuous_latent_trait,maximum_skill_uncertainty,7.389690110834087e-05,0.00021438781405864072,3,5,0.00012377686215773166
frozen_policy,89,continuous_latent_trait,target_success_070,0.0015634635076172212,0.00013480289888435234,3,5,7.782848995842274e-05
frozen_policy,89,continuous_latent_trait,two_corner_robust_response_information_gain,0.0026737307138868624,0.00021544460602072798,3,5,0.00012438700128152016
frozen_policy,89,four_state_semimarkov,balanced_mastery,-0.0009444444444444419,0.006377223649949982,3,5,0.00368189179098107
frozen_policy,89,four_state_semimarkov,blocked_median_item,0.0,0.0,3,5,0.0
frozen_policy,89,four_state_semimarkov,interleaved_median_item,-0.00013888888888888835,0.002333829312366106,3,5,0.0013474369817372107
frozen_policy,89,four_state_semimarkov,least_mastery_target_item,-0.005194444444444442,0.00427714641805509,3,5,0.00246941163582755
frozen_policy,89,four_state_semimarkov,maximum_response_information_gain,0.0076111111111111076,0.006231825426642512,3,5,0.003597946087614809
frozen_policy,89,four_state_semimarkov,maximum_skill_uncertainty,0.0024166666666666664,0.003565848815889109,3,5,0.0020587437737430853
frozen_policy,89,four_state_semimarkov,target_success_070,0.001555555555555556,0.005023094811118089,3,5,0.0029000851413640413
frozen_policy,89,four_state_semimarkov,two_corner_robust_response_information_gain,0.007333333333333334,0.0022561643951134734,3,5,0.001302597120854813
frozen_policy,90,binary_bktf,balanced_mastery,0.015166666666666663,0.006520800053163212,3,5,0.0037647856660255065
frozen_policy,90,binary_bktf,blocked_median_item,0.0,0.0,3,5,0.0
frozen_policy,90,binary_bktf,interleaved_median_item,-0.0015000000000000022,0.0024999999999999988,3,5,0.0014433756729740638
frozen_policy,90,binary_bktf,least_mastery_target_item,0.005499999999999998,0.006571719714047457,3,5,0.0037941841459440697
frozen_policy,90,binary_bktf,maximum_response_information_gain,0.015749999999999997,0.005320949163448189,3,5,0.0030720514318611264
frozen_policy,90,binary_bktf,maximum_skill_uncertainty,0.00633333333333333,0.004836923953643818,3,5,0.002792599346686008
frozen_policy,90,binary_bktf,target_success_070,-0.002250000000000002,0.0028831406486676987,3,5,0.0016645820296198482
frozen_policy,90,binary_bktf,two_corner_robust_response_information_gain,0.013833333333333331,0.004310839052125854,3,5,0.0024888640871780134
frozen_policy,90,continuous_latent_trait,balanced_mastery,-0.0038404464903020233,0.00025190253462880474,3,5,0.00014543599617748945
frozen_policy,90,continuous_latent_trait,blocked_median_item,0.0,0.0,3,5,0.0
frozen_policy,90,continuous_latent_trait,interleaved_median_item,0.0002080183189503542,4.583782802852399e-06,3,5,2.64644823513361e-06
frozen_policy,90,continuous_latent_trait,least_mastery_target_item,-0.011228970499667439,0.0005932911742995542,3,5,0.0003425368191896768
frozen_policy,90,continuous_latent_trait,maximum_response_information_gain,0.0018019655587841216,0.0004950893088587291,3,5,0.000285839945742493
frozen_policy,90,continuous_latent_trait,maximum_skill_uncertainty,-0.00047930919063075465,0.00022197764714829653,3,5,0.00012815885433514878
frozen_policy,90,continuous_latent_trait,target_success_070,-0.0007496882912138335,0.0005976039544738078,3,5,0.0003450268039842378
frozen_policy,90,continuous_latent_trait,two_corner_robust_response_information_gain,0.0017710745402289118,0.00026235516783189853,3,5,0.00015147082677103606
frozen_policy,90,four_state_semimarkov,balanced_mastery,0.002416666666666668,0.0005068968775248505,3,5,0.0002926570486903532
frozen_policy,90,four_state_semimarkov,blocked_median_item,0.0,0.0,3,5,0.0
frozen_policy,90,four_state_semimarkov,interleaved_median_item,0.0011944444444444459,0.0023633975857117536,3,5,0.0013645082323127927
frozen_policy,90,four_state_semimarkov,least_mastery_target_item,-0.003833333333333329,0.0016853123680130543,3,5,0.0009730155493409426
frozen_policy,90,four_state_semimarkov,maximum_response_information_gain,0.005527777777777781,0.0022551381660883114,3,5,0.0013020046272508856
frozen_policy,90,four_state_semimarkov,maximum_skill_uncertainty,0.000750000000000004,0.002905932629027113,3,5,0.0016777409856157206
frozen_policy,90,four_state_semimarkov,target_success_070,-0.0020555555555555514,0.0007469072033193751,3,5,0.0004312270748961118
frozen_policy,90,four_state_semimarkov,two_corner_robust_response_information_gain,0.00541666666666667,0.0034999999999999975,3,5,0.0020207259421636888
frozen_policy,91,binary_bktf,balanced_mastery,0.017000000000000005,0.007988272654335231,3,5,0.004612031367340572
frozen_policy,91,binary_bktf,blocked_median_item,0.0,0.0,3,5,0.0
frozen_policy,91,binary_bktf,interleaved_median_item,0.0016666666666666676,0.006893535619211184,3,5,0.003979984645419851
frozen_policy,91,binary_bktf,least_mastery_target_item,0.014083333333333335,0.009451631252505217,3,5,0.005456901847914967
frozen_policy,91,binary_bktf,maximum_response_information_gain,0.012583333333333335,0.006658328118479393,3,5,0.003844187531556932
frozen_policy,91,binary_bktf,maximum_skill_uncertainty,0.0068333333333333345,0.0061711695271912045,3,5,0.0035629263877386577
frozen_policy,91,binary_bktf,target_success_070,0.0004166666666666676,0.0012332207155790636,3,5,0.0007120003121097953
frozen_policy,91,binary_bktf,two_corner_robust_response_information_gain,0.011833333333333335,0.008519585279421373,3,5,0.004918784854457903
frozen_policy,91,continuous_latent_trait,balanced_mastery,-0.003382048196728244,0.0006531667939413847,3,5,0.0003771060243077833
frozen_policy,91,continuous_latent_trait,blocked_median_item,0.0,0.0,3,5,0.0
frozen_policy,91,continuous_latent_trait,interleaved_median_item,0.00020427922264446368,9.968753305935155e-06,3,5,5.755462404666633e-06
frozen_policy,91,continuous_latent_trait,least_mastery_target_item,-0.00938802452987579,0.00043172502896304127,3,5,0.0002492565616877109
frozen_policy,91,continuous_latent_trait,maximum_response_information_gain,0.002759574963764217,0.00030773292737892383,3,5,0.00017766968846073323
frozen_policy,91,continuous_latent_trait,maximum_skill_uncertainty,-0.0007469192295129645,0.0005180075639677717,3,5,0.0002990718064990553
frozen_policy,91,continuous_latent_trait,target_success_070,0.0007931941510526808,0.0003347424433547274,3,5,0.00019326363978004494
frozen_policy,91,continuous_latent_trait,two_corner_robust_response_information_gain,0.0032837081444551924,0.00024172655684656937,3,5,0.0001395608926656482
frozen_policy,91,four_state_semimarkov,balanced_mastery,0.0029999999999999996,0.0031135902820449016,3,5,0.0017976321874848269
frozen_policy,91,four_state_semimarkov,blocked_median_item,0.0,0.0,3,5,0.0
frozen_policy,91,four_state_semimarkov,interleaved_median_item,-0.002416666666666665,0.00137689263682153,3,5,0.000794949334514124
frozen_policy,91,four_state_semimarkov,least_mastery_target_item,-0.003638888888888889,0.001983146583177952,3,5,0.0011449702136402773
frozen_policy,91,four_state_semimarkov,maximum_response_information_gain,0.006361111111111105,0.005358231811721859,3,5,0.0030935765788780317
frozen_policy,91,four_state_semimarkov,maximum_skill_uncertainty,0.0006944444444444459,0.002078884138007514,3,5,0.0012002443166926812
frozen_policy,91,four_state_semimarkov,target_success_070,-0.0023333333333333327,0.002337793356517591,3,5,0.00134972562369515
frozen_policy,91,four_state_semimarkov,two_corner_robust_response_information_gain,0.005444444444444445,0.003923162462058346,3,5,0.002265038903544021
frozen_policy,92,binary_bktf,balanced_mastery,0.016666666666666666,0.008270177345942067,3,5,0.0047747891169255974
frozen_policy,92,binary_bktf,blocked_median_item,0.0,0.0,3,5,0.0
frozen_policy,92,binary_bktf,interleaved_median_item,0.0034999999999999975,0.005528336096873997,3,5,0.003191786333700927
frozen_policy,92,binary_bktf,least_mastery_target_item,0.014249999999999999,0.00442295150323853,3,5,0.0025535922410074257
frozen_policy,92,binary_bktf,maximum_response_information_gain,0.017916666666666664,0.004041451884327378,3,5,0.0023333333333333322
frozen_policy,92,binary_bktf,maximum_skill_uncertainty,0.011583333333333334,0.004404070087241269,3,5,0.0025426910503987257
frozen_policy,92,binary_bktf,target_success_070,0.0022499999999999972,0.00476969600708473,3,5,0.002753785273643052
frozen_policy,92,binary_bktf,two_corner_robust_response_information_gain,0.01983333333333333,0.004215546623313911,3,5,0.002433846977751704
frozen_policy,92,continuous_latent_trait,balanced_mastery,-0.002480683329002888,0.0005051894131387263,3,5,0.0002916712436673927
frozen_policy,92,continuous_latent_trait,blocked_median_item,0.0,0.0,3,5,0.0
frozen_policy,92,continuous_latent_trait,interleaved_median_item,0.0001867735866003852,8.486052170918544e-06,3,5,4.89942450523703e-06
frozen_policy,92,continuous_latent_trait,least_mastery_target_item,-0.0070756793711692955,0.0005393906218710985,3,5,0.0003114173207356384
frozen_policy,92,continuous_latent_trait,maximum_response_information_gain,0.0025639341169775482,0.00013561490525659502,3,5,7.829730205602074e-05
frozen_policy,92,continuous_latent_trait,maximum_skill_uncertainty,0.0002763376343027085,0.00039669850299394675,3,5,0.00022903398749067673
frozen_policy,92,continuous_latent_trait,target_success_070,0.0013331064936083596,0.0008982749008910706,3,5,0.0005186192558357441
frozen_policy,92,continuous_latent_trait,two_corner_robust_response_information_gain,0.0028978061562002625,0.00017877984061954435,3,5,0.00010321858910737233
frozen_policy,92,four_state_semimarkov,balanced_mastery,0.0031388888888888877,0.0019263042719539758,3,5,0.001112152289953754
frozen_policy,92,four_state_semimarkov,blocked_median_item,0.0,0.0,3,5,0.0
frozen_policy,92,four_state_semimarkov,interleaved_median_item,-0.0031666666666666636,0.002916666666666669,3,5,0.00168393828513641
frozen_policy,92,four_state_semimarkov,least_mastery_target_item,0.00013888888888889165,0.0006309898162000274,3,5,0.0003643021402389983
frozen_policy,92,four_state_semimarkov,maximum_response_information_gain,0.006027777777777775,0.0041719411060791075,3,5,0.002408671320638038
frozen_policy,92,four_state_semimarkov,maximum_skill_uncertainty,0.0016944444444444446,0.0013802509165338672,3,5,0.000796888238210056
frozen_policy,92,four_state_semimarkov,target_success_070,-0.001277777777777776,0.0021153101514995495,3,5,0.001221274885387813
frozen_policy,92,four_state_semimarkov,two_corner_robust_response_information_gain,0.0059999999999999975,0.000927960727138333,3,5,0.0005357583756107174
frozen_policy,93,binary_bktf,balanced_mastery,0.009250000000000001,0.004866980583482948,3,5,0.0028099525500145618
frozen_policy,93,binary_bktf,blocked_median_item,0.0,0.0,3,5,0.0
frozen_policy,93,binary_bktf,interleaved_median_item,0.005083333333333332,0.0017736497211493958,3,5,0.0010240171439537084
frozen_policy,93,binary_bktf,least_mastery_target_item,0.007833333333333331,0.002753785273643051,3,5,0.0015898986690282427
frozen_policy,93,binary_bktf,maximum_response_information_gain,0.016499999999999997,0.004205650960315181,3,5,0.002428133714055578
frozen_policy,93,binary_bktf,maximum_skill_uncertainty,0.010333333333333333,0.005281650625830271,3,5,0.0030493624105886624
frozen_policy,93,binary_bktf,target_success_070,0.004,0.003269174207655505,3,5,0.0018874586088176873
frozen_policy,93,binary_bktf,two_corner_robust_response_information_gain,0.01683333333333333,0.005346338310781813,3,5,0.003086709862908689
frozen_policy,93,continuous_latent_trait,balanced_mastery,-0.004285211157916077,5.396267194921903e-05,3,5,3.115536317607307e-05
frozen_policy,93,continuous_latent_trait,blocked_median_item,0.0,0.0,3,5,0.0
frozen_policy,93,continuous_latent_trait,interleaved_median_item,0.00018295147765211775,3.7411902128839262e-06,3,5,2.159977176498128e-06
frozen_policy,93,continuous_latent_trait,least_mastery_target_item,-0.00919646453223214,0.00032889486046831627,3,5,0.00018988753622646681
frozen_policy,93,continuous_latent_trait,maximum_response_information_gain,0.0016065463900389557,4.3396829429860076e-05,3,5,2.505517115330599e-05
frozen_policy,93,continuous_latent_trait,maximum_skill_uncertainty,0.0008408487161739053,0.00047803246640546187,3,5,0.0002759921731605742
frozen_policy,93,continuous_latent_trait,target_success_070,0.0016809658131004262,0.000261620930625314,3,5,0.00015104691472216545
frozen_policy,93,continuous_latent_trait,two_corner_robust_response_information_gain,0.001580883458712887,0.000651743320157229,3,5,0.00037628418133531667
frozen_policy,93,four_state_semimarkov,balanced_mastery,0.002888888888888891,0.00055486067653995,3,5,0.000320348960963078
frozen_policy,93,four_state_semimarkov,blocked_median_item,0.0,0.0,3,5,0.0
frozen_policy,93,four_state_semimarkov,interleaved_median_item,0.0021388888888888894,0.0016123079845479363,3,5,0.0009308664488953341
frozen_policy,93,four_state_semimarkov,least_mastery_target_item,0.0010277777777777798,0.0012085727732115083,3,5,0.0006977698159489168
frozen_policy,93,four_state_semimarkov,maximum_response_information_gain,0.00711111111111111,0.003030325126182065,3,5,0.001749559027333302
frozen_policy,93,four_state_semimarkov,maximum_skill_uncertainty,0.004972222222222222,0.0035437085617147446,3,5,0.0020459610920355894
frozen_policy,93,four_state_semimarkov,target_success_070,0.0029166666666666694,0.001842778698957996,3,5,0.0010639287779003073
frozen_policy,93,four_state_semimarkov,two_corner_robust_response_information_gain,0.008722222222222221,0.00047385339192311076,3,5,0.00027357938338322526
frozen_policy,94,binary_bktf,balanced_mastery,0.006333333333333332,0.0031457643480294816,3,5,0.0018162078931419489
frozen_policy,94,binary_bktf,blocked_median_item,0.0,0.0,3,5,0.0
frozen_policy,94,binary_bktf,interleaved_median_item,-0.0017500000000000016,0.004175823272122518,3,5,0.0024109126902482395
frozen_policy,94,binary_bktf,least_mastery_target_item,0.0014999999999999998,0.008261355820929154,3,5,0.004769696007084729
frozen_policy,94,binary_bktf,maximum_response_information_gain,0.013833333333333331,0.005751811308912466,3,5,0.003320809807528546
frozen_policy,94,binary_bktf,maximum_skill_uncertainty,0.009416666666666665,0.002897556441785618,3,5,0.0016729049916570607
frozen_policy,94,binary_bktf,target_success_070,-0.0019166666666666679,0.003394235309069385,3,5,0.001959662669384142
frozen_policy,94,binary_bktf,two_corner_robust_response_information_gain,0.012916666666666667,0.004543768626738526,3,5,0.002623346039782864
frozen_policy,94,continuous_latent_trait,balanced_mastery,-0.006791391038306619,0.000131717390804592,3,5,7.604707103798634e-05
frozen_policy,94,continuous_latent_trait,blocked_median_item,0.0,0.0,3,5,0.0
frozen_policy,94,continuous_latent_trait,interleaved_median_item,0.00015201142920870102,8.509113158618326e-07,3,5,4.912738772693277e-07
frozen_policy,94,continuous_latent_trait,least_mastery_target_item,-0.01275805034885498,0.0005977593474350739,3,5,0.00034511652015225495
frozen_policy,94,continuous_latent_trait,maximum_response_information_gain,0.0026270924621286797,0.0002728386822538464,3,5,0.000157523486644601
frozen_policy,94,continuous_latent_trait,maximum_skill_uncertainty,-0.0007703522601539862,0.0004002872893313151,3,5,0.0002311059742486204
frozen_policy,94,continuous_latent_trait,target_success_070,-0.0007352064340684169,0.0007327424948971186,3,5,0.0004230490766755294
frozen_policy,94,continuous_latent_trait,two_corner_robust_response_information_gain,0.0034737064746131366,0.0007070238939723863,3,5,0.0004082004355084547
frozen_policy,94,four_state_semimarkov,balanced_mastery,-0.0019722222222222255,0.0020144156399239913,3,5,0.0011630234119699087
frozen_policy,94,four_state_semimarkov,blocked_median_item,0.0,0.0,3,5,0.0
frozen_policy,94,four_state_semimarkov,interleaved_median_item,-0.00027777777777777827,0.0009217033346131721,3,5,0.0005321456683518907
frozen_policy,94,four_state_semimarkov,least_mastery_target_item,-0.006555555555555554,0.0028189996912485232,3,5,0.0016275502305878068
frozen_policy,94,four_state_semimarkov,maximum_response_information_gain,0.007111111111111106,0.003505287012077186,3,5,0.0020237784000096625
frozen_policy,94,four_state_semimarkov,maximum_skill_uncertainty,0.002777777777777777,0.0011375330683024098,3,5,0.0006567550231964973
frozen_policy,94,four_state_semimarkov,target_success_070,-0.0006666666666666632,0.0027424137786507276,3,5,0.0015833333333333365
frozen_policy,94,four_state_semimarkov,two_corner_robust_response_information_gain,0.007416666666666664,0.0029662452884262817,3,5,0.001712562515755373
frozen_policy,95,binary_bktf,balanced_mastery,0.010750000000000001,0.0021794494717703367,3,5,0.0012583057392117917
frozen_policy,95,binary_bktf,blocked_median_item,0.0,0.0,3,5,0.0
frozen_policy,95,binary_bktf,interleaved_median_item,0.00016666666666666883,0.006578056957288627,3,5,0.0037978429550352797
frozen_policy,95,binary_bktf,least_mastery_target_item,0.009750000000000002,0.002817356917396161,3,5,0.0016266017746619278
frozen_policy,95,binary_bktf,maximum_response_information_gain,0.008333333333333337,0.006370504951205462,3,5,0.0036780127484523175
frozen_policy,95,binary_bktf,maximum_skill_uncertainty,0.008833333333333335,0.0013768926368215243,3,5,0.0007949493345141207
frozen_policy,95,binary_bktf,target_success_070,-0.00408333333333333,0.002184223737013529,3,5,0.0012610621625351315
frozen_policy,95,binary_bktf,two_corner_robust_response_information_gain,0.00866666666666667,0.005076498136839343,3,5,0.002930917565844829
frozen_policy,95,continuous_latent_trait,balanced_mastery,-0.003918659511486421,0.0003754247312850044,3,5,0.00021675156966784022
frozen_policy,95,continuous_latent_trait,blocked_median_item,0.0,0.0,3,5,0.0
frozen_policy,95,continuous_latent_trait,interleaved_median_item,0.00016385715260507075,2.8014588637519566e-06,3,5,1.6174230291108554e-06
frozen_policy,95,continuous_latent_trait,least_mastery_target_item,-0.01038803552901042,0.0004582333534667473,3,5,0.0002645611499756915
frozen_policy,95,continuous_latent_trait,maximum_response_information_gain,0.0019433581247908383,0.0002914995619662632,3,5,0.00016829735056988007
frozen_policy,95,continuous_latent_trait,maximum_skill_uncertainty,-0.0001860091023536823,0.0003101466448310053,3,5,0.00017906324888144017
frozen_policy,95,continuous_latent_trait,target_success_070,0.0012342701524845094,5.8285637957075555e-05,3,5,3.365122876440664e-05
frozen_policy,95,continuous_latent_trait,two_corner_robust_response_information_gain,0.0017790892705630893,0.0005348072512734541,3,5,0.00030877111048729255
frozen_policy,95,four_state_semimarkov,balanced_mastery,0.003916666666666668,0.0024022558842332624,3,5,0.0013869430814244365
frozen_policy,95,four_state_semimarkov,blocked_median_item,0.0,0.0,3,5,0.0
frozen_policy,95,four_state_semimarkov,interleaved_median_item,0.0014166666666666633,0.001842778698957996,3,5,0.0010639287779003073
frozen_policy,95,four_state_semimarkov,least_mastery_target_item,0.0005833333333333377,0.0005204164998665329,3,5,0.00030046260628866563
frozen_policy,95,four_state_semimarkov,maximum_response_information_gain,0.009833333333333333,0.002073309217437458,3,5,0.0011970256348008488
frozen_policy,95,four_state_semimarkov,maximum_skill_uncertainty,0.004333333333333332,0.005305264680799002,3,5,0.003062995991581518
frozen_policy,95,four_state_semimarkov,target_success_070,0.003111111111111109,0.0016251780529233418,3,5,0.0009382969863363633
frozen_policy,95,four_state_semimarkov,two_corner_robust_response_information_gain,0.007999999999999995,0.0036314597615834856,3,5,0.0020966242709015196
frozen_policy,96,binary_bktf,balanced_mastery,0.0048333333333333344,0.005392896562454479,3,5,0.003113590282044901
frozen_policy,96,binary_bktf,blocked_median_item,0.0,0.0,3,5,0.0
frozen_policy,96,binary_bktf,interleaved_median_item,0.0007500000000000015,0.002222048604328898,3,5,0.0012829003598617216
frozen_policy,96,binary_bktf,least_mastery_target_item,0.007916666666666667,0.0036600318759996233,3,5,0.0021131203888509935
frozen_policy,96,binary_bktf,maximum_response_information_gain,0.01925,0.006427480066091219,3,5,0.0037109073463687187
frozen_policy,96,binary_bktf,maximum_skill_uncertainty,0.011583333333333333,0.005051814855409225,3,5,0.002916666666666667
frozen_policy,96,binary_bktf,target_success_070,0.007083333333333335,0.005686240703077326,3,5,0.003282952600598701
frozen_policy,96,binary_bktf,two_corner_robust_response_information_gain,0.019000000000000003,0.005910795208768444,3,5,0.0034125992049072115
frozen_policy,96,continuous_latent_trait,balanced_mastery,-0.006061713791154219,0.0007039278067266077,3,5,0.00040641290870366986
frozen_policy,96,continuous_latent_trait,blocked_median_item,0.0,0.0,3,5,0.0
frozen_policy,96,continuous_latent_trait,interleaved_median_item,0.00019594929748522653,3.3511855604389608e-06,3,5,1.934807885423821e-06
frozen_policy,96,continuous_latent_trait,least_mastery_target_item,-0.010813139312824899,0.0006818190177065286,3,5,0.0003936483934114705
frozen_policy,96,continuous_latent_trait,maximum_response_information_gain,0.0011406902587654604,0.0001909628569960538,3,5,0.00011025245689189167
frozen_policy,96,continuous_latent_trait,maximum_skill_uncertainty,-0.0010009708890362983,0.0004712612747075073,3,5,0.0002720828238110255
frozen_policy,96,continuous_latent_trait,target_success_070,0.0014381294883890896,0.0008099638304843227,3,5,0.00046763283556398416
frozen_policy,96,continuous_latent_trait,two_corner_robust_response_information_gain,0.0019847615825763503,0.00023572177163208835,3,5,0.0001360940283056417
frozen_policy,96,four_state_semimarkov,balanced_mastery,-0.0026388888888888885,0.0025458753860865837,3,5,0.0014698618394803316
frozen_policy,96,four_state_semimarkov,blocked_median_item,0.0,0.0,3,5,0.0
frozen_policy,96,four_state_semimarkov,interleaved_median_item,0.0001388888888888921,0.0018339645378049024,3,5,0.0010588399195858881
frozen_policy,96,four_state_semimarkov,least_mastery_target_item,-0.0028611111111111072,0.0012481467743700517,3,5,0.0007206178761707125
frozen_policy,96,four_state_semimarkov,maximum_response_information_gain,0.007027777777777776,0.0011794929858645643,3,5,0.0006809805928961817
frozen_policy,96,four_state_semimarkov,maximum_skill_uncertainty,0.001,0.0018763883748662798,3,5,0.0010833333333333311
frozen_policy,96,four_state_semimarkov,target_success_070,0.0023055555555555603,0.0036518006720175932,3,5,0.002108368101016214
frozen_policy,96,four_state_semimarkov,two_corner_robust_response_information_gain,0.008444444444444449,0.0034734442294090196,3,5,0.00200539396086445
frozen_policy,97,binary_bktf,balanced_mastery,0.010166666666666666,0.006453358298849783,3,5,0.003725848151018028
frozen_policy,97,binary_bktf,blocked_median_item,0.0,0.0,3,5,0.0
frozen_policy,97,binary_bktf,interleaved_median_item,-0.005833333333333335,0.0030550504633038984,3,5,0.0017638342073763968
frozen_policy,97,binary_bktf,least_mastery_target_item,0.007916666666666667,0.0036170890690351183,3,5,0.0020883273476902785
frozen_policy,97,binary_bktf,maximum_response_information_gain,0.013166666666666667,0.0008036375634160813,3,5,0.0004639803635691695
frozen_policy,97,binary_bktf,maximum_skill_uncertainty,0.008499999999999999,0.0030310889132455364,3,5,0.0017500000000000007
frozen_policy,97,binary_bktf,target_success_070,0.002583333333333333,0.0032532035493238547,3,5,0.0018782379449307737
frozen_policy,97,binary_bktf,two_corner_robust_response_information_gain,0.013249999999999998,0.0037831864876053875,3,5,0.002184223737013525
frozen_policy,97,continuous_latent_trait,balanced_mastery,-0.0029344919149087365,0.00041921209902416346,3,5,0.00024203221821914885
frozen_policy,97,continuous_latent_trait,blocked_median_item,0.0,0.0,3,5,0.0
frozen_policy,97,continuous_latent_trait,interleaved_median_item,9.897023819363295e-05,1.2619253604117216e-06,3,5,7.28572946530923e-07
frozen_policy,97,continuous_latent_trait,least_mastery_target_item,-0.008529094556334034,0.00048068099575387143,3,5,0.00027752130229283505
frozen_policy,97,continuous_latent_trait,maximum_response_information_gain,0.0016464111270600684,0.00020703041661261187,3,5,0.00011952906676173184
frozen_policy,97,continuous_latent_trait,maximum_skill_uncertainty,-0.00028759462986563503,0.00036740373481074923,3,5,0.00021212064519425997
frozen_policy,97,continuous_latent_trait,target_success_070,0.002077479196257491,0.00038949201752884645,3,5,0.00022487332116748996
frozen_policy,97,continuous_latent_trait,two_corner_robust_response_information_gain,0.0022252627844690552,0.0003516284063051151,3,5,0.0002030127550349773
frozen_policy,97,four_state_semimarkov,balanced_mastery,0.0023333333333333296,0.0017736497211493936,3,5,0.0010240171439537071
frozen_policy,97,four_state_semimarkov,blocked_median_item,0.0,0.0,3,5,0.0
frozen_policy,97,four_state_semimarkov,interleaved_median_item,0.0007777777777777787,0.0011676583087213178,3,5,0.000674147838861756
frozen_policy,97,four_state_semimarkov,least_mastery_target_item,-0.0004722222222222196,0.001669442133479636,3,5,0.000963852865160971
frozen_policy,97,four_state_semimarkov,maximum_response_information_gain,0.008249999999999995,0.0032091449189949493,3,5,0.001852800682850254
frozen_policy,97,four_state_semimarkov,maximum_skill_uncertainty,0.005361111111111112,0.002560833920887955,3,5,0.0014784981535745857
frozen_policy,97,four_state_semimarkov,target_success_070,0.0007777777777777817,0.0005912165737164644,3,5,0.000341339047984569
frozen_policy,97,four_state_semimarkov,two_corner_robust_response_information_gain,0.007083333333333335,0.0018837757592428872,3,5,0.0010875984416917727
frozen_policy,98,binary_bktf,balanced_mastery,0.00525,0.004769696007084728,3,5,0.0027537852736430513
frozen_policy,98,binary_bktf,blocked_median_item,0.0,0.0,3,5,0.0
frozen_policy,98,binary_bktf,interleaved_median_item,0.001333333333333335,0.0021554195260629276,3,5,0.001244432043589007
frozen_policy,98,binary_bktf,least_mastery_target_item,0.0008333333333333352,0.008178987304876645,3,5,0.004722140522169063
frozen_policy,98,binary_bktf,maximum_response_information_gain,0.008916666666666668,0.002897556441785621,3,5,0.0016729049916570627
frozen_policy,98,binary_bktf,maximum_skill_uncertainty,0.007083333333333333,0.004888336458687487,3,5,0.002822282370312683
frozen_policy,98,binary_bktf,target_success_070,-0.0038333333333333314,0.004875534158770026,3,5,0.00281489095900909
frozen_policy,98,binary_bktf,two_corner_robust_response_information_gain,0.016333333333333335,0.0018763883748662818,3,5,0.0010833333333333322
frozen_policy,98,continuous_latent_trait,balanced_mastery,-0.006956360702083868,0.00017787256833519307,3,5,0.00010269477520977383
frozen_policy,98,continuous_latent_trait,blocked_median_item,0.0,0.0,3,5,0.0
frozen_policy,98,continuous_latent_trait,interleaved_median_item,0.00018584799606669822,2.423880075143487e-06,3,5,1.3994278138674626e-06
frozen_policy,98,continuous_latent_trait,least_mastery_target_item,-0.01631511708009007,0.0004642745009025315,3,5,0.00026804900807395575
frozen_policy,98,continuous_latent_trait,maximum_response_information_gain,0.0018666807053287716,0.0003931434877813817,3,5,0.00022698149850072907
frozen_policy,98,continuous_latent_trait,maximum_skill_uncertainty,0.0001070421696834703,0.00031333051554110786,3,5,0.00018090145749298286
frozen_policy,98,continuous_latent_trait,target_success_070,-0.00041564751093634434,0.00015539531697146965,3,5,8.971752808428523e-05
frozen_policy,98,continuous_latent_trait,two_corner_robust_response_information_gain,0.0017340940811645,0.0003648235176479147,3,5,0.00021063095612072977
frozen_policy,98,four_state_semimarkov,balanced_mastery,0.0009999999999999983,0.0025289984842489124,3,5,0.0014601179556612651
frozen_policy,98,four_state_semimarkov,blocked_median_item,0.0,0.0,3,5,0.0
frozen_policy,98,four_state_semimarkov,interleaved_median_item,0.0017500000000000033,0.0019094065395649227,3,5,0.00110239637961024
frozen_policy,98,four_state_semimarkov,least_mastery_target_item,-0.008999999999999992,0.0025994123267470337,3,5,0.0015007714065822313
frozen_policy,98,four_state_semimarkov,maximum_response_information_gain,0.00811111111111111,0.0007087417123429437,3,5,0.0004091922184071149
frozen_policy,98,four_state_semimarkov,maximum_skill_uncertainty,0.0025555555555555596,0.0021751968833835476,3,5,0.0012558505061619264
frozen_policy,98,four_state_semimarkov,target_success_070,-0.0018055555555555483,0.0003469443332443559,3,5,0.00020030840419244412
frozen_policy,98,four_state_semimarkov,two_corner_robust_response_information_gain,0.007527777777777778,0.001436946350708612,3,5,0.0008296213623926676
frozen_policy,99,binary_bktf,balanced_mastery,0.01275,0.003473110997362455,3,5,0.002005201569252663
frozen_policy,99,binary_bktf,blocked_median_item,0.0,0.0,3,5,0.0
frozen_policy,99,binary_bktf,interleaved_median_item,-0.0025833333333333316,0.0003818813079129874,3,5,0.00022047927592204965
frozen_policy,99,binary_bktf,least_mastery_target_item,-0.0027499999999999977,0.004358898943540672,3,5,0.002516611478423582
frozen_policy,99,binary_bktf,maximum_response_information_gain,0.011416666666666665,0.0045368858629387335,3,5,0.0026193722742502857
frozen_policy,99,binary_bktf,maximum_skill_uncertainty,0.006416666666666668,0.004732423621500227,3,5,0.0027322660517924997
frozen_policy,99,binary_bktf,target_success_070,-0.004166666666666664,0.002673169155390907,3,5,0.001543354931454345
frozen_policy,99,binary_bktf,two_corner_robust_response_information_gain,0.012916666666666668,0.002309401076758502,3,5,0.0013333333333333326
frozen_policy,99,continuous_latent_trait,balanced_mastery,-0.004873481123842081,0.0001034539622803865,3,5,5.972917297131454e-05
frozen_policy,99,continuous_latent_trait,blocked_median_item,0.0,0.0,3,5,0.0
frozen_policy,99,continuous_latent_trait,interleaved_median_item,0.000206281178041512,3.978367731604198e-06,3,5,2.2969116807770045e-06
frozen_policy,99,continuous_latent_trait,least_mastery_target_item,-0.009932877238027368,0.0005588885740951216,3,5,0.0003226744687008246
frozen_policy,99,continuous_latent_trait,maximum_response_information_gain,0.0009047178186925019,0.00020006124373829392,3,5,0.00011550541292671534
frozen_policy,99,continuous_latent_trait,maximum_skill_uncertainty,-0.00023716553886069812,0.00012565916984578208,3,5,7.25493555366072e-05
frozen_policy,99,continuous_latent_trait,target_success_070,-0.003024481638708334,0.00012076284517310374,3,5,6.972246116879654e-05
frozen_policy,99,continuous_latent_trait,two_corner_robust_response_information_gain,0.00050111860182558,0.00022659206834144867,3,5,0.00013082299165316947
frozen_policy,99,four_state_semimarkov,balanced_mastery,-0.00011111111111110853,0.004382995339736068,3,5,0.002530523539253494
frozen_policy,99,four_state_semimarkov,blocked_median_item,0.0,0.0,3,5,0.0
frozen_policy,99,four_state_semimarkov,interleaved_median_item,0.0007777777777777778,0.00020971762320197017,3,5,0.00012108052620946599
frozen_policy,99,four_state_semimarkov,least_mastery_target_item,-0.0020277777777777772,0.0017918281580966782,3,5,0.0010345124694186685
frozen_policy,99,four_state_semimarkov,maximum_response_information_gain,0.00397222222222222,0.0023486599804364394,3,5,0.0013559994719398796
frozen_policy,99,four_state_semimarkov,maximum_skill_uncertainty,0.0024722222222222207,0.002993434173010679,3,5,0.0017282600255891403
frozen_policy,99,four_state_semimarkov,target_success_070,-0.004416666666666663,0.0003004626062886652,3,5,0.0001734721666221774
frozen_policy,99,four_state_semimarkov,two_corner_robust_response_information_gain,0.004888888888888886,0.002853279464704374,3,5,0.001647341667020302
frozen_policy,100,binary_bktf,balanced_mastery,0.012333333333333335,0.006902596129959603,3,5,0.003985215733739446
frozen_policy,100,binary_bktf,blocked_median_item,0.0,0.0,3,5,0.0
frozen_policy,100,binary_bktf,interleaved_median_item,0.00375,0.007749999999999998,3,5,0.004474464586219599
frozen_policy,100,binary_bktf,least_mastery_target_item,0.0038333333333333366,0.0006291528696058969,3,5,0.0003632415786283901
frozen_policy,100,binary_bktf,maximum_response_information_gain,0.015083333333333332,0.003511884584284242,3,5,0.002027587510099404
frozen_policy,100,binary_bktf,maximum_skill_uncertainty,0.011250000000000001,0.005973901572674261,3,5,0.003449033681095813
frozen_policy,100,binary_bktf,target_success_070,0.0016666666666666696,0.00638520425149684,3,5,0.0036864993934324435
frozen_policy,100,binary_bktf,two_corner_robust_response_information_gain,0.01858333333333333,0.00275378527364305,3,5,0.0015898986690282423
frozen_policy,100,continuous_latent_trait,balanced_mastery,-0.006044128568958908,0.00022126251686151004,3,5,0.00012774597367156695
frozen_policy,100,continuous_latent_trait,blocked_median_item,0.0,0.0,3,5,0.0
frozen_policy,100,continuous_latent_trait,interleaved_median_item,0.00021044420967771343,5.029360882757887e-07,3,5,2.9037028595120397e-07
frozen_policy,100,continuous_latent_trait,least_mastery_target_item,-0.013779131165214946,0.0003785088097330874,3,5,0.00021853216319004285
frozen_policy,100,continuous_latent_trait,maximum_response_information_gain,-0.00036737169442552345,0.00046507738571660627,3,5,0.0002685125538374901
frozen_policy,100,continuous_latent_trait,maximum_skill_uncertainty,-0.0009746370993273246,0.0003997716085939636,3,5,0.00023080824583609458
frozen_policy,100,continuous_latent_trait,target_success_070,-0.0010195618217327135,0.000738477653434119,3,5,0.00042636027200071175
frozen_policy,100,continuous_latent_trait,two_corner_robust_response_information_gain,0.00045996175073725556,0.00033703659346256547,3,5,0.00019458816796236666
frozen_policy,100,four_state_semimarkov,balanced_mastery,0.0006388888888888925,0.002480945906825175,3,5,0.001432374787150415
frozen_policy,100,four_state_semimarkov,blocked_median_item,0.0,0.0,3,5,0.0
frozen_policy,100,four_state_semimarkov,interleaved_median_item,0.0022500000000000033,0.000820738150149672,3,5,0.00047385339192310865
frozen_policy,100,four_state_semimarkov,least_mastery_target_item,-0.007416666666666662,0.0036855573979159987,3,5,0.0021278575558006186
frozen_policy,100,four_state_semimarkov,maximum_response_information_gain,0.005277777777777774,0.002657971936423483,3,5,0.001534580812992569
frozen_policy,100,four_state_semimarkov,maximum_skill_uncertainty,0.0025555555555555596,0.0012729376930432853,3,5,0.000734930919740162
frozen_policy,100,four_state_semimarkov,target_success_070,-0.0007222222222222196,0.0016294454862291646,3,5,0.0009407607901042288
frozen_policy,100,four_state_semimarkov,two_corner_robust_response_information_gain,0.005611111111111111,0.002252056673189912,3,5,0.0013002255264964887
frozen_policy,101,binary_bktf,balanced_mastery,0.003416666666666667,0.0034490336810958145,3,5,0.0019913005242247544
frozen_policy,101,binary_bktf,blocked_median_item,0.0,0.0,3,5,0.0
frozen_policy,101,binary_bktf,interleaved_median_item,-0.007666666666666666,0.004939213837579147,3,5,0.0028516564387114454
frozen_policy,101,binary_bktf,least_mastery_target_item,-0.004666666666666667,0.007501388760311876,3,5,0.004330928820062095
frozen_policy,101,binary_bktf,maximum_response_information_gain,0.010916666666666667,0.002787621447279626,3,5,0.0016094339929856665
frozen_policy,101,binary_bktf,maximum_skill_uncertainty,0.004333333333333333,0.0005773502691896228,3,5,0.00033333333333333164
frozen_policy,101,binary_bktf,target_success_070,-0.008416666666666664,0.004502314219746699,3,5,0.0025994123267470363
frozen_policy,101,binary_bktf,two_corner_robust_response_information_gain,0.008,0.004548351349665064,3,5,0.0026259918760981227
frozen_policy,101,continuous_latent_trait,balanced_mastery,-0.005524245709664293,0.0004282014164861601,3,5,0.0002472222030756636
frozen_policy,101,continuous_latent_trait,blocked_median_item,0.0,0.0,3,5,0.0
frozen_policy,101,continuous_latent_trait,interleaved_median_item,0.00021001431992323811,8.06406383514081e-06,3,5,4.655789425980873e-06
frozen_policy,101,continuous_latent_trait,least_mastery_target_item,-0.01387776918855712,0.0005652018813702671,3,5,0.00032631945835560666
frozen_policy,101,continuous_latent_trait,maximum_response_information_gain,0.0011836416225221276,0.0003368452684049227,3,5,0.00019447770638883388
frozen_policy,101,continuous_latent_trait,maximum_skill_uncertainty,0.0008247055127596183,0.0006133769601315934,3,5,0.00035413335304668983
frozen_policy,101,continuous_latent_trait,target_success_070,-0.002242950698468475,0.00036040613797231436,3,5,0.0002080805807759091
frozen_policy,101,continuous_latent_trait,two_corner_robust_response_information_gain,0.0015402972524917893,2.0474522114278662e-05,3,5,1.1820970854207732e-05
frozen_policy,101,four_state_semimarkov,balanced_mastery,0.0003611111111111085,0.0011557024479285968,3,5,0.0006672451194146849
frozen_policy,101,four_state_semimarkov,blocked_median_item,0.0,0.0,3,5,0.0
frozen_policy,101,four_state_semimarkov,interleaved_median_item,-8.333333333333282e-05,0.0015567951410224471,3,5,0.0008988160937424113
frozen_policy,101,four_state_semimarkov,least_mastery_target_item,-0.004694444444444442,0.0028581430127762116,3,5,0.001650149637808794
frozen_policy,101,four_state_semimarkov,maximum_response_information_gain,0.00633333333333333,0.0020052015692526635,3,5,0.0011577036657874854
frozen_policy,101,four_state_semimarkov,maximum_skill_uncertainty,0.006416666666666663,0.003548278142673962,3,5,0.002048599340832477
frozen_policy,101,four_state_semimarkov,target_success_070,-0.002861111111111114,0.0016777409856157208,3,5,0.0009686442096757045
frozen_policy,101,four_state_semimarkov,two_corner_robust_response_information_gain,0.0034166666666666655,0.001181453906563156,3,5,0.0006821127309893731
frozen_policy,102,binary_bktf,balanced_mastery,0.013833333333333336,0.004163331998932266,3,5,0.002403700850309327
frozen_policy,102,binary_bktf,blocked_median_item,0.0,0.0,3,5,0.0
frozen_policy,102,binary_bktf,interleaved_median_item,0.002166666666666666,0.004303583777891787,3,5,0.00248467525264593
frozen_policy,102,binary_bktf,least_mastery_target_item,0.007999999999999998,0.010395311443145898,3,5,0.006001735860010281
frozen_policy,102,binary_bktf,maximum_response_information_gain,0.015333333333333332,0.0061661035778953115,3,5,0.003560001560548973
frozen_policy,102,binary_bktf,maximum_skill_uncertainty,0.008,0.004821825380496478,3,5,0.0027838821814150116
frozen_policy,102,binary_bktf,target_success_070,0.0042499999999999994,0.007232738070744718,3,5,0.004175823272122518
frozen_policy,102,binary_bktf,two_corner_robust_response_information_gain,0.012249999999999997,0.0035000000000000027,3,5,0.002020725942163692
frozen_policy,102,continuous_latent_trait,balanced_mastery,-0.004296968741521392,0.0002082752439640049,3,5,0.00012024776816815322
frozen_policy,102,continuous_latent_trait,blocked_median_item,0.0,0.0,3,5,0.0
frozen_policy,102,continuous_latent_trait,interleaved_median_item,0.0001874202559436791,3.358957871351811e-06,3,5,1.9392952312215804e-06
frozen_policy,102,continuous_latent_trait,least_mastery_target_item,-0.010792225261634432,0.00044569703509230325,3,5,0.00025732330318755937
frozen_policy,102,continuous_latent_trait,maximum_response_information_gain,0.0024531412533743886,0.0007733080682982388,3,5,0.0004464696213984977
frozen_policy,102,continuous_latent_trait,maximum_skill_uncertainty,-7.811490271896435e-05,0.00028355616631096535,3,5,0.00016371122895001414
frozen_policy,102,continuous_latent_trait,target_success_070,0.0019624776560296,0.000480350656885283,3,5,0.0002773305810581317
frozen_policy,102,continuous_latent_trait,two_corner_robust_response_information_gain,0.002814647414209642,0.00033815722819256425,3,5,0.00019523516672539468
frozen_policy,102,four_state_semimarkov,balanced_mastery,0.0020277777777777785,0.0015485955405295944,3,5,0.0008940820521906154
frozen_policy,102,four_state_semimarkov,blocked_median_item,0.0,0.0,3,5,0.0
frozen_policy,102,four_state_semimarkov,interleaved_median_item,0.001194444444444444,0.002160782608566045,3,5,0.001247528420715868
frozen_policy,102,four_state_semimarkov,least_mastery_target_item,-0.002222222222222219,0.0011557024479285948,3,5,0.0006672451194146837
frozen_policy,102,four_state_semimarkov,maximum_response_information_gain,0.007888888888888885,0.0007280745790045094,3,5,0.00042035405417837696
frozen_policy,102,four_state_semimarkov,maximum_skill_uncertainty,0.004694444444444441,0.0012143051663552474,3,5,0.0007010794146735554
frozen_policy,102,four_state_semimarkov,target_success_070,0.0046388888888888894,0.0011557024479285961,3,5,0.0006672451194146844
frozen_policy,102,four_state_semimarkov,two_corner_robust_response_information_gain,0.008944444444444437,0.002519828771372574,3,5,0.0014548238194637196
frozen_policy,103,binary_bktf,balanced_mastery,0.011583333333333333,0.003617089069035117,3,5,0.0020883273476902777
frozen_policy,103,binary_bktf,blocked_median_item,0.0,0.0,3,5,0.0
frozen_policy,103,binary_bktf,interleaved_median_item,0.0006666666666666695,0.0030138568866708523,3,5,0.001740051084818424
frozen_policy,103,binary_bktf,least_mastery_target_item,-0.0024999999999999996,0.0031917863337009274,3,5,0.0018427786989579993
frozen_policy,103,binary_bktf,maximum_response_information_gain,0.01525,0.0012499999999999994,3,5,0.0007216878364870319
frozen_policy,103,binary_bktf,maximum_skill_uncertainty,0.00566666666666667,0.004041451884327381,3,5,0.002333333333333334
frozen_policy,103,binary_bktf,target_success_070,-0.0017500000000000016,0.005728219618694802,3,5,0.0033071891388307393
frozen_policy,103,binary_bktf,two_corner_robust_response_information_gain,0.01308333333333333,0.001626601774661931,3,5,0.0009391189724653889
frozen_policy,103,continuous_latent_trait,balanced_mastery,-0.006704413713575278,0.0004047537135066359,3,5,0.0002336846654485569
frozen_policy,103,continuous_latent_trait,blocked_median_item,0.0,0.0,3,5,0.0
frozen_policy,103,continuous_latent_trait,interleaved_median_item,0.00012236884135241848,2.377533168523011e-06,3,5,1.3726694148540242e-06
frozen_policy,103,continuous_latent_trait,least_mastery_target_item,-0.017908524382481823,0.0001772026805928793,3,5,0.00010230801534142215
frozen_policy,103,continuous_latent_trait,maximum_response_information_gain,0.0014666390477835432,5.1886237031920504e-05,3,5,2.9956532917616034e-05
frozen_policy,103,continuous_latent_trait,maximum_skill_uncertainty,-0.0009084582007141492,0.00011290810426527924,3,5,6.518752439124931e-05
frozen_policy,103,continuous_latent_trait,target_success_070,-0.0014348869582633424,9.61700925084202e-05,3,5,5.552382879772762e-05
frozen_policy,103,continuous_latent_trait,two_corner_robust_response_information_gain,0.001823846074157893,0.0003071723447173253,3,5,0.0001773460359101563
frozen_policy,103,four_state_semimarkov,balanced_mastery,0.0022777777777777787,0.0013184938095895443,3,5,0.0007612327558913786
frozen_policy,103,four_state_semimarkov,blocked_median_item,0.0,0.0,3,5,0.0
frozen_policy,103,four_state_semimarkov,interleaved_median_item,0.0020555555555555553,0.0011496778936986051,3,5,0.0006637668414082517
frozen_policy,103,four_state_semimarkov,least_mastery_target_item,-0.007194444444444438,0.0010551899951790373,3,5,0.0006092142277628171
frozen_policy,103,four_state_semimarkov,maximum_response_information_gain,0.007916666666666666,0.0027537852736430517,3,5,0.0015898986690282431
frozen_policy,103,four_state_semimarkov,maximum_skill_uncertainty,0.00311111111111111,0.0020570565090637363,3,5,0.00118764212924622
frozen_policy,103,four_state_semimarkov,target_success_070,0.0005277777777777777,0.0009586352181520719,3,5,0.0005534683012547544
frozen_policy,103,four_state_semimarkov,two_corner_robust_response_information_gain,0.010027777777777776,0.0038381612109813002,3,5,0.0022159634083532337
frozen_policy,104,binary_bktf,balanced_mastery,0.011166666666666667,0.0012332207155790632,3,5,0.0007120003121097951
frozen_policy,104,binary_bktf,blocked_median_item,0.0,0.0,3,5,0.0
frozen_policy,104,binary_bktf,interleaved_median_item,0.0005833333333333349,0.0038269875010683457,3,5,0.0022095122639271426
frozen_policy,104,binary_bktf,least_mastery_target_item,0.004083333333333337,0.0023629078131263033,3,5,0.0013642254619787412
frozen_policy,104,binary_bktf,maximum_response_information_gain,0.014583333333333339,0.003224257020358853,3,5,0.0018615256586407246
frozen_policy,104,binary_bktf,maximum_skill_uncertainty,0.011750000000000003,0.002179449471770336,3,5,0.001258305739211791
frozen_policy,104,binary_bktf,target_success_070,0.004000000000000003,0.004330127018922195,3,5,0.0025000000000000014
frozen_policy,104,binary_bktf,two_corner_robust_response_information_gain,0.017333333333333336,0.00610498430246412,3,5,0.003524714330426099
frozen_policy,104,continuous_latent_trait,balanced_mastery,-0.005043115971671008,0.00035253033926873224,3,5,0.00020353348627431266
frozen_policy,104,continuous_latent_trait,blocked_median_item,0.0,0.0,3,5,0.0
frozen_policy,104,continuous_latent_trait,interleaved_median_item,0.00016054455319880942,3.996459940191978e-06,3,5,2.3073572222753943e-06
frozen_policy,104,continuous_latent_trait,least_mastery_target_item,-0.014075840371277062,0.00023457668088023385,3,5,0.00013543290985181198
frozen_policy,104,continuous_latent_trait,maximum_response_information_gain,0.002343948640104329,0.0003960733548997032,3,5,0.00022867305807018184
frozen_policy,104,continuous_latent_trait,maximum_skill_uncertainty,0.000700124682727053,0.00015070809583937007,3,5,8.701135970191624e-05
frozen_policy,104,continuous_latent_trait,target_success_070,0.000990371489919806,0.0001771324137190577,3,5,0.00010226744674290613
frozen_policy,104,continuous_latent_trait,two_corner_robust_response_information_gain,0.0029098590194770505,0.0005565723206997775,3,5,0.0003213371791795113
frozen_policy,104,four_state_semimarkov,balanced_mastery,-0.0013611111111111126,0.003938179688543839,3,5,0.0022737091032979024
frozen_policy,104,four_state_semimarkov,blocked_median_item,0.0,0.0,3,5,0.0
frozen_policy,104,four_state_semimarkov,interleaved_median_item,-0.0012222222222222246,0.0018935807741282515,3,5,0.001093259369675246
frozen_policy,104,four_state_semimarkov,least_mastery_target_item,-0.008249999999999999,0.0012583057392117915,3,5,0.0007264831572567789
frozen_policy,104,four_state_semimarkov,maximum_response_information_gain,0.006083333333333332,0.0011273124382057233,3,5,0.0006508541396588877
frozen_policy,104,four_state_semimarkov,maximum_skill_uncertainty,0.005527777777777775,0.002411392712690077,3,5,0.001392218231793518
frozen_policy,104,four_state_semimarkov,target_success_070,0.00022222222222222188,0.002993434173010686,3,5,0.0017282600255891446
frozen_policy,104,four_state_semimarkov,two_corner_robust_response_information_gain,0.006888888888888886,0.0020971762320196557,3,5,0.0012108052620946335
frozen_policy,105,binary_bktf,balanced_mastery,0.012666666666666666,0.004771879434073471,3,5,0.002755045875802758
frozen_policy,105,binary_bktf,blocked_median_item,0.0,0.0,3,5,0.0
frozen_policy,105,binary_bktf,interleaved_median_item,-0.001,0.0017500000000000013,3,5,0.001010362971081846
frozen_policy,105,binary_bktf,least_mastery_target_item,0.005833333333333333,0.002982588361362213,3,5,0.0017219981933143187
frozen_policy,105,binary_bktf,maximum_response_information_gain,0.010750000000000001,0.0026100766272276394,3,5,0.0015069284433354283
frozen_policy,105,binary_bktf,maximum_skill_uncertainty,0.010083333333333331,0.0020816659994661348,3,5,0.0012018504251546643
frozen_policy,105,binary_bktf,target_success_070,0.0001666666666666653,0.004856267428111156,3,5,0.002803767306876788
frozen_policy,105,binary_bktf,two_corner_robust_response_information_gain,0.012499999999999997,0.003278719262151,3,5,0.001892969448600091
frozen_policy,105,continuous_latent_trait,balanced_mastery,-0.00336188653004744,0.0005871285283984718,3,5,0.0003389788139197666
frozen_policy,105,continuous_latent_trait,blocked_median_item,0.0,0.0,3,5,0.0
frozen_policy,105,continuous_latent_trait,interleaved_median_item,0.0001041723763485337,2.589287410756435e-06,3,5,1.4949257836095369e-06
frozen_policy,105,continuous_latent_trait,least_mastery_target_item,-0.007348336878098563,0.000286819680137647,3,5,0.00016559541953635286
frozen_policy,105,continuous_latent_trait,maximum_response_information_gain,0.0024441030502580026,4.882129244670553e-05,3,5,2.8186986336290882e-05
frozen_policy,105,continuous_latent_trait,maximum_skill_uncertainty,-0.00022004513998180887,0.0005296540547095605,3,5,0.00030579591106394156
frozen_policy,105,continuous_latent_trait,target_success_070,0.0011474105071445251,0.00028445740738497125,3,5,0.0001642315607266962
frozen_policy,105,continuous_latent_trait,two_corner_robust_response_information_gain,0.002589215680691456,0.00050678672325135,3,5,0.00029259345109089533
frozen_policy,105,four_state_semimarkov,balanced_mastery,-0.0008055555555555559,0.0012945755775256686,3,5,0.00074742355817076
frozen_policy,105,four_state_semimarkov,blocked_median_item,0.0,0.0,3,5,0.0
frozen_policy,105,four_state_semimarkov,interleaved_median_item,-0.0004444444444444442,0.0020838888148345604,3,5,0.0012031337682059837
frozen_policy,105,four_state_semimarkov,least_mastery_target_item,-0.00022222222222222145,0.0018954135676924437,3,5,0.0010943175335329015
frozen_policy,105,four_state_semimarkov,maximum_response_information_gain,0.006055555555555553,0.00465797802262519,3,5,0.0026892848652420144
frozen_policy,105,four_state_semimarkov,maximum_skill_uncertainty,-1.3010426069826053e-18,0.001309686137125144,3,5,0.000756147643823123
frozen_policy,105,four_state_semimarkov,target_success_070,-0.004388888888888888,0.0019317042945237524,3,5,0.0011152699944380446
frozen_policy,105,four_state_semimarkov,two_corner_robust_response_information_gain,0.003500000000000001,0.0006009252125773326,3,5,0.00034694433324435606
frozen_policy,106,binary_bktf,balanced_mastery,0.013416666666666667,0.0008036375634160785,3,5,0.0004639803635691679
frozen_policy,106,binary_bktf,blocked_median_item,0.0,0.0,3,5,0.0
frozen_policy,106,binary_bktf,interleaved_median_item,-0.0005000000000000014,0.004520785330006283,3,5,0.002610076627227639
frozen_policy,106,binary_bktf,least_mastery_target_item,0.003916666666666667,0.005647639624952473,3,5,0.0032606662577523075
frozen_policy,106,binary_bktf,maximum_response_information_gain,0.017416666666666667,0.0027651100038395067,3,5,0.0015964370050556664
frozen_policy,106,binary_bktf,maximum_skill_uncertainty,0.007416666666666664,0.0010408329997330626,3,5,0.0006009252125773294
frozen_policy,106,binary_bktf,target_success_070,-0.0014999999999999996,0.0030413812651491107,3,5,0.0017559422921421238
frozen_policy,106,binary_bktf,two_corner_robust_response_information_gain,0.014833333333333332,0.003971250852481284,3,5,0.0022928027486996006
frozen_policy,106,continuous_latent_trait,balanced_mastery,-0.005160703368413955,0.0008574718686080194,3,5,0.0004950616141633715
frozen_policy,106,continuous_latent_trait,blocked_median_item,0.0,0.0,3,5,0.0
frozen_policy,106,continuous_latent_trait,interleaved_median_item,0.000156360891076244,1.1769657583251692e-06,3,5,6.795214973960085e-07
frozen_policy,106,continuous_latent_trait,least_mastery_target_item,-0.011353503325946701,0.0006446365267978131,3,5,0.00037218107227618283
frozen_policy,106,continuous_latent_trait,maximum_response_information_gain,0.0017101247038352238,0.0003777412405098966,3,5,0.000218089006892412
frozen_policy,106,continuous_latent_trait,maximum_skill_uncertainty,0.00042664709121989524,0.0008416396553234224,3,5,0.0004859208815616418
frozen_policy,106,continuous_latent_trait,target_success_070,-0.00026872392524396365,0.0008777073248626948,3,5,0.0005067445602791832
frozen_policy,106,continuous_latent_trait,two_corner_robust_response_information_gain,0.0015336738826547376,0.00031228035336929526,3,5,0.00018029514608039409
frozen_policy,106,four_state_semimarkov,balanced_mastery,0.0007777777777777783,0.0012536982329329773,3,5,0.0007238230122664127
frozen_policy,106,four_state_semimarkov,blocked_median_item,0.0,0.0,3,5,0.0
frozen_policy,106,four_state_semimarkov,interleaved_median_item,0.0008055555555555573,0.0008179128813519633,3,5,0.00047222222222221844
frozen_policy,106,four_state_semimarkov,least_mastery_target_item,-0.0011388888888888861,0.0007920320794101716,3,5,0.00045727993425428163
frozen_policy,106,four_state_semimarkov,maximum_response_information_gain,0.005222222222222216,0.0021926856524295433,3,5,0.001265947651678427
frozen_policy,106,four_state_semimarkov,maximum_skill_uncertainty,0.004055555555555556,0.00217360001772107,3,5,0.0012549285553418352
frozen_policy,106,four_state_semimarkov,target_success_070,0.00041666666666666734,0.0026193722742502905,3,5,0.0015122952876462476
frozen_policy,106,four_state_semimarkov,two_corner_robust_response_information_gain,0.007861111111111109,0.0010715167512214399,3,5,0.0006186404847588916
frozen_policy,107,binary_bktf,balanced_mastery,0.011333333333333329,0.0024022558842332602,3,5,0.0013869430814244354
frozen_policy,107,binary_bktf,blocked_median_item,0.0,0.0,3,5,0.0
frozen_policy,107,binary_bktf,interleaved_median_item,0.004166666666666665,0.007285830998131466,3,5,0.0042064764880413216
frozen_policy,107,binary_bktf,least_mastery_target_item,0.0049166666666666655,0.002254624876411446,3,5,0.001301708279317775
frozen_policy,107,binary_bktf,maximum_response_information_gain,0.016999999999999998,0.004380353866983808,3,5,0.00252899848424892
frozen_policy,107,binary_bktf,maximum_skill_uncertainty,0.007999999999999998,0.003929058411375429,3,5,0.0022684429314693676
frozen_policy,107,binary_bktf,target_success_070,0.0009166666666666651,0.009786257371096127,3,5,0.005650098327561309
frozen_policy,107,binary_bktf,two_corner_robust_response_information_gain,0.014083333333333331,0.005907269532815762,3,5,0.003410563654946855
frozen_policy,107,continuous_latent_trait,balanced_mastery,-0.0037966625673782374,0.0004248416794592695,3,5,0.00024528245799878195
frozen_policy,107,continuous_latent_trait,blocked_median_item,0.0,0.0,3,5,0.0
frozen_policy,107,continuous_latent_trait,interleaved_median_item,0.00022105109658599178,8.625666147342482e-06,3,5,4.980030672108025e-06
frozen_policy,107,continuous_latent_trait,least_mastery_target_item,-0.0110572551780524,0.0007352652608993667,3,5,0.0004245055963060298
frozen_policy,107,continuous_latent_trait,maximum_response_information_gain,0.002303326711559916,0.0003430209965479483,3,5,0.00019804326469465166
frozen_policy,107,continuous_latent_trait,maximum_skill_uncertainty,0.0005635131569620537,0.0001942992182347822,3,5,0.00011217870595118535
frozen_policy,107,continuous_latent_trait,target_success_070,0.0006996047843365184,0.0008171932038529776,3,5,0.00047180671622444934
frozen_policy,107,continuous_latent_trait,two_corner_robust_response_information_gain,0.002265082960610712,8.12080078516073e-05,3,5,4.6885465193478725e-05
frozen_policy,107,four_state_semimarkov,balanced_mastery,0.0032499999999999946,0.001609433992985667,3,5,0.0009292071490932092
frozen_policy,107,four_state_semimarkov,blocked_median_item,0.0,0.0,3,5,0.0
frozen_policy,107,four_state_semimarkov,interleaved_median_item,0.00011111111111110818,0.002796740828045971,3,5,0.0016146990699259583
frozen_policy,107,four_state_semimarkov,least_mastery_target_item,-0.0027777777777777814,0.0014680233624137541,3,5,0.0008475636834662405
frozen_policy,107,four_state_semimarkov,maximum_response_information_gain,0.006833333333333329,0.00016666666666666468,3,5,9.622504486493648e-05
frozen_policy,107,four_state_semimarkov,maximum_skill_uncertainty,0.0071666666666666615,0.0019057661043382125,3,5,0.0011002945733521315
frozen_policy,107,four_state_semimarkov,target_success_070,0.002805555555555553,0.0024570382652773335,3,5,0.0014185717038670796
frozen_policy,107,four_state_semimarkov,two_corner_robust_response_information_gain,0.009249999999999994,0.00454376862673853,3,5,0.0026233460397828666
frozen_policy,108,binary_bktf,balanced_mastery,0.010333333333333333,0.0035029749261639566,3,5,0.00202244351658527
frozen_policy,108,binary_bktf,blocked_median_item,0.0,0.0,3,5,0.0
frozen_policy,108,binary_bktf,interleaved_median_item,0.002916666666666666,0.005051814855409225,3,5,0.002916666666666667
frozen_policy,108,binary_bktf,least_mastery_target_item,0.002333333333333333,0.0068935356192111885,3,5,0.003979984645419854
frozen_policy,108,binary_bktf,maximum_response_information_gain,0.017249999999999998,0.006108395861435312,3,5,0.0035266839949164735
frozen_policy,108,binary_bktf,maximum_skill_uncertainty,0.011000000000000001,0.005910795208768446,3,5,0.003412599204907213
frozen_policy,108,binary_bktf,target_success_070,-0.0038333333333333323,0.005281650625830276,3,5,0.0030493624105886654
frozen_policy,108,binary_bktf,two_corner_robust_response_information_gain,0.014416666666666666,0.008464386175815308,3,5,0.004886915637131915
frozen_policy,108,continuous_latent_trait,balanced_mastery,-0.0033110321422950228,0.00039153365466445454,3,5,0.00022605206091732083
frozen_policy,108,continuous_latent_trait,blocked_median_item,0.0,0.0,3,5,0.0
frozen_policy,108,continuous_latent_trait,interleaved_median_item,0.0001303791172612718,4.24873449131156e-06,3,5,2.453008002273977e-06
frozen_policy,108,continuous_latent_trait,least_mastery_target_item,-0.009389454346123515,0.00016599798816615326,3,5,9.583898315266491e-05
frozen_policy,108,continuous_latent_trait,maximum_response_information_gain,0.0015488984495433706,0.0005099115395938218,3,5,0.00029439756464738956
frozen_policy,108,continuous_latent_trait,maximum_skill_uncertainty,-0.0007595503034756564,8.102548982132466e-05,3,5,4.678008835956308e-05
frozen_policy,108,continuous_latent_trait,target_success_070,7.237971540675614e-05,0.00030715917593052963,3,5,0.0001773384329075549
frozen_policy,108,continuous_latent_trait,two_corner_robust_response_information_gain,0.0012847836978091872,0.00011408945162781036,3,5,6.58695756090131e-05
frozen_policy,108,four_state_semimarkov,balanced_mastery,0.004472222222222221,0.00375030862927503,3,5,0.002165241696656115
frozen_policy,108,four_state_semimarkov,blocked_median_item,0.0,0.0,3,5,0.0
frozen_policy,108,four_state_semimarkov,interleaved_median_item,-0.0004166666666666722,0.001622326861160977,3,5,0.0009366508500048508
frozen_policy,108,four_state_semimarkov,least_mastery_target_item,-0.00013888888888888816,0.002441443865450958,3,5,0.0014095682729294713
frozen_policy,108,four_state_semimarkov,maximum_response_information_gain,0.006027777777777774,0.0026943012562182502,3,5,0.0015555555555555537
frozen_policy,108,four_state_semimarkov,maximum_skill_uncertainty,0.003194444444444442,0.00240995235852711,3,5,0.0013913866429298004
frozen_policy,108,four_state_semimarkov,target_success_070,-0.0009722222222222241,0.002461274135558721,3,5,0.0014210172847142913
frozen_policy,108,four_state_semimarkov,two_corner_robust_response_information_gain,0.006305555555555551,0.0017801633300013405,3,5,0.0010277777777777746
frozen_policy,109,binary_bktf,balanced_mastery,0.014499999999999999,0.0011456439237389605,3,5,0.000661437827766148
frozen_policy,109,binary_bktf,blocked_median_item,0.0,0.0,3,5,0.0
frozen_policy,109,binary_bktf,interleaved_median_item,0.00525,0.005249999999999998,3,5,0.0030310889132455342
frozen_policy,109,binary_bktf,least_mastery_target_item,0.007333333333333333,0.0022546248764114467,3,5,0.0013017082793177755
frozen_policy,109,binary_bktf,maximum_response_information_gain,0.015916666666666666,0.0029190466480228305,3,5,0.001685312368013056
frozen_policy,109,binary_bktf,maximum_skill_uncertainty,0.011083333333333336,0.0015275252316519464,3,5,0.0008819171036881968
frozen_policy,109,binary_bktf,target_success_070,0.004916666666666666,0.001421560175769329,3,5,0.0008207381501496739
frozen_policy,109,binary_bktf,two_corner_robust_response_information_gain,0.015000000000000001,0.0010897247358851675,3,5,0.0006291528696058953
frozen_policy,109,continuous_latent_trait,balanced_mastery,-0.004602436092959141,0.0005278735773477056,3,5,0.00030476795197978857
frozen_policy,109,continuous_latent_trait,blocked_median_item,0.0,0.0,3,5,0.0
frozen_policy,109,continuous_latent_trait,interleaved_median_item,0.00011850467355793502,3.297238802087108e-06,3,5,1.903661709967471e-06
frozen_policy,109,continuous_latent_trait,least_mastery_target_item,-0.010335498720503683,0.00072716713251985,3,5,0.00041983013970618374
frozen_policy,109,continuous_latent_trait,maximum_response_information_gain,0.0013732245188095042,6.67548918264511e-05,3,5,3.854095476572589e-05
frozen_policy,109,continuous_latent_trait,maximum_skill_uncertainty,-0.0009924297265964355,0.00028517611639168773,3,5,0.00016464650756519298
frozen_policy,109,continuous_latent_trait,target_success_070,0.0015090647993909344,0.0004825205703915758,3,5,0.00027858338120510806
frozen_policy,109,continuous_latent_trait,two_corner_robust_response_information_gain,0.0020094718712245336,0.00014152531773192848,3,5,8.170968028967624e-05
frozen_policy,109,four_state_semimarkov,balanced_mastery,-0.00202777777777778,0.0031027914552568345,3,5,0.0017913974819318043
frozen_policy,109,four_state_semimarkov,blocked_median_item,0.0,0.0,3,5,0.0
frozen_policy,109,four_state_semimarkov,interleaved_median_item,0.0012777777777777755,0.0010419444074172754,3,5,0.000601566884102989
frozen_policy,109,four_state_semimarkov,least_mastery_target_item,-0.003916666666666669,0.0010103629710818448,3,5,0.0005833333333333332
frozen_policy,109,four_state_semimarkov,maximum_response_information_gain,0.004638888888888883,0.0010551899951790336,3,5,0.000609214227762815
frozen_policy,109,four_state_semimarkov,maximum_skill_uncertainty,5.5555555555553776e-05,0.005458386344102211,3,5,0.003151400825108389
frozen_policy,109,four_state_semimarkov,target_success_070,0.0006666666666666638,0.0014457792977414527,3,5,0.0008347210667398159
frozen_policy,109,four_state_semimarkov,two_corner_robust_response_information_gain,0.005222222222222212,0.002141412652467557,3,5,0.0012363451713482147
frozen_policy,110,binary_bktf,balanced_mastery,0.009583333333333333,0.0017017148213885095,3,5,0.0009824855102126319
frozen_policy,110,binary_bktf,blocked_median_item,0.0,0.0,3,5,0.0
frozen_policy,110,binary_bktf,interleaved_median_item,0.006583333333333334,0.0023228933107943893,3,5,0.0013411230782859219
frozen_policy,110,binary_bktf,least_mastery_target_item,0.007,0.005878988008152424,3,5,0.003394235309069384
frozen_policy,110,binary_bktf,maximum_response_information_gain,0.015916666666666666,0.006491982234520775,3,5,0.0037481476906748375
frozen_policy,110,binary_bktf,maximum_skill_uncertainty,0.007333333333333333,0.0024537386440559084,3,5,0.0014166666666666661
frozen_policy,110,binary_bktf,target_success_070,0.003500000000000002,0.0036055512754639895,3,5,0.002081665999466133
frozen_policy,110,binary_bktf,two_corner_robust_response_information_gain,0.013249999999999998,0.00601560470775798,3,5,0.0034731109973624497
frozen_policy,110,continuous_latent_trait,balanced_mastery,-0.0047087012122628965,0.00023015312379496135,3,5,0.00013287896797785421
frozen_policy,110,continuous_latent_trait,blocked_median_item,0.0,0.0,3,5,0.0
frozen_policy,110,continuous_latent_trait,interleaved_median_item,0.00021729368608576523,6.86917002082392e-06,3,5,3.9659171606319975e-06
frozen_policy,110,continuous_latent_trait,least_mastery_target_item,-0.009656167156249795,0.0005384921896044401,3,5,0.0003108986106246345
frozen_policy,110,continuous_latent_trait,maximum_response_information_gain,0.0016783737054908586,0.0006311739357395586,3,5,0.00036440844170470974
frozen_policy,110,continuous_latent_trait,maximum_skill_uncertainty,-0.0008428175587226251,0.00015994158869022664,3,5,9.234231928491877e-05
frozen_policy,110,continuous_latent_trait,target_success_070,-0.00010998334477892582,0.0003448869003045057,3,5,0.000199120544730782
frozen_policy,110,continuous_latent_trait,two_corner_robust_response_information_gain,0.002200736802967851,0.0003900658608459104,3,5,0.00022520462976106947
frozen_policy,110,four_state_semimarkov,balanced_mastery,-0.001611111111111116,0.003316973743461775,3,5,0.0019150556836825766
frozen_policy,110,four_state_semimarkov,blocked_median_item,0.0,0.0,3,5,0.0
frozen_policy,110,four_state_semimarkov,interleaved_median_item,-0.0011111111111111124,0.005215051223071471,3,5,0.003010911227478001
frozen_policy,110,four_state_semimarkov,least_mastery_target_item,-0.003444444444444452,0.0014199308799035676,3,5,0.0008197974757429869
frozen_policy,110,four_state_semimarkov,maximum_response_information_gain,0.0054722222222222125,0.0059944032539002885,3,5,0.0034608703322705
frozen_policy,110,four_state_semimarkov,maximum_skill_uncertainty,0.004277777777777776,0.002843527412941213,3,5,0.0016417113173096897
frozen_policy,110,four_state_semimarkov,target_success_070,0.0030833333333333247,0.0036552853665768876,3,5,0.0021103799903580663
frozen_policy,110,four_state_semimarkov,two_corner_robust_response_information_gain,0.005472222222222216,0.003316973743461772,3,5,0.0019150556836825749
frozen_policy,111,binary_bktf,balanced_mastery,0.007583333333333334,0.0058754432456907734,3,5,0.0033921887395079366
frozen_policy,111,binary_bktf,blocked_median_item,0.0,0.0,3,5,0.0
frozen_policy,111,binary_bktf,interleaved_median_item,0.003833333333333334,0.004010403138505318,3,5,0.0023154073315749656
frozen_policy,111,binary_bktf,least_mastery_target_item,0.0024166666666666664,0.00038188130791298616,3,5,0.00022047927592204895
frozen_policy,111,binary_bktf,maximum_response_information_gain,0.012500000000000002,0.0037332961307670223,3,5,0.002155419526062929
frozen_policy,111,binary_bktf,maximum_skill_uncertainty,0.005249999999999999,0.0032691742076555027,3,5,0.0018874586088176862
frozen_policy,111,binary_bktf,target_success_070,0.005166666666666667,0.005051814855409225,3,5,0.002916666666666667
frozen_policy,111,binary_bktf,two_corner_robust_response_information_gain,0.014583333333333335,0.0013768926368215254,3,5,0.0007949493345141214
frozen_policy,111,continuous_latent_trait,balanced_mastery,-0.005936522646213149,0.0007672276827236776,3,5,0.00044295910915024807
frozen_policy,111,continuous_latent_trait,blocked_median_item,0.0,0.0,3,5,0.0
frozen_policy,111,continuous_latent_trait,interleaved_median_item,0.0001877391711361063,3.926239971958092e-07,3,5,2.2668157047130734e-07
frozen_policy,111,continuous_latent_trait,least_mastery_target_item,-0.012615733949405544,0.0005755974028997229,3,5,0.0003323213155090045
frozen_policy,111,continuous_latent_trait,maximum_response_information_gain,0.0012888246453234928,5.831653786972551e-05,3,5,3.366906883729303e-05
frozen_policy,111,continuous_latent_trait,maximum_skill_uncertainty,-0.0012566601191157187,0.0006681410660011101,3,5,0.0003857514243123844
frozen_policy,111,continuous_latent_trait,target_success_070,0.0012910400380232165,0.0004067308811999462,3,5,0.00023482618374852265
frozen_policy,111,continuous_latent_trait,two_corner_robust_response_information_gain,0.001637959709725101,0.00027863282128213953,3,5,0.00016086873437230815
frozen_policy,111,four_state_semimarkov,balanced_mastery,-0.0025555555555555535,0.0018377472118914588,3,5,0.001061023847488018
frozen_policy,111,four_state_semimarkov,blocked_median_item,0.0,0.0,3,5,0.0
frozen_policy,111,four_state_semimarkov,interleaved_median_item,-0.0007777777777777758,0.001125257172251617,3,5,0.0006496675313070283
frozen_policy,111,four_state_semimarkov,least_mastery_target_item,-0.00672222222222222,0.003529964326752911,3,5,0.0020380258542805696
frozen_policy,111,four_state_semimarkov,maximum_response_information_gain,0.007194444444444441,0.002828836300462577,3,5,0.001633229399565454
frozen_policy,111,four_state_semimarkov,maximum_skill_uncertainty,0.0036388888888888877,0.0027917703131671635,3,5,0.0016118293418226678
frozen_policy,111,four_state_semimarkov,target_success_070,0.0029999999999999975,0.001102396379610242,3,5,0.0006364688465216421
frozen_policy,111,four_state_semimarkov,two_corner_robust_response_information_gain,0.005138888888888885,0.0031736035132415735,3,5,0.0018322808426711646
frozen_policy,112,binary_bktf,balanced_mastery,0.014166666666666662,0.0055752428945592385,3,5,0.003218867985971325
frozen_policy,112,binary_bktf,blocked_median_item,0.0,0.0,3,5,0.0
frozen_policy,112,binary_bktf,interleaved_median_item,-0.006333333333333333,0.005822012824902854,3,5,0.0033613406716831167
frozen_policy,112,binary_bktf,least_mastery_target_item,0.006249999999999998,0.0043803538669838025,3,5,0.0025289984842489168
frozen_policy,112,binary_bktf,maximum_response_information_gain,0.011333333333333332,0.01005402075457045,3,5,0.005804691589089334
frozen_policy,112,binary_bktf,maximum_skill_uncertainty,0.0038333333333333305,0.005735488935856587,3,5,0.003311386081050921
frozen_policy,112,binary_bktf,target_success_070,0.004666666666666665,0.00634593045449864,3,5,0.003663824656163434
frozen_policy,112,binary_bktf,two_corner_robust_response_information_gain,0.011999999999999995,0.007119515432949068,3,5,0.00411045415171284
frozen_policy,112,continuous_latent_trait,balanced_mastery,-0.0030374092125783473,0.0002085989551409111,3,5,0.0001204346629032797
frozen_policy,112,continuous_latent_trait,blocked_median_item,0.0,0.0,3,5,0.0
frozen_policy,112,continuous_latent_trait,interleaved_median_item,0.00019284982595818993,2.280060969339806e-06,3,5,1.3163938144170962e-06
frozen_policy,112,continuous_latent_trait,least_mastery_target_item,-0.007245238374846435,0.00037497839941152565,3,5,0.00021649387984053935
frozen_policy,112,continuous_latent_trait,maximum_response_information_gain,0.0033497141594456027,6.024007966948741e-05,3,5,3.477962621318306e-05
frozen_policy,112,continuous_latent_trait,maximum_skill_uncertainty,0.0001379115062777847,0.0006304111476862093,3,5,0.0003639680458167739
frozen_policy,112,continuous_latent_trait,target_success_070,0.00246609610591474,0.00044489230369211194,3,5,0.00025685869129703356
frozen_policy,112,continuous_latent_trait,two_corner_robust_response_information_gain,0.004115222904036888,0.0002899899124011474,3,5,0.00016742575398707846
frozen_policy,112,four_state_semimarkov,balanced_mastery,0.0006944444444444499,0.0004589642122738413,3,5,0.00026498311150470683
frozen_policy,112,four_state_semimarkov,blocked_median_item,0.0,0.0,3,5,0.0
frozen_policy,112,four_state_semimarkov,interleaved_median_item,-0.00113888888888888,0.0021958504637746364,3,5,0.001267774856360451
frozen_policy,112,four_state_semimarkov,least_mastery_target_item,-0.003138888888888884,0.0032084235196559495,3,5,0.001852384182747689
frozen_policy,112,four_state_semimarkov,maximum_response_information_gain,0.009166666666666665,0.0008036375634160859,3,5,0.0004639803635691722
frozen_policy,112,four_state_semimarkov,maximum_skill_uncertainty,0.002027777777777779,0.0025770532985764454,3,5,0.0014878624156491238
frozen_policy,112,four_state_semimarkov,target_success_070,0.0024166666666666672,0.0020275875100993945,3,5,0.0011706281947614086
frozen_policy,112,four_state_semimarkov,two_corner_robust_response_information_gain,0.006805555555555557,0.00219585046377463,3,5,0.0012677748563604471
frozen_policy,113,binary_bktf,balanced_mastery,0.006083333333333332,0.00490110531751087,3,5,0.002829654474391607
frozen_policy,113,binary_bktf,blocked_median_item,0.0,0.0,3,5,0.0
frozen_policy,113,binary_bktf,interleaved_median_item,0.0025833333333333337,0.00543330777090101,3,5,0.0031369217041197837
frozen_policy,113,binary_bktf,least_mastery_target_item,0.0018333333333333342,0.0021842237370135256,3,5,0.0012610621625351295
frozen_policy,113,binary_bktf,maximum_response_information_gain,0.012999999999999998,0.0022499999999999977,3,5,0.0012990381056766566
frozen_policy,113,binary_bktf,maximum_skill_uncertainty,0.012416666666666666,0.005713653238807315,3,5,0.003298779235481581
frozen_policy,113,binary_bktf,target_success_070,-0.0008333333333333347,0.005864796103304304,3,5,0.003386041608985008
frozen_policy,113,binary_bktf,two_corner_robust_response_information_gain,0.018416666666666665,0.008959399161402136,3,5,0.005172711517612831
frozen_policy,113,continuous_latent_trait,balanced_mastery,-0.007747935708577167,0.00013685598367867908,3,5,7.90138390170964e-05
frozen_policy,113,continuous_latent_trait,blocked_median_item,0.0,0.0,3,5,0.0
frozen_policy,113,continuous_latent_trait,interleaved_median_item,0.0001767340291742144,5.753413035999581e-06,3,5,3.32173456509346e-06
frozen_policy,113,continuous_latent_trait,least_mastery_target_item,-0.016215371026593497,0.0006667746777014593,3,5,0.00038496253965976347
frozen_policy,113,continuous_latent_trait,maximum_response_information_gain,-0.0007231797760310168,0.00032375378376646127,3,5,0.0001869193342087263
frozen_policy,113,continuous_latent_trait,maximum_skill_uncertainty,-0.0007011981176452841,0.000821036739994664,3,5,0.00047402578285049205
frozen_policy,113,continuous_latent_trait,target_success_070,0.0004269829051990993,0.0003129928303175314,3,5,0.00018070649483824963
frozen_policy,113,continuous_latent_trait,two_corner_robust_response_information_gain,0.0004689307961973912,0.0004060769507433842,3,5,0.0002344486368233953
frozen_policy,113,four_state_semimarkov,balanced_mastery,-0.002138888888888887,0.004466179492503546,3,5,0.0025785499322461083
frozen_policy,113,four_state_semimarkov,blocked_median_item,0.0,0.0,3,5,0.0
frozen_policy,113,four_state_semimarkov,interleaved_median_item,0.0017500000000000005,0.0012332207155790586,3,5,0.0007120003121097924
frozen_policy,113,four_state_semimarkov,least_mastery_target_item,-0.010972222222222218,0.0026930122195814154,3,5,0.0015548113299062819
frozen_policy,113,four_state_semimarkov,maximum_response_information_gain,0.005166666666666664,0.0051525344357035655,3,5,0.00297481714346227
frozen_policy,113,four_state_semimarkov,maximum_skill_uncertainty,0.004083333333333335,0.0032627953250753154,3,5,0.0018837757592428859
frozen_policy,113,four_state_semimarkov,target_success_070,0.00016666666666666753,0.003260666257752308,3,5,0.0018825465416508248
frozen_policy,113,four_state_semimarkov,two_corner_robust_response_information_gain,0.004916666666666665,0.005248677081999908,3,5,0.0030303251261820665
frozen_policy,114,binary_bktf,balanced_mastery,0.01091666666666667,0.004002603319507608,3,5,0.0023109041039770075
frozen_policy,114,binary_bktf,blocked_median_item,0.0,0.0,3,5,0.0
frozen_policy,114,binary_bktf,interleaved_median_item,-0.0020833333333333324,0.002504163200219452,3,5,0.0014457792977414553
frozen_policy,114,binary_bktf,least_mastery_target_item,0.005916666666666668,0.006443666140741102,3,5,0.0037202523809249525
frozen_policy,114,binary_bktf,maximum_response_information_gain,0.0145,0.004092676385936228,3,5,0.0023629078131263063
frozen_policy,114,binary_bktf,maximum_skill_uncertainty,0.007916666666666667,0.001607275126832158,3,5,0.0009279607271383364
frozen_policy,114,binary_bktf,target_success_070,-0.00016666666666666422,0.004155819213263894,3,5,0.0023993633414813283
frozen_policy,114,binary_bktf,two_corner_robust_response_information_gain,0.0155,0.002598076211353317,3,5,0.001500000000000001
frozen_policy,114,continuous_latent_trait,balanced_mastery,-0.003451144588882738,0.00034302849572450745,3,5,0.00019804759434625678
frozen_policy,114,continuous_latent_trait,blocked_median_item,0.0,0.0,3,5,0.0
frozen_policy,114,continuous_latent_trait,interleaved_median_item,0.00027096377259792453,6.412307911198845e-06,3,5,3.7021476986574205e-06
frozen_policy,114,continuous_latent_trait,least_mastery_target_item,-0.010808939142438335,0.00025255123209278884,3,5,0.0001458105218329433
frozen_policy,114,continuous_latent_trait,maximum_response_information_gain,0.002316633544850607,0.00017364045034555178,3,5,0.00010025136074921217
frozen_policy,114,continuous_latent_trait,maximum_skill_uncertainty,0.00023936985082334303,0.00041870847149006943,3,5,0.00024174144872676835
frozen_policy,114,continuous_latent_trait,target_success_070,0.0003919110685378949,0.0006613007116952974,3,5,0.0003818021439125711
frozen_policy,114,continuous_latent_trait,two_corner_robust_response_information_gain,0.0026573985666710786,0.00024842459603569017,3,5,0.00014342800739452975
frozen_policy,114,four_state_semimarkov,balanced_mastery,0.0035,0.0011023963796102452,3,5,0.000636468846521644
frozen_policy,114,four_state_semimarkov,blocked_median_item,0.0,0.0,3,5,0.0
frozen_policy,114,four_state_semimarkov,interleaved_median_item,0.0011944444444444392,0.0011706281947614066,3,5,0.0006758625033664638
frozen_policy,114,four_state_semimarkov,least_mastery_target_item,-0.0013055555555555591,0.002288760783901615,3,5,0.0013214166546962564
frozen_policy,114,four_state_semimarkov,maximum_response_information_gain,0.0063888888888888875,0.001137533068302405,3,5,0.0006567550231964945
frozen_policy,114,four_state_semimarkov,maximum_skill_uncertainty,0.0036666666666666636,0.00401126884885291,3,5,0.002315907149677188
frozen_policy,114,four_state_semimarkov,target_success_070,-0.001694444444444448,0.004583585851629625,3,5,0.0026463345252921242
frozen_policy,114,four_state_semimarkov,two_corner_robust_response_information_gain,0.00830555555555555,0.0017327189081945186,3,5,0.0010003857280760598
frozen_policy,115,binary_bktf,balanced_mastery,0.012500000000000002,0.0037332961307670223,3,5,0.002155419526062929
frozen_policy,115,binary_bktf,blocked_median_item,0.0,0.0,3,5,0.0
frozen_policy,115,binary_bktf,interleaved_median_item,0.006000000000000003,0.0031224989991991987,3,5,0.0018027756377319946
frozen_policy,115,binary_bktf,least_mastery_target_item,0.00775,0.002136000936329383,3,5,0.0012332207155790619
frozen_policy,115,binary_bktf,maximum_response_information_gain,0.017416666666666667,0.0031258332222518412,3,5,0.001804700652308976
frozen_policy,115,binary_bktf,maximum_skill_uncertainty,0.009666666666666667,0.0061457980224974285,3,5,0.00354827814267396
frozen_policy,115,binary_bktf,target_success_070,0.003833333333333333,0.0012583057392117907,3,5,0.0007264831572567784
frozen_policy,115,binary_bktf,two_corner_robust_response_information_gain,0.01775,0.004763139720814412,3,5,0.00275
frozen_policy,115,continuous_latent_trait,balanced_mastery,-0.004742451986592871,0.0001987013042533236,3,5,0.00011472025149898612
frozen_policy,115,continuous_latent_trait,blocked_median_item,0.0,0.0,3,5,0.0
frozen_policy,115,continuous_latent_trait,interleaved_median_item,0.00018824021974507953,1.0657106664740299e-06,3,5,6.152883401670367e-07
frozen_policy,115,continuous_latent_trait,least_mastery_target_item,-0.010480341020168546,0.0009033612652174192,3,5,0.0005215558696487579
frozen_policy,115,continuous_latent_trait,maximum_response_information_gain,0.0016103235906212304,0.0003228771136598103,3,5,0.0001864131884866609
frozen_policy,115,continuous_latent_trait,maximum_skill_uncertainty,-0.0003958611022597527,0.0006875398879408409,3,5,0.00039695133938124965
frozen_policy,115,continuous_latent_trait,target_success_070,-0.00048204717453611846,0.0006533684198028971,3,5,0.0003772224330532031
frozen_policy,115,continuous_latent_trait,two_corner_robust_response_information_gain,0.0018115686041508688,0.0002481979772835752,3,5,0.00014329716899699277
frozen_policy,115,four_state_semimarkov,balanced_mastery,0.001777777777777776,0.002010965310859806,3,5,0.0011610313635559086
frozen_policy,115,four_state_semimarkov,blocked_median_item,0.0,0.0,3,5,0.0
frozen_policy,115,four_state_semimarkov,interleaved_median_item,0.0032777777777777788,0.002964293682656469,3,5,0.0017114357556388196
frozen_policy,115,four_state_semimarkov,least_mastery_target_item,-0.0023055555555555524,0.0033378441700750027,3,5,0.0019271052301058258
frozen_policy,115,four_state_semimarkov,maximum_response_information_gain,0.008694444444444439,0.0011557024479285968,3,5,0.0006672451194146849
frozen_policy,115,four_state_semimarkov,maximum_skill_uncertainty,0.0034444444444444423,0.0033750857327931273,3,5,0.0019486066563661774
frozen_policy,115,four_state_semimarkov,target_success_070,0.002083333333333338,0.0015206906325745508,3,5,0.0008779711460710593
frozen_policy,115,four_state_semimarkov,two_corner_robust_response_information_gain,0.006777777777777774,0.0007742977702648022,3,5,0.0004470410260953106
frozen_policy,116,binary_bktf,balanced_mastery,0.016166666666666666,0.004536885862938735,3,5,0.0026193722742502866
frozen_policy,116,binary_bktf,blocked_median_item,0.0,0.0,3,5,0.0
frozen_policy,116,binary_bktf,interleaved_median_item,-0.0015833333333333342,0.002787621447279622,3,5,0.001609433992985664
frozen_policy,116,binary_bktf,least_mastery_target_item,0.006416666666666665,0.005131601439446886,3,5,0.002962731472438531
frozen_policy,116,binary_bktf,maximum_response_information_gain,0.015583333333333333,0.0036429154990657306,3,5,0.0021032382440206595
frozen_policy,116,binary_bktf,maximum_skill_uncertainty,0.008249999999999999,0.003250000000000002,3,5,0.001876388374866285
frozen_policy,116,binary_bktf,target_success_070,-0.00033333333333333305,0.0021262251370288473,3,5,0.001227576655221354
frozen_policy,116,binary_bktf,two_corner_robust_response_information_gain,0.011999999999999999,0.00217944947177034,3,5,0.0012583057392117937
frozen_policy,116,continuous_latent_trait,balanced_mastery,-0.002832629352435326,0.00040402189472942587,3,5,0.0002332621496805367
frozen_policy,116,continuous_latent_trait,blocked_median_item,0.0,0.0,3,5,0.0
frozen_policy,116,continuous_latent_trait,interleaved_median_item,0.0001657190464683117,2.079814605581179e-06,3,5,1.200781522396809e-06
frozen_policy,116,continuous_latent_trait,least_mastery_target_item,-0.007658208583674868,0.0004397396670317335,3,5,0.0002538838151341277
frozen_policy,116,continuous_latent_trait,maximum_response_information_gain,0.002720693710825242,0.0006280013149311971,3,5,0.00036257672822696563
frozen_policy,116,continuous_latent_trait,maximum_skill_uncertainty,0.00023517623289999096,0.0002766496393632742,3,5,0.00015972374375759925
frozen_policy,116,continuous_latent_trait,target_success_070,0.0025104555889394493,0.00047522469973064165,3,5,0.00027437110831504506
frozen_policy,116,continuous_latent_trait,two_corner_robust_response_information_gain,0.002967639241562683,0.00013605501574344385,3,5,7.855139996407607e-05
frozen_policy,116,four_state_semimarkov,balanced_mastery,0.0033333333333333283,0.0021714690367992304,3,5,0.0012536982329329732
frozen_policy,116,four_state_semimarkov,blocked_median_item,0.0,0.0,3,5,0.0
frozen_policy,116,four_state_semimarkov,interleaved_median_item,-0.0001944444444444486,0.0013802509165338735,3,5,0.0007968882382100596
frozen_policy,116,four_state_semimarkov,least_mastery_target_item,0.0005277777777777792,0.005334201318257843,3,5,0.0030797025670078223
frozen_policy,116,four_state_semimarkov,maximum_response_information_gain,0.009166666666666662,0.0034197140881138677,3,5,0.001974372849324097
frozen_policy,116,four_state_semimarkov,maximum_skill_uncertainty,0.0033333333333333322,0.003906013881752658,3,5,0.0022551381660883122
frozen_policy,116,four_state_semimarkov,target_success_070,0.0033333333333333305,0.0030493624105886654,3,5,0.0017605502086100921
frozen_policy,116,four_state_semimarkov,two_corner_robust_response_information_gain,0.008583333333333327,0.005986675018553939,3,5,0.0034564084335129246
frozen_policy,117,binary_bktf,balanced_mastery,0.011166666666666667,0.004155819213263892,3,5,0.0023993633414813266
frozen_policy,117,binary_bktf,blocked_median_item,0.0,0.0,3,5,0.0
frozen_policy,117,binary_bktf,interleaved_median_item,8.333333333333471e-05,0.0037109073463687196,3,5,0.0021424933553637403
frozen_policy,117,binary_bktf,least_mastery_target_item,0.005416666666666667,0.004259792639710686,3,5,0.0024593924272289513
frozen_policy,117,binary_bktf,maximum_response_information_gain,0.009666666666666665,0.0030550504633038954,3,5,0.001763834207376395
frozen_policy,117,binary_bktf,maximum_skill_uncertainty,0.007166666666666668,0.004584848234492972,3,5,0.002647063362378098
frozen_policy,117,binary_bktf,target_success_070,-0.0036666666666666653,0.0071428869046999,3,5,0.00412394767721954
frozen_policy,117,binary_bktf,two_corner_robust_response_information_gain,0.010833333333333334,0.005507570547286101,3,5,0.003179797338056485
frozen_policy,117,continuous_latent_trait,balanced_mastery,-0.004455500835429669,0.0005071709513506866,3,5,0.00029281528528747754
frozen_policy,117,continuous_latent_trait,blocked_median_item,0.0,0.0,3,5,0.0
frozen_policy,117,continuous_latent_trait,interleaved_median_item,0.00015158570879470867,7.510702609157043e-06,3,5,4.3363061732000435e-06
frozen_policy,117,continuous_latent_trait,least_mastery_target_item,-0.010708382535975294,0.0009483883279854974,3,5,0.000547552256458726
frozen_policy,117,continuous_latent_trait,maximum_response_information_gain,1.76875322207563e-05,0.00039103682554330823,3,5,0.00022576521649048575
frozen_policy,117,continuous_latent_trait,maximum_skill_uncertainty,-0.0011599189033707413,0.00045792968771842733,3,5,0.0002643858284741553
frozen_policy,117,continuous_latent_trait,target_success_070,-0.001976786248747983,0.00037917048774080626,3,5,0.0002189141831659162
frozen_policy,117,continuous_latent_trait,two_corner_robust_response_information_gain,9.478489129967626e-05,0.00030898190800309665,3,5,0.00017839078776031204
frozen_policy,117,four_state_semimarkov,balanced_mastery,0.0016944444444444453,0.00037577081273524265,3,5,0.00021695137988629682
frozen_policy,117,four_state_semimarkov,blocked_median_item,0.0,0.0,3,5,0.0
frozen_policy,117,four_state_semimarkov,interleaved_median_item,-0.0013888888888888885,0.0008347210667398201,3,5,0.00048192643258048676
frozen_policy,117,four_state_semimarkov,least_mastery_target_item,-0.0036388888888888847,0.003167032142652264,3,5,0.0018284868600924819
frozen_policy,117,four_state_semimarkov,maximum_response_information_gain,0.0036666666666666675,0.0020632364005233263,3,5,0.001191210091243977
frozen_policy,117,four_state_semimarkov,maximum_skill_uncertainty,-0.0012499999999999966,0.003900676579489482,3,5,0.0022520566731899215
frozen_policy,117,four_state_semimarkov,target_success_070,-0.0030555555555555544,0.0035836563161933638,3,5,0.0020690249388373412
frozen_policy,117,four_state_semimarkov,two_corner_robust_response_information_gain,0.0038333333333333297,0.004528459389731178,3,5,0.0026145072476755843
frozen_policy,118,binary_bktf,balanced_mastery,0.012333333333333333,0.0045437686267385275,3,5,0.0026233460397828653
frozen_policy,118,binary_bktf,blocked_median_item,0.0,0.0,3,5,0.0
frozen_policy,118,binary_bktf,interleaved_median_item,0.0009166666666666681,0.004652508284069285,3,5,0.0026861269102143657
frozen_policy,118,binary_bktf,least_mastery_target_item,0.005666666666666667,0.005363845013918033,3,5,0.0030968173626770086
frozen_policy,118,binary_bktf,maximum_response_information_gain,0.013416666666666665,0.012253400888460853,3,5,0.0070745043014412735
frozen_policy,118,binary_bktf,maximum_skill_uncertainty,0.008166666666666668,0.003214550253664318,3,5,0.0018559214542766737
frozen_policy,118,binary_bktf,target_success_070,-0.004833333333333335,0.005669729564391353,3,5,0.0032734198902337275
frozen_policy,118,binary_bktf,two_corner_robust_response_information_gain,0.01275,0.007386643351347078,3,5,0.004264680527307995
frozen_policy,118,continuous_latent_trait,balanced_mastery,-0.003232015407320972,0.0004037521100789811,3,5,0.00023310638943997917
frozen_policy,118,continuous_latent_trait,blocked_median_item,0.0,0.0,3,5,0.0
frozen_policy,118,continuous_latent_trait,interleaved_median_item,0.00015937031824701372,4.190726243459138e-06,3,5,2.4195169247611627e-06
frozen_policy,118,continuous_latent_trait,least_mastery_target_item,-0.010480636701750172,0.0006550693057674504,3,5,0.00037820444002269876
frozen_policy,118,continuous_latent_trait,maximum_response_information_gain,0.0018075930457904866,0.00035251625232826065,3,5,0.00020352535317543933
frozen_policy,118,continuous_latent_trait,maximum_skill_uncertainty,0.0003936176667005613,0.0005463293916917835,3,5,0.00031542342135945574
frozen_policy,118,continuous_latent_trait,target_success_070,-0.0018336691087070059,0.0004171117427360792,3,5,0.00024081957695082926
frozen_policy,118,continuous_latent_trait,two_corner_robust_response_information_gain,0.0024682331491666203,0.00020350236195490763,3,5,0.00011749214345539058
frozen_policy,118,four_state_semimarkov,balanced_mastery,0.0027500000000000024,0.001233220715579067,3,5,0.0007120003121097973
frozen_policy,118,four_state_semimarkov,blocked_median_item,0.0,0.0,3,5,0.0
frozen_policy,118,four_state_semimarkov,interleaved_median_item,0.001722222222222222,0.001109721353079898,3,5,0.0006406979219261549
frozen_policy,118,four_state_semimarkov,least_mastery_target_item,-0.004444444444444438,0.0026774953746890886,3,5,0.0015458526753307233
frozen_policy,118,four_state_semimarkov,maximum_response_information_gain,0.005833333333333332,0.003262795325075311,3,5,0.0018837757592428835
frozen_policy,118,four_state_semimarkov,maximum_skill_uncertainty,0.0024722222222222216,0.002409952358527103,3,5,0.0013913866429297965
frozen_policy,118,four_state_semimarkov,target_success_070,-0.002249999999999998,0.0024037008503093264,3,5,0.001387777332977422
frozen_policy,118,four_state_semimarkov,two_corner_robust_response_information_gain,0.005805555555555554,0.0007087417123429539,3,5,0.00040919221840712074
frozen_policy,119,binary_bktf,balanced_mastery,0.007666666666666665,0.004752192476461086,3,5,0.0027436796055257226
frozen_policy,119,binary_bktf,blocked_median_item,0.0,0.0,3,5,0.0
frozen_policy,119,binary_bktf,interleaved_median_item,0.00225,0.007119515432949072,3,5,0.004110454151712842
frozen_policy,119,binary_bktf,least_mastery_target_item,0.008583333333333332,0.0005773502691896292,3,5,0.00033333333333333533
frozen_policy,119,binary_bktf,maximum_response_information_gain,0.010666666666666666,0.0027651100038395098,3,5,0.0015964370050556682
frozen_policy,119,binary_bktf,maximum_skill_uncertainty,0.004583333333333333,0.0039869579046352315,3,5,0.0023018712194888572
frozen_policy,119,binary_bktf,target_success_070,-0.0024166666666666655,0.00250416320021945,3,5,0.0014457792977414544
frozen_policy,119,binary_bktf,two_corner_robust_response_information_gain,0.011999999999999999,0.003848701079585162,3,5,0.0022220486043288967
frozen_policy,119,continuous_latent_trait,balanced_mastery,-0.0035058061084852505,0.00048754141676152446,3,5,0.00028148216820835767
frozen_policy,119,continuous_latent_trait,blocked_median_item,0.0,0.0,3,5,0.0
frozen_policy,119,continuous_latent_trait,interleaved_median_item,0.00017502660197919525,6.2755524616312665e-06,3,5,3.6231919030364307e-06
frozen_policy,119,continuous_latent_trait,least_mastery_target_item,-0.007886853288517947,0.0004969169529838571,3,5,0.0002868951365701185
frozen_policy,119,continuous_latent_trait,maximum_response_information_gain,0.000732889403645195,0.0003831566974280807,3,5,0.00022121562240191037
frozen_policy,119,continuous_latent_trait,maximum_skill_uncertainty,-0.0009694845471780529,0.0002766656226467663,3,5,0.00015973297171062594
frozen_policy,119,continuous_latent_trait,target_success_070,0.001598214116011817,0.00016240527667339553,3,5,9.376473020520056e-05
frozen_policy,119,continuous_latent_trait,two_corner_robust_response_information_gain,0.001022513718051019,0.0005398596942876566,3,5,0.00031168813982160765
frozen_policy,119,four_state_semimarkov,balanced_mastery,0.0016388888888888926,0.0006309898162000294,3,5,0.0003643021402389995
frozen_policy,119,four_state_semimarkov,blocked_median_item,0.0,0.0,3,5,0.0
frozen_policy,119,four_state_semimarkov,interleaved_median_item,0.002972222222222227,0.001564212025033455,3,5,0.000903098233722715
frozen_policy,119,four_state_semimarkov,least_mastery_target_item,0.00022222222222222833,0.001979641755844099,3,5,0.001142946700635614
frozen_policy,119,four_state_semimarkov,maximum_response_information_gain,0.0069722222222222225,0.0015485955405295934,3,5,0.0008940820521906148
frozen_policy,119,four_state_semimarkov,maximum_skill_uncertainty,0.003333333333333338,0.0021262251370288416,3,5,0.0012275766552213507
frozen_policy,119,four_state_semimarkov,target_success_070,0.0013611111111111183,0.0022303670184606493,3,5,0.001287702998499919
frozen_policy,119,four_state_semimarkov,two_corner_robust_response_information_gain,0.004638888888888892,0.0029265704869035395,3,5,0.0016896562584161727
frozen_policy,120,binary_bktf,balanced_mastery,0.006916666666666666,0.006866282351704838,3,5,0.003964249964088765
frozen_policy,120,binary_bktf,blocked_median_item,0.0,0.0,3,5,0.0
frozen_policy,120,binary_bktf,interleaved_median_item,-0.0017499999999999992,0.003041381265149114,3,5,0.0017559422921421257
frozen_policy,120,binary_bktf,least_mastery_target_item,0.0039166666666666655,0.0036084391824351596,3,5,0.0020833333333333324
frozen_policy,120,binary_bktf,maximum_response_information_gain,0.017249999999999998,0.001561249499599602,3,5,0.0009013878188659988
frozen_policy,120,binary_bktf,maximum_skill_uncertainty,0.006999999999999999,0.0026100766272276407,3,5,0.001506928443335429
frozen_policy,120,binary_bktf,target_success_070,0.004416666666666666,0.005907269532815759,3,5,0.0034105636549468534
frozen_policy,120,binary_bktf,two_corner_robust_response_information_gain,0.01825,0.00108972473588517,3,5,0.0006291528696058969
frozen_policy,120,continuous_latent_trait,balanced_mastery,-0.003467269577781712,0.00040188537431530005,3,5,0.000232028629044312
frozen_policy,120,continuous_latent_trait,blocked_median_item,0.0,0.0,3,5,0.0
frozen_policy,120,continuous_latent_trait,interleaved_median_item,0.00014738839630055612,4.602112511421234e-06,3,5,2.6570308973099945e-06
frozen_policy,120,continuous_latent_trait,least_mastery_target_item,-0.009743423594320115,0.0008756109257781789,3,5,0.000505534203703409
frozen_policy,120,continuous_latent_trait,maximum_response_information_gain,0.003207122435074395,0.00024675998108719975,3,5,0.00014246694150592176
frozen_policy,120,continuous_latent_trait,maximum_skill_uncertainty,-0.0002800842372862455,0.0003190393635388998,3,5,0.0001841974624212707
frozen_policy,120,continuous_latent_trait,target_success_070,0.0024820440877579186,0.0004508936708985494,3,5,0.00026032358226917604
frozen_policy,120,continuous_latent_trait,two_corner_robust_response_information_gain,0.003455890442342934,0.0005370707234225813,3,5,0.0003100779267418944
frozen_policy,120,four_state_semimarkov,balanced_mastery,0.0006111111111111157,0.002230367018460643,3,5,0.0012877029984999155
frozen_policy,120,four_state_semimarkov,blocked_median_item,0.0,0.0,3,5,0.0
frozen_policy,120,four_state_semimarkov,interleaved_median_item,0.001388888888888888,0.0012056963563450318,3,5,0.0006961091158967552
frozen_policy,120,four_state_semimarkov,least_mastery_target_item,-0.004555555555555549,0.002708440168832998,3,5,0.0015637186605597269
frozen_policy,120,four_state_semimarkov,maximum_response_information_gain,0.007861111111111107,0.003097191081059189,3,5,0.0017881641043812307
frozen_policy,120,four_state_semimarkov,maximum_skill_uncertainty,0.00013888888888888818,0.0029360467248275095,3,5,0.0016951273669324818
frozen_policy,120,four_state_semimarkov,target_success_070,0.0027222222222222253,0.002315907149677193,3,5,0.0013370896162843062
frozen_policy,120,four_state_semimarkov,two_corner_robust_response_information_gain,0.00922222222222222,0.0019118296452855267,3,5,0.0011037953603503057
frozen_policy,121,binary_bktf,balanced_mastery,0.02125,0.0047696960070847255,3,5,0.0027537852736430495
frozen_policy,121,binary_bktf,blocked_median_item,0.0,0.0,3,5,0.0
frozen_policy,121,binary_bktf,interleaved_median_item,0.002750000000000002,0.0032691742076555036,3,5,0.0018874586088176866
frozen_policy,121,binary_bktf,least_mastery_target_item,0.011750000000000002,0.0006614378277661466,3,5,0.0003818813079129861
frozen_policy,121,binary_bktf,maximum_response_information_gain,0.014750000000000001,0.004337337893224364,3,5,0.002504163200219451
frozen_policy,121,binary_bktf,maximum_skill_uncertainty,0.008333333333333333,0.0027537852736430513,3,5,0.001589898669028243
frozen_policy,121,binary_bktf,target_success_070,0.0021666666666666657,0.001040832999733067,3,5,0.0006009252125773319
frozen_policy,121,binary_bktf,two_corner_robust_response_information_gain,0.010416666666666671,0.002155419526062926,3,5,0.0012444320435890058
frozen_policy,121,continuous_latent_trait,balanced_mastery,-0.0035861765061057423,9.807365977750873e-05,3,5,5.662285387295644e-05
frozen_policy,121,continuous_latent_trait,blocked_median_item,0.0,0.0,3,5,0.0
frozen_policy,121,continuous_latent_trait,interleaved_median_item,0.0001279706498491115,3.005831841751445e-06,3,5,1.7354178229739456e-06
frozen_policy,121,continuous_latent_trait,least_mastery_target_item,-0.008271970903478316,0.0002095095146572899,3,5,0.00012096037468517418
frozen_policy,121,continuous_latent_trait,maximum_response_information_gain,0.0013161828325574602,0.00036166358809023143,3,5,0.00020880656993998105
frozen_policy,121,continuous_latent_trait,maximum_skill_uncertainty,-0.0002770840182942689,0.0002518915790974147,3,5,0.0001454296709984923
frozen_policy,121,continuous_latent_trait,target_success_070,-0.00013367631073984003,0.00011702302457720746,3,5,6.756327474103493e-05
frozen_policy,121,continuous_latent_trait,two_corner_robust_response_information_gain,0.001500024888759166,0.0006746170838716924,3,5,0.000389490354973242
frozen_policy,121,four_state_semimarkov,balanced_mastery,0.002361111111111106,0.004715027198381946,3,5,0.002722222222222224
frozen_policy,121,four_state_semimarkov,blocked_median_item,0.0,0.0,3,5,0.0
frozen_policy,121,four_state_semimarkov,interleaved_median_item,0.0018333333333333274,0.0033757715167548534,3,5,0.001949002593921086
frozen_policy,121,four_state_semimarkov,least_mastery_target_item,-0.0005000000000000035,0.0032532035493238586,3,5,0.0018782379449307758
frozen_policy,121,four_state_semimarkov,maximum_response_information_gain,0.007305555555555547,0.002358985971729131,3,5,0.0013619611857923646
frozen_policy,121,four_state_semimarkov,maximum_skill_uncertainty,0.00441666666666666,0.002466441431158121,3,5,0.0014240006242195872
frozen_policy,121,four_state_semimarkov,target_success_070,-0.0010833333333333346,0.0035266839949164713,3,5,0.0020361319538117696
frozen_policy,121,four_state_semimarkov,two_corner_robust_response_information_gain,0.0073611111111111065,0.0010875984416917651,3,5,0.0006279252530809582
frozen_policy,122,binary_bktf,balanced_mastery,0.008583333333333332,0.0023228933107943923,3,5,0.0013411230782859236
frozen_policy,122,binary_bktf,blocked_median_item,0.0,0.0,3,5,0.0
frozen_policy,122,binary_bktf,interleaved_median_item,-0.001750000000000001,0.00420565096031518,3,5,0.002428133714055577
frozen_policy,122,binary_bktf,least_mastery_target_item,0.0022499999999999985,0.006932712311931024,3,5,0.00400260331950761
frozen_policy,122,binary_bktf,maximum_response_information_gain,0.014999999999999998,0.004130677910464574,3,5,0.0023848480035423628
frozen_policy,122,binary_bktf,maximum_skill_uncertainty,0.006416666666666665,0.004303583777891787,3,5,0.00248467525264593
frozen_policy,122,binary_bktf,target_success_070,0.0019999999999999966,0.002598076211353313,3,5,0.0014999999999999983
frozen_policy,122,binary_bktf,two_corner_robust_response_information_gain,0.013999999999999999,0.0004330127018922176,3,5,0.00024999999999999903
frozen_policy,122,continuous_latent_trait,balanced_mastery,-0.006142284053236064,0.0002824667351766712,3,5,0.00016308224559136587
frozen_policy,122,continuous_latent_trait,blocked_median_item,0.0,0.0,3,5,0.0
frozen_policy,122,continuous_latent_trait,interleaved_median_item,0.00014616253073653485,2.898136878250382e-06,3,5,1.6732401068062398e-06
frozen_policy,122,continuous_latent_trait,least_mastery_target_item,-0.014065843489323012,0.0002529222309791121,3,5,0.00014602471813983107
frozen_policy,122,continuous_latent_trait,maximum_response_information_gain,0.00195531719756774,0.0005590196128361677,3,5,0.0003227501239532418
frozen_policy,122,continuous_latent_trait,maximum_skill_uncertainty,-0.0005323349120247869,9.781417577391401e-05,3,5,5.6473040713630634e-05
frozen_policy,122,continuous_latent_trait,target_success_070,0.0006069755424168319,0.0002922907017453847,3,5,0.0001687541153343225
frozen_policy,122,continuous_latent_trait,two_corner_robust_response_information_gain,0.0021873209778241784,0.0005139870870959636,3,5,0.00029675058309484625
frozen_policy,122,four_state_semimarkov,balanced_mastery,-0.0038055555555555516,0.003377142666899432,3,5,0.0019497942278261578
frozen_policy,122,four_state_semimarkov,blocked_median_item,0.0,0.0,3,5,0.0
frozen_policy,122,four_state_semimarkov,interleaved_median_item,-0.003861111111111109,0.006436836984915055,3,5,0.0037163095659704464
frozen_policy,122,four_state_semimarkov,least_mastery_target_item,-0.010305555555555549,0.0032917545698530073,3,5,0.0019004953870108145
frozen_policy,122,four_state_semimarkov,maximum_response_information_gain,0.003638888888888889,0.0011190687265824233,3,5,0.0006460946305340538
frozen_policy,122,four_state_semimarkov,maximum_skill_uncertainty,-0.001027777777777781,0.0038336352538105743,3,5,0.0022133503457623747
frozen_policy,122,four_state_semimarkov,target_success_070,-0.000777777777777777,0.004520273262798429,3,5,0.002609780985087341
frozen_policy,122,four_state_semimarkov,two_corner_robust_response_information_gain,0.003111111111111112,0.0016123079845479413,3,5,0.000930866448895337
frozen_policy,123,binary_bktf,balanced_mastery,0.015666666666666666,0.00269644828122724,3,5,0.0015567951410224508
frozen_policy,123,binary_bktf,blocked_median_item,0.0,0.0,3,5,0.0
frozen_policy,123,binary_bktf,interleaved_median_item,0.005583333333333335,0.006601767440112786,3,5,0.003811532208676424
frozen_policy,123,binary_bktf,least_mastery_target_item,0.008749999999999999,0.003031088913245536,3,5,0.0017500000000000005
frozen_policy,123,binary_bktf,maximum_response_information_gain,0.010833333333333334,0.002982588361362216,3,5,0.0017219981933143205
frozen_policy,123,binary_bktf,maximum_skill_uncertainty,0.009333333333333332,0.003986957904635229,3,5,0.002301871219488856
frozen_policy,123,binary_bktf,target_success_070,0.005,0.0080350793399941,3,5,0.004639055219905594
frozen_policy,123,binary_bktf,two_corner_robust_response_information_gain,0.017916666666666664,0.008144527815247077,3,5,0.004702245326555295
frozen_policy,123,continuous_latent_trait,balanced_mastery,-0.003690856863364355,9.173533905843367e-05,3,5,5.296342269958828e-05
frozen_policy,123,continuous_latent_trait,blocked_median_item,0.0,0.0,3,5,0.0
frozen_policy,123,continuous_latent_trait,interleaved_median_item,0.0001302686626394974,4.421314492186272e-06,3,5,2.552647112235738e-06
frozen_policy,123,continuous_latent_trait,least_mastery_target_item,-0.011105787225737124,0.0005187575205940443,3,5,0.00029950479415911436
frozen_policy,123,continuous_latent_trait,maximum_response_information_gain,0.002191169884400242,0.00030539590495971,3,5,0.00017632040793789795
frozen_policy,123,continuous_latent_trait,maximum_skill_uncertainty,-0.000229993467625423,0.0006652813327541965,3,5,0.00038410035655246833
frozen_policy,123,continuous_latent_trait,target_success_070,-0.000268825055050071,0.00031994191784314986,3,5,0.00018471855239178772
frozen_policy,123,continuous_latent_trait,two_corner_robust_response_information_gain,0.002402753168858882,0.0003905319538345437,3,5,0.0002254737286735243
frozen_policy,123,four_state_semimarkov,balanced_mastery,0.0015277777777777705,0.0020838888148345604,3,5,0.0012031337682059837
frozen_policy,123,four_state_semimarkov,blocked_median_item,0.0,0.0,3,5,0.0
frozen_policy,123,four_state_semimarkov,interleaved_median_item,-0.000500000000000003,0.003410563654946853,3,5,0.0019690898442719196
frozen_policy,123,four_state_semimarkov,least_mastery_target_item,-0.0015277777777777783,0.0014821468413282336,3,5,0.0008557178778194093
frozen_policy,123,four_state_semimarkov,maximum_response_information_gain,0.008916666666666661,0.0035482781426739566,3,5,0.002048599340832474
frozen_policy,123,four_state_semimarkov,maximum_skill_uncertainty,0.0026666666666666588,0.001952562418976664,3,5,0.001127312438205724
frozen_policy,123,four_state_semimarkov,target_success_070,0.0004166666666666627,0.001666666666666668,3,5,0.0009622504486493772
frozen_policy,123,four_state_semimarkov,two_corner_robust_response_information_gain,0.008583333333333323,0.002142493355363741,3,5,0.0012369691154562406
frozen_policy,124,binary_bktf,balanced_mastery,0.01016666666666667,0.004612031367340573,3,5,0.0026627575514450775
frozen_policy,124,binary_bktf,blocked_median_item,0.0,0.0,3,5,0.0
frozen_policy,124,binary_bktf,interleaved_median_item,0.0005000000000000027,0.001391941090707505,3,5,0.0008036375634160794
frozen_policy,124,binary_bktf,least_mastery_target_item,0.007083333333333335,0.0017736497211493984,3,5,0.00102401714395371
frozen_policy,124,binary_bktf,maximum_response_information_gain,0.014333333333333337,0.003224257020358853,3,5,0.0018615256586407246
frozen_policy,124,binary_bktf,maximum_skill_uncertainty,0.011166666666666667,0.0021554195260629267,3,5,0.0012444320435890065
frozen_policy,124,binary_bktf,target_success_070,0.002333333333333334,0.0045368858629387335,3,5,0.0026193722742502857
frozen_policy,124,binary_bktf,two_corner_robust_response_information_gain,0.01475,0.00402336923485777,3,5,0.0023228933107943923
frozen_policy,124,continuous_latent_trait,balanced_mastery,-0.003302637190962083,0.0003936204603509902,3,5,0.00022725687874218861
frozen_policy,124,continuous_latent_trait,blocked_median_item,0.0,0.0,3,5,0.0
frozen_policy,124,continuous_latent_trait,interleaved_median_item,0.00020744050576667933,7.267659149529574e-06,3,5,4.195984966359346e-06
frozen_policy,124,continuous_latent_trait,least_mastery_target_item,-0.009181345312322736,0.001135727600990865,3,5,0.0006557126361581638
frozen_policy,124,continuous_latent_trait,maximum_response_information_gain,0.002047573315528185,0.00037706015938632795,3,5,0.00021769578452237966
frozen_policy,124,continuous_latent_trait,maximum_skill_uncertainty,0.0002453365349098104,0.0007115346619389951,3,5,0.00041080472860822824
frozen_policy,124,continuous_latent_trait,target_success_070,0.0009162624351477688,0.000654099556520925,3,5,0.0003776445550341709
frozen_policy,124,continuous_latent_trait,two_corner_robust_response_information_gain,0.002477075510006749,0.00011172731627921813,3,5,6.450579612964105e-05
frozen_policy,124,four_state_semimarkov,balanced_mastery,0.00202777777777778,0.0015840641588203634,3,5,0.000914559868508575
frozen_policy,124,four_state_semimarkov,blocked_median_item,0.0,0.0,3,5,0.0
frozen_policy,124,four_state_semimarkov,interleaved_median_item,0.00247222222222222,0.004409847985958158,3,5,0.0025460269217782716
frozen_policy,124,four_state_semimarkov,least_mastery_target_item,-0.00022222222222222362,0.0024157086223607614,3,5,0.0013947100234036856
frozen_policy,124,four_state_semimarkov,maximum_response_information_gain,0.008694444444444439,0.0033420026154210984,3,5,0.0019295061096458047
frozen_policy,124,four_state_semimarkov,maximum_skill_uncertainty,0.005694444444444442,0.0020838888148345565,3,5,0.0012031337682059814
frozen_policy,124,four_state_semimarkov,target_success_070,0.004638888888888887,0.0029934341730106805,3,5,0.0017282600255891414
frozen_policy,124,four_state_semimarkov,two_corner_robust_response_information_gain,0.008388888888888883,0.0012729376930432877,3,5,0.0007349309197401634
frozen_policy,125,binary_bktf,balanced_mastery,0.015916666666666666,0.0036429154990657324,3,5,0.0021032382440206608
frozen_policy,125,binary_bktf,blocked_median_item,0.0,0.0,3,5,0.0
frozen_policy,125,binary_bktf,interleaved_median_item,0.00016666666666666623,0.005713653238807314,3,5,0.00329877923548158
frozen_policy,125,binary_bktf,least_mastery_target_item,0.0061666666666666675,0.006756170019569767,3,5,0.0039006765794894847
frozen_policy,125,binary_bktf,maximum_response_information_gain,0.01966666666666667,0.005501893613414689,3,5,0.0031765197587576535
frozen_policy,125,binary_bktf,maximum_skill_uncertainty,0.00925,0.0063835726674018505,3,5,0.003685557397915996
frozen_policy,125,binary_bktf,target_success_070,0.00025000000000000266,0.0017499999999999998,3,5,0.001010362971081845
frozen_policy,125,binary_bktf,two_corner_robust_response_information_gain,0.016833333333333332,0.002126225137028846,3,5,0.0012275766552213533
frozen_policy,125,continuous_latent_trait,balanced_mastery,-0.004099982269043299,0.0002806554987081642,3,5,0.00016203652772870728
frozen_policy,125,continuous_latent_trait,blocked_median_item,0.0,0.0,3,5,0.0
frozen_policy,125,continuous_latent_trait,interleaved_median_item,0.00021028330268002188,5.849781093330905e-06,3,5,3.3773726889349813e-06
frozen_policy,125,continuous_latent_trait,least_mastery_target_item,-0.010053117797968539,0.00013971492986611595,3,5,8.066445236801173e-05
frozen_policy,125,continuous_latent_trait,maximum_response_information_gain,0.002505659673613795,0.00011830850535114017,3,5,6.830544741190306e-05
frozen_policy,125,continuous_latent_trait,maximum_skill_uncertainty,-3.68213641343923e-05,0.0001773907947595288,3,5,0.00010241662310617561
frozen_policy,125,continuous_latent_trait,target_success_070,0.0007691468770510953,0.0006187418993580207,3,5,0.0003572308021532536
frozen_policy,125,continuous_latent_trait,two_corner_robust_response_information_gain,0.0021511861157698484,0.0001763388521273877,3,5,0.0001018092837443369
frozen_policy,125,four_state_semimarkov,balanced_mastery,2.7777777777776688e-05,0.0006028481781725202,3,5,0.00034805455794838003
frozen_policy,125,four_state_semimarkov,blocked_median_item,0.0,0.0,3,5,0.0
frozen_policy,125,four_state_semimarkov,interleaved_median_item,-0.001666666666666668,0.004123947677219543,3,5,0.002380962301566635
frozen_policy,125,four_state_semimarkov,least_mastery_target_item,-0.006000000000000001,0.00182764268328844,3,5,0.0010551899951790308
frozen_policy,125,four_state_semimarkov,maximum_response_information_gain,0.004305555555555555,0.0014727462379790644,3,5,0.0008502904369452215
frozen_policy,125,four_state_semimarkov,maximum_skill_uncertainty,0.0012222222222222276,0.0037308151229297707,3,5,0.00215398711552023
frozen_policy,125,four_state_semimarkov,target_success_070,-0.001444444444444441,0.0025472388827759997,3,5,0.0014706490546610052
frozen_policy,125,four_state_semimarkov,two_corner_robust_response_information_gain,0.001999999999999996,0.002136000936329379,3,5,0.0012332207155790597
frozen_policy,126,binary_bktf,balanced_mastery,0.008,0.004175823272122513,3,5,0.002410912690248237
frozen_policy,126,binary_bktf,blocked_median_item,0.0,0.0,3,5,0.0
frozen_policy,126,binary_bktf,interleaved_median_item,-0.004666666666666665,0.0020966242709015218,3,5,0.0012104865871944966
frozen_policy,126,binary_bktf,least_mastery_target_item,0.0051666666666666675,0.00038188130791298974,3,5,0.000220479275922051
frozen_policy,126,binary_bktf,maximum_response_information_gain,0.014750000000000001,0.005728219618694801,3,5,0.003307189138830739
frozen_policy,126,binary_bktf,maximum_skill_uncertainty,0.003666666666666671,0.002929732638541159,3,5,0.0016914819275153708
frozen_policy,126,binary_bktf,target_success_070,-0.0030833333333333303,0.006006940430313364,3,5,0.003468108674447467
frozen_policy,126,binary_bktf,two_corner_robust_response_information_gain,0.010083333333333333,0.007375353098891833,3,5,0.004258162097013741
frozen_policy,126,continuous_latent_trait,balanced_mastery,-0.002599065027984431,9.942423487838734e-05,3,5,5.740260877100952e-05
frozen_policy,126,continuous_latent_trait,blocked_median_item,0.0,0.0,3,5,0.0
frozen_policy,126,continuous_latent_trait,interleaved_median_item,0.00021294248972433374,2.3175495400293433e-06,3,5,1.3380378507962347e-06
frozen_policy,126,continuous_latent_trait,least_mastery_target_item,-0.006730626621923675,0.0004967323225269156,3,5,0.00028678854012610276
frozen_policy,126,continuous_latent_trait,maximum_response_information_gain,0.003515057407514134,0.0007620372988261468,3,5,0.0004399624396098112
frozen_policy,126,continuous_latent_trait,maximum_skill_uncertainty,0.00044515455708920085,0.0006229664094038029,3,5,0.00035966982416538027
frozen_policy,126,continuous_latent_trait,target_success_070,0.002081146523089775,0.00039922247681668945,3,5,0.0002304912044566648
frozen_policy,126,continuous_latent_trait,two_corner_robust_response_information_gain,0.003553705920626826,0.00017692585577649565,3,5,0.00010214819045916467
frozen_policy,126,four_state_semimarkov,balanced_mastery,0.002555555555555558,0.00412507014530707,3,5,0.0023816103588191256
frozen_policy,126,four_state_semimarkov,blocked_median_item,0.0,0.0,3,5,0.0
frozen_policy,126,four_state_semimarkov,interleaved_median_item,-0.0012499999999999987,0.004725815626252602,3,5,0.00272845092395748
frozen_policy,126,four_state_semimarkov,least_mastery_target_item,-0.00022222222222221958,0.002669703132337894,3,5,0.0015413538221116703
frozen_policy,126,four_state_semimarkov,maximum_response_information_gain,0.009333333333333334,0.0019418633662885046,3,5,0.001121135337256141
frozen_policy,126,four_state_semimarkov,maximum_skill_uncertainty,0.0038611111111111133,0.00126197963240006,3,5,0.0007286042804779997
frozen_policy,126,four_state_semimarkov,target_success_070,0.0026666666666666735,0.0018027756377319952,3,5,0.0010408329997330667
frozen_policy,126,four_state_semimarkov,two_corner_robust_response_information_gain,0.009111111111111113,0.0024185816167822476,3,5,0.001396368747506311
frozen_policy,127,binary_bktf,balanced_mastery,0.02233333333333333,0.012615301555386349,3,5,0.007283447748910613
frozen_policy,127,binary_bktf,blocked_median_item,0.0,0.0,3,5,0.0
frozen_policy,127,binary_bktf,interleaved_median_item,0.006750000000000002,0.00679613860953409,3,5,0.003923752455664516
frozen_policy,127,binary_bktf,least_mastery_target_item,0.0195,0.004380353866983809,3,5,0.0025289984842489207
frozen_policy,127,binary_bktf,maximum_response_information_gain,0.01625,0.009607939425287815,3,5,0.005547146413547538
frozen_policy,127,binary_bktf,maximum_skill_uncertainty,0.009333333333333334,0.004913840995935185,3,5,0.002837007421758198
frozen_policy,127,binary_bktf,target_success_070,0.002416666666666668,0.007608931155775649,3,5,0.004393018451032401
frozen_policy,127,binary_bktf,two_corner_robust_response_information_gain,0.015583333333333333,0.004784959073318527,3,5,0.002762597409041794
frozen_policy,127,continuous_latent_trait,balanced_mastery,-0.0018090396524975082,0.00027939390176203675,3,5,0.00016130814439225177
frozen_policy,127,continuous_latent_trait,blocked_median_item,0.0,0.0,3,5,0.0
frozen_policy,127,continuous_latent_trait,interleaved_median_item,0.0002101226232953283,2.977386950394446e-06,3,5,1.7189951572919124e-06
frozen_policy,127,continuous_latent_trait,least_mastery_target_item,-0.006024777084536428,0.0010548541207634652,3,5,0.0006090203105785727
frozen_policy,127,continuous_latent_trait,maximum_response_information_gain,0.0013230983802065912,0.0001673479187726182,3,5,9.661836595169474e-05
frozen_policy,127,continuous_latent_trait,maximum_skill_uncertainty,-0.0010742160961606357,0.00030696911736560593,3,5,0.0001772287025439344
frozen_policy,127,continuous_latent_trait,target_success_070,-0.0014001391873531153,0.0004741268421973602,3,5,0.00027373725997267313
frozen_policy,127,continuous_latent_trait,two_corner_robust_response_information_gain,0.0018623459764626428,6.50955560544187e-05,3,5,3.758293681106701e-05
frozen_policy,127,four_state_semimarkov,balanced_mastery,0.00047222222222222007,0.0015282827448309941,3,5,0.0008823544541260346
frozen_policy,127,four_state_semimarkov,blocked_median_item,0.0,0.0,3,5,0.0
frozen_policy,127,four_state_semimarkov,interleaved_median_item,-0.0013611111111111061,0.0024185816167822463,3,5,0.0013963687475063104
frozen_policy,127,four_state_semimarkov,least_mastery_target_item,0.0012222222222222233,0.0004738533919231171,3,5,0.0002735793833832289
frozen_policy,127,four_state_semimarkov,maximum_response_information_gain,0.003333333333333332,0.0033239451125298544,3,5,0.0019190806054906525
frozen_policy,127,four_state_semimarkov,maximum_skill_uncertainty,0.0025833333333333346,0.0016223268611609814,3,5,0.0009366508500048533
frozen_policy,127,four_state_semimarkov,target_success_070,-0.0035833333333333303,0.002837007421758199,3,5,0.0016379469986450624
frozen_policy,127,four_state_semimarkov,two_corner_robust_response_information_gain,0.0032777777777777736,0.002057056509063734,3,5,0.0011876421292462188
frozen_policy,128,binary_bktf,balanced_mastery,0.0105,0.006538348415311011,3,5,0.0037749172176353755
frozen_policy,128,binary_bktf,blocked_median_item,0.0,0.0,3,5,0.0
frozen_policy,128,binary_bktf,interleaved_median_item,-0.004083333333333334,0.003971250852481288,3,5,0.0022928027486996023
frozen_policy,128,binary_bktf,least_mastery_target_item,0.0032499999999999994,0.007211102550927976,3,5,0.004163331998932264
frozen_policy,128,binary_bktf,maximum_response_information_gain,0.01558333333333333,0.00807903665874424,3,5,0.0046644339897188416
frozen_policy,128,binary_bktf,maximum_skill_uncertainty,0.005916666666666666,0.005530220007679015,3,5,0.0031928740101113337
frozen_policy,128,binary_bktf,target_success_070,-0.0031666666666666666,0.0062865597375141025,3,5,0.0036295469567304305
frozen_policy,128,binary_bktf,two_corner_robust_response_information_gain,0.01408333333333333,0.004543768626738525,3,5,0.0026233460397828636
frozen_policy,128,continuous_latent_trait,balanced_mastery,-0.0035767581706708175,0.0006324916377792889,3,5,0.0003651692173320597
frozen_policy,128,continuous_latent_trait,blocked_median_item,0.0,0.0,3,5,0.0
frozen_policy,128,continuous_latent_trait,interleaved_median_item,0.00013896873568464984,1.3211514037209866e-06,3,5,7.627671185785636e-07
frozen_policy,128,continuous_latent_trait,least_mastery_target_item,-0.008806327662791893,0.0010137584314874905,3,5,0.0005852937033125555
frozen_policy,128,continuous_latent_trait,maximum_response_information_gain,0.002398214889974015,0.0002154636700906908,3,5,0.00012439800792744506
frozen_policy,128,continuous_latent_trait,maximum_skill_uncertainty,-3.93643879218811e-05,0.0005338902544402653,3,5,0.00030824168211880497
frozen_policy,128,continuous_latent_trait,target_success_070,-0.0006427123316137284,0.000283051245168413,3,5,0.00016341971259244202
frozen_policy,128,continuous_latent_trait,two_corner_robust_response_information_gain,0.002507986857725243,0.0002982426123622943,3,5,0.00017219045253118783
frozen_policy,128,four_state_semimarkov,balanced_mastery,0.004055555555555555,0.004692142762502404,3,5,0.002709009887006917
frozen_policy,128,four_state_semimarkov,blocked_median_item,0.0,0.0,3,5,0.0
frozen_policy,128,four_state_semimarkov,interleaved_median_item,0.0018611111111111144,0.0013497256236951467,3,5,0.0007792644521725285
frozen_policy,128,four_state_semimarkov,least_mastery_target_item,-2.7777777777779056e-05,0.002048599340832476,3,5,0.0011827593808913198
frozen_policy,128,four_state_semimarkov,maximum_response_information_gain,0.009833333333333335,0.0024166666666666625,3,5,0.0013952631505415932
frozen_policy,128,four_state_semimarkov,maximum_skill_uncertainty,0.005833333333333334,0.004267936009100624,3,5,0.0024640940037383425
frozen_policy,128,four_state_semimarkov,target_success_070,0.0021944444444444446,0.003255693019471743,3,5,0.0018796752411907964
frozen_policy,128,four_state_semimarkov,two_corner_robust_response_information_gain,0.008944444444444442,0.0007280745790045111,3,5,0.00042035405417837794
frozen_policy,129,binary_bktf,balanced_mastery,0.012166666666666666,0.005299371031861554,3,5,0.0030595932917809733
frozen_policy,129,binary_bktf,blocked_median_item,0.0,0.0,3,5,0.0
frozen_policy,129,binary_bktf,interleaved_median_item,0.002083333333333334,0.002240721609958129,3,5,0.0012936812246883375
frozen_policy,129,binary_bktf,least_mastery_target_item,0.0006666666666666661,0.008082903768654764,3,5,0.004666666666666669
frozen_policy,129,binary_bktf,maximum_response_information_gain,0.015166666666666667,0.00624666577730339,3,5,0.0036065141680637356
frozen_policy,129,binary_bktf,maximum_skill_uncertainty,0.00775,0.0027838821814150133,3,5,0.0016072751268321607
frozen_policy,129,binary_bktf,target_success_070,-0.0018333333333333344,0.009251126057585282,3,5,0.005341140119654024
frozen_policy,129,binary_bktf,two_corner_robust_response_information_gain,0.013749999999999998,0.005105144464165538,3,5,0.0029474565306379014
frozen_policy,129,continuous_latent_trait,balanced_mastery,-0.003174234665870634,0.00019592964919720252,3,5,0.00011312003570623383
frozen_policy,129,continuous_latent_trait,blocked_median_item,0.0,0.0,3,5,0.0
frozen_policy,129,continuous_latent_trait,interleaved_median_item,0.0001540548115154327,9.103597415130534e-07,3,5,5.255964418219596e-07
frozen_policy,129,continuous_latent_trait,least_mastery_target_item,-0.009394687962941732,0.001125824167980217,3,5,0.0006499948864435648
frozen_policy,129,continuous_latent_trait,maximum_response_information_gain,0.0022423176756434897,0.00034980820498240297,3,5,0.00020196186131133016
frozen_policy,129,continuous_latent_trait,maximum_skill_uncertainty,0.00043346709625325395,0.0003304466051560717,3,5,0.000190783436439656
frozen_policy,129,continuous_latent_trait,target_success_070,0.0008120842872635097,0.0006625558654701888,3,5,0.00038252680728237897
frozen_policy,129,continuous_latent_trait,two_corner_robust_response_information_gain,0.0024753522219800404,0.00042101940289078986,3,5,0.00024307566559305304
frozen_policy,129,four_state_semimarkov,balanced_mastery,0.0022777777777777813,0.0027097218662793755,3,5,0.0015644586489254127
frozen_policy,129,four_state_semimarkov,blocked_median_item,0.0,0.0,3,5,0.0
frozen_policy,129,four_state_semimarkov,interleaved_median_item,0.0014166666666666713,0.0022653795365113606,3,5,0.0013079174852215038
frozen_policy,129,four_state_semimarkov,least_mastery_target_item,-0.0014166666666666587,0.0014601179556612584,3,5,0.0008429994947496336
frozen_policy,129,four_state_semimarkov,maximum_response_information_gain,0.007944444444444447,0.0008221471437193701,3,5,0.0004746668747398603
frozen_policy,129,four_state_semimarkov,maximum_skill_uncertainty,0.005861111111111115,0.003168128317640713,3,5,0.001829119737017142
frozen_policy,129,four_state_semimarkov,target_success_070,0.0016666666666666715,0.0008660254037844313,3,5,0.0004999999999999958
frozen_policy,129,four_state_semimarkov,two_corner_robust_response_information_gain,0.005750000000000001,0.00339832475068394,3,5,0.0019620237096011407
frozen_policy,130,binary_bktf,balanced_mastery,0.011250000000000003,0.0024622144504490256,3,5,0.0014215601757693315
frozen_policy,130,binary_bktf,blocked_median_item,0.0,0.0,3,5,0.0
frozen_policy,130,binary_bktf,interleaved_median_item,-0.00016666666666666493,0.004932882862316248,3,5,0.002848001248439178
frozen_policy,130,binary_bktf,least_mastery_target_item,0.004666666666666668,0.000877971146071062,3,5,0.0005068968775248519
frozen_policy,130,binary_bktf,maximum_response_information_gain,0.016416666666666666,0.005636562191028619,3,5,0.00325427069829444
frozen_policy,130,binary_bktf,maximum_skill_uncertainty,0.008083333333333335,0.0032242570203588504,3,5,0.001861525658640723
frozen_policy,130,binary_bktf,target_success_070,-0.001499999999999998,0.0017320508075688798,3,5,0.0010000000000000015
frozen_policy,130,binary_bktf,two_corner_robust_response_information_gain,0.017166666666666667,0.001376892636821524,3,5,0.0007949493345141205
frozen_policy,130,continuous_latent_trait,balanced_mastery,-0.004076636427163612,6.25004763371078e-05,3,5,3.608466683770902e-05
frozen_policy,130,continuous_latent_trait,blocked_median_item,0.0,0.0,3,5,0.0
frozen_policy,130,continuous_latent_trait,interleaved_median_item,0.00013238233923745576,9.163103481390435e-07,3,5,5.290320261593165e-07
frozen_policy,130,continuous_latent_trait,least_mastery_target_item,-0.008384514804192713,0.0003530522924542418,3,5,0.00020383483608647099
frozen_policy,130,continuous_latent_trait,maximum_response_information_gain,0.002995299615218912,0.00022610057173101864,3,5,0.0001305392259528319
frozen_policy,130,continuous_latent_trait,maximum_skill_uncertainty,-0.00023384970499406538,0.00024150664592238554,3,5,0.00013943392703437294
frozen_policy,130,continuous_latent_trait,target_success_070,0.000452353530976633,0.0008526637246054521,3,5,0.0004922856309291867
frozen_policy,130,continuous_latent_trait,two_corner_robust_response_information_gain,0.0032735710046366395,0.0008408200679757989,3,5,0.00048544769258586693
frozen_policy,130,four_state_semimarkov,balanced_mastery,0.0018888888888888816,0.000947706783846223,3,5,0.0005471587667664514
frozen_policy,130,four_state_semimarkov,blocked_median_item,0.0,0.0,3,5,0.0
frozen_policy,130,four_state_semimarkov,interleaved_median_item,-0.000499999999999999,0.0009610468828892322,3,5,0.000554860676539949
frozen_policy,130,four_state_semimarkov,least_mastery_target_item,-0.0015555555555555542,0.004667658624732216,3,5,0.0026948739634744235
frozen_policy,130,four_state_semimarkov,maximum_response_information_gain,0.010944444444444439,0.004811252243246883,3,5,0.0027777777777777788
frozen_policy,130,four_state_semimarkov,maximum_skill_uncertainty,0.0021388888888888894,0.005096522053031563,3,5,0.002942478379248637
frozen_policy,130,four_state_semimarkov,target_success_070,0.0015000000000000024,0.0031765197587576505,3,5,0.0018339645378048948
frozen_policy,130,four_state_semimarkov,two_corner_robust_response_information_gain,0.007499999999999996,0.0019702650695894806,3,5,0.0011375330683024035
frozen_policy,131,binary_bktf,balanced_mastery,0.017833333333333333,0.0070459799413093195,3,5,0.00406799841581964
frozen_policy,131,binary_bktf,blocked_median_item,0.0,0.0,3,5,0.0
frozen_policy,131,binary_bktf,interleaved_median_item,0.004166666666666667,0.0025289984842489215,3,5,0.0014601179556612705
frozen_policy,131,binary_bktf,least_mastery_target_item,0.009,0.004092676385936222,3,5,0.002362907813126303
frozen_policy,131,binary_bktf,maximum_response_information_gain,0.01325,0.00475,3,5,0.0027424137786507224
frozen_policy,131,binary_bktf,maximum_skill_uncertainty,0.004666666666666667,0.00566972956439135,3,5,0.0032734198902337258
frozen_policy,131,binary_bktf,target_success_070,0.0034166666666666664,0.005507570547286103,3,5,0.0031797973380564863
frozen_policy,131,binary_bktf,two_corner_robust_response_information_gain,0.013666666666666666,0.00038188130791299023,3,5,0.00022047927592205128
frozen_policy,131,continuous_latent_trait,balanced_mastery,-0.0038070617134889884,0.00030145818605389896,3,5,0.00017404696486763487
frozen_policy,131,continuous_latent_trait,blocked_median_item,0.0,0.0,3,5,0.0
frozen_policy,131,continuous_latent_trait,interleaved_median_item,0.00019319693955998548,4.053975379861161e-06,3,5,2.340563776850957e-06
frozen_policy,131,continuous_latent_trait,least_mastery_target_item,-0.00872737638222686,0.00034974943376506705,3,5,0.00020192792973318065
frozen_policy,131,continuous_latent_trait,maximum_response_information_gain,0.0008017403781329957,0.00017197762502959695,3,5,9.929132810543033e-05
frozen_policy,131,continuous_latent_trait,maximum_skill_uncertainty,-0.001366248676038674,0.0004400738505313165,3,5,0.00025407675606757074
frozen_policy,131,continuous_latent_trait,target_success_070,-0.000996932892398007,0.0007000606745786922,3,5,0.000404180218917079
frozen_policy,131,continuous_latent_trait,two_corner_robust_response_information_gain,0.001203310472185703,0.00026072711647064773,3,5,0.00015053087087936337
frozen_policy,131,four_state_semimarkov,balanced_mastery,0.004944444444444448,0.003510236353760139,3,5,0.002026635903762627
frozen_policy,131,four_state_semimarkov,blocked_median_item,0.0,0.0,3,5,0.0
frozen_policy,131,four_state_semimarkov,interleaved_median_item,-5.555555555555428e-05,0.000976577546180379,3,5,0.0005638273091717861
frozen_policy,131,four_state_semimarkov,least_mastery_target_item,0.0014444444444444485,0.0022210066119600774,3,5,0.0012822987652870894
frozen_policy,131,four_state_semimarkov,maximum_response_information_gain,0.007972222222222223,0.0021495046802392334,3,5,0.001241017105760482
frozen_policy,131,four_state_semimarkov,maximum_skill_uncertainty,0.0041944444444444486,0.0036039458827687664,3,5,0.002080739125561391
frozen_policy,131,four_state_semimarkov,target_success_070,0.001999999999999999,0.0007949493345141246,3,5,0.0004589642122738437
frozen_policy,131,four_state_semimarkov,two_corner_robust_response_information_gain,0.007583333333333331,0.0026034165586355505,3,5,0.0015030832509409643
frozen_policy,132,binary_bktf,balanced_mastery,0.011083333333333334,0.003319764047840351,3,5,0.0019166666666666683
frozen_policy,132,binary_bktf,blocked_median_item,0.0,0.0,3,5,0.0
frozen_policy,132,binary_bktf,interleaved_median_item,0.0008333333333333323,0.0037109073463687204,3,5,0.0021424933553637407
frozen_policy,132,binary_bktf,least_mastery_target_item,0.003916666666666665,0.010180659769058846,3,5,0.005877806658194118
frozen_policy,132,binary_bktf,maximum_response_information_gain,0.012249999999999997,0.0026100766272276338,3,5,0.001506928443335425
frozen_policy,132,binary_bktf,maximum_skill_uncertainty,0.005166666666666666,0.0033291640592396942,3,5,0.0019220937657784649
frozen_policy,132,binary_bktf,target_success_070,-0.002583333333333332,0.0029297326385411596,3,5,0.0016914819275153713
frozen_policy,132,binary_bktf,two_corner_robust_response_information_gain,0.012083333333333335,0.0010408329997330672,3,5,0.000600925212577332
frozen_policy,132,continuous_latent_trait,balanced_mastery,-0.0041715920262388635,0.0006522512467696384,3,5,0.0003765774329017198
frozen_policy,132,continuous_latent_trait,blocked_median_item,0.0,0.0,3,5,0.0
frozen_policy,132,continuous_latent_trait,interleaved_median_item,0.0001369070812331306,2.1429339961491925e-06,3,5,1.2372235195323368e-06
frozen_policy,132,continuous_latent_trait,least_mastery_target_item,-0.009970635619833123,0.0004392618975860384,3,5,0.0002536079748160451
frozen_policy,132,continuous_latent_trait,maximum_response_information_gain,0.001246421849922121,0.00043878558707851934,3,5,0.00025333297681631115
frozen_policy,132,continuous_latent_trait,maximum_skill_uncertainty,2.7997661798005323e-05,0.000396243192917811,3,5,0.00022877111409565502
frozen_policy,132,continuous_latent_trait,target_success_070,-0.0010173095073415235,0.0005316616022810177,3,5,0.00030695496919473333
frozen_policy,132,continuous_latent_trait,two_corner_robust_response_information_gain,0.001644049946654001,0.00016512957492691968,3,5,9.533760453522556e-05
frozen_policy,132,four_state_semimarkov,balanced_mastery,0.0013333333333333294,0.005748792143669056,3,5,0.0033190666916625353
frozen_policy,132,four_state_semimarkov,blocked_median_item,0.0,0.0,3,5,0.0
frozen_policy,132,four_state_semimarkov,interleaved_median_item,0.0009166666666666689,0.0018047006523089794,3,5,0.0010419444074172826
frozen_policy,132,four_state_semimarkov,least_mastery_target_item,-0.0032777777777777753,0.004458398234210897,3,5,0.0025740574206762137
frozen_policy,132,four_state_semimarkov,maximum_response_information_gain,0.004694444444444438,0.004087865965041923,3,5,0.0023601305153280634
frozen_policy,132,four_state_semimarkov,maximum_skill_uncertainty,0.0031666666666666636,0.005680742322384753,3,5,0.0032797781090257373
frozen_policy,132,four_state_semimarkov,target_success_070,-0.0021388888888888877,0.0008388704928078619,3,5,0.0004843221048378531
frozen_policy,132,four_state_semimarkov,two_corner_robust_response_information_gain,0.005749999999999994,0.004321297387488054,3,5,0.0024949022099146545
frozen_policy,133,binary_bktf,balanced_mastery,0.01,0.0011456439237389573,3,5,0.0006614378277661462
frozen_policy,133,binary_bktf,blocked_median_item,0.0,0.0,3,5,0.0
frozen_policy,133,binary_bktf,interleaved_median_item,0.0020000000000000013,0.007586995452746758,3,5,0.004380353866983808
frozen_policy,133,binary_bktf,least_mastery_target_item,0.003833333333333335,0.004010403138505322,3,5,0.002315407331574968
frozen_policy,133,binary_bktf,maximum_response_information_gain,0.012916666666666667,0.007641716648328,3,5,0.004411947163983016
frozen_policy,133,binary_bktf,maximum_skill_uncertainty,0.00816666666666667,0.003923752455664517,3,5,0.0022653795365113645
frozen_policy,133,binary_bktf,target_success_070,0.0010833333333333359,0.004645786621588782,3,5,0.0026822461565718454
frozen_policy,133,binary_bktf,two_corner_robust_response_information_gain,0.012499999999999999,0.00835164654424503,3,5,0.004821825380496476
frozen_policy,133,continuous_latent_trait,balanced_mastery,-0.00543517530599862,0.00010069384574383478,3,5,5.8135618945941664e-05
frozen_policy,133,continuous_latent_trait,blocked_median_item,0.0,0.0,3,5,0.0
frozen_policy,133,continuous_latent_trait,interleaved_median_item,0.00020379878784297978,9.473776568025379e-07,3,5,5.469687451791821e-07
frozen_policy,133,continuous_latent_trait,least_mastery_target_item,-0.012243332293638819,0.00038693028563466594,3,5,0.00022339430456879317
frozen_policy,133,continuous_latent_trait,maximum_response_information_gain,0.0025971146465595903,0.0003201090025575957,3,5,0.00018481501879665047
frozen_policy,133,continuous_latent_trait,maximum_skill_uncertainty,-0.0004705451786086669,0.00022798383629453372,3,5,0.00013162652925553263
frozen_policy,133,continuous_latent_trait,target_success_070,0.0010825568340411833,0.0008514813062427059,3,5,0.0004916029613691604
frozen_policy,133,continuous_latent_trait,two_corner_robust_response_information_gain,0.002419727191952004,8.8158174022294e-05,3,5,5.089814550303732e-05
frozen_policy,133,four_state_semimarkov,balanced_mastery,0.00011111111111111319,0.0026671006591289163,3,5,0.0015398512835039081
frozen_policy,133,four_state_semimarkov,blocked_median_item,0.0,0.0,3,5,0.0
frozen_policy,133,four_state_semimarkov,interleaved_median_item,-0.001916666666666668,0.0026339134382131865,3,5,0.001520690632574556
frozen_policy,133,four_state_semimarkov,least_mastery_target_item,-0.0053055555555555555,0.0019317042945237394,3,5,0.0011152699944380372
frozen_policy,133,four_state_semimarkov,maximum_response_information_gain,0.008638888888888885,0.0020755409825802948,3,5,0.0011983141450068336
frozen_policy,133,four_state_semimarkov,maximum_skill_uncertainty,0.001111111111111112,0.0023338293123661103,3,5,0.001347436981737213
frozen_policy,133,four_state_semimarkov,target_success_070,0.002416666666666661,0.0015275252316519468,3,5,0.000881917103688197
frozen_policy,133,four_state_semimarkov,two_corner_robust_response_information_gain,0.00961111111111111,0.00346243063842815,3,5,0.0019990352611469002
frozen_policy,134,binary_bktf,balanced_mastery,0.007916666666666664,0.007767453465154029,3,5,0.00448454134902457
frozen_policy,134,binary_bktf,blocked_median_item,0.0,0.0,3,5,0.0
frozen_policy,134,binary_bktf,interleaved_median_item,-0.005416666666666668,0.0005204164998665325,3,5,0.0003004626062886654
frozen_policy,134,binary_bktf,least_mastery_target_item,-0.0009166666666666685,0.006176231321229258,3,5,0.0035658488158891105
frozen_policy,134,binary_bktf,maximum_response_information_gain,0.013749999999999997,0.0036996621467371847,3,5,0.0021360009363293824
frozen_policy,134,binary_bktf,maximum_skill_uncertainty,0.00558333333333333,0.0038917648096118726,3,5,0.0022469114604521273
frozen_policy,134,binary_bktf,target_success_070,-0.001250000000000002,0.003250000000000003,3,5,0.0018763883748662855
frozen_policy,134,binary_bktf,two_corner_robust_response_information_gain,0.015999999999999997,0.0009013878188660011,3,5,0.0005204164998665354
frozen_policy,134,continuous_latent_trait,balanced_mastery,-0.0053141450342308084,0.0006125702881147669,3,5,0.00035366762074062725
frozen_policy,134,continuous_latent_trait,blocked_median_item,0.0,0.0,3,5,0.0
frozen_policy,134,continuous_latent_trait,interleaved_median_item,0.00022480935414937036,7.901998785837918e-06,3,5,4.562221126139618e-06
frozen_policy,134,continuous_latent_trait,least_mastery_target_item,-0.011857571270646615,0.0007901101044212428,3,5,0.0004561702814770479
frozen_policy,134,continuous_latent_trait,maximum_response_information_gain,0.0013852693875043643,0.0004306603518139429,3,5,0.0002486418700490789
frozen_policy,134,continuous_latent_trait,maximum_skill_uncertainty,-0.000499142796139102,0.00041540295629980745,3,5,0.00023983300864186018
frozen_policy,134,continuous_latent_trait,target_success_070,-0.002393808527794572,2.1352511003619947e-05,3,5,1.2327877975814423e-05
frozen_policy,134,continuous_latent_trait,two_corner_robust_response_information_gain,0.002192252880640326,0.00012781789643809713,3,5,7.379569691578709e-05
frozen_policy,134,four_state_semimarkov,balanced_mastery,0.001972222222222221,0.003747530050777641,3,5,0.0021636374836126833
frozen_policy,134,four_state_semimarkov,blocked_median_item,0.0,0.0,3,5,0.0
frozen_policy,134,four_state_semimarkov,interleaved_median_item,0.00011111111111110935,0.001417483424685895,3,5,0.0008183844368142341
frozen_policy,134,four_state_semimarkov,least_mastery_target_item,-0.0047222222222222205,0.002795499027868694,3,5,0.0016139821162593276
frozen_policy,134,four_state_semimarkov,maximum_response_information_gain,0.007916666666666664,0.0019702650695894736,3,5,0.0011375330683023994
frozen_policy,134,four_state_semimarkov,maximum_skill_uncertainty,0.003833333333333329,0.00022047927592205096,3,5,0.0001272937693043299
frozen_policy,134,four_state_semimarkov,target_success_070,-0.0018888888888888894,0.003441306814655235,3,5,0.0019868394158052936
frozen_policy,134,four_state_semimarkov,two_corner_robust_response_information_gain,0.008833333333333332,0.0006291528696058934,3,5,0.0003632415786283881
frozen_policy,135,binary_bktf,balanced_mastery,0.010166666666666664,0.004200694387042851,3,5,0.0024252720351425404
frozen_policy,135,binary_bktf,blocked_median_item,0.0,0.0,3,5,0.0
frozen_policy,135,binary_bktf,interleaved_median_item,0.0013333333333333316,0.004875534158770025,3,5,0.0028148909590090896
frozen_policy,135,binary_bktf,least_mastery_target_item,-0.0034166666666666672,0.005907269532815763,3,5,0.0034105636549468556
frozen_policy,135,binary_bktf,maximum_response_information_gain,0.0155,0.0016393596310755037,3,5,0.0009464847243000477
frozen_policy,135,binary_bktf,maximum_skill_uncertainty,0.006083333333333332,0.0015877132402714702,3,5,0.0009166666666666663
frozen_policy,135,binary_bktf,target_success_070,-0.0030833333333333333,0.00676541449826493,3,5,0.0039060138817526547
frozen_policy,135,binary_bktf,two_corner_robust_response_information_gain,0.011666666666666664,0.002466441431158125,3,5,0.0014240006242195893
frozen_policy,135,continuous_latent_trait,balanced_mastery,-0.007192932228842271,0.00045904150069434,3,5,0.00026502773399508697
frozen_policy,135,continuous_latent_trait,blocked_median_item,0.0,0.0,3,5,0.0
frozen_policy,135,continuous_latent_trait,interleaved_median_item,0.00014340763163390538,4.682013681491811e-06,3,5,2.7031618593588083e-06
frozen_policy,135,continuous_latent_trait,least_mastery_target_item,-0.015937950549325997,0.0005358662852454901,3,5,0.0003093825440361285
frozen_policy,135,continuous_latent_trait,maximum_response_information_gain,-0.0001420957360491128,0.0005215488341682156,3,5,0.00030111635980255476
frozen_policy,135,continuous_latent_trait,maximum_skill_uncertainty,-0.0007009477929286629,0.0007567596415771344,3,5,0.00043691538277640325
frozen_policy,135,continuous_latent_trait,target_success_070,-0.0012460569656475727,0.0007568122236344197,3,5,0.0004369457410413315
frozen_policy,135,continuous_latent_trait,two_corner_robust_response_information_gain,0.000252068778343005,0.00041762572287874723,3,5,0.00024111632352455677
frozen_policy,135,four_state_semimarkov,balanced_mastery,-0.0018333333333333277,0.003995657364912285,3,5,0.0023068938552216187
frozen_policy,135,four_state_semimarkov,blocked_median_item,0.0,0.0,3,5,0.0
frozen_policy,135,four_state_semimarkov,interleaved_median_item,0.001666666666666667,0.00190576610433821,3,5,0.00110029457335213
frozen_policy,135,four_state_semimarkov,least_mastery_target_item,-0.005888888888888884,0.0033554819712314434,3,5,0.00193728841935141
frozen_policy,135,four_state_semimarkov,maximum_response_information_gain,0.0039999999999999975,0.0020275875100994067,3,5,0.0011706281947614155
frozen_policy,135,four_state_semimarkov,maximum_skill_uncertainty,0.0012777777777777779,0.003871488851323991,3,5,0.0022352051304765416
frozen_policy,135,four_state_semimarkov,target_success_070,-0.0030555555555555527,0.003910752035284452,3,5,0.0022578737403053557
frozen_policy,135,four_state_semimarkov,two_corner_robust_response_information_gain,0.0031944444444444403,0.0035904322446891697,3,5,0.0020729370229784047
frozen_policy,136,binary_bktf,balanced_mastery,0.011166666666666667,0.0016645820296198475,3,5,0.0009610468828892327
frozen_policy,136,binary_bktf,blocked_median_item,0.0,0.0,3,5,0.0
frozen_policy,136,binary_bktf,interleaved_median_item,0.005166666666666667,0.005305264680799006,3,5,0.0030629959915815202
frozen_policy,136,binary_bktf,least_mastery_target_item,0.0036666666666666666,0.0048755341587700275,3,5,0.002814890959009091
frozen_policy,136,binary_bktf,maximum_response_information_gain,0.013500000000000003,0.0015206906325745547,3,5,0.0008779711460710615
frozen_policy,136,binary_bktf,maximum_skill_uncertainty,0.011916666666666666,0.005246030245179048,3,5,0.0030287969742310416
frozen_policy,136,binary_bktf,target_success_070,0.006333333333333332,0.0012829003598617203,3,5,0.000740682868109632
frozen_policy,136,binary_bktf,two_corner_robust_response_information_gain,0.016,0.004272001872658762,3,5,0.002466441431158122
frozen_policy,136,continuous_latent_trait,balanced_mastery,-0.0066028122728609764,0.00029922067836386725,3,5,0.0001727551392004812
frozen_policy,136,continuous_latent_trait,blocked_median_item,0.0,0.0,3,5,0.0
frozen_policy,136,continuous_latent_trait,interleaved_median_item,0.00017591523618555233,3.2893519990466095e-06,3,5,1.8991082621089937e-06
frozen_policy,136,continuous_latent_trait,least_mastery_target_item,-0.014433549914263882,0.00012223295158743995,3,5,7.057122750285096e-05
frozen_policy,136,continuous_latent_trait,maximum_response_information_gain,0.0009602907071079473,0.00026284810089899965,3,5,0.00015175542181001937
frozen_policy,136,continuous_latent_trait,maximum_skill_uncertainty,-0.00044457124500663455,0.00016356092291834888,3,5,9.443194287581236e-05
frozen_policy,136,continuous_latent_trait,target_success_070,0.0003669013667126023,0.0005594157963601879,3,5,0.0003229788606174834
frozen_policy,136,continuous_latent_trait,two_corner_robust_response_information_gain,0.001541284269272046,0.0002718919539560629,3,5,0.00015697689280702628
frozen_policy,136,four_state_semimarkov,balanced_mastery,-0.0010555555555555585,0.0013852730710879643,3,5,0.0007997877804937758
frozen_policy,136,four_state_semimarkov,blocked_median_item,0.0,0.0,3,5,0.0
frozen_policy,136,four_state_semimarkov,interleaved_median_item,0.002749999999999996,0.005845819969098532,3,5,0.0033750857327931273
frozen_policy,136,four_state_semimarkov,least_mastery_target_item,-0.007694444444444446,0.00031549490810001043,3,5,0.00018215107011949728
frozen_policy,136,four_state_semimarkov,maximum_response_information_gain,0.01155555555555555,0.0020452066815777772,3,5,0.0011808006281573509
frozen_policy,136,four_state_semimarkov,maximum_skill_uncertainty,0.0046111111111111075,0.0018751543146375152,3,5,0.0010826208483280576
frozen_policy,136,four_state_semimarkov,target_success_070,0.003999999999999999,0.0032924577108564015,3,5,0.0019009013456584025
frozen_policy,136,four_state_semimarkov,two_corner_robust_response_information_gain,0.009499999999999993,0.002755045875802763,3,5,0.0015906264780244936
frozen_policy,137,binary_bktf,balanced_mastery,0.0085,0.0009013878188659951,3,5,0.000520416499866532
frozen_policy,137,binary_bktf,blocked_median_item,0.0,0.0,3,5,0.0
frozen_policy,137,binary_bktf,interleaved_median_item,-0.0009999999999999985,0.007171994143890526,3,5,0.004140752749601615
frozen_policy,137,binary_bktf,least_mastery_target_item,0.008000000000000002,0.00975,3,5,0.005629165124598851
frozen_policy,137,binary_bktf,maximum_response_information_gain,0.015666666666666666,0.0027876214472796223,3,5,0.0016094339929856641
frozen_policy,137,binary_bktf,maximum_skill_uncertainty,0.0035000000000000014,0.006485560885536425,3,5,0.0037444403231101627
frozen_policy,137,binary_bktf,target_success_070,0.001250000000000001,0.00815092019345055,3,5,0.004705935967831832
frozen_policy,137,binary_bktf,two_corner_robust_response_information_gain,0.015583333333333333,0.0016645820296198493,3,5,0.0009610468828892336
frozen_policy,137,continuous_latent_trait,balanced_mastery,-0.005307021906123199,0.0002738016826603856,3,5,0.0001580794751885461
frozen_policy,137,continuous_latent_trait,blocked_median_item,0.0,0.0,3,5,0.0
frozen_policy,137,continuous_latent_trait,interleaved_median_item,0.00020896420526299447,8.85135981638393e-06,3,5,5.110334972683499e-06
frozen_policy,137,continuous_latent_trait,least_mastery_target_item,-0.010515835126637221,0.0009918522862219742,3,5,0.0005726461844466025
frozen_policy,137,continuous_latent_trait,maximum_response_information_gain,0.0018296300920413826,0.00024381860138020692,3,5,0.00014076873514030054
frozen_policy,137,continuous_latent_trait,maximum_skill_uncertainty,-0.0008578981586173555,0.000521366545950997,3,5,0.0003010111156512735
frozen_policy,137,continuous_latent_trait,target_success_070,0.0013382512588727858,0.0007966429933170176,3,5,0.00045994204663960935
frozen_policy,137,continuous_latent_trait,two_corner_robust_response_information_gain,0.0024215128867057668,0.0004193309051541694,3,5,0.00024210081097028913
frozen_policy,137,four_state_semimarkov,balanced_mastery,0.00161111111111111,0.0037196301090495773,3,5,0.0021475294447456106
frozen_policy,137,four_state_semimarkov,blocked_median_item,0.0,0.0,3,5,0.0
frozen_policy,137,four_state_semimarkov,interleaved_median_item,0.0037222222222222175,0.0032959711658213783,3,5,0.0019029298398282174
frozen_policy,137,four_state_semimarkov,least_mastery_target_item,-0.0006666666666666691,0.002453738644055908,3,5,0.001416666666666666
frozen_policy,137,four_state_semimarkov,maximum_response_information_gain,0.008833333333333328,0.003692146319479289,3,5,0.0021316616714388537
frozen_policy,137,four_state_semimarkov,maximum_skill_uncertainty,0.004333333333333331,0.004044887033170535,3,5,0.0023353166174426353
frozen_policy,137,four_state_semimarkov,target_success_070,0.002249999999999999,0.002887953908527244,3,5,0.001667360966495436
frozen_policy,137,four_state_semimarkov,two_corner_robust_response_information_gain,0.007722222222222221,0.0034604244012890963,3,5,0.0019978769595946095
frozen_policy,138,binary_bktf,balanced_mastery,0.005499999999999998,0.0015206906325745558,3,5,0.0008779711460710621
frozen_policy,138,binary_bktf,blocked_median_item,0.0,0.0,3,5,0.0
frozen_policy,138,binary_bktf,interleaved_median_item,-0.005333333333333333,0.007107800878846654,3,5,0.004103690750748375
frozen_policy,138,binary_bktf,least_mastery_target_item,0.002333333333333331,0.0021262251370288416,3,5,0.0012275766552213507
frozen_policy,138,binary_bktf,maximum_response_information_gain,0.010999999999999996,0.0019843134832984413,3,5,0.001145643923738959
frozen_policy,138,binary_bktf,maximum_skill_uncertainty,0.00708333333333333,0.008501225401866094,3,5,0.004908184774209074
frozen_policy,138,binary_bktf,target_success_070,-0.004750000000000002,0.006805328794408097,3,5,0.003929058411375426
frozen_policy,138,binary_bktf,two_corner_robust_response_information_gain,0.01383333333333333,0.0001443375672974043,3,5,8.333333333333211e-05
frozen_policy,138,continuous_latent_trait,balanced_mastery,-0.003951823998206522,0.0003770248389900449,3,5,0.00021767539228207777
frozen_policy,138,continuous_latent_trait,blocked_median_item,0.0,0.0,3,5,0.0
frozen_policy,138,continuous_latent_trait,interleaved_median_item,0.00022444753666927888,5.40359931535261e-06,3,5,3.119769519311707e-06
frozen_policy,138,continuous_latent_trait,least_mastery_target_item,-0.009806137874497101,0.0003993888614644374,3,5,0.0002305872666778311
frozen_policy,138,continuous_latent_trait,maximum_response_information_gain,0.0031499270717916545,0.00031901854908224545,3,5,0.00018418544518911825
frozen_policy,138,continuous_latent_trait,maximum_skill_uncertainty,0.00027689429874285535,0.00037178695333103784,3,5,0.00021465129758686555
frozen_policy,138,continuous_latent_trait,target_success_070,-0.00021768174773994988,0.00043264361108837535,3,5,0.0002497869053250453
frozen_policy,138,continuous_latent_trait,two_corner_robust_response_information_gain,0.0032532620846478697,0.000417814654047945,3,5,0.00024122540298595143
frozen_policy,138,four_state_semimarkov,balanced_mastery,0.003833333333333336,8.333333333333196e-05,3,5,4.8112522432468024e-05
frozen_policy,138,four_state_semimarkov,blocked_median_item,0.0,0.0,3,5,0.0
frozen_policy,138,four_state_semimarkov,interleaved_median_item,-0.0005277777777777766,0.003926701093982259,3,5,0.002267081933637855
frozen_policy,138,four_state_semimarkov,least_mastery_target_item,-0.0017222222222222168,0.0005672382737961762,3,5,0.000327495170070881
frozen_policy,138,four_state_semimarkov,maximum_response_information_gain,0.009111111111111106,0.00125369823293298,3,5,0.0007238230122664141
frozen_policy,138,four_state_semimarkov,maximum_skill_uncertainty,0.002750000000000004,0.0012275766552213565,3,5,0.0007087417123429506
frozen_policy,138,four_state_semimarkov,target_success_070,-0.0005555555555555527,0.0009765775461803832,3,5,0.0005638273091717885
frozen_policy,138,four_state_semimarkov,two_corner_robust_response_information_gain,0.006944444444444441,0.002294821061369211,3,5,0.001324915557523537
frozen_policy,139,binary_bktf,balanced_mastery,0.01533333333333333,0.003710907346368719,3,5,0.00214249335536374
frozen_policy,139,binary_bktf,blocked_median_item,0.0,0.0,3,5,0.0
frozen_policy,139,binary_bktf,interleaved_median_item,-0.0030833333333333338,0.006893535619211182,3,5,0.003979984645419849
frozen_policy,139,binary_bktf,least_mastery_target_item,0.007916666666666662,0.0076376261582597315,3,5,0.0044095855184409834
frozen_policy,139,binary_bktf,maximum_response_information_gain,0.012749999999999997,0.005910795208768446,3,5,0.003412599204907213
frozen_policy,139,binary_bktf,maximum_skill_uncertainty,0.006249999999999999,0.006557438524302003,3,5,0.0037859388972001843
frozen_policy,139,binary_bktf,target_success_070,-0.005333333333333336,0.006355771655222782,3,5,0.0036695064760506667
frozen_policy,139,binary_bktf,two_corner_robust_response_information_gain,0.011416666666666665,0.0011547005383792542,3,5,0.0006666666666666683
frozen_policy,139,continuous_latent_trait,balanced_mastery,-0.00312790646882796,0.0003814985930466102,3,5,0.0002202583153909239
frozen_policy,139,continuous_latent_trait,blocked_median_item,0.0,0.0,3,5,0.0
frozen_policy,139,continuous_latent_trait,interleaved_median_item,0.00016813781933263067,3.2064836662159684e-06,3,5,1.8512642078419275e-06
frozen_policy,139,continuous_latent_trait,least_mastery_target_item,-0.0073217052363160375,0.0002094486862968675,3,5,0.00012092525541490994
frozen_policy,139,continuous_latent_trait,maximum_response_information_gain,0.0010594106109113528,0.0006490943496793872,3,5,0.00037475479751685934
frozen_policy,139,continuous_latent_trait,maximum_skill_uncertainty,-0.0004841111556582608,0.0004019929944699526,3,5,0.0002320907635695709
frozen_policy,139,continuous_latent_trait,target_success_070,-0.0022142205594712985,5.524705075318445e-05,3,5,3.189689962428396e-05
frozen_policy,139,continuous_latent_trait,two_corner_robust_response_information_gain,0.0011248966135306642,0.00029868103557530775,3,5,0.00017244357629124014
frozen_policy,139,four_state_semimarkov,balanced_mastery,0.0014166666666666657,0.001506928443335428,3,5,0.0008700255424092132
frozen_policy,139,four_state_semimarkov,blocked_median_item,0.0,0.0,3,5,0.0
frozen_policy,139,four_state_semimarkov,interleaved_median_item,-0.0006666666666666704,0.0008036375634160818,3,5,0.0004639803635691698
frozen_policy,139,four_state_semimarkov,least_mastery_target_item,0.0006666666666666635,0.0030867098629086863,3,5,0.0017821127702606029
frozen_policy,139,four_state_semimarkov,maximum_response_information_gain,0.005527777777777773,0.003571038338468916,3,5,0.0020617399460015028
frozen_policy,139,four_state_semimarkov,maximum_skill_uncertainty,0.0034722222222222173,0.0013368010461684407,3,5,0.0007718024438583226
frozen_policy,139,four_state_semimarkov,target_success_070,-0.003333333333333334,0.003518798721786234,3,5,0.0020315793892473934
frozen_policy,139,four_state_semimarkov,two_corner_robust_response_information_gain,0.005666666666666659,0.0021666666666666666,3,5,0.0012509255832441892
frozen_policy,140,binary_bktf,balanced_mastery,0.013749999999999998,0.010419332992087357,3,5,0.006015604707757985
frozen_policy,140,binary_bktf,blocked_median_item,0.0,0.0,3,5,0.0
frozen_policy,140,binary_bktf,interleaved_median_item,-0.0002500000000000009,0.0015206906325745553,3,5,0.0008779711460710619
frozen_policy,140,binary_bktf,least_mastery_target_item,0.008749999999999999,0.0035266839949164705,3,5,0.002036131953811769
frozen_policy,140,binary_bktf,maximum_response_information_gain,0.010583333333333332,0.004072263907623543,3,5,0.00235112266327765
frozen_policy,140,binary_bktf,maximum_skill_uncertainty,0.0056666666666666645,0.0031655699855370977,3,5,0.0018276426832884432
frozen_policy,140,binary_bktf,target_success_070,0.0006666666666666688,0.005269803917920794,3,5,0.003042522710588115
frozen_policy,140,binary_bktf,two_corner_robust_response_information_gain,0.013166666666666665,0.005592033023269205,3,5,0.0032285617713017525
frozen_policy,140,continuous_latent_trait,balanced_mastery,-0.0041969438916394704,0.0003178428312337885,3,5,0.00018350664417282058
frozen_policy,140,continuous_latent_trait,blocked_median_item,0.0,0.0,3,5,0.0
frozen_policy,140,continuous_latent_trait,interleaved_median_item,0.00021142997898263146,1.9262174570503624e-06,3,5,1.1121021673457832e-06
frozen_policy,140,continuous_latent_trait,least_mastery_target_item,-0.008491710201877582,0.00022018041458539078,3,5,0.00012712122163115877
frozen_policy,140,continuous_latent_trait,maximum_response_information_gain,0.0011720139587311099,0.00028355763684971287,3,5,0.00016371207796595587
frozen_policy,140,continuous_latent_trait,maximum_skill_uncertainty,-0.0005709919797836429,0.00042443096043960285,3,5,0.0002450453292622161
frozen_policy,140,continuous_latent_trait,target_success_070,-0.00018088597478577642,0.0005308190770934736,3,5,0.0003064685370509057
frozen_policy,140,continuous_latent_trait,two_corner_robust_response_information_gain,0.001809308839270572,0.00021242105643714626,3,5,0.00012264135411553108
frozen_policy,140,four_state_semimarkov,balanced_mastery,0.0015833333333333318,0.002973260462485216,3,5,0.0017166127283867107
frozen_policy,140,four_state_semimarkov,blocked_median_item,0.0,0.0,3,5,0.0
frozen_policy,140,four_state_semimarkov,interleaved_median_item,0.001583333333333333,0.003714648181337116,3,5,0.002144653127439738
frozen_policy,140,four_state_semimarkov,least_mastery_target_item,0.0005000000000000021,0.003480102169636856,3,5,0.0020092379244472393
frozen_policy,140,four_state_semimarkov,maximum_response_information_gain,0.009194444444444437,0.0025239592648001225,3,5,0.0014572085609560008
frozen_policy,140,four_state_semimarkov,maximum_skill_uncertainty,0.004666666666666669,0.0029023457945446703,3,5,0.0016756701257617437
frozen_policy,140,four_state_semimarkov,target_success_070,0.0011388888888888905,0.0017166127283867146,3,5,0.0009910868208284076
frozen_policy,140,four_state_semimarkov,two_corner_robust_response_information_gain,0.007583333333333331,0.003105774192264041,3,5,0.0017931195659458368
frozen_policy,141,binary_bktf,balanced_mastery,0.018,0.004092676385936222,3,5,0.002362907813126303
frozen_policy,141,binary_bktf,blocked_median_item,0.0,0.0,3,5,0.0
frozen_policy,141,binary_bktf,interleaved_median_item,0.0027500000000000003,0.004630064794363032,3,5,0.002673169155390906
frozen_policy,141,binary_bktf,least_mastery_target_item,0.010333333333333333,0.005281650625830271,3,5,0.0030493624105886624
frozen_policy,141,binary_bktf,maximum_response_information_gain,0.024249999999999997,0.004380353866983808,3,5,0.00252899848424892
frozen_policy,141,binary_bktf,maximum_skill_uncertainty,0.012083333333333333,0.0029825883613622136,3,5,0.001721998193314319
frozen_policy,141,binary_bktf,target_success_070,0.004916666666666667,0.0031057741922640384,3,5,0.0017931195659458353
frozen_policy,141,binary_bktf,two_corner_robust_response_information_gain,0.019999999999999993,0.0020463381929681137,3,5,0.001181453906563153
frozen_policy,141,continuous_latent_trait,balanced_mastery,-0.004775687982820486,0.0008792585763507577,3,5,0.0005076401757433971
frozen_policy,141,continuous_latent_trait,blocked_median_item,0.0,0.0,3,5,0.0
frozen_policy,141,continuous_latent_trait,interleaved_median_item,0.00018623930826715124,6.621489280074166e-06,3,5,3.8229186182870415e-06
frozen_policy,141,continuous_latent_trait,least_mastery_target_item,-0.010113883900259187,0.00020746957593322743,3,5,0.00011978261551370637
frozen_policy,141,continuous_latent_trait,maximum_response_information_gain,0.0027233635103346616,0.0003746091305734371,3,5,0.00021628068237746558
frozen_policy,141,continuous_latent_trait,maximum_skill_uncertainty,3.9095848492239344e-05,0.00029716123971570936,3,5,0.00017156612174258772
frozen_policy,141,continuous_latent_trait,target_success_070,-0.0001893199572858825,0.0003161993866702627,3,5,0.00018255780101167072
frozen_policy,141,continuous_latent_trait,two_corner_robust_response_information_gain,0.0025448868231272184,0.0002738283363315563,3,5,0.00015809486369277142
frozen_policy,141,four_state_semimarkov,balanced_mastery,-0.002277777777777781,0.001058475493514307,3,5,0.0006111111111111072
frozen_policy,141,four_state_semimarkov,blocked_median_item,0.0,0.0,3,5,0.0
frozen_policy,141,four_state_semimarkov,interleaved_median_item,-0.0011388888888888866,0.001974372849324091,3,5,0.0011399046960379525
frozen_policy,141,four_state_semimarkov,least_mastery_target_item,-0.00391666666666667,0.0013411230782859201,3,5,0.0007742977702647956
frozen_policy,141,four_state_semimarkov,maximum_response_information_gain,0.007972222222222216,0.00315054375083508,3,5,0.0018189672826383267
frozen_policy,141,four_state_semimarkov,maximum_skill_uncertainty,0.0030277777777777772,0.0022887607839016076,3,5,0.001321416654696252
frozen_policy,141,four_state_semimarkov,target_success_070,0.001250000000000001,0.00129903810567666,3,5,0.0007500000000000013
frozen_policy,141,four_state_semimarkov,two_corner_robust_response_information_gain,0.009583333333333327,0.0015898986690282431,3,5,0.0009179284245476839
frozen_policy,142,binary_bktf,balanced_mastery,0.01333333333333333,0.0046457866215887855,3,5,0.0026822461565718476
frozen_policy,142,binary_bktf,blocked_median_item,0.0,0.0,3,5,0.0
frozen_policy,142,binary_bktf,interleaved_median_item,0.001749999999999998,0.008011710179481029,3,5,0.004625563028792638
frozen_policy,142,binary_bktf,least_mastery_target_item,0.0020833333333333346,0.004836923953643816,3,5,0.002792599346686006
frozen_policy,142,binary_bktf,maximum_response_information_gain,0.012916666666666665,0.005204164998665331,3,5,0.0030046260628866575
frozen_policy,142,binary_bktf,maximum_skill_uncertainty,0.008749999999999999,0.001639359631075498,3,5,0.0009464847243000445
frozen_policy,142,binary_bktf,target_success_070,0.0006666666666666682,0.00823230425417655,3,5,0.004752923077199733
frozen_policy,142,binary_bktf,two_corner_robust_response_information_gain,0.01258333333333333,0.0032627953250753162,3,5,0.0018837757592428865
frozen_policy,142,continuous_latent_trait,balanced_mastery,-0.006818001367134615,0.0001969893733706328,3,5,0.00011373186774303056
frozen_policy,142,continuous_latent_trait,blocked_median_item,0.0,0.0,3,5,0.0
frozen_policy,142,continuous_latent_trait,interleaved_median_item,0.00024050405781259908,3.4314004377736406e-06,3,5,1.9811199664460113e-06
frozen_policy,142,continuous_latent_trait,least_mastery_target_item,-0.013317352998093434,0.0003959553237921079,3,5,0.00022860491277843894
frozen_policy,142,continuous_latent_trait,maximum_response_information_gain,0.0005542339010502461,0.00022364588862392227,3,5,0.0001291220140001746
frozen_policy,142,continuous_latent_trait,maximum_skill_uncertainty,-0.000999671155137762,0.00011100337708144846,3,5,6.408782963893181e-05
frozen_policy,142,continuous_latent_trait,target_success_070,-0.0006140613051583273,0.0002490697674130517,3,5,0.0001438004972629229
frozen_policy,142,continuous_latent_trait,two_corner_robust_response_information_gain,0.0009296395474719318,0.000300310815906527,3,5,0.00017338453040418951
frozen_policy,142,four_state_semimarkov,balanced_mastery,0.0014722222222222222,0.004171941106079109,3,5,0.002408671320638039
frozen_policy,142,four_state_semimarkov,blocked_median_item,0.0,0.0,3,5,0.0
frozen_policy,142,four_state_semimarkov,interleaved_median_item,0.001916666666666668,0.0037034143405481616,3,5,0.0021381672664362015
frozen_policy,142,four_state_semimarkov,least_mastery_target_item,-0.006305555555555554,0.0006142595663193342,3,5,0.0003546429259667704
frozen_policy,142,four_state_semimarkov,maximum_response_information_gain,0.006305555555555554,0.0015418543429308765,3,5,0.0008901900199423351
frozen_policy,142,four_state_semimarkov,maximum_skill_uncertainty,0.0029444444444444487,0.004210051904316268,3,5,0.002430674600259294
frozen_policy,142,four_state_semimarkov,target_success_070,3.1803263726241462e-18,0.0065468397804674516,3,5,0.003779819709594234
frozen_policy,142,four_state_semimarkov,two_corner_robust_response_information_gain,0.007916666666666664,0.002185812841434004,3,5,0.0012619796324000632
frozen_policy,143,binary_bktf,balanced_mastery,0.012500000000000002,0.0028394541729001408,3,5,0.0016393596310755026
frozen_policy,143,binary_bktf,blocked_median_item,0.0,0.0,3,5,0.0
frozen_policy,143,binary_bktf,interleaved_median_item,-0.004583333333333332,0.010554422453802642,3,5,0.006093598644843986
frozen_policy,143,binary_bktf,least_mastery_target_item,0.007916666666666669,0.004875534158770024,3,5,0.002814890959009089
frozen_policy,143,binary_bktf,maximum_response_information_gain,0.012250000000000002,0.009216154295583381,3,5,0.005320949163448192
frozen_policy,143,binary_bktf,maximum_skill_uncertainty,0.0020833333333333337,0.007985664238705087,3,5,0.0046105253978743505
frozen_policy,143,binary_bktf,target_success_070,-0.002666666666666665,0.0056365621910286195,3,5,0.0032542706982944406
frozen_policy,143,binary_bktf,two_corner_robust_response_information_gain,0.008416666666666666,0.0049644570028688296,3,5,0.0028662305869866416
frozen_policy,143,continuous_latent_trait,balanced_mastery,-0.003700944771306299,0.00031684040666723605,3,5,0.00018292789407947925
frozen_policy,143,continuous_latent_trait,blocked_median_item,0.0,0.0,3,5,0.0
frozen_policy,143,continuous_latent_trait,interleaved_median_item,0.0001679854075431772,5.131768003366722e-06,3,5,2.9628276381624854e-06
frozen_policy,143,continuous_latent_trait,least_mastery_target_item,-0.008589340638898152,0.0003674290629506148,3,5,0.0002121352684026294
frozen_policy,143,continuous_latent_trait,maximum_response_information_gain,0.0007655921389745987,0.00016667695827698978,3,5,9.623098672892808e-05
frozen_policy,143,continuous_latent_trait,maximum_skill_uncertainty,-0.0004600965384456272,0.00017904530648628244,3,5,0.00010337185589699423
frozen_policy,143,continuous_latent_trait,target_success_070,-0.0006179987348935589,2.2888172504331964e-05,3,5,1.321449255663465e-05
frozen_policy,143,continuous_latent_trait,two_corner_robust_response_information_gain,0.0011676234071526879,0.0003020592173575721,3,5,0.00017439397045260191
frozen_policy,143,four_state_semimarkov,balanced_mastery,0.0005833333333333357,0.0011666666666666657,3,5,0.0006735753140545629
frozen_policy,143,four_state_semimarkov,blocked_median_item,0.0,0.0,3,5,0.0
frozen_policy,143,four_state_semimarkov,interleaved_median_item,-0.000694444444444444,0.003129533748257313,3,5,0.0018068371519943784
frozen_policy,143,four_state_semimarkov,least_mastery_target_item,-0.0014166666666666674,0.0015275252316519449,3,5,0.0008819171036881959
frozen_policy,143,four_state_semimarkov,maximum_response_information_gain,0.006611111111111109,0.0004589642122738365,3,5,0.00026498311150470406
frozen_policy,143,four_state_semimarkov,maximum_skill_uncertainty,0.0023333333333333353,0.0027041634565979898,3,5,0.0015612494995995985
frozen_policy,143,four_state_semimarkov,target_success_070,-0.0010833333333333287,0.0037090355140446496,3,5,0.0021414126524675605
frozen_policy,143,four_state_semimarkov,two_corner_robust_response_information_gain,0.005666666666666663,0.0038756719847444954,3,5,0.002237620263682926
frozen_policy,144,binary_bktf,balanced_mastery,0.009916666666666666,0.0037527767497325666,3,5,0.002166666666666666
frozen_policy,144,binary_bktf,blocked_median_item,0.0,0.0,3,5,0.0
frozen_policy,144,binary_bktf,interleaved_median_item,-0.002666666666666665,0.006001735860010285,3,5,0.0034651038143819683
frozen_policy,144,binary_bktf,least_mastery_target_item,0.0009166666666666685,0.0013768926368215285,3,5,0.0007949493345141231
frozen_policy,144,binary_bktf,maximum_response_information_gain,0.0105,0.005766281297335398,3,5,0.003329164059239697
frozen_policy,144,binary_bktf,maximum_skill_uncertainty,0.0048333333333333344,0.00337577151675485,3,5,0.001949002593921084
frozen_policy,144,binary_bktf,target_success_070,-0.007583333333333331,0.006520800053163212,3,5,0.0037647856660255065
frozen_policy,144,binary_bktf,two_corner_robust_response_information_gain,0.006083333333333334,0.0028759056544562325,3,5,0.0016604049037642727
frozen_policy,144,continuous_latent_trait,balanced_mastery,-0.00413059820999656,0.00044650608301067705,3,5,0.0002577904072210198
frozen_policy,144,continuous_latent_trait,blocked_median_item,0.0,0.0,3,5,0.0
frozen_policy,144,continuous_latent_trait,interleaved_median_item,0.00024553279097893157,1.1494331131457813e-05,3,5,6.636255172901865e-06
frozen_policy,144,continuous_latent_trait,least_mastery_target_item,-0.009504189584717443,0.0006903442558341743,3,5,0.00039857044193937247
frozen_policy,144,continuous_latent_trait,maximum_response_information_gain,0.0026584946996367396,0.00024272777441479386,3,5,0.00014013894589818
frozen_policy,144,continuous_latent_trait,maximum_skill_uncertainty,-0.00023523530927625953,0.00034718956276594834,3,5,0.00020044998752274875
frozen_policy,144,continuous_latent_trait,target_success_070,-0.0007295607462368321,0.0004646391660776767,3,5,0.0002682595476109899
frozen_policy,144,continuous_latent_trait,two_corner_robust_response_information_gain,0.00277601820435589,0.00015945621494928175,3,5,9.206208862492665e-05
frozen_policy,144,four_state_semimarkov,balanced_mastery,0.00022222222222222492,0.0015463517399685338,3,5,0.0008927865933326792
frozen_policy,144,four_state_semimarkov,blocked_median_item,0.0,0.0,3,5,0.0
frozen_policy,144,four_state_semimarkov,interleaved_median_item,0.0021388888888888903,0.0017003539936447654,3,5,0.0009816998359484606
frozen_policy,144,four_state_semimarkov,least_mastery_target_item,-0.0005833333333333298,0.0020816659994661304,3,5,0.0012018504251546619
frozen_policy,144,four_state_semimarkov,maximum_response_information_gain,0.008805555555555553,0.0046228097917143844,3,5,0.0026689804776587377
frozen_policy,144,four_state_semimarkov,maximum_skill_uncertainty,0.0009166666666666675,0.0015023130314433342,3,5,0.0008673608331108918
frozen_policy,144,four_state_semimarkov,target_success_070,-0.0012222222222222198,0.0016358257627039432,3,5,0.0009444444444444465
frozen_policy,144,four_state_semimarkov,two_corner_robust_response_information_gain,0.00972222222222222,0.005313330545098947,3,5,0.003067652820506338
frozen_policy,145,binary_bktf,balanced_mastery,0.017499999999999998,0.008663861725581732,3,5,0.005002082899486309
frozen_policy,145,binary_bktf,blocked_median_item,0.0,0.0,3,5,0.0
frozen_policy,145,binary_bktf,interleaved_median_item,0.0004999999999999989,0.005894913061275805,3,5,0.003403429642777027
frozen_policy,145,binary_bktf,least_mastery_target_item,0.018,0.005717298313014637,3,5,0.003300883720056394
frozen_policy,145,binary_bktf,maximum_response_information_gain,0.022249999999999995,0.0058789880081524274,3,5,0.0033942353090693858
frozen_policy,145,binary_bktf,maximum_skill_uncertainty,0.009333333333333332,0.0049328828623162475,3,5,0.0028480012484391774
frozen_policy,145,binary_bktf,target_success_070,0.0028333333333333335,0.0021554195260629324,3,5,0.0012444320435890097
frozen_policy,145,binary_bktf,two_corner_robust_response_information_gain,0.022083333333333333,0.0049644570028688296,3,5,0.0028662305869866416
frozen_policy,145,continuous_latent_trait,balanced_mastery,-0.0030546292232599,0.0003539296820937091,3,5,0.00020434139723100162
frozen_policy,145,continuous_latent_trait,blocked_median_item,0.0,0.0,3,5,0.0
frozen_policy,145,continuous_latent_trait,interleaved_median_item,0.0001231700260642263,2.7641623018117126e-06,3,5,1.595889849034808e-06
frozen_policy,145,continuous_latent_trait,least_mastery_target_item,-0.00798040534525475,0.00035474752016533505,3,5,0.0002048135762618084
frozen_policy,145,continuous_latent_trait,maximum_response_information_gain,0.002445054533076376,0.0004892327965046385,3,5,0.0002824586867583465
frozen_policy,145,continuous_latent_trait,maximum_skill_uncertainty,0.00019100480400674482,0.00031634578528176317,3,5,0.00018264232428942952
frozen_policy,145,continuous_latent_trait,target_success_070,-0.001245164598570421,0.00022357140092424364,3,5,0.00012907900850671382
frozen_policy,145,continuous_latent_trait,two_corner_robust_response_information_gain,0.002398390837954073,0.0002262750479727565,3,5,0.00013063995985796646
frozen_policy,145,four_state_semimarkov,balanced_mastery,0.0013333333333333337,0.003175426480542942,3,5,0.0018333333333333337
frozen_policy,145,four_state_semimarkov,blocked_median_item,0.0,0.0,3,5,0.0
frozen_policy,145,four_state_semimarkov,interleaved_median_item,-0.0013333333333333383,0.0026666666666666657,3,5,0.0015396007178390015
frozen_policy,145,four_state_semimarkov,least_mastery_target_item,-0.0007777777777777813,0.004130958098893622,3,5,0.0023850097704072974
frozen_policy,145,four_state_semimarkov,maximum_response_information_gain,0.007722222222222221,0.0026145072476755848,3,5,0.0015094864632437266
frozen_policy,145,four_state_semimarkov,maximum_skill_uncertainty,0.0034999999999999983,0.0017460272366464152,3,5,0.0010080692950902262
frozen_policy,145,four_state_semimarkov,target_success_070,-0.001861111111111111,0.0016777409856157189,3,5,0.0009686442096757034
frozen_policy,145,four_state_semimarkov,two_corner_robust_response_information_gain,0.005916666666666661,0.0054031883591491095,3,5,0.0031195322536369907
frozen_policy,146,binary_bktf,balanced_mastery,0.016999999999999998,0.005584576975922169,3,5,0.003224257020358851
frozen_policy,146,binary_bktf,blocked_median_item,0.0,0.0,3,5,0.0
frozen_policy,146,binary_bktf,interleaved_median_item,0.0045,0.0015206906325745558,3,5,0.0008779711460710621
frozen_policy,146,binary_bktf,least_mastery_target_item,0.01283333333333333,0.0021842237370135248,3,5,0.0012610621625351289
frozen_policy,146,binary_bktf,maximum_response_information_gain,0.017333333333333333,0.0038756719847444945,3,5,0.0022376202636829254
frozen_policy,146,binary_bktf,maximum_skill_uncertainty,0.008499999999999999,0.00264575131106459,3,5,0.0015275252316519464
frozen_policy,146,binary_bktf,target_success_070,0.004583333333333334,0.0018763883748662833,3,5,0.001083333333333333
frozen_policy,146,binary_bktf,two_corner_robust_response_information_gain,0.016,0.0009013878188659962,3,5,0.0005204164998665326
frozen_policy,146,continuous_latent_trait,balanced_mastery,-0.003353258518603188,0.00035651927348765485,3,5,0.00020583649851938735
frozen_policy,146,continuous_latent_trait,blocked_median_item,0.0,0.0,3,5,0.0
frozen_policy,146,continuous_latent_trait,interleaved_median_item,0.00020252851118306243,4.518958150052691e-06,3,5,2.6090217043895745e-06
frozen_policy,146,continuous_latent_trait,least_mastery_target_item,-0.008800601246539492,0.0002533783224646345,3,5,0.00014628804268177254
frozen_policy,146,continuous_latent_trait,maximum_response_information_gain,0.002089640685133129,0.00014970901107872852,3,5,8.643453784641658e-05
frozen_policy,146,continuous_latent_trait,maximum_skill_uncertainty,-0.00027380444306683143,8.258019598292107e-05,3,5,4.7677698380471534e-05
frozen_policy,146,continuous_latent_trait,target_success_070,0.000150648016641994,0.00038139943553782514,3,5,0.0002202010667765347
frozen_policy,146,continuous_latent_trait,two_corner_robust_response_information_gain,0.0026176968253643113,0.0004003088883270456,3,5,0.00023111844443461963
frozen_policy,146,four_state_semimarkov,balanced_mastery,0.0019444444444444437,0.0036868133384526844,3,5,0.00212858267340756
frozen_policy,146,four_state_semimarkov,blocked_median_item,0.0,0.0,3,5,0.0
frozen_policy,146,four_state_semimarkov,interleaved_median_item,-0.003777777777777778,0.0028581430127762094,3,5,0.0016501496378087926
frozen_policy,146,four_state_semimarkov,least_mastery_target_item,-0.0016388888888888887,0.0015122952876462478,3,5,0.0008731240914167638
frozen_policy,146,four_state_semimarkov,maximum_response_information_gain,0.0027499999999999977,0.0020463381929681154,3,5,0.0011814539065631538
frozen_policy,146,four_state_semimarkov,maximum_skill_uncertainty,-5.555555555555869e-05,0.0036980976090316953,3,5,0.002135097650063961
frozen_policy,146,four_state_semimarkov,target_success_070,-0.00044444444444444436,0.002341256389522833,3,5,0.001351725006732939
frozen_policy,146,four_state_semimarkov,two_corner_robust_response_information_gain,0.005638888888888888,0.0025837813231629958,3,5,0.0014917468424552832
frozen_policy,147,binary_bktf,balanced_mastery,0.012916666666666667,0.005757241816471961,3,5,0.003323945112529857
frozen_policy,147,binary_bktf,blocked_median_item,0.0,0.0,3,5,0.0
frozen_policy,147,binary_bktf,interleaved_median_item,0.0030833333333333325,0.003752776749732569,3,5,0.002166666666666668
frozen_policy,147,binary_bktf,least_mastery_target_item,0.005999999999999999,0.008112490369793975,3,5,0.004683748498798798
frozen_policy,147,binary_bktf,maximum_response_information_gain,0.008416666666666664,0.003125833222251844,3,5,0.0018047006523089775
frozen_policy,147,binary_bktf,maximum_skill_uncertainty,0.003999999999999999,0.0015206906325745556,3,5,0.000877971146071062
frozen_policy,147,binary_bktf,target_success_070,0.0038333333333333323,0.002843120351538664,3,5,0.0016414763002993511
frozen_policy,147,binary_bktf,two_corner_robust_response_information_gain,0.012499999999999999,0.0036055512754639887,3,5,0.0020816659994661326
frozen_policy,147,continuous_latent_trait,balanced_mastery,-0.004999407569770518,0.00106119628899482,3,5,0.0006126819631141913
frozen_policy,147,continuous_latent_trait,blocked_median_item,0.0,0.0,3,5,0.0
frozen_policy,147,continuous_latent_trait,interleaved_median_item,0.0002134639079606023,1.9708478805625793e-06,3,5,1.1378695543746086e-06
frozen_policy,147,continuous_latent_trait,least_mastery_target_item,-0.012096867483630971,0.0004574980005438971,3,5,0.00026413659376773457
frozen_policy,147,continuous_latent_trait,maximum_response_information_gain,0.002159456144171341,0.00030598479970582655,3,5,0.0001766604064780927
frozen_policy,147,continuous_latent_trait,maximum_skill_uncertainty,-0.0005985093506968903,0.00014489598995583348,3,5,8.365573880549778e-05
frozen_policy,147,continuous_latent_trait,target_success_070,0.002135413676014861,0.0006354950054564761,3,5,0.0003669032124689592
frozen_policy,147,continuous_latent_trait,two_corner_robust_response_information_gain,0.0024556225421010582,0.00022048408429435802,3,5,0.00012729654541937576
frozen_policy,147,four_state_semimarkov,balanced_mastery,0.0013611111111111126,0.0042084020896473485,3,5,0.0024297220793160802
frozen_policy,147,four_state_semimarkov,blocked_median_item,0.0,0.0,3,5,0.0
frozen_policy,147,four_state_semimarkov,interleaved_median_item,-0.00022222222222221928,0.004831417244721532,3,5,0.002789420046807377
frozen_policy,147,four_state_semimarkov,least_mastery_target_item,-0.006138888888888886,0.0024286103327104853,3,5,0.0014021588293471055
frozen_policy,147,four_state_semimarkov,maximum_response_information_gain,0.0061944444444444425,0.004370301710069572,3,5,0.002523194868748549
frozen_policy,147,four_state_semimarkov,maximum_skill_uncertainty,1.734723475976807e-18,0.004049176871085449,3,5,0.002337793356517591
frozen_policy,147,four_state_semimarkov,target_success_070,-0.00011111111111110864,0.001791828158096679,3,5,0.001034512469418669
frozen_policy,147,four_state_semimarkov,two_corner_robust_response_information_gain,0.00883333333333333,0.005499999999999997,3,5,0.0031754264805429404
frozen_policy,148,binary_bktf,balanced_mastery,0.016416666666666666,0.006875378777444435,3,5,0.003969501787938185
frozen_policy,148,binary_bktf,blocked_median_item,0.0,0.0,3,5,0.0
frozen_policy,148,binary_bktf,interleaved_median_item,0.002666666666666668,0.004041451884327382,3,5,0.0023333333333333344
frozen_policy,148,binary_bktf,least_mastery_target_item,0.007833333333333336,0.002020725942163688,3,5,0.0011666666666666655
frozen_policy,148,binary_bktf,maximum_response_information_gain,0.01825,0.002222048604328902,3,5,0.0012829003598617238
frozen_policy,148,binary_bktf,maximum_skill_uncertainty,0.008833333333333335,0.006032895932579423,3,5,0.0034830940906677285
frozen_policy,148,binary_bktf,target_success_070,0.0021666666666666674,0.0022546248764114497,3,5,0.0013017082793177772
frozen_policy,148,binary_bktf,two_corner_robust_response_information_gain,0.016083333333333335,0.0012829003598617231,3,5,0.0007406828681096337
frozen_policy,148,continuous_latent_trait,balanced_mastery,-0.004678541432453546,9.045195255673387e-05,3,5,5.222245915735756e-05
frozen_policy,148,continuous_latent_trait,blocked_median_item,0.0,0.0,3,5,0.0
frozen_policy,148,continuous_latent_trait,interleaved_median_item,0.0001765919269261688,1.5881088212129079e-06,3,5,9.168950554296917e-07
frozen_policy,148,continuous_latent_trait,least_mastery_target_item,-0.011696915287894903,0.00019515558412812746,3,5,0.00011267312903023306
frozen_policy,148,continuous_latent_trait,maximum_response_information_gain,0.002442129036355501,5.746562411116295e-05,3,5,3.317779354972978e-05
frozen_policy,148,continuous_latent_trait,maximum_skill_uncertainty,-0.000782585768512462,0.00023747018214504347,3,5,0.00013710347358595031
frozen_policy,148,continuous_latent_trait,target_success_070,0.00017642220990709266,0.0002434160384154005,3,5,0.00014053631530420378
frozen_policy,148,continuous_latent_trait,two_corner_robust_response_information_gain,0.0027504116008904233,0.0003378807099970725,3,5,0.0001950755188707917
frozen_policy,148,four_state_semimarkov,balanced_mastery,0.0023055555555555585,0.0027186768295815716,3,5,0.0015696287993985187
frozen_policy,148,four_state_semimarkov,blocked_median_item,0.0,0.0,3,5,0.0
frozen_policy,148,four_state_semimarkov,interleaved_median_item,0.0006666666666666692,0.006084474778757271,3,5,0.003512873151392999
frozen_policy,148,four_state_semimarkov,least_mastery_target_item,-0.00036111111111110974,0.0032127494859168874,3,5,0.001854881780532947
frozen_policy,148,four_state_semimarkov,maximum_response_information_gain,0.01258333333333333,0.0014813657362192755,3,5,0.000855266906574487
frozen_policy,148,four_state_semimarkov,maximum_skill_uncertainty,0.004472222222222221,0.000542200591553966,3,5,0.0003130396574884566
frozen_policy,148,four_state_semimarkov,target_success_070,5.782411586589357e-19,0.004886915637131916,3,5,0.0028214620586051033
frozen_policy,148,four_state_semimarkov,two_corner_robust_response_information_gain,0.009444444444444441,0.004622809791714388,3,5,0.00266898047765874
frozen_policy,149,binary_bktf,balanced_mastery,0.008666666666666668,0.003986957904635228,3,5,0.0023018712194888555
frozen_policy,149,binary_bktf,blocked_median_item,0.0,0.0,3,5,0.0
frozen_policy,149,binary_bktf,interleaved_median_item,-0.0016666666666666653,0.007875330680887842,3,5,0.004546824288567915
frozen_policy,149,binary_bktf,least_mastery_target_item,0.0030833333333333325,0.005269803917920794,3,5,0.003042522710588115
frozen_policy,149,binary_bktf,maximum_response_information_gain,0.01425,0.005202163011671204,3,5,0.003003470215156684
frozen_policy,149,binary_bktf,maximum_skill_uncertainty,0.006250000000000001,0.005894913061275799,3,5,0.003403429642777024
frozen_policy,149,binary_bktf,target_success_070,-0.0005833333333333321,0.006211548384528078,3,5,0.003586239131891671
frozen_policy,149,binary_bktf,two_corner_robust_response_information_gain,0.011916666666666666,0.004110454151712836,3,5,0.002373171810983021
frozen_policy,149,continuous_latent_trait,balanced_mastery,-0.0075805301280596725,0.00029899575773633687,3,5,0.00017262528121563024
frozen_policy,149,continuous_latent_trait,blocked_median_item,0.0,0.0,3,5,0.0
frozen_policy,149,continuous_latent_trait,interleaved_median_item,0.0001530102557508813,2.394896791341047e-06,3,5,1.3826943071621245e-06
frozen_policy,149,continuous_latent_trait,least_mastery_target_item,-0.014178256014711286,0.0006128389895333807,3,5,0.0003538227555769956
frozen_policy,149,continuous_latent_trait,maximum_response_information_gain,0.00025000264029603005,0.0007517770233456328,3,5,0.0004340386667991767
frozen_policy,149,continuous_latent_trait,maximum_skill_uncertainty,-0.0010710237859408167,5.917674472474096e-05,3,5,3.416570949659496e-05
frozen_policy,149,continuous_latent_trait,target_success_070,-0.00024091321625104253,0.00029176122279223526,3,5,0.00016844842051819142
frozen_policy,149,continuous_latent_trait,two_corner_robust_response_information_gain,0.0013594036466844598,0.00020477140547179876,3,5,0.00011822482607148103
frozen_policy,149,four_state_semimarkov,balanced_mastery,-0.0019166666666666674,0.0044464405239847,3,5,0.0025671536334582272
frozen_policy,149,four_state_semimarkov,blocked_median_item,0.0,0.0,3,5,0.0
frozen_policy,149,four_state_semimarkov,interleaved_median_item,0.0013333333333333342,0.0010137937550496964,3,5,0.0005853140973807037
frozen_policy,149,four_state_semimarkov,least_mastery_target_item,-0.004333333333333335,0.0033860416089850067,3,5,0.0019549320344347675
frozen_policy,149,four_state_semimarkov,maximum_response_information_gain,0.008694444444444444,0.003988118929093333,3,5,0.0023025415372722783
frozen_policy,149,four_state_semimarkov,maximum_skill_uncertainty,0.002861111111111108,0.001669442133479637,3,5,0.0009638528651609716
frozen_policy,149,four_state_semimarkov,target_success_070,0.0005833333333333295,0.00469337594677624,3,5,0.0027097218662793772
frozen_policy,149,four_state_semimarkov,two_corner_robust_response_information_gain,0.006694444444444445,0.0032019236116457867,3,5,0.0018486314591083138
frozen_policy,150,binary_bktf,balanced_mastery,0.012083333333333335,0.005625462943912559,3,5,0.0032478625449841804
frozen_policy,150,binary_bktf,blocked_median_item,0.0,0.0,3,5,0.0
frozen_policy,150,binary_bktf,interleaved_median_item,-8.333333333333311e-05,0.003013856886670853,3,5,0.0017400510848184247
frozen_policy,150,binary_bktf,least_mastery_target_item,0.007583333333333334,0.000520416499866533,3,5,0.0003004626062886657
frozen_policy,150,binary_bktf,maximum_response_information_gain,0.01775,0.0049244289008980495,3,5,0.002843120351538662
frozen_policy,150,binary_bktf,maximum_skill_uncertainty,0.006083333333333334,0.0031457643480294786,3,5,0.0018162078931419471
frozen_policy,150,binary_bktf,target_success_070,0.0014166666666666676,0.0027651100038395093,3,5,0.001596437005055668
frozen_policy,150,binary_bktf,two_corner_robust_response_information_gain,0.017833333333333336,0.0022546248764114467,3,5,0.0013017082793177755
frozen_policy,150,continuous_latent_trait,balanced_mastery,-0.006169244549467133,0.0001961898290744648,3,5,0.00011327025062840893
frozen_policy,150,continuous_latent_trait,blocked_median_item,0.0,0.0,3,5,0.0
frozen_policy,150,continuous_latent_trait,interleaved_median_item,0.00014412303919636568,4.919792850086481e-06,3,5,2.8404437263546264e-06
frozen_policy,150,continuous_latent_trait,least_mastery_target_item,-0.011799016718554196,0.00018443583553483847,3,5,0.00010648407929425254
frozen_policy,150,continuous_latent_trait,maximum_response_information_gain,0.00021516833731934342,0.00015044242002267122,3,5,8.685797169762797e-05
frozen_policy,150,continuous_latent_trait,maximum_skill_uncertainty,-0.00031709536743233785,0.0005247896154762794,3,5,0.00030298742576315016
frozen_policy,150,continuous_latent_trait,target_success_070,0.0016153546057372876,0.0008599224097795571,3,5,0.000496476434768419
frozen_policy,150,continuous_latent_trait,two_corner_robust_response_information_gain,0.001118395939468143,0.0003547292432562656,3,5,0.0002048030240834372
frozen_policy,150,four_state_semimarkov,balanced_mastery,-0.0013055555555555557,0.0018490488045158373,3,5,0.0010675488250319744
frozen_policy,150,four_state_semimarkov,blocked_median_item,0.0,0.0,3,5,0.0
frozen_policy,150,four_state_semimarkov,interleaved_median_item,0.002222222222222225,0.004565368834233722,3,5,0.002635816925394768
frozen_policy,150,four_state_semimarkov,least_mastery_target_item,-0.004999999999999999,0.0038251724725095037,3,5,0.0022084643567001085
frozen_policy,150,four_state_semimarkov,maximum_response_information_gain,0.006555555555555551,0.00293012766755105,3,5,0.001691709997620569
frozen_policy,150,four_state_semimarkov,maximum_skill_uncertainty,0.0037777777777777744,0.002230367018460648,3,5,0.001287702998499918
frozen_policy,150,four_state_semimarkov,target_success_070,0.0007777777777777735,0.002131661671438856,3,5,0.0012307154398264312
frozen_policy,150,four_state_semimarkov,two_corner_robust_response_information_gain,0.006777777777777778,0.005199047277395408,3,5,0.00300167134513383
frozen_policy,151,binary_bktf,balanced_mastery,0.0155,0.0043588989435406735,3,5,0.0025166114784235835
frozen_policy,151,binary_bktf,blocked_median_item,0.0,0.0,3,5,0.0
frozen_policy,151,binary_bktf,interleaved_median_item,-0.0015833333333333342,0.007320063751999251,3,5,0.00422624077770199
frozen_policy,151,binary_bktf,least_mastery_target_item,0.00608333333333333,0.006902596129959608,3,5,0.003985215733739449
frozen_policy,151,binary_bktf,maximum_response_information_gain,0.012166666666666664,0.006597032161004929,3,5,0.0038087982940088146
frozen_policy,151,binary_bktf,maximum_skill_uncertainty,0.004333333333333331,0.0018427786989579995,3,5,0.0010639287779003095
frozen_policy,151,binary_bktf,target_success_070,-0.0011666666666666672,0.0035472994422987942,3,5,0.002048034287907418
frozen_policy,151,binary_bktf,two_corner_robust_response_information_gain,0.011916666666666667,0.002268442931469367,3,5,0.001309686137125143
frozen_policy,151,continuous_latent_trait,balanced_mastery,-0.0046606629563546486,0.0006371797341757837,3,5,0.00036787589104856293
frozen_policy,151,continuous_latent_trait,blocked_median_item,0.0,0.0,3,5,0.0
frozen_policy,151,continuous_latent_trait,interleaved_median_item,0.00016528472472528477,4.597041215520054e-06,3,5,2.6541029832563076e-06
frozen_policy,151,continuous_latent_trait,least_mastery_target_item,-0.010509474346277177,0.0006291633226442095,3,5,0.00036324761369287373
frozen_policy,151,continuous_latent_trait,maximum_response_information_gain,0.002314726012668776,0.00012949111571595198,3,5,7.476173051626986e-05
frozen_policy,151,continuous_latent_trait,maximum_skill_uncertainty,-0.0009797594066520896,0.0005909211025465287,3,5,0.0003411684576250688
frozen_policy,151,continuous_latent_trait,target_success_070,0.0022801731926870602,0.0002573428767193536,3,5,0.0001485769791479515
frozen_policy,151,continuous_latent_trait,two_corner_robust_response_information_gain,0.0021316279590956424,0.0005005502275530179,3,5,0.00028899280862066334
frozen_policy,151,four_state_semimarkov,balanced_mastery,-0.00041666666666667195,0.002742413778650716,3,5,0.0015833333333333296
frozen_policy,151,four_state_semimarkov,blocked_median_item,0.0,0.0,3,5,0.0
frozen_policy,151,four_state_semimarkov,interleaved_median_item,0.0011944444444444452,0.0032514241893759777,3,5,0.0018772106309858816
frozen_policy,151,four_state_semimarkov,least_mastery_target_item,-0.002500000000000001,0.002753785273643053,3,5,0.001589898669028244
frozen_policy,151,four_state_semimarkov,maximum_response_information_gain,0.0071388888888888865,0.003120645113742654,3,5,0.0018017052964646118
frozen_policy,151,four_state_semimarkov,maximum_skill_uncertainty,0.00263888888888889,0.002508780875541235,3,5,0.001448445313831517
frozen_policy,151,four_state_semimarkov,target_success_070,0.003194444444444439,0.000127293769304331,3,5,7.349309197401762e-05
frozen_policy,151,four_state_semimarkov,two_corner_robust_response_information_gain,0.00830555555555555,0.0026930122195814076,3,5,0.0015548113299062773
frozen_policy,152,binary_bktf,balanced_mastery,0.014416666666666661,0.005363845013918037,3,5,0.003096817362677011
frozen_policy,152,binary_bktf,blocked_median_item,0.0,0.0,3,5,0.0
frozen_policy,152,binary_bktf,interleaved_median_item,-0.0045,0.0006614378277661444,3,5,0.00038188130791298486
frozen_policy,152,binary_bktf,least_mastery_target_item,0.007749999999999999,0.001999999999999999,3,5,0.0011547005383792512
frozen_policy,152,binary_bktf,maximum_response_information_gain,0.014416666666666666,0.0052519837521962445,3,5,0.0030322342331100425
frozen_policy,152,binary_bktf,maximum_skill_uncertainty,0.0010833333333333337,0.0017559422921421255,3,5,0.0010137937550497046
frozen_policy,152,binary_bktf,target_success_070,-0.006333333333333332,0.006774646362234217,3,5,0.003911343900900445
frozen_policy,152,binary_bktf,two_corner_robust_response_information_gain,0.009,0.00264575131106459,3,5,0.0015275252316519464
frozen_policy,152,continuous_latent_trait,balanced_mastery,-0.0035299741160098983,0.00012892587754863963,3,5,7.443539010821582e-05
frozen_policy,152,continuous_latent_trait,blocked_median_item,0.0,0.0,3,5,0.0
frozen_policy,152,continuous_latent_trait,interleaved_median_item,0.000160664837154465,6.669029771621186e-06,3,5,3.8503661338791205e-06
frozen_policy,152,continuous_latent_trait,least_mastery_target_item,-0.007474868584012442,0.0006910910961375945,3,5,0.0003990016303895938
frozen_policy,152,continuous_latent_trait,maximum_response_information_gain,0.0026384400248984988,0.0004547452465773347,3,5,0.00026254729052412696
frozen_policy,152,continuous_latent_trait,maximum_skill_uncertainty,-0.0003069204462986621,0.0004861919145085134,3,5,0.0002807030327193098
frozen_policy,152,continuous_latent_trait,target_success_070,0.00041042916647806253,0.0004450903850625747,3,5,0.0002569730536295917
frozen_policy,152,continuous_latent_trait,two_corner_robust_response_information_gain,0.0027214887691123196,0.0003663465198123613,3,5,0.00021151026183034938
frozen_policy,152,four_state_semimarkov,balanced_mastery,0.0017222222222222177,0.0019549320344347683,3,5,0.0011286805363283363
frozen_policy,152,four_state_semimarkov,blocked_median_item,0.0,0.0,3,5,0.0
frozen_policy,152,four_state_semimarkov,interleaved_median_item,0.0008888888888888874,0.0018899098547971145,3,5,0.0010911399634112406
frozen_policy,152,four_state_semimarkov,least_mastery_target_item,-0.0014166666666666661,0.0037332961307670197,3,5,0.002155419526062927
frozen_policy,152,four_state_semimarkov,maximum_response_information_gain,0.007027777777777776,0.0033085887111061808,3,5,0.0019102145829949105
frozen_policy,152,four_state_semimarkov,maximum_skill_uncertainty,0.0016944444444444435,0.005872093449655026,3,5,0.0033902547338649676
frozen_policy,152,four_state_semimarkov,target_success_070,-0.00038888888888889234,0.002394051269601693,3,5,0.0013822061449583027
frozen_policy,152,four_state_semimarkov,two_corner_robust_response_information_gain,0.005722222222222216,0.0031284240500669075,3,5,0.0018061964674454284
frozen_policy,153,binary_bktf,balanced_mastery,0.01525,0.0020463381929681146,3,5,0.0011814539065631534
frozen_policy,153,binary_bktf,blocked_median_item,0.0,0.0,3,5,0.0
frozen_policy,153,binary_bktf,interleaved_median_item,0.0034166666666666672,0.002362907813126306,3,5,0.0013642254619787427
frozen_policy,153,binary_bktf,least_mastery_target_item,0.00925,0.0015612494995996026,3,5,0.0009013878188659991
frozen_policy,153,binary_bktf,maximum_response_information_gain,0.014833333333333332,0.004645786621588783,3,5,0.002682246156571846
frozen_policy,153,binary_bktf,maximum_skill_uncertainty,0.0105,0.003191786333700926,3,5,0.0018427786989579985
frozen_policy,153,binary_bktf,target_success_070,0.005583333333333333,0.001527525231651946,3,5,0.0008819171036881964
frozen_policy,153,binary_bktf,two_corner_robust_response_information_gain,0.014750000000000001,0.004520785330006282,3,5,0.002610076627227638
frozen_policy,153,continuous_latent_trait,balanced_mastery,-0.004956318016369054,0.0004212386536642539,3,5,0.00024320225008613256
frozen_policy,153,continuous_latent_trait,blocked_median_item,0.0,0.0,3,5,0.0
frozen_policy,153,continuous_latent_trait,interleaved_median_item,0.00014357137819436168,2.4386311464594315e-06,3,5,1.4079443488625585e-06
frozen_policy,153,continuous_latent_trait,least_mastery_target_item,-0.011736499406948342,0.000834137789370124,3,5,0.0004815896772340805
frozen_policy,153,continuous_latent_trait,maximum_response_information_gain,0.00047012915106373125,0.0003235366713428798,3,5,0.00018679398429252714
frozen_policy,153,continuous_latent_trait,maximum_skill_uncertainty,-0.0008144283873968653,0.0001541460745263538,3,5,8.899627762231449e-05
frozen_policy,153,continuous_latent_trait,target_success_070,0.0021443978721561257,0.00024529215184037234,3,5,0.00014161948989514154
frozen_policy,153,continuous_latent_trait,two_corner_robust_response_information_gain,0.0009472897768569697,0.00043067226156385716,3,5,0.0002486487461463979
frozen_policy,153,four_state_semimarkov,balanced_mastery,-0.0003055555555555553,0.0027148426050823573,3,5,0.001567415108851764
frozen_policy,153,four_state_semimarkov,blocked_median_item,0.0,0.0,3,5,0.0
frozen_policy,153,four_state_semimarkov,interleaved_median_item,-0.0006111111111111123,0.0008552669065744878,3,5,0.0004937885787397591
frozen_policy,153,four_state_semimarkov,least_mastery_target_item,-0.00505555555555555,0.0034574128627781276,3,5,0.0019961382470246266
frozen_policy,153,four_state_semimarkov,maximum_response_information_gain,0.004166666666666665,0.0014457792977414527,3,5,0.0008347210667398159
frozen_policy,153,four_state_semimarkov,maximum_skill_uncertainty,0.0020000000000000013,0.002136000936329383,3,5,0.0012332207155790619
frozen_policy,153,four_state_semimarkov,target_success_070,0.00263888888888889,0.0045041133463798394,3,5,0.0026004510529929865
frozen_policy,153,four_state_semimarkov,two_corner_robust_response_information_gain,0.006499999999999998,0.005212831391011139,3,5,0.0030096296068404123
frozen_policy,154,binary_bktf,balanced_mastery,0.012999999999999998,0.002499999999999997,3,5,0.0014433756729740628
frozen_policy,154,binary_bktf,blocked_median_item,0.0,0.0,3,5,0.0
frozen_policy,154,binary_bktf,interleaved_median_item,0.006750000000000002,0.005425633603552677,3,5,0.0031324910215354174
frozen_policy,154,binary_bktf,least_mastery_target_item,0.0065833333333333325,0.004193248541803042,3,5,0.002420973174388992
frozen_policy,154,binary_bktf,maximum_response_information_gain,0.018583333333333334,0.004964457002868828,3,5,0.0028662305869866407
frozen_policy,154,binary_bktf,maximum_skill_uncertainty,0.014249999999999999,0.001984313483298442,3,5,0.0011456439237389597
frozen_policy,154,binary_bktf,target_success_070,0.002,0.007249999999999998,3,5,0.004185789451624786
frozen_policy,154,binary_bktf,two_corner_robust_response_information_gain,0.020416666666666666,0.005269803917920792,3,5,0.003042522710588114
frozen_policy,154,continuous_latent_trait,balanced_mastery,-0.006926235158837301,0.0006785971168517993,3,5,0.00039178822808569026
frozen_policy,154,continuous_latent_trait,blocked_median_item,0.0,0.0,3,5,0.0
frozen_policy,154,continuous_latent_trait,interleaved_median_item,0.0001696279898120622,9.136485630298042e-06,3,5,5.274952438099722e-06
frozen_policy,154,continuous_latent_trait,least_mastery_target_item,-0.011986252359408695,0.0002840069786474669,3,5,0.0001639715055738473
frozen_policy,154,continuous_latent_trait,maximum_response_information_gain,0.0006632302153987066,0.00036799269638097874,3,5,0.00021246068231537432
frozen_policy,154,continuous_latent_trait,maximum_skill_uncertainty,-0.0007621278276770015,0.00037308986083410425,3,5,0.00021540353158449013
frozen_policy,154,continuous_latent_trait,target_success_070,0.00024820020974660297,0.00043571253383269755,3,5,0.0002515587486976019
frozen_policy,154,continuous_latent_trait,two_corner_robust_response_information_gain,0.001118653830855748,0.00019012351320493227,3,5,0.00010976786152814502
frozen_policy,154,four_state_semimarkov,balanced_mastery,0.0002499999999999956,0.0014813657362192643,3,5,0.0008552669065744805
frozen_policy,154,four_state_semimarkov,blocked_median_item,0.0,0.0,3,5,0.0
frozen_policy,154,four_state_semimarkov,interleaved_median_item,-0.0013333333333333333,0.0028037673068767944,3,5,0.0016187558093703894
frozen_policy,154,four_state_semimarkov,least_mastery_target_item,-0.0030277777777777803,0.0014821468413282303,3,5,0.0008557178778194074
frozen_policy,154,four_state_semimarkov,maximum_response_information_gain,0.009138888888888884,0.00348242944146968,3,5,0.002010581575466398
frozen_policy,154,four_state_semimarkov,maximum_skill_uncertainty,0.002722222222222218,0.0009658521472618747,3,5,0.0005576349972190214
frozen_policy,154,four_state_semimarkov,target_success_070,0.0007777777777777757,0.0010551899951790342,3,5,0.0006092142277628154
frozen_policy,154,four_state_semimarkov,two_corner_robust_response_information_gain,0.008861111111111099,0.0017125625157553748,3,5,0.0009887484294754283
frozen_policy,155,binary_bktf,balanced_mastery,0.012666666666666665,0.00600173586001028,3,5,0.0034651038143819657
frozen_policy,155,binary_bktf,blocked_median_item,0.0,0.0,3,5,0.0
frozen_policy,155,binary_bktf,interleaved_median_item,0.0020833333333333337,0.006893535619211187,3,5,0.003979984645419853
frozen_policy,155,binary_bktf,least_mastery_target_item,0.008833333333333332,0.004536885862938736,3,5,0.002619372274250287
frozen_policy,155,binary_bktf,maximum_response_information_gain,0.01858333333333333,0.003875671984744497,3,5,0.0022376202636829267
frozen_policy,155,binary_bktf,maximum_skill_uncertainty,0.008166666666666668,0.006429100507328638,3,5,0.0037118429085533492
frozen_policy,155,binary_bktf,target_success_070,0.003416666666666668,0.007221207193629978,3,5,0.00416916591711633
frozen_policy,155,binary_bktf,two_corner_robust_response_information_gain,0.018416666666666665,0.004155819213263897,3,5,0.0023993633414813296
frozen_policy,155,continuous_latent_trait,balanced_mastery,-0.0045594152219226814,0.00033231187729744553,3,5,0.00019186035181259007
frozen_policy,155,continuous_latent_trait,blocked_median_item,0.0,0.0,3,5,0.0
frozen_policy,155,continuous_latent_trait,interleaved_median_item,0.00014843164520257968,6.72555806370787e-06,3,5,3.8830027585321976e-06
frozen_policy,155,continuous_latent_trait,least_mastery_target_item,-0.009868174110391724,0.0004956859830428645,3,5,0.0002861844357433221
frozen_policy,155,continuous_latent_trait,maximum_response_information_gain,0.0011611193054308687,5.216822238808866e-05,3,5,3.011933723890725e-05
frozen_policy,155,continuous_latent_trait,maximum_skill_uncertainty,-0.0006926981668394968,0.00011074474318434568,3,5,6.393850728881796e-05
frozen_policy,155,continuous_latent_trait,target_success_070,0.00014683794960561306,0.0003283660303345619,3,5,0.00018958221600638817
frozen_policy,155,continuous_latent_trait,two_corner_robust_response_information_gain,0.0017578635549709558,0.00030548096961182904,3,5,0.0001763695200376974
frozen_policy,155,four_state_semimarkov,balanced_mastery,0.0006388888888888946,0.005440545656185331,3,5,0.00314110049913705
frozen_policy,155,four_state_semimarkov,blocked_median_item,0.0,0.0,3,5,0.0
frozen_policy,155,four_state_semimarkov,interleaved_median_item,-0.00038888888888888827,0.001573066126085305,3,5,0.0009082101513484327
frozen_policy,155,four_state_semimarkov,least_mastery_target_item,-0.002861111111111106,0.002255138166088306,3,5,0.0013020046272508826
frozen_policy,155,four_state_semimarkov,maximum_response_information_gain,0.0049722222222222225,0.0012619796324000654,3,5,0.0007286042804780028
frozen_policy,155,four_state_semimarkov,maximum_skill_uncertainty,0.0021111111111111118,0.003400707987289533,3,5,0.0019633996718969224
frozen_policy,155,four_state_semimarkov,target_success_070,0.0005833333333333345,0.0005833333333333322,3,5,0.00033678765702728106
frozen_policy,155,four_state_semimarkov,two_corner_robust_response_information_gain,0.005611111111111111,0.0024949022099146623,3,5,0.0014404324624960226
frozen_policy,156,binary_bktf,balanced_mastery,0.009999999999999997,0.006968679932383174,3,5,0.004023369234857769
frozen_policy,156,binary_bktf,blocked_median_item,0.0,0.0,3,5,0.0
frozen_policy,156,binary_bktf,interleaved_median_item,0.0001666666666666653,0.003642915499065732,3,5,0.0021032382440206603
frozen_policy,156,binary_bktf,least_mastery_target_item,0.0018333333333333324,0.005149838185160126,3,5,0.002973260462485213
frozen_policy,156,binary_bktf,maximum_response_information_gain,0.013166666666666665,0.006345930454498641,3,5,0.0036638246561634343
frozen_policy,156,binary_bktf,maximum_skill_uncertainty,0.007749999999999997,0.0020463381929681133,3,5,0.0011814539065631525
frozen_policy,156,binary_bktf,target_success_070,-0.003833333333333334,0.0026259918760981223,3,5,0.0015161171165550213
frozen_policy,156,binary_bktf,two_corner_robust_response_information_gain,0.012916666666666661,0.005558402048550761,3,5,0.0032091449189949493
frozen_policy,156,continuous_latent_trait,balanced_mastery,-0.0038457719120709656,0.0005995790312052406,3,5,0.0003461671150668007
frozen_policy,156,continuous_latent_trait,blocked_median_item,0.0,0.0,3,5,0.0
frozen_policy,156,continuous_latent_trait,interleaved_median_item,0.00017178015861133399,4.3606170591326136e-06,3,5,2.517603432923089e-06
frozen_policy,156,continuous_latent_trait,least_mastery_target_item,-0.010767753421975565,0.0011469749949536772,3,5,0.0006622063220902753
frozen_policy,156,continuous_latent_trait,maximum_response_information_gain,0.0022667459149137456,0.00038726287574331606,3,5,0.00022358632555755215
frozen_policy,156,continuous_latent_trait,maximum_skill_uncertainty,-0.00018570043997033448,0.00034854244652478186,3,5,0.00020123107532509356
frozen_policy,156,continuous_latent_trait,target_success_070,-0.001029037573462817,0.0003135582143157196,3,5,0.0001810329194417991
frozen_policy,156,continuous_latent_trait,two_corner_robust_response_information_gain,0.0030322954563283804,0.000767115389094302,3,5,0.0004428942763930998
frozen_policy,156,four_state_semimarkov,balanced_mastery,-0.0003055555555555554,0.002424317391517622,3,5,0.0013996802985937907
frozen_policy,156,four_state_semimarkov,blocked_median_item,0.0,0.0,3,5,0.0
frozen_policy,156,four_state_semimarkov,interleaved_median_item,-0.0021944444444444485,0.0034654378163890423,3,5,0.0020007714561521227
frozen_policy,156,four_state_semimarkov,least_mastery_target_item,-0.0065000000000000014,0.001282900359861722,3,5,0.000740682868109633
frozen_policy,156,four_state_semimarkov,maximum_response_information_gain,0.007027777777777775,0.0033096380019125497,3,5,0.001910820391324426
frozen_policy,156,four_state_semimarkov,maximum_skill_uncertainty,-0.0003611111111111126,0.0017367221147045054,3,5,0.0010026969804322224
frozen_policy,156,four_state_semimarkov,target_success_070,-0.00047222222222222473,0.00342106762629792,3,5,0.0019751543149590183
frozen_policy,156,four_state_semimarkov,two_corner_robust_response_information_gain,0.006111111111111103,0.0032127494859168887,3,5,0.0018548817805329476
frozen_policy,157,binary_bktf,balanced_mastery,0.006416666666666665,0.0038432841858667332,3,5,0.0022189211592823902
frozen_policy,157,binary_bktf,blocked_median_item,0.0,0.0,3,5,0.0
frozen_policy,157,binary_bktf,interleaved_median_item,-0.0027500000000000003,0.009410765112359354,3,5,0.005433307770901012
frozen_policy,157,binary_bktf,least_mastery_target_item,0.001916666666666663,0.00893145191630864,3,5,0.005156576168134992
frozen_policy,157,binary_bktf,maximum_response_information_gain,0.01883333333333333,0.004303583777891784,3,5,0.002484675252645928
frozen_policy,157,binary_bktf,maximum_skill_uncertainty,0.008416666666666664,0.004018187817080396,3,5,0.0023199018178458415
frozen_policy,157,binary_bktf,target_success_070,0.0043333333333333305,0.007731159895729314,3,5,0.004463587246947359
frozen_policy,157,binary_bktf,two_corner_robust_response_information_gain,0.014249999999999997,0.0037499999999999973,3,5,0.0021650635094610953
frozen_policy,157,continuous_latent_trait,balanced_mastery,-0.006047650653469347,0.00048218549993258875,3,5,0.0002783899281854144
frozen_policy,157,continuous_latent_trait,blocked_median_item,0.0,0.0,3,5,0.0
frozen_policy,157,continuous_latent_trait,interleaved_median_item,0.00019292112799470474,7.590363763236213e-06,3,5,4.382298561951609e-06
frozen_policy,157,continuous_latent_trait,least_mastery_target_item,-0.011207455019193706,0.0003370575345047463,3,5,0.00019460025827870687
frozen_policy,157,continuous_latent_trait,maximum_response_information_gain,0.001066420356116488,0.00027654344300486193,3,5,0.00015966243126148296
frozen_policy,157,continuous_latent_trait,maximum_skill_uncertainty,-0.00020761625387734911,0.0007739668280665079,3,5,0.00044684995652803915
frozen_policy,157,continuous_latent_trait,target_success_070,0.0005389062141204365,4.378584340715372e-05,3,5,2.5279768477815003e-05
frozen_policy,157,continuous_latent_trait,two_corner_robust_response_information_gain,0.0015427159873193051,0.0004991112792682617,3,5,0.0002881620314411094
frozen_policy,157,four_state_semimarkov,balanced_mastery,-0.0008333333333333322,0.000726483157256783,3,5,0.0004194352464039329
frozen_policy,157,four_state_semimarkov,blocked_median_item,0.0,0.0,3,5,0.0
frozen_policy,157,four_state_semimarkov,interleaved_median_item,0.0010277777777777716,0.0017566013059736004,3,5,0.0010141742368627064
frozen_policy,157,four_state_semimarkov,least_mastery_target_item,-0.006111111111111111,0.001852800682850254,3,5,0.0010697149729983165
frozen_policy,157,four_state_semimarkov,maximum_response_information_gain,0.007777777777777775,0.0026011927463576593,3,5,0.0015017993323236966
frozen_policy,157,four_state_semimarkov,maximum_skill_uncertainty,0.003277777777777773,0.0018490488045158446,3,5,0.0010675488250319787
frozen_policy,157,four_state_semimarkov,target_success_070,0.0031666666666666636,0.0021032382440206595,3,5,0.0012143051663552435
frozen_policy,157,four_state_semimarkov,two_corner_robust_response_information_gain,0.007583333333333331,0.003836049762161304,3,5,0.002214744362808629
frozen_policy,158,binary_bktf,balanced_mastery,0.009833333333333331,0.0042890364108192575,3,5,0.002476276326350605
frozen_policy,158,binary_bktf,blocked_median_item,0.0,0.0,3,5,0.0
frozen_policy,158,binary_bktf,interleaved_median_item,8.333333333333233e-05,0.0020207259421636927,3,5,0.0011666666666666683
frozen_policy,158,binary_bktf,least_mastery_target_item,0.011750000000000002,0.0027838821814150138,3,5,0.001607275126832161
frozen_policy,158,binary_bktf,maximum_response_information_gain,0.013666666666666666,0.00462556302879264,3,5,0.0026705700598270115
frozen_policy,158,binary_bktf,maximum_skill_uncertainty,0.0050833333333333355,0.005547146413547542,3,5,0.0032026464750959404
frozen_policy,158,binary_bktf,target_success_070,-0.0007499999999999984,0.004630064794363034,3,5,0.002673169155390907
frozen_policy,158,binary_bktf,two_corner_robust_response_information_gain,0.012750000000000003,0.006339361166552983,3,5,0.003660031875999625
frozen_policy,158,continuous_latent_trait,balanced_mastery,-0.004296570284327564,0.00019900503583890613,3,5,0.00011489561101168358
frozen_policy,158,continuous_latent_trait,blocked_median_item,0.0,0.0,3,5,0.0
frozen_policy,158,continuous_latent_trait,interleaved_median_item,0.00021360681525839703,1.186760640760097e-05,3,5,6.851765754064947e-06
frozen_policy,158,continuous_latent_trait,least_mastery_target_item,-0.008342659400311411,0.0003584174931728489,3,5,0.00020693243616561518
frozen_policy,158,continuous_latent_trait,maximum_response_information_gain,0.0012861053310800983,0.00019378162869341522,3,5,0.0001118798754901474
frozen_policy,158,continuous_latent_trait,maximum_skill_uncertainty,-0.000312492185128821,0.000340350685546231,3,5,0.00019650155991899015
frozen_policy,158,continuous_latent_trait,target_success_070,0.0005442480401173827,0.0004406600388245325,3,5,0.0002544151920364548
frozen_policy,158,continuous_latent_trait,two_corner_robust_response_information_gain,0.0017482251521952952,0.0007956241091854992,3,5,0.00045935379361200415
frozen_policy,158,four_state_semimarkov,balanced_mastery,0.0010555555555555472,0.004168610657619014,3,5,0.0024067484853230806
frozen_policy,158,four_state_semimarkov,blocked_median_item,0.0,0.0,3,5,0.0
frozen_policy,158,four_state_semimarkov,interleaved_median_item,-0.0005833333333333401,0.0036808438042262932,3,5,0.0021251361612150167
frozen_policy,158,four_state_semimarkov,least_mastery_target_item,-5.493291007259889e-18,0.004472912300106541,3,5,0.0025824371205280996
frozen_policy,158,four_state_semimarkov,maximum_response_information_gain,0.008722222222222216,0.0015007714065822316,3,5,0.0008664707755823447
frozen_policy,158,four_state_semimarkov,maximum_skill_uncertainty,0.002361111111111105,0.0019263042719539782,3,5,0.0011121522899537554
frozen_policy,158,four_state_semimarkov,target_success_070,-0.00030555555555555864,0.0060013501567317065,3,5,0.0034648811284902535
frozen_policy,158,four_state_semimarkov,two_corner_robust_response_information_gain,0.00802777777777777,0.0013701513839042788,3,5,0.0007910572703276737
frozen_policy,159,binary_bktf,balanced_mastery,0.019416666666666662,0.00376109469879892,3,5,0.0021714690367992313
frozen_policy,159,binary_bktf,blocked_median_item,0.0,0.0,3,5,0.0
frozen_policy,159,binary_bktf,interleaved_median_item,0.005583333333333333,0.004758763845089744,3,5,0.0027474735869724223
frozen_policy,159,binary_bktf,least_mastery_target_item,0.0024166666666666646,0.004064582799419068,3,5,0.002346687973388122
frozen_policy,159,binary_bktf,maximum_response_information_gain,0.022250000000000002,0.0031917863337009257,3,5,0.0018427786989579982
frozen_policy,159,binary_bktf,maximum_skill_uncertainty,0.011666666666666664,0.00853058223882364,3,5,0.004925133951929069
frozen_policy,159,binary_bktf,target_success_070,0.002916666666666665,0.0026496855159307774,3,5,0.0015297966458904869
frozen_policy,159,binary_bktf,two_corner_robust_response_information_gain,0.01975,0.004506939094329984,3,5,0.0026020824993326645
frozen_policy,159,continuous_latent_trait,balanced_mastery,-0.005239070463344882,0.00020043904960939917,3,5,0.00011572353924809937
frozen_policy,159,continuous_latent_trait,blocked_median_item,0.0,0.0,3,5,0.0
frozen_policy,159,continuous_latent_trait,interleaved_median_item,0.00020454011537365,6.078253668068213e-06,3,5,3.5092813914620132e-06
frozen_policy,159,continuous_latent_trait,least_mastery_target_item,-0.012519181973379104,0.0009298087939531723,3,5,0.0005368253574837453
frozen_policy,159,continuous_latent_trait,maximum_response_information_gain,0.0017292883207483296,0.00029030851240169884,3,5,0.00016760969778316064
frozen_policy,159,continuous_latent_trait,maximum_skill_uncertainty,-0.0005416755849612954,0.0002603863257429844,3,5,0.00015033411526100963
frozen_policy,159,continuous_latent_trait,target_success_070,0.0015378683288400574,0.0004665352261640755,3,5,0.00026935423841227194
frozen_policy,159,continuous_latent_trait,two_corner_robust_response_information_gain,0.001882478896415916,0.0005496232636857135,3,5,0.00031732513924182735
frozen_policy,159,four_state_semimarkov,balanced_mastery,-0.0018333333333333333,0.0006508541396588838,3,5,0.00037577081273523885
frozen_policy,159,four_state_semimarkov,blocked_median_item,0.0,0.0,3,5,0.0
frozen_policy,159,four_state_semimarkov,interleaved_median_item,0.001361111111111111,0.0016379469986450626,3,5,0.0009456691405860666
frozen_policy,159,four_state_semimarkov,least_mastery_target_item,-0.006472222222222222,0.004522577108652067,3,5,0.0026111111111111105
frozen_policy,159,four_state_semimarkov,maximum_response_information_gain,0.006749999999999993,0.0023154073315749656,3,5,0.0013368010461684396
frozen_policy,159,four_state_semimarkov,maximum_skill_uncertainty,0.003944444444444446,0.003337844170075,3,5,0.0019271052301058243
frozen_policy,159,four_state_semimarkov,target_success_070,-0.0006388888888888877,0.0009477067838462194,3,5,0.0005471587667664492
frozen_policy,159,four_state_semimarkov,two_corner_robust_response_information_gain,0.00544444444444444,0.002000578620003427,3,5,0.0011550346047939886
frozen_policy,160,binary_bktf,balanced_mastery,0.013166666666666667,0.009767079058415229,3,5,0.005639025723572389
frozen_policy,160,binary_bktf,blocked_median_item,0.0,0.0,3,5,0.0
frozen_policy,160,binary_bktf,interleaved_median_item,0.0019999999999999987,0.005379358697837504,3,5,0.0031057741922640375
frozen_policy,160,binary_bktf,least_mastery_target_item,0.007916666666666667,0.010131428000698288,3,5,0.005849382683478469
frozen_policy,160,binary_bktf,maximum_response_information_gain,0.01275,0.003041381265149107,3,5,0.0017559422921421218
frozen_policy,160,binary_bktf,maximum_skill_uncertainty,0.003416666666666667,0.007973915809270456,3,5,0.004603742438977711
frozen_policy,160,binary_bktf,target_success_070,0.001416666666666666,0.003642915499065732,3,5,0.0021032382440206603
frozen_policy,160,binary_bktf,two_corner_robust_response_information_gain,0.013166666666666667,0.006453358298849779,3,5,0.0037258481510180257
frozen_policy,160,continuous_latent_trait,balanced_mastery,-0.0033669038877950012,0.0003124830179254197,3,5,0.00018041215451642772
frozen_policy,160,continuous_latent_trait,blocked_median_item,0.0,0.0,3,5,0.0
frozen_policy,160,continuous_latent_trait,interleaved_median_item,0.00016132357321653874,3.40177577365503e-06,3,5,1.9640161586424793e-06
frozen_policy,160,continuous_latent_trait,least_mastery_target_item,-0.00911268602722836,0.0010539129921820656,3,5,0.0006084769497387596
frozen_policy,160,continuous_latent_trait,maximum_response_information_gain,0.0017357851918434794,0.00043569841724254893,3,5,0.00025155059848047955
frozen_policy,160,continuous_latent_trait,maximum_skill_uncertainty,-0.0007895972869687642,0.0002084857584302959,3,5,0.00012036930875193464
frozen_policy,160,continuous_latent_trait,target_success_070,0.001948113560277638,0.000661283982807321,3,5,0.0003817924854845947
frozen_policy,160,continuous_latent_trait,two_corner_robust_response_information_gain,0.002397156554549636,0.0002934718469885183,3,5,0.0001694360498583977
frozen_policy,160,four_state_semimarkov,balanced_mastery,0.0024166666666666633,0.0031057741922640406,3,5,0.0017931195659458366
frozen_policy,160,four_state_semimarkov,blocked_median_item,0.0,0.0,3,5,0.0
frozen_policy,160,four_state_semimarkov,interleaved_median_item,-0.0030000000000000014,0.0042581620970137445,3,5,0.002458451032963947
frozen_policy,160,four_state_semimarkov,least_mastery_target_item,-0.0001111111111111105,0.0040571724326368165,3,5,0.0023424095961315948
frozen_policy,160,four_state_semimarkov,maximum_response_information_gain,0.005666666666666664,0.007090192757135265,3,5,0.00409352469693838
frozen_policy,160,four_state_semimarkov,maximum_skill_uncertainty,0.001333333333333334,0.0036808438042263015,3,5,0.0021251361612150215
frozen_policy,160,four_state_semimarkov,target_success_070,0.0009166666666666659,0.004567396535348242,3,5,0.0026369876191790717
frozen_policy,160,four_state_semimarkov,two_corner_robust_response_information_gain,0.006805555555555548,0.0040434560758139905,3,5,0.0023344904538276355
frozen_policy,161,binary_bktf,balanced_mastery,0.008583333333333335,0.008501225401866092,3,5,0.004908184774209073
frozen_policy,161,binary_bktf,blocked_median_item,0.0,0.0,3,5,0.0
frozen_policy,161,binary_bktf,interleaved_median_item,0.0019999999999999996,0.00859869176095992,3,5,0.004964457002868828
frozen_policy,161,binary_bktf,least_mastery_target_item,-0.00025000000000000125,0.008649421946003093,3,5,0.004993746088859542
frozen_policy,161,binary_bktf,maximum_response_information_gain,0.012333333333333333,0.004836923953643819,3,5,0.0027925993466860082
frozen_policy,161,binary_bktf,maximum_skill_uncertainty,0.008,0.0024622144504490295,3,5,0.0014215601757693336
frozen_policy,161,binary_bktf,target_success_070,-0.0025000000000000005,0.0018027756377319935,3,5,0.0010408329997330656
frozen_policy,161,binary_bktf,two_corner_robust_response_information_gain,0.015166666666666663,0.005822012824902855,3,5,0.003361340671683117
frozen_policy,161,continuous_latent_trait,balanced_mastery,-0.007363324217438384,0.0007210277701728672,3,5,0.0004162855772025005
frozen_policy,161,continuous_latent_trait,blocked_median_item,0.0,0.0,3,5,0.0
frozen_policy,161,continuous_latent_trait,interleaved_median_item,0.00015792808186109822,3.3204124841855305e-07,3,5,1.91704104156511e-07
frozen_policy,161,continuous_latent_trait,least_mastery_target_item,-0.014955044727324993,0.0009154211822685898,3,5,0.0005285186660046558
frozen_policy,161,continuous_latent_trait,maximum_response_information_gain,-0.0006167095505657608,0.0006649367643700052,3,5,0.0003839014199031013
frozen_policy,161,continuous_latent_trait,maximum_skill_uncertainty,-0.002780230065651182,0.0004939676336667691,3,5,0.0002851923462684716
frozen_policy,161,continuous_latent_trait,target_success_070,-0.0012802254187052734,0.0006712396435172051,3,5,0.00038754038887540683
frozen_policy,161,continuous_latent_trait,two_corner_robust_response_information_gain,-0.000456553762870686,0.00011410864052775998,3,5,6.588065432556447e-05
frozen_policy,161,four_state_semimarkov,balanced_mastery,-0.0035833333333333294,0.0017814631938693223,3,5,0.0010285282545318638
frozen_policy,161,four_state_semimarkov,blocked_median_item,0.0,0.0,3,5,0.0
frozen_policy,161,four_state_semimarkov,interleaved_median_item,-0.0013611111111111066,0.0014680233624137552,3,5,0.0008475636834662411
frozen_policy,161,four_state_semimarkov,least_mastery_target_item,-0.0074166666666666626,0.003412599204907207,3,5,0.001970265069589479
frozen_policy,161,four_state_semimarkov,maximum_response_information_gain,0.004305555555555552,0.004945068624771925,3,5,0.0028550367016732434
frozen_policy,161,four_state_semimarkov,maximum_skill_uncertainty,0.0007222222222222261,0.003505287012077185,3,5,0.0020237784000096616
frozen_policy,161,four_state_semimarkov,target_success_070,-0.0008333333333333309,0.0036808438042262863,3,5,0.002125136161215013
frozen_policy,161,four_state_semimarkov,two_corner_robust_response_information_gain,0.006305555555555555,0.004357571103943784,3,5,0.0025158448498748785
frozen_policy,162,binary_bktf,balanced_mastery,0.012916666666666665,0.0009464847243000478,3,5,0.0005464532103585014
frozen_policy,162,binary_bktf,blocked_median_item,0.0,0.0,3,5,0.0
frozen_policy,162,binary_bktf,interleaved_median_item,0.003999999999999999,0.0026339134382131887,3,5,0.0015206906325745573
frozen_policy,162,binary_bktf,least_mastery_target_item,0.004916666666666667,0.005051814855409225,3,5,0.002916666666666667
frozen_policy,162,binary_bktf,maximum_response_information_gain,0.011750000000000002,0.003499999999999997,3,5,0.0020207259421636888
frozen_policy,162,binary_bktf,maximum_skill_uncertainty,0.009,0.002136000936329382,3,5,0.0012332207155790614
frozen_policy,162,binary_bktf,target_success_070,0.0050833333333333355,0.005625462943912555,3,5,0.0032478625449841787
frozen_policy,162,binary_bktf,two_corner_robust_response_information_gain,0.012916666666666667,0.003547299442298793,3,5,0.0020480342879074178
frozen_policy,162,continuous_latent_trait,balanced_mastery,-0.005734477144376291,0.0004651418475555088,3,5,0.0002685497708975329
frozen_policy,162,continuous_latent_trait,blocked_median_item,0.0,0.0,3,5,0.0
frozen_policy,162,continuous_latent_trait,interleaved_median_item,0.00015503123177566653,2.461277180259824e-06,3,5,1.4210190425732925e-06
frozen_policy,162,continuous_latent_trait,least_mastery_target_item,-0.012885019175787556,0.0008583818700299989,3,5,0.0004955870037293142
frozen_policy,162,continuous_latent_trait,maximum_response_information_gain,0.0004410887242862612,0.0004983158976541858,3,5,0.00028770281765211423
frozen_policy,162,continuous_latent_trait,maximum_skill_uncertainty,-0.0009709491895179514,0.0003194253317874739,3,5,0.00018442030129348357
frozen_policy,162,continuous_latent_trait,target_success_070,-0.0012170972791141568,0.00043978196270187756,3,5,0.000253908234550671
frozen_policy,162,continuous_latent_trait,two_corner_robust_response_information_gain,0.0004713327496172821,7.419032891189444e-05,3,5,4.283380636854914e-05
frozen_policy,162,four_state_semimarkov,balanced_mastery,-0.0007222222222222266,0.0039196206354602595,3,5,0.002262994029004193
frozen_policy,162,four_state_semimarkov,blocked_median_item,0.0,0.0,3,5,0.0
frozen_policy,162,four_state_semimarkov,interleaved_median_item,0.0020000000000000005,0.0068348575535835225,3,5,0.003946106848434194
frozen_policy,162,four_state_semimarkov,least_mastery_target_item,-0.00375,0.003480102169636852,3,5,0.002009237924447237
frozen_policy,162,four_state_semimarkov,maximum_response_information_gain,0.005333333333333329,0.002803767306876783,3,5,0.001618755809370383
frozen_policy,162,four_state_semimarkov,maximum_skill_uncertainty,0.00408333333333333,0.003110242934420254,3,5,0.0017956995954326652
frozen_policy,162,four_state_semimarkov,target_success_070,-0.0027222222222222214,0.0035962300218938107,3,5,0.0020762843712082055
frozen_policy,162,four_state_semimarkov,two_corner_robust_response_information_gain,0.004444444444444441,0.0022005891467042566,3,5,0.0012705107362254715
frozen_policy,163,binary_bktf,balanced_mastery,0.005750000000000001,0.005567764362830022,3,5,0.0032145502536643188
frozen_policy,163,binary_bktf,blocked_median_item,0.0,0.0,3,5,0.0
frozen_policy,163,binary_bktf,interleaved_median_item,-0.0072499999999999995,0.0059107952087684434,3,5,0.003412599204907211
frozen_policy,163,binary_bktf,least_mastery_target_item,0.0007500000000000027,0.006968679932383177,3,5,0.00402336923485777
frozen_policy,163,binary_bktf,maximum_response_information_gain,0.014083333333333331,0.004625563028792641,3,5,0.002670570059827012
frozen_policy,163,binary_bktf,maximum_skill_uncertainty,0.007249999999999999,0.004,3,5,0.002309401076758503
frozen_policy,163,binary_bktf,target_success_070,-0.0004166666666666653,0.001010362971081847,3,5,0.0005833333333333345
frozen_policy,163,binary_bktf,two_corner_robust_response_information_gain,0.0135,0.0045069390943299845,3,5,0.002602082499332665
frozen_policy,163,continuous_latent_trait,balanced_mastery,-0.004620774685279167,0.0005697908082036808,3,5,0.0003289688764981695
frozen_policy,163,continuous_latent_trait,blocked_median_item,0.0,0.0,3,5,0.0
frozen_policy,163,continuous_latent_trait,interleaved_median_item,0.00012776971070310432,4.571030340898196e-06,3,5,2.63908559779152e-06
frozen_policy,163,continuous_latent_trait,least_mastery_target_item,-0.009718150170500916,0.00034287887926559037,3,5,0.0001979612132434258
frozen_policy,163,continuous_latent_trait,maximum_response_information_gain,0.00038475968161245266,0.00018405978613738187,3,5,0.00010626696707340237
frozen_policy,163,continuous_latent_trait,maximum_skill_uncertainty,-0.00041462286491612084,2.501072719749493e-05,3,5,1.4439950080101992e-05
frozen_policy,163,continuous_latent_trait,target_success_070,-0.0008798213970264983,0.0004630673306357043,3,5,0.00026735204799544534
frozen_policy,163,continuous_latent_trait,two_corner_robust_response_information_gain,0.0007991693868596902,0.00031451969883465825,3,5,0.00018158803278762998
frozen_policy,163,four_state_semimarkov,balanced_mastery,0.001999999999999997,0.002603416558635546,3,5,0.0015030832509409617
frozen_policy,163,four_state_semimarkov,blocked_median_item,0.0,0.0,3,5,0.0
frozen_policy,163,four_state_semimarkov,interleaved_median_item,0.0015555555555555533,0.0030245905752924814,3,5,0.0017462481828335193
frozen_policy,163,four_state_semimarkov,least_mastery_target_item,-0.000916666666666666,0.003979984645419851,3,5,0.0022978452064037285
frozen_policy,163,four_state_semimarkov,maximum_response_information_gain,0.00811111111111111,0.0006364688465216519,3,5,0.0003674654598700863
frozen_policy,163,four_state_semimarkov,maximum_skill_uncertainty,0.0036944444444444416,0.007375039234045041,3,5,0.0042579808870599565
frozen_policy,163,four_state_semimarkov,target_success_070,0.00027777777777778027,0.0032599562596474833,3,5,0.0018821366240538802
frozen_policy,163,four_state_semimarkov,two_corner_robust_response_information_gain,0.008305555555555554,0.004739266625560132,3,5,0.002736216862028552
frozen_policy,164,binary_bktf,balanced_mastery,0.014916666666666667,0.004913840995935187,3,5,0.002837007421758199
frozen_policy,164,binary_bktf,blocked_median_item,0.0,0.0,3,5,0.0
frozen_policy,164,binary_bktf,interleaved_median_item,-0.0009166666666666637,0.0071865035541167945,3,5,0.004149129761501534
frozen_policy,164,binary_bktf,least_mastery_target_item,0.015916666666666666,0.0027537852736430565,3,5,0.001589898669028246
frozen_policy,164,binary_bktf,maximum_response_information_gain,0.010416666666666666,0.0015069284433354266,3,5,0.0008700255424092123
frozen_policy,164,binary_bktf,maximum_skill_uncertainty,0.009666666666666667,0.0025535922410074257,3,5,0.0014743171677461771
frozen_policy,164,binary_bktf,target_success_070,0.00366666666666667,0.0035472994422987934,3,5,0.0020480342879074178
frozen_policy,164,binary_bktf,two_corner_robust_response_information_gain,0.01683333333333333,0.005281650625830274,3,5,0.003049362410588664
frozen_policy,164,continuous_latent_trait,balanced_mastery,-0.0030474807055076904,0.00015049051972978886,3,5,8.68857420764803e-05
frozen_policy,164,continuous_latent_trait,blocked_median_item,0.0,0.0,3,5,0.0
frozen_policy,164,continuous_latent_trait,interleaved_median_item,0.0001888889576321497,6.170642177934973e-06,3,5,3.5626219225036154e-06
frozen_policy,164,continuous_latent_trait,least_mastery_target_item,-0.006306929453849307,0.0005725069621996684,3,5,0.0003305370487389135
frozen_policy,164,continuous_latent_trait,maximum_response_information_gain,0.0008079624265703937,0.00037561755432112,3,5,0.0002168628960996475
frozen_policy,164,continuous_latent_trait,maximum_skill_uncertainty,-0.0008893223092839497,0.00012829920982266574,3,5,7.407358332793235e-05
frozen_policy,164,continuous_latent_trait,target_success_070,0.00011262752843558433,0.0002960165786547199,3,5,0.0001709052513708946
frozen_policy,164,continuous_latent_trait,two_corner_robust_response_information_gain,0.0016181099228940255,0.0007546197859855123,3,5,0.0004356799365745534
frozen_policy,164,four_state_semimarkov,balanced_mastery,0.0007222222222222235,0.003057701266807637,3,5,0.001765364649492849
frozen_policy,164,four_state_semimarkov,blocked_median_item,0.0,0.0,3,5,0.0
frozen_policy,164,four_state_semimarkov,interleaved_median_item,-0.0011944444444444413,0.001976130712425827,3,5,0.0011409195987729384
frozen_policy,164,four_state_semimarkov,least_mastery_target_item,0.0024444444444444505,0.0004882887730901942,3,5,0.00028191365458589575
frozen_policy,164,four_state_semimarkov,maximum_response_information_gain,0.0063888888888888875,0.0031823442326082223,3,5,0.0018373272993504103
frozen_policy,164,four_state_semimarkov,maximum_skill_uncertainty,0.0012222222222222276,0.0019460310986818938,3,5,0.0011235415786753746
frozen_policy,164,four_state_semimarkov,target_success_070,0.00036111111111111353,0.00025458753860866024,3,5,0.00014698618394803423
frozen_policy,164,four_state_semimarkov,two_corner_robust_response_information_gain,0.005833333333333333,0.0005000000000000007,3,5,0.0002886751345948133
frozen_policy,165,binary_bktf,balanced_mastery,0.011583333333333334,0.00893145191630864,3,5,0.005156576168134992
frozen_policy,165,binary_bktf,blocked_median_item,0.0,0.0,3,5,0.0
frozen_policy,165,binary_bktf,interleaved_median_item,0.000750000000000001,0.00898262211161084,3,5,0.005186119294167203
frozen_policy,165,binary_bktf,least_mastery_target_item,0.00825,0.00175,3,5,0.0010103629710818453
frozen_policy,165,binary_bktf,maximum_response_information_gain,0.01141666666666667,0.0011547005383792505,3,5,0.0006666666666666661
frozen_policy,165,binary_bktf,maximum_skill_uncertainty,0.0018333333333333329,0.0012332207155790625,3,5,0.0007120003121097947
frozen_policy,165,binary_bktf,target_success_070,-0.0005833333333333325,0.002565800719723442,3,5,0.0014813657362192647
frozen_policy,165,binary_bktf,two_corner_robust_response_information_gain,0.011000000000000001,0.005425633603552676,3,5,0.003132491021535417
frozen_policy,165,continuous_latent_trait,balanced_mastery,-0.005433587596075346,0.0006298569228164113,3,5,0.0003636480639390044
frozen_policy,165,continuous_latent_trait,blocked_median_item,0.0,0.0,3,5,0.0
frozen_policy,165,continuous_latent_trait,interleaved_median_item,0.0001425261489271895,2.8493300354385494e-06,3,5,1.6450614629705326e-06
frozen_policy,165,continuous_latent_trait,least_mastery_target_item,-0.013125739881522755,0.00042332037042686814,3,5,0.00024440412981940445
frozen_policy,165,continuous_latent_trait,maximum_response_information_gain,0.0025365818316716374,0.0002584079740821009,3,5,0.0001491919133970468
frozen_policy,165,continuous_latent_trait,maximum_skill_uncertainty,-0.0013357713354501244,0.0005986817177247192,3,5,0.00034564905088727417
frozen_policy,165,continuous_latent_trait,target_success_070,-0.0022092586546164613,0.00033028959933005135,3,5,0.0001906927890837388
frozen_policy,165,continuous_latent_trait,two_corner_robust_response_information_gain,0.002046220951716875,0.00026855961285475975,3,5,0.00015505296477515723
frozen_policy,165,four_state_semimarkov,balanced_mastery,-0.0006944444444444449,0.0033347219329908713,3,5,0.001925302605684829
frozen_policy,165,four_state_semimarkov,blocked_median_item,0.0,0.0,3,5,0.0
frozen_policy,165,four_state_semimarkov,interleaved_median_item,-0.003472222222222225,0.0035642255405212084,3,5,0.002057806575272459
frozen_policy,165,four_state_semimarkov,least_mastery_target_item,-0.006777777777777781,0.0037102835071869773,3,5,0.00214213318164423
frozen_policy,165,four_state_semimarkov,maximum_response_information_gain,0.0036388888888888825,0.0049281880074766825,3,5,0.0028452906727337484
frozen_policy,165,four_state_semimarkov,maximum_skill_uncertainty,-0.0005000000000000046,0.001664582029619847,3,5,0.0009610468828892322
frozen_policy,165,four_state_semimarkov,target_success_070,-0.005027777777777781,0.0019796417558440946,3,5,0.0011429467006356115
frozen_policy,165,four_state_semimarkov,two_corner_robust_response_information_gain,0.00583333333333333,0.003577514655610946,3,5,0.002065479049446811
frozen_policy,166,binary_bktf,balanced_mastery,0.010999999999999996,0.006144102863722255,3,5,0.003547299442298795
frozen_policy,166,binary_bktf,blocked_median_item,0.0,0.0,3,5,0.0
frozen_policy,166,binary_bktf,interleaved_median_item,-0.0022500000000000024,0.0031224989991992,3,5,0.0018027756377319952
frozen_policy,166,binary_bktf,least_mastery_target_item,0.00458333333333333,0.001527525231651947,3,5,0.0008819171036881971
frozen_policy,166,binary_bktf,maximum_response_information_gain,0.00983333333333333,0.00087797114607106,3,5,0.0005068968775248508
frozen_policy,166,binary_bktf,maximum_skill_uncertainty,0.0014999999999999996,0.0035000000000000022,3,5,0.0020207259421636914
frozen_policy,166,binary_bktf,target_success_070,-0.001916666666666668,0.0036170890690351183,3,5,0.0020883273476902785
frozen_policy,166,binary_bktf,two_corner_robust_response_information_gain,0.009499999999999996,0.0032691742076555023,3,5,0.0018874586088176858
frozen_policy,166,continuous_latent_trait,balanced_mastery,-0.0035063527260679466,0.0005836871606441052,3,5,0.00033699193932040247
frozen_policy,166,continuous_latent_trait,blocked_median_item,0.0,0.0,3,5,0.0
frozen_policy,166,continuous_latent_trait,interleaved_median_item,0.00016814236434239526,5.48766458712842e-06,3,5,3.1683046266009697e-06
frozen_policy,166,continuous_latent_trait,least_mastery_target_item,-0.009585725037224376,0.00028340403987950195,3,5,0.00016362339871385788
frozen_policy,166,continuous_latent_trait,maximum_response_information_gain,0.0025415087287332144,0.0007700618460413356,3,5,0.00044459541410462526
frozen_policy,166,continuous_latent_trait,maximum_skill_uncertainty,-0.0010958596450837833,0.0004318278950366969,3,5,0.0002493159514430264
frozen_policy,166,continuous_latent_trait,target_success_070,-0.0011009335150735918,0.0007923828620831539,3,5,0.00045748245872495504
frozen_policy,166,continuous_latent_trait,two_corner_robust_response_information_gain,0.003227887448263278,0.00022695015469552312,3,5,0.0001310297329060875
frozen_policy,166,four_state_semimarkov,balanced_mastery,-1.4275328604392474e-18,0.0016729049916570664,3,5,0.000965852147261876
frozen_policy,166,four_state_semimarkov,blocked_median_item,0.0,0.0,3,5,0.0
frozen_policy,166,four_state_semimarkov,interleaved_median_item,-0.004222222222222229,0.0031094985900433306,3,5,0.0017952698480062789
frozen_policy,166,four_state_semimarkov,least_mastery_target_item,-0.004111111111111113,0.002131661671438856,3,5,0.0012307154398264312
frozen_policy,166,four_state_semimarkov,maximum_response_information_gain,0.004944444444444441,0.0028702658284427045,3,5,0.0016571487486971798
frozen_policy,166,four_state_semimarkov,maximum_skill_uncertainty,0.00041666666666665916,0.0008207381501496811,3,5,0.0004738533919231139
frozen_policy,166,four_state_semimarkov,target_success_070,-0.003305555555555556,0.001568645322610615,3,5,0.0009056577992722859
frozen_policy,166,four_state_semimarkov,two_corner_robust_response_information_gain,0.006499999999999996,0.0008207381501496759,3,5,0.00047385339192311087
frozen_policy,167,binary_bktf,balanced_mastery,0.01308333333333333,0.005137687547266115,3,5,0.00296624528842628
frozen_policy,167,binary_bktf,blocked_median_item,0.0,0.0,3,5,0.0
frozen_policy,167,binary_bktf,interleaved_median_item,0.004333333333333332,0.004758763845089747,3,5,0.0027474735869724245
frozen_policy,167,binary_bktf,least_mastery_target_item,0.007916666666666664,0.006001735860010279,3,5,0.0034651038143819653
frozen_policy,167,binary_bktf,maximum_response_information_gain,0.014416666666666666,0.003818813079129866,3,5,0.002204792759220492
frozen_policy,167,binary_bktf,maximum_skill_uncertainty,0.013833333333333331,0.0030242078852706755,3,5,0.0017460272366464134
frozen_policy,167,binary_bktf,target_success_070,-7.228014483236697e-19,0.004981214711292819,3,5,0.0028759056544562333
frozen_policy,167,binary_bktf,two_corner_robust_response_information_gain,0.01783333333333333,0.0003818813079129866,3,5,0.0002204792759220492
frozen_policy,167,continuous_latent_trait,balanced_mastery,-0.0041228683615258605,0.00032551484986994975,3,5,0.00018793608619763612
frozen_policy,167,continuous_latent_trait,blocked_median_item,0.0,0.0,3,5,0.0
frozen_policy,167,continuous_latent_trait,interleaved_median_item,0.0001541200313463306,6.687911364279013e-06,3,5,3.861267426482845e-06
frozen_policy,167,continuous_latent_trait,least_mastery_target_item,-0.011010491563084661,0.0008672459679821516,3,5,0.0005007046930681128
frozen_policy,167,continuous_latent_trait,maximum_response_information_gain,0.0005488373725297306,0.0003762918687037735,3,5,0.00021725221168999098
frozen_policy,167,continuous_latent_trait,maximum_skill_uncertainty,-0.0009686014594982055,0.00048018859093931657,3,5,0.00027723701224060155
frozen_policy,167,continuous_latent_trait,target_success_070,-0.0025246116855749995,0.0005467638742430511,3,5,0.00031567426997738826
frozen_policy,167,continuous_latent_trait,two_corner_robust_response_information_gain,0.001009487048710589,0.00023202117626667165,3,5,0.00013395748857525648
frozen_policy,167,four_state_semimarkov,balanced_mastery,0.001638888888888887,0.0020955199125046995,3,5,0.0012098489855768093
frozen_policy,167,four_state_semimarkov,blocked_median_item,0.0,0.0,3,5,0.0
frozen_policy,167,four_state_semimarkov,interleaved_median_item,-0.00044444444444444333,0.0037697013340778226,3,5,0.0021764380799943225
frozen_policy,167,four_state_semimarkov,least_mastery_target_item,-0.001583333333333331,0.0014240006242195854,3,5,0.0008221471437193728
frozen_policy,167,four_state_semimarkov,maximum_response_information_gain,0.00719444444444444,0.0022194427061598024,3,5,0.0012813958438523134
frozen_policy,167,four_state_semimarkov,maximum_skill_uncertainty,0.0017222222222222203,0.0024781452144101005,3,5,0.0014307578066306546
frozen_policy,167,four_state_semimarkov,target_success_070,-0.0026388888888888903,0.0014174834246858967,3,5,0.0008183844368142351
frozen_policy,167,four_state_semimarkov,two_corner_robust_response_information_gain,0.008,0.0034681086744474663,3,5,0.0020023134767711208
frozen_policy,168,binary_bktf,balanced_mastery,0.011083333333333332,0.0035560980488919813,3,5,0.0020531141657924887
frozen_policy,168,binary_bktf,blocked_median_item,0.0,0.0,3,5,0.0
frozen_policy,168,binary_bktf,interleaved_median_item,0.005583333333333333,0.002753785273643055,3,5,0.0015898986690282453
frozen_policy,168,binary_bktf,least_mastery_target_item,0.011249999999999998,0.0036055512754639904,3,5,0.0020816659994661335
frozen_policy,168,binary_bktf,maximum_response_information_gain,0.019416666666666662,0.004645786621588789,3,5,0.0026822461565718493
frozen_policy,168,binary_bktf,maximum_skill_uncertainty,0.008083333333333333,0.0014433756729740638,3,5,0.0008333333333333331
frozen_policy,168,binary_bktf,target_success_070,0.0015000000000000002,0.001750000000000004,3,5,0.0010103629710818474
frozen_policy,168,binary_bktf,two_corner_robust_response_information_gain,0.0175,0.003929058411375431,3,5,0.0022684429314693685
frozen_policy,168,continuous_latent_trait,balanced_mastery,-0.005072574061742637,0.00025150367985951594,3,5,0.000145205717269073
frozen_policy,168,continuous_latent_trait,blocked_median_item,0.0,0.0,3,5,0.0
frozen_policy,168,continuous_latent_trait,interleaved_median_item,0.00015697451802014215,5.737125564288284e-06,3,5,3.3123309889165246e-06
frozen_policy,168,continuous_latent_trait,least_mastery_target_item,-0.009363390301509638,0.0005572115593146193,3,5,0.0003217062437658666
frozen_policy,168,continuous_latent_trait,maximum_response_information_gain,0.0012700651583242815,0.00017698532630870393,3,5,0.00010218252578694398
frozen_policy,168,continuous_latent_trait,maximum_skill_uncertainty,-0.0006616273711866332,0.0005170894424017891,3,5,0.0002985417287657865
frozen_policy,168,continuous_latent_trait,target_success_070,0.0023005130120764394,0.000675578604648971,3,5,0.0003900454892528352
frozen_policy,168,continuous_latent_trait,two_corner_robust_response_information_gain,0.002120955232580946,0.000719592003149813,3,5,0.0004154566367252466
frozen_policy,168,four_state_semimarkov,balanced_mastery,0.0026944444444444438,0.0038100136093856254,3,5,0.0021997123829949287
frozen_policy,168,four_state_semimarkov,blocked_median_item,0.0,0.0,3,5,0.0
frozen_policy,168,four_state_semimarkov,interleaved_median_item,0.0021111111111111118,0.0035279964936574533,3,5,0.0020368897253131867
frozen_policy,168,four_state_semimarkov,least_mastery_target_item,-2.7777777777776454e-05,0.00241858161678225,3,5,0.0013963687475063125
frozen_policy,168,four_state_semimarkov,maximum_response_information_gain,0.00633333333333333,0.002005201569252666,3,5,0.001157703665787487
frozen_policy,168,four_state_semimarkov,maximum_skill_uncertainty,0.004527777777777779,0.007276929551926677,3,5,0.00420133723567881
frozen_policy,168,four_state_semimarkov,target_success_070,0.003138888888888891,0.0010011567383855636,3,5,0.000578018112407913
frozen_policy,168,four_state_semimarkov,two_corner_robust_response_information_gain,0.00808333333333333,0.004306809853140853,3,5,0.002486537828059404
frozen_policy,169,binary_bktf,balanced_mastery,0.010916666666666665,0.008882332651580513,3,5,0.005128217147421812
frozen_policy,169,binary_bktf,blocked_median_item,0.0,0.0,3,5,0.0
frozen_policy,169,binary_bktf,interleaved_median_item,0.0020833333333333333,0.007731159895729316,3,5,0.00446358724694736
frozen_policy,169,binary_bktf,least_mastery_target_item,0.002750000000000002,0.005055937104039169,3,5,0.002919046648022831
frozen_policy,169,binary_bktf,maximum_response_information_gain,0.012833333333333334,0.007005949852327901,3,5,0.004044887033170533
frozen_policy,169,binary_bktf,maximum_skill_uncertainty,0.005916666666666668,0.00800130197738676,3,5,0.0046195538505117316
frozen_policy,169,binary_bktf,target_success_070,0.001083333333333333,0.007883262860854844,3,5,0.004551403934807124
frozen_policy,169,binary_bktf,two_corner_robust_response_information_gain,0.011333333333333332,0.005625462943912557,3,5,0.0032478625449841795
frozen_policy,169,continuous_latent_trait,balanced_mastery,-0.005555384290609089,0.0003631221610313118,3,5,0.0002096486774201465
frozen_policy,169,continuous_latent_trait,blocked_median_item,0.0,0.0,3,5,0.0
frozen_policy,169,continuous_latent_trait,interleaved_median_item,0.0001514067823372675,7.738350199723047e-06,3,5,4.467738570893696e-06
frozen_policy,169,continuous_latent_trait,least_mastery_target_item,-0.01559477420424476,0.0001599087549192046,3,5,9.232336269838068e-05
frozen_policy,169,continuous_latent_trait,maximum_response_information_gain,0.0012895019019956108,0.0006680621041787928,3,5,0.00038570583568301386
frozen_policy,169,continuous_latent_trait,maximum_skill_uncertainty,-0.001240333964670458,0.00032977287243920366,3,5,0.00019039445667421036
frozen_policy,169,continuous_latent_trait,target_success_070,-0.002195648589812254,0.00024174382625919582,3,5,0.00013957086316567684
frozen_policy,169,continuous_latent_trait,two_corner_robust_response_information_gain,0.0015108446578347221,0.00031442947336887304,3,5,0.00018153594109067113
frozen_policy,169,four_state_semimarkov,balanced_mastery,0.0006666666666666649,0.0022376202636829306,3,5,0.0012918906615815014
frozen_policy,169,four_state_semimarkov,blocked_median_item,0.0,0.0,3,5,0.0
frozen_policy,169,four_state_semimarkov,interleaved_median_item,-0.0005000000000000039,0.002001735358244054,3,5,0.0011557024479285965
frozen_policy,169,four_state_semimarkov,least_mastery_target_item,-0.007583333333333332,0.0032797781090257373,3,5,0.0018935807741282513
frozen_policy,169,four_state_semimarkov,maximum_response_information_gain,0.006666666666666658,0.0007637626158259768,3,5,0.00044095855184410045
frozen_policy,169,four_state_semimarkov,maximum_skill_uncertainty,0.0020277777777777755,0.0005912165737164642,3,5,0.00034133904798456887
frozen_policy,169,four_state_semimarkov,target_success_070,-0.0014722222222222263,0.0009366508500048527,3,5,0.0005407756203869935
frozen_policy,169,four_state_semimarkov,two_corner_robust_response_information_gain,0.0056666666666666575,0.001740051084818429,3,5,0.0010046189622236203
frozen_policy,170,binary_bktf,balanced_mastery,0.012750000000000003,0.0002500000000000002,3,5,0.00014433756729740658
frozen_policy,170,binary_bktf,blocked_median_item,0.0,0.0,3,5,0.0
frozen_policy,170,binary_bktf,interleaved_median_item,8.333333333333311e-05,0.006345930454498642,3,5,0.0036638246561634356
frozen_policy,170,binary_bktf,least_mastery_target_item,0.007499999999999997,0.006279928343540233,3,5,0.0036257183196345146
frozen_policy,170,binary_bktf,maximum_response_information_gain,0.015,0.0006614378277661492,3,5,0.00038188130791298757
frozen_policy,170,binary_bktf,maximum_skill_uncertainty,0.007000000000000002,0.004205650960315178,3,5,0.0024281337140555762
frozen_policy,170,binary_bktf,target_success_070,0.0029999999999999996,0.000866025403784436,3,5,0.0004999999999999985
frozen_policy,170,binary_bktf,two_corner_robust_response_information_gain,0.014166666666666666,0.0019094065395649346,3,5,0.001102396379610247
frozen_policy,170,continuous_latent_trait,balanced_mastery,-0.003910067525482414,0.0004494588859046424,3,5,0.00025949520876671463
frozen_policy,170,continuous_latent_trait,blocked_median_item,0.0,0.0,3,5,0.0
frozen_policy,170,continuous_latent_trait,interleaved_median_item,0.0001264060074548377,8.592588301143754e-06,3,5,4.960933168700976e-06
frozen_policy,170,continuous_latent_trait,least_mastery_target_item,-0.009062891357859629,0.0008676014972470555,3,5,0.0005009099579849098
frozen_policy,170,continuous_latent_trait,maximum_response_information_gain,0.0022305240208702758,0.0002907634445946638,3,5,0.000167872353007232
frozen_policy,170,continuous_latent_trait,maximum_skill_uncertainty,-0.0007213946265387947,0.00019092471761994185,3,5,0.00011023043711282672
frozen_policy,170,continuous_latent_trait,target_success_070,4.9447278285629555e-05,0.0006640986066949241,3,5,0.0003834175093437699
frozen_policy,170,continuous_latent_trait,two_corner_robust_response_information_gain,0.0019273465342842823,0.00012329925634040775,3,5,7.118685883901509e-05
frozen_policy,170,four_state_semimarkov,balanced_mastery,0.004083333333333335,0.00536449231314369,3,5,0.003097191081059188
frozen_policy,170,four_state_semimarkov,blocked_median_item,0.0,0.0,3,5,0.0
frozen_policy,170,four_state_semimarkov,interleaved_median_item,0.0025555555555555557,0.0033295116981545757,3,5,0.0019222944751995524
frozen_policy,170,four_state_semimarkov,least_mastery_target_item,-0.0019444444444444407,0.0034824294414696776,3,5,0.0020105815754663968
frozen_policy,170,four_state_semimarkov,maximum_response_information_gain,0.006444444444444443,0.00619438216211838,3,5,0.003576328208762463
frozen_policy,170,four_state_semimarkov,maximum_skill_uncertainty,0.0038333333333333344,0.002171469036799234,3,5,0.0012536982329329751
frozen_policy,170,four_state_semimarkov,target_success_070,0.001416666666666666,0.006276610019216847,3,5,0.003623802484193149
frozen_policy,170,four_state_semimarkov,two_corner_robust_response_information_gain,0.00869444444444444,0.0026435631117728057,3,5,0.0015262618742017942
frozen_policy,171,binary_bktf,balanced_mastery,0.009666666666666665,0.0017736497211493965,3,5,0.0010240171439537089
frozen_policy,171,binary_bktf,blocked_median_item,0.0,0.0,3,5,0.0
frozen_policy,171,binary_bktf,interleaved_median_item,0.002916666666666667,0.0027424137786507237,3,5,0.0015833333333333342
frozen_policy,171,binary_bktf,least_mastery_target_item,0.004499999999999998,0.001732050807568877,3,5,0.0009999999999999998
frozen_policy,171,binary_bktf,maximum_response_information_gain,0.014999999999999998,0.004130677910464579,3,5,0.002384848003542366
frozen_policy,171,binary_bktf,maximum_skill_uncertainty,0.007583333333333332,0.005547146413547542,3,5,0.0032026464750959404
frozen_policy,171,binary_bktf,target_success_070,0.003666666666666665,0.001506928443335428,3,5,0.0008700255424092132
frozen_policy,171,binary_bktf,two_corner_robust_response_information_gain,0.01208333333333333,0.00404145188432738,3,5,0.0023333333333333335
frozen_policy,171,continuous_latent_trait,balanced_mastery,-0.007243777975503221,0.00013759548939308353,3,5,7.944079284037507e-05
frozen_policy,171,continuous_latent_trait,blocked_median_item,0.0,0.0,3,5,0.0
frozen_policy,171,continuous_latent_trait,interleaved_median_item,0.00013372310887563513,4.477063165932712e-06,3,5,2.5848336240302097e-06
frozen_policy,171,continuous_latent_trait,least_mastery_target_item,-0.016495677109648204,0.0002392300471034443,3,5,0.00013811953209342043
frozen_policy,171,continuous_latent_trait,maximum_response_information_gain,0.0013733237207098168,0.00024185244133138054,3,5,0.00013963357210684073
frozen_policy,171,continuous_latent_trait,maximum_skill_uncertainty,-0.00035356816373185995,0.00021690269372032,3,5,0.0001252288286073817
frozen_policy,171,continuous_latent_trait,target_success_070,-0.0009216242550905092,0.0006009310440762264,3,5,0.0003469477000618122
frozen_policy,171,continuous_latent_trait,two_corner_robust_response_information_gain,0.001722519107797784,0.0006118636249694729,3,5,0.0003532596285834654
frozen_policy,171,four_state_semimarkov,balanced_mastery,-0.0019444444444444463,0.004845052841511331,3,5,0.0027972925622845282
frozen_policy,171,four_state_semimarkov,blocked_median_item,0.0,0.0,3,5,0.0
frozen_policy,171,four_state_semimarkov,interleaved_median_item,0.0007500000000000029,0.0014018836534383952,3,5,0.0008093779046851935
frozen_policy,171,four_state_semimarkov,least_mastery_target_item,-0.008666666666666668,0.0025166114784235865,3,5,0.00145296631451356
frozen_policy,171,four_state_semimarkov,maximum_response_information_gain,0.006388888888888886,0.0023427389794695263,3,5,0.0013525809804377602
frozen_policy,171,four_state_semimarkov,maximum_skill_uncertainty,0.002527777777777777,0.0046280645502716905,3,5,0.002672014313926325
frozen_policy,171,four_state_semimarkov,target_success_070,-0.0032777777777777757,0.0005422005915539776,3,5,0.00031303965748846334
frozen_policy,171,four_state_semimarkov,two_corner_robust_response_information_gain,0.00619444444444444,0.0034704439891001682,3,5,0.002003661771314501
frozen_policy,172,binary_bktf,balanced_mastery,0.014333333333333335,0.007285830998131469,3,5,0.004206476488041323
frozen_policy,172,binary_bktf,blocked_median_item,0.0,0.0,3,5,0.0
frozen_policy,172,binary_bktf,interleaved_median_item,-0.0013333333333333333,0.005965176722724426,3,5,0.0034439963866286375
frozen_policy,172,binary_bktf,least_mastery_target_item,0.004583333333333334,0.001892969448600089,3,5,0.0010929064207169988
frozen_policy,172,binary_bktf,maximum_response_information_gain,0.014916666666666667,0.004536885862938735,3,5,0.0026193722742502866
frozen_policy,172,binary_bktf,maximum_skill_uncertainty,0.01,0.009216154295583383,3,5,0.005320949163448193
frozen_policy,172,binary_bktf,target_success_070,0.004833333333333333,0.0074847066297439695,3,5,0.004321297387488057
frozen_policy,172,binary_bktf,two_corner_robust_response_information_gain,0.011916666666666666,0.004771879434073471,3,5,0.002755045875802758
frozen_policy,172,continuous_latent_trait,balanced_mastery,-0.004013257664375466,0.00023420996732217663,3,5,0.00013522118768035215
frozen_policy,172,continuous_latent_trait,blocked_median_item,0.0,0.0,3,5,0.0
frozen_policy,172,continuous_latent_trait,interleaved_median_item,0.00021621172904841315,2.4027126468052613e-06,3,5,1.3872067934183358e-06
frozen_policy,172,continuous_latent_trait,least_mastery_target_item,-0.010132399966347747,0.00019140649903018363,3,5,0.00011050859373972037
frozen_policy,172,continuous_latent_trait,maximum_response_information_gain,0.001880662699369368,0.0005263987133899188,3,5,0.0003039164388767423
frozen_policy,172,continuous_latent_trait,maximum_skill_uncertainty,-1.0085068152855096e-06,0.00029011305169731493,3,5,0.0001674968484928686
frozen_policy,172,continuous_latent_trait,target_success_070,-0.0005750856455357767,0.000656444592745397,3,5,0.00037899846232962924
frozen_policy,172,continuous_latent_trait,two_corner_robust_response_information_gain,0.002197231198406001,0.00010647669672971742,3,5,6.14743495193245e-05
frozen_policy,172,four_state_semimarkov,balanced_mastery,-0.002305555555555552,0.0024893290781371723,3,5,0.0014372148133640595
frozen_policy,172,four_state_semimarkov,blocked_median_item,0.0,0.0,3,5,0.0
frozen_policy,172,four_state_semimarkov,interleaved_median_item,0.0007499999999999995,0.0005464532103584985,3,5,0.00031549490810001433
frozen_policy,172,four_state_semimarkov,least_mastery_target_item,-0.002777777777777776,0.0026878498910908343,3,5,0.0015518308581625995
frozen_policy,172,four_state_semimarkov,maximum_response_information_gain,0.007944444444444441,0.0029277566939995593,3,5,0.0016903411154023744
frozen_policy,172,four_state_semimarkov,maximum_skill_uncertainty,0.0014722222222222203,0.001424813178136904,3,5,0.0008226162719422677
frozen_policy,172,four_state_semimarkov,target_success_070,0.0014444444444444444,0.0014489779284161078,3,5,0.0008365677970208662
frozen_policy,172,four_state_semimarkov,two_corner_robust_response_information_gain,0.008194444444444442,0.0026774953746890894,3,5,0.0015458526753307238
frozen_policy,173,binary_bktf,balanced_mastery,0.011749999999999998,0.0002499999999999963,3,5,0.00014433756729740434
frozen_policy,173,binary_bktf,blocked_median_item,0.0,0.0,3,5,0.0
frozen_policy,173,binary_bktf,interleaved_median_item,0.0038333333333333323,0.00326279532507532,3,5,0.0018837757592428887
frozen_policy,173,binary_bktf,least_mastery_target_item,0.012083333333333333,0.004049176871085449,3,5,0.002337793356517591
frozen_policy,173,binary_bktf,maximum_response_information_gain,0.0185,0.0071545440106270935,3,5,0.004130677910464577
frozen_policy,173,binary_bktf,maximum_skill_uncertainty,0.010583333333333333,0.002240721609958124,3,5,0.0012936812246883346
frozen_policy,173,binary_bktf,target_success_070,0.0042499999999999994,0.006000000000000002,3,5,0.0034641016151377556
frozen_policy,173,binary_bktf,two_corner_robust_response_information_gain,0.016999999999999998,0.0022220486043288993,3,5,0.0012829003598617222
frozen_policy,173,continuous_latent_trait,balanced_mastery,-0.004632700563661446,0.00033052924871843027,3,5,0.0001908311507226305
frozen_policy,173,continuous_latent_trait,blocked_median_item,0.0,0.0,3,5,0.0
frozen_policy,173,continuous_latent_trait,interleaved_median_item,0.00017900397474384421,3.5660828367834987e-06,3,5,2.0588788857694573e-06
frozen_policy,173,continuous_latent_trait,least_mastery_target_item,-0.010076932950326375,0.00013588021284637316,3,5,7.845047746439718e-05
frozen_policy,173,continuous_latent_trait,maximum_response_information_gain,0.002440994013086812,0.0005159497228462801,3,5,0.00029788371137361267
frozen_policy,173,continuous_latent_trait,maximum_skill_uncertainty,-0.000564766843453404,0.0002070205904193285,3,5,0.00011952339360639458
frozen_policy,173,continuous_latent_trait,target_success_070,0.0016304667814795832,0.00010066418364839566,3,5,5.811849352715516e-05
frozen_policy,173,continuous_latent_trait,two_corner_robust_response_information_gain,0.0025060640562497337,0.00015251909837664195,3,5,8.805694250431325e-05
frozen_policy,173,four_state_semimarkov,balanced_mastery,0.00022222222222221884,0.0023368029758942346,3,5,0.001349153827175655
frozen_policy,173,four_state_semimarkov,blocked_median_item,0.0,0.0,3,5,0.0
frozen_policy,173,four_state_semimarkov,interleaved_median_item,-0.0030000000000000005,0.0021650635094610884,3,5,0.0012499999999999953
frozen_policy,173,four_state_semimarkov,least_mastery_target_item,-0.004833333333333333,0.001876388374866285,3,5,0.0010833333333333342
frozen_policy,173,four_state_semimarkov,maximum_response_information_gain,0.0055000000000000005,0.0023906647146301786,3,5,0.0013802509165338735
frozen_policy,173,four_state_semimarkov,maximum_skill_uncertainty,0.001555555555555561,0.00020971762320196177,3,5,0.00012108052620946114
frozen_policy,173,four_state_semimarkov,target_success_070,0.002916666666666666,0.0025426910503987296,3,5,0.0014680233624137589
frozen_policy,173,four_state_semimarkov,two_corner_robust_response_information_gain,0.005333333333333329,0.002292802748699607,3,5,0.0013237502841604322
frozen_policy,174,binary_bktf,balanced_mastery,0.016833333333333332,0.008530582238823638,3,5,0.0049251339519290685
frozen_policy,174,binary_bktf,blocked_median_item,0.0,0.0,3,5,0.0
frozen_policy,174,binary_bktf,interleaved_median_item,0.0034166666666666685,0.0063557716552227845,3,5,0.003669506476050668
frozen_policy,174,binary_bktf,least_mastery_target_item,0.007666666666666666,0.003262795325075313,3,5,0.0018837757592428848
frozen_policy,174,binary_bktf,maximum_response_information_gain,0.016916666666666667,0.005558402048550761,3,5,0.0032091449189949493
frozen_policy,174,binary_bktf,maximum_skill_uncertainty,0.008833333333333334,0.002929732638541154,3,5,0.001691481927515368
frozen_policy,174,binary_bktf,target_success_070,0.0048333333333333344,0.008661456767388113,3,5,0.005000694396225833
frozen_policy,174,binary_bktf,two_corner_robust_response_information_gain,0.0175,0.007798236980241111,3,5,0.0045023142197467
frozen_policy,174,continuous_latent_trait,balanced_mastery,-0.0039401198690703,0.0003396385574685264,3,5,0.00019609041258162989
frozen_policy,174,continuous_latent_trait,blocked_median_item,0.0,0.0,3,5,0.0
frozen_policy,174,continuous_latent_trait,interleaved_median_item,0.0001325819631422486,3.0359858105167276e-06,3,5,1.752827224957717e-06
frozen_policy,174,continuous_latent_trait,least_mastery_target_item,-0.009270495179431454,0.0005037084798779316,3,5,0.000290816226450621
frozen_policy,174,continuous_latent_trait,maximum_response_information_gain,0.0030825098239963614,0.00010436761968605118,3,5,6.025667332042214e-05
frozen_policy,174,continuous_latent_trait,maximum_skill_uncertainty,-5.2056570417352036e-05,0.00027905034753729715,3,5,0.00016110979326811715
frozen_policy,174,continuous_latent_trait,target_success_070,0.0005565290250978553,0.00037992154033725413,3,5,0.00021934780358465094
frozen_policy,174,continuous_latent_trait,two_corner_robust_response_information_gain,0.0036519261927118215,0.0004783819509851613,3,5,0.0002761939481767412
frozen_policy,174,four_state_semimarkov,balanced_mastery,0.0032777777777777753,0.0016777409856157173,3,5,0.0009686442096757025
frozen_policy,174,four_state_semimarkov,blocked_median_item,0.0,0.0,3,5,0.0
frozen_policy,174,four_state_semimarkov,interleaved_median_item,-1.951563910473908e-18,0.0007637626158259724,3,5,0.00044095855184409795
frozen_policy,174,four_state_semimarkov,least_mastery_target_item,-0.0020277777777777772,0.0013368010461684396,3,5,0.000771802443858322
frozen_policy,174,four_state_semimarkov,maximum_response_information_gain,0.010583333333333332,0.0027925993466859996,3,5,0.001612307984547935
frozen_policy,174,four_state_semimarkov,maximum_skill_uncertainty,0.004055555555555552,0.002070516128176024,3,5,0.0011954130439638894
frozen_policy,174,four_state_semimarkov,target_success_070,0.0028888888888888888,0.0006142595663193381,3,5,0.00035464292596677267
frozen_policy,174,four_state_semimarkov,two_corner_robust_response_information_gain,0.012805555555555551,0.003057701266807641,3,5,0.0017653646494928514
frozen_policy,175,binary_bktf,balanced_mastery,0.009333333333333332,0.004274439534410717,3,5,0.002467848815826806
frozen_policy,175,binary_bktf,blocked_median_item,0.0,0.0,3,5,0.0
frozen_policy,175,binary_bktf,interleaved_median_item,-0.004416666666666666,0.005513241635674363,3,5,0.0031830715424640463
frozen_policy,175,binary_bktf,least_mastery_target_item,0.008083333333333333,0.00629152869605896,3,5,0.003632415786283896
frozen_policy,175,binary_bktf,maximum_response_information_gain,0.011666666666666667,0.0015877132402714713,3,5,0.000916666666666667
frozen_policy,175,binary_bktf,maximum_skill_uncertainty,0.0070833333333333295,0.006206515393788476,3,5,0.003583333333333333
frozen_policy,175,binary_bktf,target_success_070,0.0012499999999999996,0.003881043674065005,3,5,0.002240721609958125
frozen_policy,175,binary_bktf,two_corner_robust_response_information_gain,0.008583333333333333,0.0012583057392117907,3,5,0.0007264831572567784
frozen_policy,175,continuous_latent_trait,balanced_mastery,-0.0025139996438596065,0.00019303404979930503,3,5,0.00011144826061439239
frozen_policy,175,continuous_latent_trait,blocked_median_item,0.0,0.0,3,5,0.0
frozen_policy,175,continuous_latent_trait,interleaved_median_item,0.0001564203951608928,3.015663928196851e-06,3,5,1.7410943807298964e-06
frozen_policy,175,continuous_latent_trait,least_mastery_target_item,-0.006724735656973699,0.0004473706765622249,3,5,0.00025828958054074556
frozen_policy,175,continuous_latent_trait,maximum_response_information_gain,0.0018562526568597748,0.0007633186855910923,3,5,0.00044070224860348845
frozen_policy,175,continuous_latent_trait,maximum_skill_uncertainty,0.0006598860635091984,0.00015509828132632232,3,5,8.95460344746005e-05
frozen_policy,175,continuous_latent_trait,target_success_070,0.0007648977875644013,0.00030223177632277833,3,5,0.00017449359741761485
frozen_policy,175,continuous_latent_trait,two_corner_robust_response_information_gain,0.0016998682727151285,0.0002563684718329136,3,5,0.00014801440622446566
frozen_policy,175,four_state_semimarkov,balanced_mastery,0.00161111111111111,0.0016673609664954415,3,5,0.0009626513028424178
frozen_policy,175,four_state_semimarkov,blocked_median_item,0.0,0.0,3,5,0.0
frozen_policy,175,four_state_semimarkov,interleaved_median_item,-0.0011944444444444435,0.004601730753306398,3,5,0.0026568104891596285
frozen_policy,175,four_state_semimarkov,least_mastery_target_item,-0.0014166666666666635,0.002179449471770332,3,5,0.001258305739211789
frozen_policy,175,four_state_semimarkov,maximum_response_information_gain,0.007888888888888883,0.0027441014180588485,3,5,0.00158430769239991
frozen_policy,175,four_state_semimarkov,maximum_skill_uncertainty,0.005000000000000003,0.002103238244020664,3,5,0.0012143051663552461
frozen_policy,175,four_state_semimarkov,target_success_070,0.0004444444444444437,0.00045896421227383606,3,5,0.0002649831115047038
frozen_policy,175,four_state_semimarkov,two_corner_robust_response_information_gain,0.007583333333333331,0.0016729049916570677,3,5,0.0009658521472618767
frozen_policy,176,binary_bktf,balanced_mastery,0.0155,0.005105144464165535,3,5,0.0029474565306378993
frozen_policy,176,binary_bktf,blocked_median_item,0.0,0.0,3,5,0.0
frozen_policy,176,binary_bktf,interleaved_median_item,-0.0004166666666666646,0.0037444403231101635,3,5,0.002161853628512142
frozen_policy,176,binary_bktf,least_mastery_target_item,0.008083333333333331,0.007045979941309322,3,5,0.004067998415819641
frozen_policy,176,binary_bktf,maximum_response_information_gain,0.010916666666666665,0.0034125992049072085,3,5,0.0019702650695894797
frozen_policy,176,binary_bktf,maximum_skill_uncertainty,-0.000333333333333332,0.003883726732577013,3,5,0.0022422706745122843
frozen_policy,176,binary_bktf,target_success_070,0.001166666666666668,0.00514983818516012,3,5,0.0029732604624852096
frozen_policy,176,binary_bktf,two_corner_robust_response_information_gain,0.013249999999999998,0.0009013878188659951,3,5,0.000520416499866532
frozen_policy,176,continuous_latent_trait,balanced_mastery,-0.003604365370123168,0.00033488776949197363,3,5,0.00019334754386450434
frozen_policy,176,continuous_latent_trait,blocked_median_item,0.0,0.0,3,5,0.0
frozen_policy,176,continuous_latent_trait,interleaved_median_item,0.00020876964719066007,2.2635187825944077e-06,3,5,1.3068431784466554e-06
frozen_policy,176,continuous_latent_trait,least_mastery_target_item,-0.010425256224951393,0.000663494748036061,3,5,0.0003830688713845227
frozen_policy,176,continuous_latent_trait,maximum_response_information_gain,0.00253429182023287,7.185710538279288e-05,3,5,4.148671913594278e-05
frozen_policy,176,continuous_latent_trait,maximum_skill_uncertainty,3.0168013086843545e-06,0.000231633802209456,3,5,0.00013373383805904596
frozen_policy,176,continuous_latent_trait,target_success_070,0.001914463504131476,0.00025936430929929255,3,5,0.00014974405379212792
frozen_policy,176,continuous_latent_trait,two_corner_robust_response_information_gain,0.002378139840036387,0.00015798158697740949,3,5,9.121071176841164e-05
frozen_policy,176,four_state_semimarkov,balanced_mastery,-0.001166666666666669,0.005870713566320347,3,5,0.0033894580578502404
frozen_policy,176,four_state_semimarkov,blocked_median_item,0.0,0.0,3,5,0.0
frozen_policy,176,four_state_semimarkov,interleaved_median_item,-0.00183333333333333,0.0037444403231101635,3,5,0.002161853628512142
frozen_policy,176,four_state_semimarkov,least_mastery_target_item,-0.004916666666666664,0.0031797973380564893,3,5,0.0018358568490953696
frozen_policy,176,four_state_semimarkov,maximum_response_information_gain,0.004972222222222219,0.005452658203251098,3,5,0.003148093681446043
frozen_policy,176,four_state_semimarkov,maximum_skill_uncertainty,-0.0011666666666666687,0.001561249499599607,3,5,0.0009013878188660016
frozen_policy,176,four_state_semimarkov,target_success_070,-0.002361111111111111,0.0019009013456584086,3,5,0.0010974859036188042
frozen_policy,176,four_state_semimarkov,two_corner_robust_response_information_gain,0.004249999999999998,0.004174159928789405,3,5,0.002409952358527112
frozen_policy,177,binary_bktf,balanced_mastery,0.012333333333333335,0.0011273124382057214,3,5,0.0006508541396588866
frozen_policy,177,binary_bktf,blocked_median_item,0.0,0.0,3,5,0.0
frozen_policy,177,binary_bktf,interleaved_median_item,0.001,0.0018874586088176873,3,5,0.0010897247358851684
frozen_policy,177,binary_bktf,least_mastery_target_item,0.0036666666666666653,0.002982588361362212,3,5,0.0017219981933143179
frozen_policy,177,binary_bktf,maximum_response_information_gain,0.013499999999999998,0.003473110997362448,3,5,0.002005201569252659
frozen_policy,177,binary_bktf,maximum_skill_uncertainty,0.0026666666666666657,0.0021262251370288416,3,5,0.0012275766552213507
frozen_policy,177,binary_bktf,target_success_070,-0.002749999999999999,0.004683748498798797,3,5,0.002704163456597991
frozen_policy,177,binary_bktf,two_corner_robust_response_information_gain,0.009583333333333334,0.00401040313850532,3,5,0.002315407331574967
frozen_policy,177,continuous_latent_trait,balanced_mastery,-0.004551371858311259,7.047493777788333e-05,3,5,4.068872429718307e-05
frozen_policy,177,continuous_latent_trait,blocked_median_item,0.0,0.0,3,5,0.0
frozen_policy,177,continuous_latent_trait,interleaved_median_item,0.00014038528662258215,1.7714667872596419e-06,3,5,1.0227568264848358e-06
frozen_policy,177,continuous_latent_trait,least_mastery_target_item,-0.011245267628592967,0.0003146633840259209,3,5,0.00018167098947148404
frozen_policy,177,continuous_latent_trait,maximum_response_information_gain,0.0010755448560895327,0.0002980343828898489,3,5,0.0001720702311892183
frozen_policy,177,continuous_latent_trait,maximum_skill_uncertainty,0.0002273789567037214,0.0006534494449068662,3,5,0.00037726921291879073
frozen_policy,177,continuous_latent_trait,target_success_070,-0.0008547942211287298,0.0003219061607221369,3,5,0.00018585260854672467
frozen_policy,177,continuous_latent_trait,two_corner_robust_response_information_gain,0.0011041793248297422,0.00020622030235928563,3,5,0.00011906134707949958
frozen_policy,177,four_state_semimarkov,balanced_mastery,0.0019999999999999996,0.004781329429260348,3,5,0.002760501833067742
frozen_policy,177,four_state_semimarkov,blocked_median_item,0.0,0.0,3,5,0.0
frozen_policy,177,four_state_semimarkov,interleaved_median_item,0.0033055555555555594,0.00481918427091526,3,5,0.0027823573360873355
frozen_policy,177,four_state_semimarkov,least_mastery_target_item,-0.003944444444444437,0.004394072185384574,3,5,0.002536918759070431
frozen_policy,177,four_state_semimarkov,maximum_response_information_gain,0.005861111111111113,0.003940823846937665,3,5,0.002275235708858358
frozen_policy,177,four_state_semimarkov,maximum_skill_uncertainty,0.0025833333333333364,0.00908333333333333,3,5,0.005244264945139099
frozen_policy,177,four_state_semimarkov,target_success_070,-0.0006388888888888858,0.004001157240006854,3,5,0.0023100692095879773
frozen_policy,177,four_state_semimarkov,two_corner_robust_response_information_gain,0.005666666666666668,0.004866980583482946,3,5,0.002809952550014561
frozen_policy,178,binary_bktf,balanced_mastery,0.011749999999999997,0.0037332961307670175,3,5,0.002155419526062926
frozen_policy,178,binary_bktf,blocked_median_item,0.0,0.0,3,5,0.0
frozen_policy,178,binary_bktf,interleaved_median_item,0.001499999999999999,0.00606217782649107,3,5,0.0035
frozen_policy,178,binary_bktf,least_mastery_target_item,0.00958333333333333,0.0048883364586874934,3,5,0.0028222823703126865
frozen_policy,178,binary_bktf,maximum_response_information_gain,0.01333333333333333,0.003467107343785787,3,5,0.0020017353582440526
frozen_policy,178,binary_bktf,maximum_skill_uncertainty,0.008999999999999996,0.004023369234857768,3,5,0.0023228933107943914
frozen_policy,178,binary_bktf,target_success_070,-0.0012500000000000018,0.0021794494717703333,3,5,0.0012583057392117896
frozen_policy,178,binary_bktf,two_corner_robust_response_information_gain,0.012749999999999997,0.004023369234857768,3,5,0.0023228933107943914
frozen_policy,178,continuous_latent_trait,balanced_mastery,-0.003203536694703142,0.000711726751042773,3,5,0.00041091563130400276
frozen_policy,178,continuous_latent_trait,blocked_median_item,0.0,0.0,3,5,0.0
frozen_policy,178,continuous_latent_trait,interleaved_median_item,0.00014930191264095867,6.241287950852009e-06,3,5,3.6034092785143752e-06
frozen_policy,178,continuous_latent_trait,least_mastery_target_item,-0.008838449303829788,0.0003708626864528422,3,5,0.00021411767185593622
frozen_policy,178,continuous_latent_trait,maximum_response_information_gain,0.0027359545885103794,0.0008115762600996232,3,5,0.0004685637722364272
frozen_policy,178,continuous_latent_trait,maximum_skill_uncertainty,-0.0011507238890938693,0.000188537859723481,3,5,0.00010885238406378767
frozen_policy,178,continuous_latent_trait,target_success_070,-0.0006235644441154329,0.0005519074720910559,3,5,0.000318643927579537
frozen_policy,178,continuous_latent_trait,two_corner_robust_response_information_gain,0.0029855098409363387,0.0003859270210223902,3,5,0.00022281506947482735
frozen_policy,178,four_state_semimarkov,balanced_mastery,-0.0002499999999999992,0.0020052015692526596,3,5,0.001157703665787483
frozen_policy,178,four_state_semimarkov,blocked_median_item,0.0,0.0,3,5,0.0
frozen_policy,178,four_state_semimarkov,interleaved_median_item,0.0003611111111111135,0.002500462920103958,3,5,0.001443642940020698
frozen_policy,178,four_state_semimarkov,least_mastery_target_item,0.0023611111111111155,0.0016294454862291604,3,5,0.0009407607901042265
frozen_policy,178,four_state_semimarkov,maximum_response_information_gain,0.006416666666666664,0.0024622144504490248,3,5,0.001421560175769331
frozen_policy,178,four_state_semimarkov,maximum_skill_uncertainty,-0.0004444444444444416,0.0022241311245651124,3,5,0.0012841027034806928
frozen_policy,178,four_state_semimarkov,target_success_070,-0.0036388888888888847,0.0027212299778946627,3,5,0.001571102860264363
frozen_policy,178,four_state_semimarkov,two_corner_robust_response_information_gain,0.007111111111111113,0.0025073964658659524,3,5,0.001447646024532824
frozen_policy,179,binary_bktf,balanced_mastery,0.007416666666666666,0.013503086067019394,3,5,0.0077960103756843325
frozen_policy,179,binary_bktf,blocked_median_item,0.0,0.0,3,5,0.0
frozen_policy,179,binary_bktf,interleaved_median_item,0.0007499999999999975,0.006763874629234342,3,5,0.0039051248379533277
frozen_policy,179,binary_bktf,least_mastery_target_item,-8.333333333333456e-05,0.007505553499465136,3,5,0.004333333333333334
frozen_policy,179,binary_bktf,maximum_response_information_gain,0.013416666666666662,0.007272952174552872,3,5,0.004199040895781375
frozen_policy,179,binary_bktf,maximum_skill_uncertainty,0.007333333333333331,0.008036375634160793,3,5,0.004639803635691684
frozen_policy,179,binary_bktf,target_success_070,0.0009166666666666676,0.007969995817648425,3,5,0.00460147923075951
frozen_policy,179,binary_bktf,two_corner_robust_response_information_gain,0.013249999999999998,0.005814851674806503,3,5,0.003357206179747281
frozen_policy,179,continuous_latent_trait,balanced_mastery,-0.00773490920654268,0.00030919291039425127,3,5,0.0001785126100476448
frozen_policy,179,continuous_latent_trait,blocked_median_item,0.0,0.0,3,5,0.0
frozen_policy,179,continuous_latent_trait,interleaved_median_item,0.00018407306656624978,7.841807257333862e-06,3,5,4.527469530954867e-06
frozen_policy,179,continuous_latent_trait,least_mastery_target_item,-0.016781307658550685,0.0006761457301471022,3,5,0.00039037291931184556
frozen_policy,179,continuous_latent_trait,maximum_response_information_gain,0.0015020729727596657,0.00015040761758667207,3,5,8.683787850183541e-05
frozen_policy,179,continuous_latent_trait,maximum_skill_uncertainty,-0.001427758063407045,0.00028885743354738154,3,5,0.00016677191701600517
frozen_policy,179,continuous_latent_trait,target_success_070,-0.0012072881867194192,0.0002199822032422092,3,5,0.00012700678425881645
frozen_policy,179,continuous_latent_trait,two_corner_robust_response_information_gain,0.001376364879393889,0.00043945991797776955,3,5,0.00025372230194251614
frozen_policy,179,four_state_semimarkov,balanced_mastery,-0.00044444444444444636,0.0017821127702606033,3,5,0.0010289032876362291
frozen_policy,179,four_state_semimarkov,blocked_median_item,0.0,0.0,3,5,0.0
frozen_policy,179,four_state_semimarkov,interleaved_median_item,-0.0011388888888888861,0.002219442706159795,3,5,0.0012813958438523093
frozen_policy,179,four_state_semimarkov,least_mastery_target_item,-0.010861111111111106,0.0045202732627984315,3,5,0.0026097809850873423
frozen_policy,179,four_state_semimarkov,maximum_response_information_gain,0.008416666666666666,0.00452845938973117,3,5,0.00261450724767558
frozen_policy,179,four_state_semimarkov,maximum_skill_uncertainty,0.0014722222222222235,0.0004738533919231146,3,5,0.0002735793833832275
frozen_policy,179,four_state_semimarkov,target_success_070,-0.002138888888888885,0.0017956995954326617,3,5,0.0010367476448067494
frozen_policy,179,four_state_semimarkov,two_corner_robust_response_information_gain,0.005861111111111112,0.0027755546659548416,3,5,0.0016024672335395497
frozen_policy,180,binary_bktf,balanced_mastery,0.011583333333333334,0.003826987501068348,3,5,0.002209512263927144
frozen_policy,180,binary_bktf,blocked_median_item,0.0,0.0,3,5,0.0
frozen_policy,180,binary_bktf,interleaved_median_item,0.0004999999999999999,0.003249999999999997,3,5,0.001876388374866282
frozen_policy,180,binary_bktf,least_mastery_target_item,0.009166666666666665,0.0010103629710818444,3,5,0.000583333333333333
frozen_policy,180,binary_bktf,maximum_response_information_gain,0.013916666666666666,0.006236652414022553,3,5,0.0036007329500780507
frozen_policy,180,binary_bktf,maximum_skill_uncertainty,0.006000000000000001,0.0031917863337009274,3,5,0.0018427786989579993
frozen_policy,180,binary_bktf,target_success_070,-0.0013333333333333329,0.004064582799419067,3,5,0.002346687973388121
frozen_policy,180,binary_bktf,two_corner_robust_response_information_gain,0.013499999999999998,0.0009013878188659984,3,5,0.0005204164998665338
frozen_policy,180,continuous_latent_trait,balanced_mastery,-0.00438702902104659,0.00019163187564724064,3,5,0.00011063871499024729
frozen_policy,180,continuous_latent_trait,blocked_median_item,0.0,0.0,3,5,0.0
frozen_policy,180,continuous_latent_trait,interleaved_median_item,0.00014187035726234928,3.1154943569444887e-06,3,5,1.7987315056406606e-06
frozen_policy,180,continuous_latent_trait,least_mastery_target_item,-0.011780235061272043,0.0005336914091095928,3,5,0.00030812687871361406
frozen_policy,180,continuous_latent_trait,maximum_response_information_gain,0.0024093022428545853,0.0005840783227007435,3,5,0.0003372177768390994
frozen_policy,180,continuous_latent_trait,maximum_skill_uncertainty,-0.0006589692799166905,0.00022078326950288277,3,5,0.00012746928008005508
frozen_policy,180,continuous_latent_trait,target_success_070,0.0016001110321011006,0.0004733856522809915,3,5,0.000273309333774937
frozen_policy,180,continuous_latent_trait,two_corner_robust_response_information_gain,0.002620250087877208,0.00021980872212743117,3,5,0.00012690662489050003
frozen_policy,180,four_state_semimarkov,balanced_mastery,-0.0028611111111111055,0.00031549490810001596,3,5,0.00018215107011950045
frozen_policy,180,four_state_semimarkov,blocked_median_item,0.0,0.0,3,5,0.0
frozen_policy,180,four_state_semimarkov,interleaved_median_item,-0.0024444444444444405,0.002394051269601699,3,5,0.0013822061449583062
frozen_policy,180,four_state_semimarkov,least_mastery_target_item,-0.007416666666666659,0.004752192476461083,3,5,0.002743679605525721
frozen_policy,180,four_state_semimarkov,maximum_response_information_gain,0.005305555555555553,0.0026930122195814137,3,5,0.0015548113299062808
frozen_policy,180,four_state_semimarkov,maximum_skill_uncertainty,-0.0012777777777777774,0.003101672189379525,3,5,0.0017907512734762446
frozen_policy,180,four_state_semimarkov,target_success_070,-0.0017777777777777768,0.0016166093918834963,3,5,0.0009333498675784138
frozen_policy,180,four_state_semimarkov,two_corner_robust_response_information_gain,0.006333333333333332,0.0017499999999999974,3,5,0.0010103629710818437
frozen_policy,181,binary_bktf,balanced_mastery,0.009499999999999995,0.007013380069552768,3,5,0.004049176871085447
frozen_policy,181,binary_bktf,blocked_median_item,0.0,0.0,3,5,0.0
frozen_policy,181,binary_bktf,interleaved_median_item,-0.0010000000000000018,0.000866025403784438,3,5,0.0004999999999999997
frozen_policy,181,binary_bktf,least_mastery_target_item,0.007416666666666664,0.0018763883748662822,3,5,0.0010833333333333324
frozen_policy,181,binary_bktf,maximum_response_information_gain,0.015083333333333332,0.006006940430313368,3,5,0.00346810867444747
frozen_policy,181,binary_bktf,maximum_skill_uncertainty,0.0076666666666666645,0.004875534158770022,3,5,0.0028148909590090883
frozen_policy,181,binary_bktf,target_success_070,-0.003083333333333335,0.0029825883613622123,3,5,0.001721998193314318
frozen_policy,181,binary_bktf,two_corner_robust_response_information_gain,0.010749999999999997,0.0015206906325745534,3,5,0.0008779711460710607
frozen_policy,181,continuous_latent_trait,balanced_mastery,-0.003956434575525111,0.00025789303095619326,3,5,0.00014889461084468668
frozen_policy,181,continuous_latent_trait,blocked_median_item,0.0,0.0,3,5,0.0
frozen_policy,181,continuous_latent_trait,interleaved_median_item,0.00016107148491697307,3.5203649302260615e-06,3,5,2.032483640111735e-06
frozen_policy,181,continuous_latent_trait,least_mastery_target_item,-0.011196307161457334,0.00031964766944958555,3,5,0.00018454866800255476
frozen_policy,181,continuous_latent_trait,maximum_response_information_gain,0.0015470715372819914,0.0005550348158389556,3,5,0.00032044950033423535
frozen_policy,181,continuous_latent_trait,maximum_skill_uncertainty,-0.00018157785626717166,0.00023843579880564473,3,5,0.00013766097262488244
frozen_policy,181,continuous_latent_trait,target_success_070,-0.002000552173004803,0.0011515857213492836,3,5,0.0006648683262159383
frozen_policy,181,continuous_latent_trait,two_corner_robust_response_information_gain,0.0016169394072948087,0.0004628925907846662,3,5,0.00026725116189541036
frozen_policy,181,four_state_semimarkov,balanced_mastery,0.0025833333333333346,0.00308333333333333,3,5,0.0017801633300013441
frozen_policy,181,four_state_semimarkov,blocked_median_item,0.0,0.0,3,5,0.0
frozen_policy,181,four_state_semimarkov,interleaved_median_item,0.0007222222222222227,0.003698097609031696,3,5,0.0021350976500639613
frozen_policy,181,four_state_semimarkov,least_mastery_target_item,-0.0027222222222222175,0.004092959175806037,3,5,0.002363071081933764
frozen_policy,181,four_state_semimarkov,maximum_response_information_gain,0.004833333333333329,0.0026627575514450753,3,5,0.001537343789113523
frozen_policy,181,four_state_semimarkov,maximum_skill_uncertainty,0.0016388888888888874,0.004136837672174959,3,5,0.0023884043436239975
frozen_policy,181,four_state_semimarkov,target_success_070,-0.004027777777777777,0.0036327344052737016,3,5,0.0020973601867791867
frozen_policy,181,four_state_semimarkov,two_corner_robust_response_information_gain,0.006916666666666667,0.0016266017746619284,3,5,0.0009391189724653875
frozen_policy,182,binary_bktf,balanced_mastery,0.01258333333333333,0.0013768926368215233,3,5,0.0007949493345141202
frozen_policy,182,binary_bktf,blocked_median_item,0.0,0.0,3,5,0.0
frozen_policy,182,binary_bktf,interleaved_median_item,0.005999999999999998,0.0043373378932243705,3,5,0.0025041632002194545
frozen_policy,182,binary_bktf,least_mastery_target_item,0.010916666666666663,0.003752776749732567,3,5,0.0021666666666666666
frozen_policy,182,binary_bktf,maximum_response_information_gain,0.018416666666666668,0.00344903368109581,3,5,0.001991300524224752
frozen_policy,182,binary_bktf,maximum_skill_uncertainty,0.010916666666666665,0.003185252475602734,3,5,0.0018390063742261603
frozen_policy,182,binary_bktf,target_success_070,0.0055000000000000005,0.0034999999999999988,3,5,0.0020207259421636896
frozen_policy,182,binary_bktf,two_corner_robust_response_information_gain,0.01933333333333333,0.0019418633662885067,3,5,0.0011211353372561424
frozen_policy,182,continuous_latent_trait,balanced_mastery,-0.003814162468028019,0.0001164884708696657,3,5,6.725465001408938e-05
frozen_policy,182,continuous_latent_trait,blocked_median_item,0.0,0.0,3,5,0.0
frozen_policy,182,continuous_latent_trait,interleaved_median_item,0.00019288020999267257,7.785442187613076e-06,3,5,4.494927142778679e-06
frozen_policy,182,continuous_latent_trait,least_mastery_target_item,-0.010323589400462506,0.00017847038099563678,3,5,0.00010303992251020598
frozen_policy,182,continuous_latent_trait,maximum_response_information_gain,0.0008328055433286834,0.0005298189741506271,3,5,0.00030589112734763594
frozen_policy,182,continuous_latent_trait,maximum_skill_uncertainty,0.0003650913787998111,0.00023211315944206444,3,5,0.00013401059508633045
frozen_policy,182,continuous_latent_trait,target_success_070,-0.00033576666233755707,0.0004915105191424854,3,5,0.0002837737305364467
frozen_policy,182,continuous_latent_trait,two_corner_robust_response_information_gain,0.0015131664155617179,0.0006259834773142183,3,5,0.00036141172913562196
frozen_policy,182,four_state_semimarkov,balanced_mastery,0.0011944444444444413,0.0012509255832441918,3,5,0.0007222222222222238
frozen_policy,182,four_state_semimarkov,blocked_median_item,0.0,0.0,3,5,0.0
frozen_policy,182,four_state_semimarkov,interleaved_median_item,8.333333333332726e-05,0.001596437005055666,3,5,0.0009217033346131687
frozen_policy,182,four_state_semimarkov,least_mastery_target_item,-0.0035555555555555536,0.003009629606840407,3,5,0.0017376104636703767
frozen_policy,182,four_state_semimarkov,maximum_response_information_gain,0.004861111111111104,0.0038008892721650353,3,5,0.002194444444444444
frozen_policy,182,four_state_semimarkov,maximum_skill_uncertainty,0.0026944444444444438,0.0010844011831079535,3,5,0.0006260793149769257
frozen_policy,182,four_state_semimarkov,target_success_070,0.0007500000000000002,0.0020883273476902807,3,5,0.0012056963563450407
frozen_policy,182,four_state_semimarkov,two_corner_robust_response_information_gain,0.0066944444444444395,0.004632563884950548,3,5,0.0026746120060143373
frozen_policy,183,binary_bktf,balanced_mastery,0.01525,0.0005000000000000024,3,5,0.0002886751345948143
frozen_policy,183,binary_bktf,blocked_median_item,0.0,0.0,3,5,0.0
frozen_policy,183,binary_bktf,interleaved_median_item,0.004583333333333334,0.002155419526062927,3,5,0.0012444320435890067
frozen_policy,183,binary_bktf,least_mastery_target_item,0.009666666666666667,0.00355609804889198,3,5,0.002053114165792488
frozen_policy,183,binary_bktf,maximum_response_information_gain,0.0205,0.0015206906325745597,3,5,0.0008779711460710644
frozen_policy,183,binary_bktf,maximum_skill_uncertainty,0.011833333333333335,0.001282900359861721,3,5,0.0007406828681096324
frozen_policy,183,binary_bktf,target_success_070,0.0016666666666666672,0.00374444032311016,3,5,0.0021618536285121404
frozen_policy,183,binary_bktf,two_corner_robust_response_information_gain,0.016833333333333336,0.0027537852736430517,3,5,0.0015898986690282431
frozen_policy,183,continuous_latent_trait,balanced_mastery,-0.004648522053083488,0.0008555109035672271,3,5,0.0004939294504691986
frozen_policy,183,continuous_latent_trait,blocked_median_item,0.0,0.0,3,5,0.0
frozen_policy,183,continuous_latent_trait,interleaved_median_item,0.00022395578816879167,3.7125844569056597e-06,3,5,2.1434616355837033e-06
frozen_policy,183,continuous_latent_trait,least_mastery_target_item,-0.009469711706938399,0.0005316955700201902,3,5,0.00030697458047808835
frozen_policy,183,continuous_latent_trait,maximum_response_information_gain,0.0017432367067352482,0.000494945220909736,3,5,0.00028575675652635493
frozen_policy,183,continuous_latent_trait,maximum_skill_uncertainty,0.0006429543699164119,0.00026545688755594076,3,5,0.00015326160548866262
frozen_policy,183,continuous_latent_trait,target_success_070,0.0006509860788954346,0.00027848288975074653,3,5,0.0001607821713622984
frozen_policy,183,continuous_latent_trait,two_corner_robust_response_information_gain,0.00205660215665052,0.0004911002429701748,3,5,0.000283536857477921
frozen_policy,183,four_state_semimarkov,balanced_mastery,0.0017777777777777785,0.004746587468128292,3,5,0.0027404435524559737
frozen_policy,183,four_state_semimarkov,blocked_median_item,0.0,0.0,3,5,0.0
frozen_policy,183,four_state_semimarkov,interleaved_median_item,-0.0006666666666666736,0.00266275755144507,3,5,0.00153734378911352
frozen_policy,183,four_state_semimarkov,least_mastery_target_item,-0.002388888888888887,0.0020023134767711273,3,5,0.001156036224815826
frozen_policy,183,four_state_semimarkov,maximum_response_information_gain,0.008583333333333327,0.0004409585518440937,3,5,0.0002545875386086551
frozen_policy,183,four_state_semimarkov,maximum_skill_uncertainty,0.006138888888888888,0.006098914596816325,3,5,0.003521209984236443
frozen_policy,183,four_state_semimarkov,target_success_070,0.0005833333333333296,0.004041451884327373,3,5,0.002333333333333329
frozen_policy,183,four_state_semimarkov,two_corner_robust_response_information_gain,0.008083333333333326,0.0018763883748662785,3,5,0.0010833333333333305
frozen_policy,184,binary_bktf,balanced_mastery,0.012000000000000002,0.0026339134382131852,3,5,0.0015206906325745553
frozen_policy,184,binary_bktf,blocked_median_item,0.0,0.0,3,5,0.0
frozen_policy,184,binary_bktf,interleaved_median_item,-0.003916666666666665,0.0018763883748662842,3,5,0.0010833333333333337
frozen_policy,184,binary_bktf,least_mastery_target_item,0.004666666666666668,0.001040832999733067,3,5,0.0006009252125773319
frozen_policy,184,binary_bktf,maximum_response_information_gain,0.011416666666666667,0.00710780087884666,3,5,0.0041036907507483785
frozen_policy,184,binary_bktf,maximum_skill_uncertainty,0.0047500000000000025,0.0028831406486676957,3,5,0.0016645820296198465
frozen_policy,184,binary_bktf,target_success_070,-0.003583333333333332,0.0045092497528228925,3,5,0.0026034165586355505
frozen_policy,184,binary_bktf,two_corner_robust_response_information_gain,0.009250000000000001,0.0071545440106270865,3,5,0.004130677910464574
frozen_policy,184,continuous_latent_trait,balanced_mastery,-0.004164434414801921,0.0003711708311179295,3,5,0.00021429557926127375
frozen_policy,184,continuous_latent_trait,blocked_median_item,0.0,0.0,3,5,0.0
frozen_policy,184,continuous_latent_trait,interleaved_median_item,0.0001765981183317456,1.7652643125688095e-06,3,5,1.0191758260524418e-06
frozen_policy,184,continuous_latent_trait,least_mastery_target_item,-0.009148877302805447,5.4203205582347494e-05,3,5,3.129423533390895e-05
frozen_policy,184,continuous_latent_trait,maximum_response_information_gain,0.00045698527713218594,0.00020586161233325848,3,5,0.00011885425729641717
frozen_policy,184,continuous_latent_trait,maximum_skill_uncertainty,-0.0013713709935901498,0.00011077203203788716,3,5,6.3954262515756e-05
frozen_policy,184,continuous_latent_trait,target_success_070,-0.00115524638172005,0.00038070158258835256,3,5,0.0002197981611883019
frozen_policy,184,continuous_latent_trait,two_corner_robust_response_information_gain,0.0002729822308698585,0.0006465075076991615,3,5,0.000373261283603225
frozen_policy,184,four_state_semimarkov,balanced_mastery,0.0016944444444444426,0.004877907490049553,3,5,0.002816261202462201
frozen_policy,184,four_state_semimarkov,blocked_median_item,0.0,0.0,3,5,0.0
frozen_policy,184,four_state_semimarkov,interleaved_median_item,-0.000333333333333338,0.0038432841858667354,3,5,0.0022189211592823915
frozen_policy,184,four_state_semimarkov,least_mastery_target_item,-0.002583333333333339,0.0029662452884262796,3,5,0.0017125625157553717
frozen_policy,184,four_state_semimarkov,maximum_response_information_gain,0.0038055555555555516,0.0033544470207196335,3,5,0.0019366908903948187
frozen_policy,184,four_state_semimarkov,maximum_skill_uncertainty,0.0006666666666666644,0.0026312755673078216,3,5,0.001519167657097256
frozen_policy,184,four_state_semimarkov,target_success_070,-0.0019444444444444483,0.0028103644155426074,3,5,0.0016225646518344698
frozen_policy,184,four_state_semimarkov,two_corner_robust_response_information_gain,0.006805555555555548,0.0036669823096463464,3,5,0.002117133223587914
frozen_policy,185,binary_bktf,balanced_mastery,0.012416666666666666,0.0037444403231101622,3,5,0.0021618536285121417
frozen_policy,185,binary_bktf,blocked_median_item,0.0,0.0,3,5,0.0
frozen_policy,185,binary_bktf,interleaved_median_item,0.007583333333333334,0.0023228933107943914,3,5,0.001341123078285923
frozen_policy,185,binary_bktf,least_mastery_target_item,0.0105,0.0004330127018922186,3,5,0.00024999999999999957
frozen_policy,185,binary_bktf,maximum_response_information_gain,0.015333333333333329,0.0031655699855370955,3,5,0.0018276426832884419
frozen_policy,185,binary_bktf,maximum_skill_uncertainty,0.009083333333333332,0.0070014879370983215,3,5,0.004042310945211634
frozen_policy,185,binary_bktf,target_success_070,0.0038333333333333344,0.0016266017746619284,3,5,0.0009391189724653875
frozen_policy,185,binary_bktf,two_corner_robust_response_information_gain,0.015916666666666666,0.0011814539065631495,3,5,0.0006821127309893693
frozen_policy,185,continuous_latent_trait,balanced_mastery,-0.005289829355620429,0.00019783467255836155,3,5,0.00011421990145661152
frozen_policy,185,continuous_latent_trait,blocked_median_item,0.0,0.0,3,5,0.0
frozen_policy,185,continuous_latent_trait,interleaved_median_item,0.0001277263097122629,7.721897310875716e-06,3,5,4.458239491088742e-06
frozen_policy,185,continuous_latent_trait,least_mastery_target_item,-0.013098630263115002,0.00029924324624823966,3,5,0.00017276816877459864
frozen_policy,185,continuous_latent_trait,maximum_response_information_gain,0.000828865802683821,0.0006141473182033078,3,5,0.00035457811948676654
frozen_policy,185,continuous_latent_trait,maximum_skill_uncertainty,-0.0005917544547774559,0.00013624559125980724,3,5,7.866142878974943e-05
frozen_policy,185,continuous_latent_trait,target_success_070,0.0014963909500983804,0.0003196471177936587,3,5,0.00018454834950385688
frozen_policy,185,continuous_latent_trait,two_corner_robust_response_information_gain,0.0010968954511303454,0.00010122642426460957,3,5,5.84431032982756e-05
frozen_policy,185,four_state_semimarkov,balanced_mastery,0.0018333333333333298,0.002897556441785618,3,5,0.0016729049916570607
frozen_policy,185,four_state_semimarkov,blocked_median_item,0.0,0.0,3,5,0.0
frozen_policy,185,four_state_semimarkov,interleaved_median_item,0.0005000000000000047,0.0044775675440032305,3,5,0.002585124826844997
frozen_policy,185,four_state_semimarkov,least_mastery_target_item,-0.005833333333333329,0.0026783597799980353,3,5,0.0015463517399685327
frozen_policy,185,four_state_semimarkov,maximum_response_information_gain,0.0072499999999999995,0.0024537386440559154,3,5,0.0014166666666666702
frozen_policy,185,four_state_semimarkov,maximum_skill_uncertainty,0.000805555555555559,0.002167200788865506,3,5,0.0012512339588394692
frozen_policy,185,four_state_semimarkov,target_success_070,0.0016388888888888922,0.001055189995179036,3,5,0.0006092142277628164
frozen_policy,185,four_state_semimarkov,two_corner_robust_response_information_gain,0.008222222222222223,0.0033232486337139294,3,5,0.0019186784932587932
frozen_policy,186,binary_bktf,balanced_mastery,0.015666666666666662,0.003412599204907211,3,5,0.0019702650695894814
frozen_policy,186,binary_bktf,blocked_median_item,0.0,0.0,3,5,0.0
frozen_policy,186,binary_bktf,interleaved_median_item,0.0011666666666666648,0.0022546248764114475,3,5,0.001301708279317776
frozen_policy,186,binary_bktf,least_mastery_target_item,0.007916666666666664,0.005346338310781811,3,5,0.0030867098629086876
frozen_policy,186,binary_bktf,maximum_response_information_gain,0.016166666666666663,0.003875671984744494,3,5,0.002237620263682925
frozen_policy,186,binary_bktf,maximum_skill_uncertainty,0.00708333333333333,0.004939213837579147,3,5,0.0028516564387114454
frozen_policy,186,binary_bktf,target_success_070,-0.0001666666666666677,0.005008326400438907,3,5,0.0028915585954829128
frozen_policy,186,binary_bktf,two_corner_robust_response_information_gain,0.012916666666666665,0.005484827557301445,3,5,0.003166666666666667
frozen_policy,186,continuous_latent_trait,balanced_mastery,-0.005621192450630755,0.0003933644646188088,3,5,0.0002271090795373023
frozen_policy,186,continuous_latent_trait,blocked_median_item,0.0,0.0,3,5,0.0
frozen_policy,186,continuous_latent_trait,interleaved_median_item,0.0001756197477164348,5.792441156793026e-06,3,5,3.3442674611395206e-06
frozen_policy,186,continuous_latent_trait,least_mastery_target_item,-0.010902653816161787,0.00042085556124753264,3,5,0.00024298107157621403
frozen_policy,186,continuous_latent_trait,maximum_response_information_gain,0.0007842408289091829,0.00016332715475409306,3,5,9.42969767632513e-05
frozen_policy,186,continuous_latent_trait,maximum_skill_uncertainty,-0.0013247711137660415,0.0006150046844454729,3,5,0.00035507312011747464
frozen_policy,186,continuous_latent_trait,target_success_070,-0.00104514464540112,0.0005183444375242458,3,5,0.0002992663005375685
frozen_policy,186,continuous_latent_trait,two_corner_robust_response_information_gain,0.0012054745092932608,0.0005927963934623099,3,5,0.0003422511573401039
frozen_policy,186,four_state_semimarkov,balanced_mastery,-0.0024166666666666646,0.0038631089954997504,3,5,0.002230367018460646
frozen_policy,186,four_state_semimarkov,blocked_median_item,0.0,0.0,3,5,0.0
frozen_policy,186,four_state_semimarkov,interleaved_median_item,0.00047222222222222506,0.0002926570486903577,3,5,0.00016896562584161945
frozen_policy,186,four_state_semimarkov,least_mastery_target_item,-0.0028333333333333314,0.0021714690367992335,3,5,0.001253698232932975
frozen_policy,186,four_state_semimarkov,maximum_response_information_gain,0.007111111111111106,0.0020822219257677966,3,5,0.0012021713893545785
frozen_policy,186,four_state_semimarkov,maximum_skill_uncertainty,0.001888888888888889,0.002987628813277498,3,5,0.0017249082995844456
frozen_policy,186,four_state_semimarkov,target_success_070,-8.333333333333311e-05,0.001970265069589483,3,5,0.001137533068302405
frozen_policy,186,four_state_semimarkov,two_corner_robust_response_information_gain,0.007666666666666666,0.0017638342073763925,3,5,0.0010183501544346303
frozen_policy,187,binary_bktf,balanced_mastery,0.006750000000000002,0.0015000000000000005,3,5,0.0008660254037844389
frozen_policy,187,binary_bktf,blocked_median_item,0.0,0.0,3,5,0.0
frozen_policy,187,binary_bktf,interleaved_median_item,-0.0041666666666666675,0.006774646362234221,3,5,0.0039113439009004465
frozen_policy,187,binary_bktf,least_mastery_target_item,0.004250000000000001,0.0028394541729001377,3,5,0.0016393596310755008
frozen_policy,187,binary_bktf,maximum_response_information_gain,0.012416666666666664,0.005375484474290048,3,5,0.003103537408256013
frozen_policy,187,binary_bktf,maximum_skill_uncertainty,0.0072499999999999995,0.0035,3,5,0.0020207259421636905
frozen_policy,187,binary_bktf,target_success_070,-0.0033333333333333327,0.003986957904635228,3,5,0.0023018712194888555
frozen_policy,187,binary_bktf,two_corner_robust_response_information_gain,0.015333333333333332,0.005008326400438906,3,5,0.002891558595482912
frozen_policy,187,continuous_latent_trait,balanced_mastery,-0.006125783140801289,0.0002480485476921038,3,5,0.00014321089578213185
frozen_policy,187,continuous_latent_trait,blocked_median_item,0.0,0.0,3,5,0.0
frozen_policy,187,continuous_latent_trait,interleaved_median_item,0.00018850958969510067,4.947352244859984e-06,3,5,2.8563551503458114e-06
frozen_policy,187,continuous_latent_trait,least_mastery_target_item,-0.014208572955142884,0.0003220613852597554,3,5,0.00018594222747530357
frozen_policy,187,continuous_latent_trait,maximum_response_information_gain,0.0017299643383870305,0.00038172443621707646,3,5,0.00022038870600618723
frozen_policy,187,continuous_latent_trait,maximum_skill_uncertainty,-0.000517681444026627,0.0003388142465465894,3,5,0.00019561449644895363
frozen_policy,187,continuous_latent_trait,target_success_070,-0.0005300101894763704,0.0003046680898492195,3,5,0.00017590020368793598
frozen_policy,187,continuous_latent_trait,two_corner_robust_response_information_gain,0.0020243048254872547,0.0005072461684585657,3,5,0.0002928587119049592
frozen_policy,187,four_state_semimarkov,balanced_mastery,-0.001527777777777777,0.0011314117696897964,3,5,0.0006532208897947148
frozen_policy,187,four_state_semimarkov,blocked_median_item,0.0,0.0,3,5,0.0
frozen_policy,187,four_state_semimarkov,interleaved_median_item,0.002111111111111107,0.003270590047569282,3,5,0.001888276044373036
frozen_policy,187,four_state_semimarkov,least_mastery_target_item,-0.004277777777777772,0.002598521659485412,3,5,0.0015002571795989757
frozen_policy,187,four_state_semimarkov,maximum_response_information_gain,0.006249999999999996,0.003594942435020497,3,5,0.0020755409825802926
frozen_policy,187,four_state_semimarkov,maximum_skill_uncertainty,0.0017500000000000026,0.0012990381056766553,3,5,0.0007499999999999985
frozen_policy,187,four_state_semimarkov,target_success_070,-0.00022222222222222204,0.0029348638683805977,3,5,0.0016944444444444446
frozen_policy,187,four_state_semimarkov,two_corner_robust_response_information_gain,0.0058055555555555525,0.0007087417123429424,3,5,0.0004091922184071141
frozen_policy,188,binary_bktf,balanced_mastery,0.010750000000000001,0.006968679932383176,3,5,0.00402336923485777
frozen_policy,188,binary_bktf,blocked_median_item,0.0,0.0,3,5,0.0
frozen_policy,188,binary_bktf,interleaved_median_item,0.0008333333333333343,0.0050270103772852275,3,5,0.0029023457945446685
frozen_policy,188,binary_bktf,least_mastery_target_item,0.005166666666666668,0.005008326400438904,3,5,0.0028915585954829106
frozen_policy,188,binary_bktf,maximum_response_information_gain,0.014083333333333335,0.0043684474740270565,3,5,0.002522124325070262
frozen_policy,188,binary_bktf,maximum_skill_uncertainty,0.00958333333333333,0.005387098786297999,3,5,0.003110242934420256
frozen_policy,188,binary_bktf,target_success_070,-0.0002500000000000011,0.0015612494995996004,3,5,0.0009013878188659979
frozen_policy,188,binary_bktf,two_corner_robust_response_information_gain,0.013166666666666667,0.0013768926368215213,3,5,0.000794949334514119
frozen_policy,188,continuous_latent_trait,balanced_mastery,-0.006710834961241735,0.0002434479464898471,3,5,0.00014055473743957483
frozen_policy,188,continuous_latent_trait,blocked_median_item,0.0,0.0,3,5,0.0
frozen_policy,188,continuous_latent_trait,interleaved_median_item,0.00015233193606696357,9.279830229947608e-06,3,5,5.357712481294278e-06
frozen_policy,188,continuous_latent_trait,least_mastery_target_item,-0.01366016264713459,0.0004327637107666662,3,5,0.0002498562449066361
frozen_policy,188,continuous_latent_trait,maximum_response_information_gain,-9.054834342579736e-05,0.000510146554263031,3,5,0.00029453325042992103
frozen_policy,188,continuous_latent_trait,maximum_skill_uncertainty,0.0003686233041233239,0.0001234986373298897,3,5,7.130197150696378e-05
frozen_policy,188,continuous_latent_trait,target_success_070,-0.0003428749398267381,0.0007522241794756363,3,5,0.000434296832511204
frozen_policy,188,continuous_latent_trait,two_corner_robust_response_information_gain,0.0003260057410545615,0.0004860239165602752,3,5,0.0002806060390586711
frozen_policy,188,four_state_semimarkov,balanced_mastery,-0.002083333333333328,0.002301871219488852,3,5,0.001328985968211741
frozen_policy,188,four_state_semimarkov,blocked_median_item,0.0,0.0,3,5,0.0
frozen_policy,188,four_state_semimarkov,interleaved_median_item,-0.00027777777777777463,0.002750420843219231,3,5,0.0015879562142173806
frozen_policy,188,four_state_semimarkov,least_mastery_target_item,-0.005361111111111102,0.00039381796885438043,3,5,0.0002273709103297882
frozen_policy,188,four_state_semimarkov,maximum_response_information_gain,0.0076111111111111145,0.0007561476438231222,3,5,0.00043656204570838086
frozen_policy,188,four_state_semimarkov,maximum_skill_uncertainty,0.003277777777777787,0.0004738533919231142,3,5,0.0002735793833832272
frozen_policy,188,four_state_semimarkov,target_success_070,0.0011111111111111137,0.0007087417123429496,3,5,0.0004091922184071183
frozen_policy,188,four_state_semimarkov,two_corner_robust_response_information_gain,0.008055555555555557,0.0012756625003561154,3,5,0.0007365040879757143
frozen_policy,189,binary_bktf,balanced_mastery,0.009916666666666666,0.007891187067440061,3,5,0.004555978977612213
frozen_policy,189,binary_bktf,blocked_median_item,0.0,0.0,3,5,0.0
frozen_policy,189,binary_bktf,interleaved_median_item,0.0010833333333333326,0.0034125992049072133,3,5,0.0019702650695894827
frozen_policy,189,binary_bktf,least_mastery_target_item,-0.0009166666666666677,0.004346933785248321,3,5,0.002509703391062597
frozen_policy,189,binary_bktf,maximum_response_information_gain,0.01875,0.007365459931328117,3,5,0.004252450274057691
frozen_policy,189,binary_bktf,maximum_skill_uncertainty,0.009583333333333334,0.0018427786989579985,3,5,0.0010639287779003088
frozen_policy,189,binary_bktf,target_success_070,0.0020833333333333337,0.00500832640043891,3,5,0.002891558595482914
frozen_policy,189,binary_bktf,two_corner_robust_response_information_gain,0.0155,0.001749999999999998,3,5,0.001010362971081844
frozen_policy,189,continuous_latent_trait,balanced_mastery,-0.007680552670914336,0.00048007663595688634,3,5,0.0002771723750013583
frozen_policy,189,continuous_latent_trait,blocked_median_item,0.0,0.0,3,5,0.0
frozen_policy,189,continuous_latent_trait,interleaved_median_item,0.00020319445455284886,3.2496772838174828e-06,3,5,1.8762020545914356e-06
frozen_policy,189,continuous_latent_trait,least_mastery_target_item,-0.0165531585370994,0.00031662476110921536,3,5,0.00018280339105850645
frozen_policy,189,continuous_latent_trait,maximum_response_information_gain,0.001658813200986095,0.0001601347942934554,3,5,9.245386659195182e-05
frozen_policy,189,continuous_latent_trait,maximum_skill_uncertainty,4.370150804987029e-05,0.0005290989395307265,3,5,0.0003054754151660105
frozen_policy,189,continuous_latent_trait,target_success_070,-0.0011852358633001698,0.000629772216801902,3,5,0.0003635991588987255
frozen_policy,189,continuous_latent_trait,two_corner_robust_response_information_gain,0.0016358870958873464,0.00020136021928280083,3,5,0.00011625537680700714
frozen_policy,189,four_state_semimarkov,balanced_mastery,-0.0037222222222222157,0.0021284014171656083,3,5,0.001228833131144145
frozen_policy,189,four_state_semimarkov,blocked_median_item,0.0,0.0,3,5,0.0
frozen_policy,189,four_state_semimarkov,interleaved_median_item,-0.0013333333333333307,0.002962731472438529,3,5,0.0017105338131489611
frozen_policy,189,four_state_semimarkov,least_mastery_target_item,-0.008305555555555549,0.0012619796324000604,3,5,0.0007286042804779999
frozen_policy,189,four_state_semimarkov,maximum_response_information_gain,0.010277777777777776,0.0007920320794101785,3,5,0.00045727993425428564
frozen_policy,189,four_state_semimarkov,maximum_skill_uncertainty,0.0033333333333333357,0.0013096861371251465,3,5,0.0007561476438231246
frozen_policy,189,four_state_semimarkov,target_success_070,-0.001611111111111109,0.0011252571722516055,3,5,0.0006496675313070215
frozen_policy,189,four_state_semimarkov,two_corner_robust_response_information_gain,0.00938888888888889,0.002045206681577772,3,5,0.001180800628157348
frozen_policy,190,binary_bktf,balanced_mastery,0.012249999999999997,0.0037332961307670162,3,5,0.0021554195260629254
frozen_policy,190,binary_bktf,blocked_median_item,0.0,0.0,3,5,0.0
frozen_policy,190,binary_bktf,interleaved_median_item,0.004333333333333332,0.0009464847243000428,3,5,0.0005464532103584984
frozen_policy,190,binary_bktf,least_mastery_target_item,0.003249999999999998,0.004749999999999998,3,5,0.0027424137786507216
frozen_policy,190,binary_bktf,maximum_response_information_gain,0.014166666666666662,0.0028759056544562303,3,5,0.0016604049037642716
frozen_policy,190,binary_bktf,maximum_skill_uncertainty,0.010333333333333332,0.005305264680799,3,5,0.0030629959915815168
frozen_policy,190,binary_bktf,target_success_070,-0.00041666666666666734,0.00298258836136221,3,5,0.001721998193314317
frozen_policy,190,binary_bktf,two_corner_robust_response_information_gain,0.014749999999999997,0.002817356917396159,3,5,0.0016266017746619267
frozen_policy,190,continuous_latent_trait,balanced_mastery,-0.006515827867567648,0.0006202517131843039,3,5,0.0003581024935722844
frozen_policy,190,continuous_latent_trait,blocked_median_item,0.0,0.0,3,5,0.0
frozen_policy,190,continuous_latent_trait,interleaved_median_item,0.0001697120708520285,5.32190914848243e-06,3,5,3.072605679479063e-06
frozen_policy,190,continuous_latent_trait,least_mastery_target_item,-0.014053414838125706,0.0007511037698940039,3,5,0.00043364996373764593
frozen_policy,190,continuous_latent_trait,maximum_response_information_gain,0.00036067595211201463,0.000347268857186814,3,5,0.00020049576817798078
frozen_policy,190,continuous_latent_trait,maximum_skill_uncertainty,-0.00010330604564893986,0.0003183030194720422,3,5,0.00018377233397605424
frozen_policy,190,continuous_latent_trait,target_success_070,0.0007508918683118791,0.0003699876030919789,3,5,0.00021361244224197846
frozen_policy,190,continuous_latent_trait,two_corner_robust_response_information_gain,0.0008023459710534813,0.0004228225415630712,3,5,0.0002441167081908809
frozen_policy,190,four_state_semimarkov,balanced_mastery,-0.0008055555555555568,0.00228876078390161,3,5,0.0013214166546962533
frozen_policy,190,four_state_semimarkov,blocked_median_item,0.0,0.0,3,5,0.0
frozen_policy,190,four_state_semimarkov,interleaved_median_item,-0.00038888888888888594,0.0022084643567001016,3,5,0.0012750574908364973
frozen_policy,190,four_state_semimarkov,least_mastery_target_item,-0.006694444444444444,0.00037577081273523896,3,5,0.00021695137988629468
frozen_policy,190,four_state_semimarkov,maximum_response_information_gain,0.008666666666666665,0.0034920544732928212,3,5,0.0020161385901804473
frozen_policy,190,four_state_semimarkov,maximum_skill_uncertainty,0.003694444444444444,0.004973773811295192,3,5,0.0028716096488395904
frozen_policy,190,four_state_semimarkov,target_success_070,0.0006388888888888864,0.0011097213530798966,3,5,0.0006406979219261541
frozen_policy,190,four_state_semimarkov,two_corner_robust_response_information_gain,0.005805555555555553,0.0020971762320196492,3,5,0.0012108052620946295
frozen_policy,191,binary_bktf,balanced_mastery,0.01733333333333333,0.0007637626158259689,3,5,0.0004409585518440959
frozen_policy,191,binary_bktf,blocked_median_item,0.0,0.0,3,5,0.0
frozen_policy,191,binary_bktf,interleaved_median_item,0.00908333333333333,0.0035029749261639535,3,5,0.002022443516585268
frozen_policy,191,binary_bktf,least_mastery_target_item,0.009,0.002598076211353315,3,5,0.0014999999999999996
frozen_policy,191,binary_bktf,maximum_response_information_gain,0.01933333333333333,0.0037610946987989198,3,5,0.002171469036799231
frozen_policy,191,binary_bktf,maximum_skill_uncertainty,0.008499999999999999,0.003929058411375423,3,5,0.002268442931469364
frozen_policy,191,binary_bktf,target_success_070,0.0039166666666666655,0.0017017148213885067,3,5,0.0009824855102126303
frozen_policy,191,binary_bktf,two_corner_robust_response_information_gain,0.016499999999999997,0.0036827299656640553,3,5,0.002126225137028844
frozen_policy,191,continuous_latent_trait,balanced_mastery,-0.004532239314456558,0.00017545893779237815,3,5,0.00010130126496615534
frozen_policy,191,continuous_latent_trait,blocked_median_item,0.0,0.0,3,5,0.0
frozen_policy,191,continuous_latent_trait,interleaved_median_item,0.00018977010090312258,3.3977122342796253e-06,3,5,1.9616700730902268e-06
frozen_policy,191,continuous_latent_trait,least_mastery_target_item,-0.009729676346720367,0.0004446862425019721,3,5,0.0002567397218134368
frozen_policy,191,continuous_latent_trait,maximum_response_information_gain,0.0009254378936591926,0.000366917898901029,3,5,0.00021184014770100098
frozen_policy,191,continuous_latent_trait,maximum_skill_uncertainty,-0.00046309566403847884,0.0004842362800577458,3,5,0.00027957394664272257
frozen_policy,191,continuous_latent_trait,target_success_070,-0.0011045894983752308,0.0003770356687191644,3,5,0.00021768164482910014
frozen_policy,191,continuous_latent_trait,two_corner_robust_response_information_gain,0.0020020413968657425,0.0003836200502741132,3,5,0.00022148313929229704
frozen_policy,191,four_state_semimarkov,balanced_mastery,-0.0012222222222222244,0.0039915999762464155,3,5,0.002304551320783172
frozen_policy,191,four_state_semimarkov,blocked_median_item,0.0,0.0,3,5,0.0
frozen_policy,191,four_state_semimarkov,interleaved_median_item,-8.33333333333363e-05,0.002817356917396163,3,5,0.001626601774661929
frozen_policy,191,four_state_semimarkov,least_mastery_target_item,-0.0038333333333333357,0.00212622513702884,3,5,0.0012275766552213498
frozen_policy,191,four_state_semimarkov,maximum_response_information_gain,0.0049166666666666655,0.0015023130314433311,3,5,0.00086736083311089
frozen_policy,191,four_state_semimarkov,maximum_skill_uncertainty,0.003694444444444441,0.003145028410635381,3,5,0.0018157829994893582
frozen_policy,191,four_state_semimarkov,target_success_070,-0.000833333333333333,0.0028431203515386643,3,5,0.0016414763002993514
frozen_policy,191,four_state_semimarkov,two_corner_robust_response_information_gain,0.005305555555555552,0.0008552669065744788,3,5,0.0004937885787397539
frozen_policy,192,binary_bktf,balanced_mastery,0.009166666666666668,0.009501096427956794,3,5,0.005485460580277447
frozen_policy,192,binary_bktf,blocked_median_item,0.0,0.0,3,5,0.0
frozen_policy,192,binary_bktf,interleaved_median_item,-0.001749999999999999,0.002610076627227637,3,5,0.0015069284433354268
frozen_policy,192,binary_bktf,least_mastery_target_item,0.0030833333333333355,0.006385204251496842,3,5,0.003686499393432445
frozen_policy,192,binary_bktf,maximum_response_information_gain,0.01625,0.0068053287944080994,3,5,0.003929058411375428
frozen_policy,192,binary_bktf,maximum_skill_uncertainty,0.010166666666666666,0.006291528696058954,3,5,0.0036324157862838925
frozen_policy,192,binary_bktf,target_success_070,0.00041666666666667065,0.0042597926397106856,3,5,0.002459392427228951
frozen_policy,192,binary_bktf,two_corner_robust_response_information_gain,0.013249999999999998,0.003307189138830737,3,5,0.0019094065395649329
frozen_policy,192,continuous_latent_trait,balanced_mastery,-0.00579942613517602,0.00045684442093740535,3,5,0.0002637592494059897
frozen_policy,192,continuous_latent_trait,blocked_median_item,0.0,0.0,3,5,0.0
frozen_policy,192,continuous_latent_trait,interleaved_median_item,0.00021342743766225624,5.6930572996048865e-06,3,5,3.2868881644388453e-06
frozen_policy,192,continuous_latent_trait,least_mastery_target_item,-0.013633222037207597,0.0003138997382034872,3,5,0.0001812300983503364
frozen_policy,192,continuous_latent_trait,maximum_response_information_gain,0.0019683119369089293,0.0005290820838831002,3,5,0.00030546568355331604
frozen_policy,192,continuous_latent_trait,maximum_skill_uncertainty,-0.0008083498778488941,0.00036806749884082566,3,5,0.00021250386953570297
frozen_policy,192,continuous_latent_trait,target_success_070,-0.0009385257257877366,0.00016567952591409345,3,5,9.565511888571143e-05
frozen_policy,192,continuous_latent_trait,two_corner_robust_response_information_gain,0.0027884983442830204,0.0002089951629788605,3,5,0.00012066341360517483
frozen_policy,192,four_state_semimarkov,balanced_mastery,-0.002305555555555549,0.001900901345658396,3,5,0.0010974859036187968
frozen_policy,192,four_state_semimarkov,blocked_median_item,0.0,0.0,3,5,0.0
frozen_policy,192,four_state_semimarkov,interleaved_median_item,0.0007777777777777796,0.002065479049446802,3,5,0.0011925048852036435
frozen_policy,192,four_state_semimarkov,least_mastery_target_item,-0.007972222222222216,0.001710533813148961,3,5,0.0009875771574795096
frozen_policy,192,four_state_semimarkov,maximum_response_information_gain,0.009055555555555553,0.0031736035132415748,3,5,0.0018322808426711654
frozen_policy,192,four_state_semimarkov,maximum_skill_uncertainty,0.0035277777777777777,0.002458451032963933,3,5,0.0014193873656712405
frozen_policy,192,four_state_semimarkov,target_success_070,0.0001666666666666674,0.0036429154990657285,3,5,0.002103238244020658
frozen_policy,192,four_state_semimarkov,two_corner_robust_response_information_gain,0.0074722222222222195,0.0022887607839016093,3,5,0.0013214166546962531
frozen_policy,193,binary_bktf,balanced_mastery,0.0105,0.0029474565306378967,3,5,0.0017017148213885102
frozen_policy,193,binary_bktf,blocked_median_item,0.0,0.0,3,5,0.0
frozen_policy,193,binary_bktf,interleaved_median_item,0.0007499999999999981,0.010148891565092218,3,5,0.005859465277082315
frozen_policy,193,binary_bktf,least_mastery_target_item,0.0034999999999999975,0.006309714732061978,3,5,0.0036429154990657306
frozen_policy,193,binary_bktf,maximum_response_information_gain,0.0155,0.0028394541729001356,3,5,0.0016393596310754995
frozen_policy,193,binary_bktf,maximum_skill_uncertainty,0.008916666666666665,0.005575242894559245,3,5,0.0032188679859713283
frozen_policy,193,binary_bktf,target_success_070,-0.0045833333333333325,0.003573630273731927,3,5,0.002063236400523324
frozen_policy,193,binary_bktf,two_corner_robust_response_information_gain,0.012333333333333333,0.007028216938408584,3,5,0.004057742941313284
frozen_policy,193,continuous_latent_trait,balanced_mastery,-0.003915062794827086,0.0005983701585025063,3,5,0.00034546917208646107
frozen_policy,193,continuous_latent_trait,blocked_median_item,0.0,0.0,3,5,0.0
frozen_policy,193,continuous_latent_trait,interleaved_median_item,0.00014274658919098877,3.184774065308176e-06,3,5,1.8387301639138142e-06
frozen_policy,193,continuous_latent_trait,least_mastery_target_item,-0.010355191372547411,0.0005073912184374024,3,5,0.0002929424565492865
frozen_policy,193,continuous_latent_trait,maximum_response_information_gain,0.003217095553688387,0.00016615564320620666,3,5,9.593000533247884e-05
frozen_policy,193,continuous_latent_trait,maximum_skill_uncertainty,-0.00021607374536670803,0.0002206067423626382,3,5,0.0001273673620881156
frozen_policy,193,continuous_latent_trait,target_success_070,0.0006728109938717999,0.00039731162801728376,3,5,0.00022938797538794725
frozen_policy,193,continuous_latent_trait,two_corner_robust_response_information_gain,0.0035632802771411935,0.00023681453011499017,3,5,0.0001367249327099043
frozen_policy,193,four_state_semimarkov,balanced_mastery,-0.001277777777777776,0.003909864068869529,3,5,0.0022573610726566683
frozen_policy,193,four_state_semimarkov,blocked_median_item,0.0,0.0,3,5,0.0
frozen_policy,193,four_state_semimarkov,interleaved_median_item,-0.003472222222222219,0.005633686708180167,3,5,0.003252610537497836
frozen_policy,193,four_state_semimarkov,least_mastery_target_item,-0.002055555555555551,0.0043750661370662355,3,5,0.0025259456119576073
frozen_policy,193,four_state_semimarkov,maximum_response_information_gain,0.0041111111111111105,0.003823659290571055,3,5,0.002207590720700612
frozen_policy,193,four_state_semimarkov,maximum_skill_uncertainty,0.0009722222222222241,0.001468023362413754,3,5,0.0008475636834662404
frozen_policy,193,four_state_semimarkov,target_success_070,-0.0028333333333333288,0.0028000496027352382,3,5,0.0016166093918834946
frozen_policy,193,four_state_semimarkov,two_corner_robust_response_information_gain,0.005222222222222218,0.0031461322521706106,3,5,0.0018164203026968656
frozen_policy,194,binary_bktf,balanced_mastery,0.0046666666666666645,0.008537905676062095,3,5,0.004929362140390085
frozen_policy,194,binary_bktf,blocked_median_item,0.0,0.0,3,5,0.0
frozen_policy,194,binary_bktf,interleaved_median_item,-0.0015833333333333348,0.0055358678934141255,3,5,0.0031961348184608523
frozen_policy,194,binary_bktf,least_mastery_target_item,0.0006666666666666661,0.006709756577800219,3,5,0.003873879766389819
frozen_policy,194,binary_bktf,maximum_response_information_gain,0.013166666666666665,0.0025166114784235852,3,5,0.001452966314513559
frozen_policy,194,binary_bktf,maximum_skill_uncertainty,0.009749999999999998,0.004918078893226497,3,5,0.002839454172900135
frozen_policy,194,binary_bktf,target_success_070,-0.006583333333333334,0.006520800053163213,3,5,0.003764785666025507
frozen_policy,194,binary_bktf,two_corner_robust_response_information_gain,0.008166666666666664,0.003449033681095813,3,5,0.0019913005242247536
frozen_policy,194,continuous_latent_trait,balanced_mastery,-0.0069685705234599875,9.854482374241831e-05,3,5,5.6894880514929436e-05
frozen_policy,194,continuous_latent_trait,blocked_median_item,0.0,0.0,3,5,0.0
frozen_policy,194,continuous_latent_trait,interleaved_median_item,0.00017573762647678996,3.4868240883848053e-06,3,5,2.013118826045839e-06
frozen_policy,194,continuous_latent_trait,least_mastery_target_item,-0.01450658262518549,0.0006596753362627764,3,5,0.00038086373296907086
frozen_policy,194,continuous_latent_trait,maximum_response_information_gain,0.00033510076758560674,0.00035215376200289363,3,5,0.00020331606928851006
frozen_policy,194,continuous_latent_trait,maximum_skill_uncertainty,-0.0017769405243288148,0.0007064091572588806,3,5,0.0004078455171014314
frozen_policy,194,continuous_latent_trait,target_success_070,-0.002483191588731951,4.463016865500399e-05,3,5,2.5767239886944953e-05
frozen_policy,194,continuous_latent_trait,two_corner_robust_response_information_gain,0.0004235841393284527,0.00041895254860098885,3,5,0.0002418823667124607
frozen_policy,194,four_state_semimarkov,balanced_mastery,-0.003027777777777773,0.0056876653415120215,3,5,0.0032837751159824707
frozen_policy,194,four_state_semimarkov,blocked_median_item,0.0,0.0,3,5,0.0
frozen_policy,194,four_state_semimarkov,interleaved_median_item,-0.00180555555555555,0.0030837086858617594,3,5,0.001780380039884674
frozen_policy,194,four_state_semimarkov,least_mastery_target_item,-0.009583333333333327,0.004918784854457898,3,5,0.002839861759807122
frozen_policy,194,four_state_semimarkov,maximum_response_information_gain,0.004416666666666667,0.0033613406716831162,3,5,0.0019406709416342847
frozen_policy,194,four_state_semimarkov,maximum_skill_uncertainty,0.0003055555555555584,0.0025851248268449916,3,5,0.0014925225146677407
frozen_policy,194,four_state_semimarkov,target_success_070,-0.0037499999999999986,0.0033983247506839424,3,5,0.001962023709601142
frozen_policy,194,four_state_semimarkov,two_corner_robust_response_information_gain,0.002805555555555554,0.0017347216662217768,3,5,0.001001542020962219
frozen_policy,195,binary_bktf,balanced_mastery,0.014916666666666667,0.0049138409959351885,3,5,0.0028370074217582
frozen_policy,195,binary_bktf,blocked_median_item,0.0,0.0,3,5,0.0
frozen_policy,195,binary_bktf,interleaved_median_item,-0.0045833333333333325,0.005907269532815762,3,5,0.003410563654946855
frozen_policy,195,binary_bktf,least_mastery_target_item,0.008083333333333333,0.005592033023269205,3,5,0.0032285617713017525
frozen_policy,195,binary_bktf,maximum_response_information_gain,0.017166666666666667,0.0045368858629387335,3,5,0.0026193722742502857
frozen_policy,195,binary_bktf,maximum_skill_uncertainty,0.007916666666666666,0.004719198378255922,3,5,0.0027246304540453022
frozen_policy,195,binary_bktf,target_success_070,0.0025833333333333333,0.0013768926368215265,3,5,0.000794949334514122
frozen_policy,195,binary_bktf,two_corner_robust_response_information_gain,0.014166666666666666,0.003907791362564452,3,5,0.002256164395113481
frozen_policy,195,continuous_latent_trait,balanced_mastery,-0.003020610274904252,0.0005721204767282217,3,5,0.0003303139112479359
frozen_policy,195,continuous_latent_trait,blocked_median_item,0.0,0.0,3,5,0.0
frozen_policy,195,continuous_latent_trait,interleaved_median_item,0.00013346310308261797,3.768256314462703e-06,3,5,2.175603797530549e-06
frozen_policy,195,continuous_latent_trait,least_mastery_target_item,-0.008813742730545466,0.0002545086011167278,3,5,0.0001469406093658179
frozen_policy,195,continuous_latent_trait,maximum_response_information_gain,0.0017793447844782412,5.506934302573275e-05,3,5,3.1794300020002644e-05
frozen_policy,195,continuous_latent_trait,maximum_skill_uncertainty,0.0005662043753192142,0.00024651962784906126,3,5,0.0001423281734991819
frozen_policy,195,continuous_latent_trait,target_success_070,0.001080404940991175,0.0003080035917252804,3,5,0.00017782595659396224
frozen_policy,195,continuous_latent_trait,two_corner_robust_response_information_gain,0.002005477985809512,0.00041515418177457384,3,5,0.00023968937860274905
frozen_policy,195,four_state_semimarkov,balanced_mastery,0.00169444444444444,0.0036650880440134543,3,5,0.002116039568814847
frozen_policy,195,four_state_semimarkov,blocked_median_item,0.0,0.0,3,5,0.0
frozen_policy,195,four_state_semimarkov,interleaved_median_item,0.0015555555555555513,0.0012918906615814964,3,5,0.0007458734212276406
frozen_policy,195,four_state_semimarkov,least_mastery_target_item,-0.002444444444444444,0.0030119361313379863,3,5,0.0017389421362099466
frozen_policy,195,four_state_semimarkov,maximum_response_information_gain,0.004166666666666662,0.0031369217041197894,3,5,0.00181110259030034
frozen_policy,195,four_state_semimarkov,maximum_skill_uncertainty,0.0023333333333333327,0.0012444320435890089,3,5,0.0007184731753543105
frozen_policy,195,four_state_semimarkov,target_success_070,0.00233333333333333,0.001876388374866281,3,5,0.0010833333333333318
frozen_policy,195,four_state_semimarkov,two_corner_robust_response_information_gain,0.007333333333333328,0.0027838821814150133,3,5,0.0016072751268321607
frozen_policy,196,binary_bktf,balanced_mastery,0.01675,0.003072051431861126,3,5,0.0017736497211493965
frozen_policy,196,binary_bktf,blocked_median_item,0.0,0.0,3,5,0.0
frozen_policy,196,binary_bktf,interleaved_median_item,0.0013333333333333374,0.005125508104893927,3,5,0.0029592134840941173
frozen_policy,196,binary_bktf,least_mastery_target_item,0.009333333333333336,0.006568548799646183,3,5,0.003792353417660917
frozen_policy,196,binary_bktf,maximum_response_information_gain,0.011750000000000002,0.0037500000000000003,3,5,0.002165063509461097
frozen_policy,196,binary_bktf,maximum_skill_uncertainty,0.004583333333333338,0.00421554662331391,3,5,0.0024338469777517037
frozen_policy,196,binary_bktf,target_success_070,-0.0024166666666666646,0.0074596134841782066,3,5,0.00430680985314085
frozen_policy,196,binary_bktf,two_corner_robust_response_information_gain,0.013166666666666669,0.006525590650150628,3,5,0.0037675515184857704
frozen_policy,196,continuous_latent_trait,balanced_mastery,-0.003881972065376906,0.0005089032859239715,3,5,0.00029381544911969
frozen_policy,196,continuous_latent_trait,blocked_median_item,0.0,0.0,3,5,0.0
frozen_policy,196,continuous_latent_trait,interleaved_median_item,0.00018270503713311006,6.031373648998265e-06,3,5,3.482215199832364e-06
frozen_policy,196,continuous_latent_trait,least_mastery_target_item,-0.009854899970696178,0.000549778424207099,3,5,0.0003174147212106169
frozen_policy,196,continuous_latent_trait,maximum_response_information_gain,0.0007538166183518341,0.0005028054967627102,3,5,0.0002902948889059743
frozen_policy,196,continuous_latent_trait,maximum_skill_uncertainty,-0.0018446018589100522,0.0002687256231526993,3,5,0.00015514881086536089
frozen_policy,196,continuous_latent_trait,target_success_070,-0.003110406001452045,0.0004425149523664641,3,5,0.0002554861268692125
frozen_policy,196,continuous_latent_trait,two_corner_robust_response_information_gain,0.0011471246181468055,0.00017131345649742686,3,5,9.890787022459465e-05
frozen_policy,196,four_state_semimarkov,balanced_mastery,0.004055555555555551,0.001395263150541594,3,5,0.0008055555555555547
frozen_policy,196,four_state_semimarkov,blocked_median_item,0.0,0.0,3,5,0.0
frozen_policy,196,four_state_semimarkov,interleaved_median_item,0.0024722222222222185,0.0031725092300598284,3,5,0.0018316490579816144
frozen_policy,196,four_state_semimarkov,least_mastery_target_item,2.7777777777774286e-05,0.002721229977894666,3,5,0.001571102860264365
frozen_policy,196,four_state_semimarkov,maximum_response_information_gain,0.007083333333333328,0.0036827299656640535,3,5,0.0021262251370288425
frozen_policy,196,four_state_semimarkov,maximum_skill_uncertainty,0.0010277777777777809,0.0028871522557960354,3,5,0.0016668981320752765
frozen_policy,196,four_state_semimarkov,target_success_070,-0.0036111111111111122,0.003319066691662538,3,5,0.001916264047889687
frozen_policy,196,four_state_semimarkov,two_corner_robust_response_information_gain,0.006527777777777776,0.004150245418892361,3,5,0.002396145309800516
frozen_policy,197,binary_bktf,balanced_mastery,0.014666666666666666,0.0029825883613622144,3,5,0.0017219981933143194
frozen_policy,197,binary_bktf,blocked_median_item,0.0,0.0,3,5,0.0
frozen_policy,197,binary_bktf,interleaved_median_item,0.0005833333333333306,0.0023228933107943945,3,5,0.0013411230782859247
frozen_policy,197,binary_bktf,least_mastery_target_item,0.010833333333333328,0.0007216878364870308,3,5,0.0004166666666666659
frozen_policy,197,binary_bktf,maximum_response_information_gain,0.010499999999999995,0.003631459761583487,3,5,0.0020966242709015205
frozen_policy,197,binary_bktf,maximum_skill_uncertainty,0.010166666666666662,0.0055584020485507655,3,5,0.003209144918994952
frozen_policy,197,binary_bktf,target_success_070,0.0009999999999999985,0.007386643351347077,3,5,0.004264680527307995
frozen_policy,197,binary_bktf,two_corner_robust_response_information_gain,0.010499999999999997,0.0022912878474779207,3,5,0.0013228756555322958
frozen_policy,197,continuous_latent_trait,balanced_mastery,-0.003223848833944663,0.0004913333937308768,3,5,0.00028367146713237417
frozen_policy,197,continuous_latent_trait,blocked_median_item,0.0,0.0,3,5,0.0
frozen_policy,197,continuous_latent_trait,interleaved_median_item,0.0001673075369933443,3.2282413498018563e-06,3,5,1.8638260123171827e-06
frozen_policy,197,continuous_latent_trait,least_mastery_target_item,-0.008334181876006203,0.0005498062301782503,3,5,0.00031743077499554615
frozen_policy,197,continuous_latent_trait,maximum_response_information_gain,0.0021623801195589662,0.00021918035522339486,3,5,0.00012654383708930484
frozen_policy,197,continuous_latent_trait,maximum_skill_uncertainty,-0.000132244809293219,0.0005066319076277891,3,5,0.00029250406824895766
frozen_policy,197,continuous_latent_trait,target_success_070,0.0012887941039722362,0.0004461379693441873,3,5,0.0002575778766965796
frozen_policy,197,continuous_latent_trait,two_corner_robust_response_information_gain,0.0026926570028373144,0.0005120306640511211,3,5,0.0002956210417232576
frozen_policy,197,four_state_semimarkov,balanced_mastery,0.003805555555555559,0.0026488117531647455,3,5,0.0015292921787223104
frozen_policy,197,four_state_semimarkov,blocked_median_item,0.0,0.0,3,5,0.0
frozen_policy,197,four_state_semimarkov,interleaved_median_item,-0.0018055555555555533,0.002530828439976245,3,5,0.0014611744810930456
frozen_policy,197,four_state_semimarkov,least_mastery_target_item,-0.002944444444444441,0.00305088026155901,3,5,0.0017614265402764104
frozen_policy,197,four_state_semimarkov,maximum_response_information_gain,0.008222222222222223,0.0034884067253520596,3,5,0.0020140325619249127
frozen_policy,197,four_state_semimarkov,maximum_skill_uncertainty,0.0021111111111111135,0.00423718110348185,3,5,0.002446337650700442
frozen_policy,197,four_state_semimarkov,target_success_070,0.0020555555555555626,0.0034017288632780906,3,5,0.0019639890749237254
frozen_policy,197,four_state_semimarkov,two_corner_robust_response_information_gain,0.007833333333333338,0.003260666257752309,3,5,0.0018825465416508252
frozen_policy,198,binary_bktf,balanced_mastery,0.017916666666666664,0.013648107316889523,3,5,0.007879738433335068
frozen_policy,198,binary_bktf,blocked_median_item,0.0,0.0,3,5,0.0
frozen_policy,198,binary_bktf,interleaved_median_item,-0.0012499999999999996,0.009310612224768037,3,5,0.005375484474290047
frozen_policy,198,binary_bktf,least_mastery_target_item,0.006999999999999997,0.015376524314681778,3,5,0.008877640452282351
frozen_policy,198,binary_bktf,maximum_response_information_gain,0.015916666666666666,0.00813300887330964,3,5,0.004695594862326936
frozen_policy,198,binary_bktf,maximum_skill_uncertainty,0.012416666666666664,0.006898067362191625,3,5,0.003982601048449506
frozen_policy,198,binary_bktf,target_success_070,-0.0014166666666666676,0.005592033023269207,3,5,0.0032285617713017534
frozen_policy,198,binary_bktf,two_corner_robust_response_information_gain,0.015999999999999997,0.007628073151196178,3,5,0.00440407008724127
frozen_policy,198,continuous_latent_trait,balanced_mastery,-0.0026546721862250274,0.00021968592757090098,3,5,0.0001268357294202323
frozen_policy,198,continuous_latent_trait,blocked_median_item,0.0,0.0,3,5,0.0
frozen_policy,198,continuous_latent_trait,interleaved_median_item,0.00023572037883170952,7.390587219220925e-06,3,5,4.2669575204866095e-06
frozen_policy,198,continuous_latent_trait,least_mastery_target_item,-0.008201188598978372,0.000588050824414197,3,5,0.000339511301772718
frozen_policy,198,continuous_latent_trait,maximum_response_information_gain,0.0015903757139763411,0.00013257153417311105,3,5,7.654021094172734e-05
frozen_policy,198,continuous_latent_trait,maximum_skill_uncertainty,-0.00038780285853885435,0.00029470754800722414,3,5,0.00017014948217418543
frozen_policy,198,continuous_latent_trait,target_success_070,-0.00021379388204605628,0.0007417851630582134,3,5,0.00042826986357253
frozen_policy,198,continuous_latent_trait,two_corner_robust_response_information_gain,0.0026311670799171374,0.00015772236026296413,3,5,9.106104715504548e-05
frozen_policy,198,four_state_semimarkov,balanced_mastery,0.0009166666666666711,0.0005068968775248498,3,5,0.00029265704869035284
frozen_policy,198,four_state_semimarkov,blocked_median_item,0.0,0.0,3,5,0.0
frozen_policy,198,four_state_semimarkov,interleaved_median_item,-0.0009444444444444436,0.0018358568490953627,3,5,0.0010599324460188258
frozen_policy,198,four_state_semimarkov,least_mastery_target_item,-0.0025277777777777755,0.003728953283777175,3,5,0.002152912182184291
frozen_policy,198,four_state_semimarkov,maximum_response_information_gain,0.004194444444444444,0.0017206534073276126,3,5,0.000993419707902644
frozen_policy,198,four_state_semimarkov,maximum_skill_uncertainty,-0.000777777777777778,0.0009292071490932094,3,5,0.0005364779976618892
frozen_policy,198,four_state_semimarkov,target_success_070,-0.0027499999999999955,0.0007949493345141217,3,5,0.000458964212273842
frozen_policy,198,four_state_semimarkov,two_corner_robust_response_information_gain,0.005833333333333333,0.00306299599158152,3,5,0.0017684215602663353
frozen_policy,199,binary_bktf,balanced_mastery,0.008499999999999997,0.003905124837953328,3,5,0.002254624876411448
frozen_policy,199,binary_bktf,blocked_median_item,0.0,0.0,3,5,0.0
frozen_policy,199,binary_bktf,interleaved_median_item,0.0007499999999999989,0.00175,3,5,0.0010103629710818453
frozen_policy,199,binary_bktf,least_mastery_target_item,0.0019166666666666644,0.008048032885950043,3,5,0.004646533953150218
frozen_policy,199,binary_bktf,maximum_response_information_gain,0.012416666666666664,0.0019094065395649353,3,5,0.0011023963796102472
frozen_policy,199,binary_bktf,maximum_skill_uncertainty,0.006083333333333332,0.0032627953250753176,3,5,0.0018837757592428872
frozen_policy,199,binary_bktf,target_success_070,0.0025833333333333333,0.003710907346368718,3,5,0.0021424933553637394
frozen_policy,199,binary_bktf,two_corner_robust_response_information_gain,0.011666666666666667,0.002673169155390904,3,5,0.0015433549314543432
frozen_policy,199,continuous_latent_trait,balanced_mastery,-0.006049171211776404,0.0005576772742814085,3,5,0.000321975124427308
frozen_policy,199,continuous_latent_trait,blocked_median_item,0.0,0.0,3,5,0.0
frozen_policy,199,continuous_latent_trait,interleaved_median_item,0.0001860954866458413,6.166085489225113e-06,3,5,3.5599911170503642e-06
frozen_policy,199,continuous_latent_trait,least_mastery_target_item,-0.011913055318416776,0.0008166603853866809,3,5,0.0004714990933395038
frozen_policy,199,continuous_latent_trait,maximum_response_information_gain,0.0028404974564554555,0.0001951723959266683,3,5,0.00011268283532664617
frozen_policy,199,continuous_latent_trait,maximum_skill_uncertainty,-0.00013226401165056958,9.418562523473658e-05,3,5,5.4378096083068375e-05
frozen_policy,199,continuous_latent_trait,target_success_070,0.002000582880518326,0.0006886628942476847,3,5,0.0003975997073748076
frozen_policy,199,continuous_latent_trait,two_corner_robust_response_information_gain,0.002996668504076552,7.022197322130604e-05,3,5,4.0542675142347735e-05
frozen_policy,199,four_state_semimarkov,balanced_mastery,-0.002472222222222218,0.005464743903050346,3,5,0.0031550713634784836
frozen_policy,199,four_state_semimarkov,blocked_median_item,0.0,0.0,3,5,0.0
frozen_policy,199,four_state_semimarkov,interleaved_median_item,-0.0004444444444444378,0.005770093715138552,3,5,0.003331365159684611
frozen_policy,199,four_state_semimarkov,least_mastery_target_item,-0.006027777777777771,0.005464743903050342,3,5,0.0031550713634784814
frozen_policy,199,four_state_semimarkov,maximum_response_information_gain,0.0061666666666666614,0.0041741599287894,3,5,0.0024099523585271094
frozen_policy,199,four_state_semimarkov,maximum_skill_uncertainty,0.0012777777777777798,0.006252962260963757,3,5,0.003610149444599996
frozen_policy,199,four_state_semimarkov,target_success_070,0.0031111111111111144,0.00623962101175787,3,5,0.0036024468707796515
frozen_policy,199,four_state_semimarkov,two_corner_robust_response_information_gain,0.005361111111111111,0.00399681586228801,3,5,0.002307562713993349
