world_model,policy,replicate,seed,order_id,n_learners,initial_latent,immediate_latent,delayed_latent,immediate_observed,immediate_expected,delayed_observed,delayed_expected,practice_accuracy,unique_skills,mean_selected_item_shift,belief_entropy_reduction,practice_end_day,delayed_test_day,n_low,delayed_latent_low,n_middle,delayed_latent_middle,n_high,delayed_latent_high,ref_delayed_latent,ref_delayed_observed,simulated_benefit_delayed_latent,simulated_benefit_delayed_observed
binary_bktf,balanced_mastery,0.0,20260801.0,2.0,250.0,0.5267999999999999,0.59972,0.57968,0.655616,0.6538708242223935,0.650312,0.6490166853424906,0.70208,18.872,0.7134612415444225,0.008802531428581669,19.01388888888889,49.01388888888889,77.0,0.4745454545454546,132.0,0.6008333333333333,41.0,0.7090243902439024,0.5614399999999999,0.647048,0.018239999999999968,0.0032640000000000225
binary_bktf,balanced_mastery,1.0,20360804.0,2.0,250.0,0.5294,0.59512,0.57588,0.6578320000000001,0.6527586879567796,0.655208,0.6481078050054375,0.7007599999999999,18.844,0.7120972337043502,0.00920069180279873,19.01388888888889,49.01388888888889,72.0,0.460138888888889,133.0,0.5940601503759398,45.0,0.7073333333333333,0.5636,0.651016,0.01227999999999998,0.004191999999999996
binary_bktf,balanced_mastery,2.0,20460807.0,2.0,250.0,0.5352,0.6049599999999999,0.58552,0.6588640000000001,0.6550168832997754,0.65012,0.6503127563284787,0.69896,18.712,0.712607579625138,0.009039512374349318,19.01388888888889,49.01388888888889,73.0,0.4784931506849315,124.0,0.5960483870967741,53.0,0.7083018867924529,0.5678,0.6466559999999999,0.017720000000000024,0.0034640000000000005
binary_bktf,balanced_mastery,3.0,20560810.0,2.0,250.0,0.5352,0.60268,0.58236,0.651488,0.6544188334772464,0.64672,0.6495183964937843,0.7044400000000001,19.02,0.7072731561974395,0.008848401806320643,19.01388888888889,49.01388888888889,70.0,0.4741428571428572,132.0,0.5925757575757575,48.0,0.7120833333333333,0.5666399999999999,0.642448,0.015720000000000022,0.0042719999999999425
binary_bktf,balanced_mastery,4.0,20660813.0,2.0,250.0,0.5396,0.60164,0.58328,0.660408,0.6545337666500735,0.6526080000000001,0.6500451898786842,0.69564,18.668,0.7213332981563083,0.009165573313399044,19.01388888888889,49.01388888888889,67.0,0.47865671641791047,136.0,0.5878676470588237,47.0,0.7191489361702128,0.56988,0.6483679999999999,0.01339999999999999,0.004240000000000044
binary_bktf,balanced_mastery,5.0,20760816.0,2.0,250.0,0.5267999999999999,0.59556,0.57668,0.652096,0.652919789576015,0.65112,0.648336103668866,0.69984,18.936,0.713046158576172,0.00865702657372228,19.01388888888889,49.01388888888889,74.0,0.46770270270270264,137.0,0.5953284671532847,39.0,0.7179487179487178,0.5626800000000001,0.64748,0.01399999999999999,0.0036399999999999766
binary_bktf,balanced_mastery,6.0,20860819.0,2.0,250.0,0.538,0.60308,0.5831999999999999,0.6548719999999999,0.6546127198084275,0.6463279999999999,0.649769977068535,0.6973199999999999,18.756,0.7218264796875548,0.008806930387608325,19.01388888888889,49.01388888888889,64.0,0.453125,134.0,0.5944029850746269,52.0,0.7144230769230768,0.5729200000000001,0.6444639999999999,0.010279999999999978,0.0018639999999999547
binary_bktf,balanced_mastery,7.0,20960822.0,2.0,250.0,0.5398,0.6022000000000001,0.5833200000000001,0.653552,0.6545186176142731,0.646896,0.6499514523479873,0.69948,18.836,0.7190095005938603,0.008933852809767055,19.01388888888889,49.01388888888889,70.0,0.46328571428571425,127.0,0.5944094488188976,53.0,0.7152830188679244,0.571,0.643376,0.012320000000000043,0.0035200000000000344
binary_bktf,balanced_mastery,8.0,21060825.0,2.0,250.0,0.546,0.6100000000000001,0.59088,0.6541920000000001,0.6564990584058397,0.653496,0.6519005678906181,0.7028799999999998,19.016,0.7071970609238063,0.0094196614796887,19.01388888888889,49.01388888888889,64.0,0.46484375,125.0,0.59824,61.0,0.7080327868852458,0.57632,0.6493840000000001,0.014559999999999972,0.0041120000000000045
binary_bktf,balanced_mastery,9.0,21160828.0,2.0,250.0,0.543,0.6033200000000001,0.5828800000000001,0.655816,0.6549333586772559,0.6514,0.6499760129904287,0.7042,18.956,0.7094606324431679,0.009519618243455133,19.01388888888889,49.01388888888889,64.0,0.47609375,134.0,0.5862686567164179,52.0,0.7055769230769231,0.5756,0.649432,0.00728000000000002,0.001968000000000014
binary_bktf,balanced_mastery,10.0,21260831.0,2.0,250.0,0.5382,0.59916,0.57996,0.654912,0.6537917509611119,0.6476080000000001,0.6491456174220931,0.6996400000000002,18.848,0.7120991472734461,0.00902035201700751,19.01388888888889,49.01388888888889,68.0,0.4622058823529412,132.0,0.5898484848484848,50.0,0.7140000000000001,0.56692,0.643656,0.013039999999999963,0.003952000000000044
binary_bktf,balanced_mastery,11.0,21360834.0,2.0,250.0,0.53,0.59108,0.57284,0.653928,0.6518923286291308,0.651424,0.6475191626615441,0.7003999999999999,18.84,0.7131717430237943,0.009181358907904613,19.01388888888889,49.01388888888889,81.0,0.455679012345679,117.0,0.5936752136752137,52.0,0.7084615384615385,0.5644,0.648488,0.008440000000000026,0.0029360000000000276
binary_bktf,balanced_mastery,12.0,21460837.0,2.0,250.0,0.5402,0.60488,0.5851999999999999,0.654032,0.6550080472923874,0.649184,0.6502375349387194,0.69704,18.716,0.7181390277027624,0.008845522305496779,19.01388888888889,49.01388888888889,73.0,0.4634246575342466,119.0,0.6004201680672269,58.0,0.7072413793103448,0.5693199999999999,0.646056,0.015879999999999984,0.0031280000000000418
binary_bktf,balanced_mastery,13.0,21560840.0,2.0,250.0,0.5428,0.6042400000000001,0.5841200000000001,0.653384,0.6551283289565835,0.65196,0.6502172833732671,0.69912,18.844,0.7127924119077392,0.008993206321660669,19.01388888888889,49.01388888888889,68.0,0.4752941176470588,123.0,0.5841463414634147,59.0,0.7094915254237287,0.5745600000000001,0.649336,0.009559999999999968,0.002623999999999982
binary_bktf,balanced_mastery,14.0,21660843.0,2.0,250.0,0.5372,0.6022000000000001,0.5816000000000001,0.6546240000000001,0.6544678465163836,0.653496,0.6494746390039295,0.70388,18.96,0.711787645466674,0.009022939516041249,19.01388888888889,49.01388888888889,79.0,0.4756962025316455,110.0,0.59,61.0,0.7036065573770492,0.56856,0.6504719999999999,0.013040000000000029,0.0030239999999999378
binary_bktf,balanced_mastery,15.0,21760846.0,2.0,250.0,0.5514000000000001,0.6122,0.59256,0.65904,0.6568225965638941,0.651384,0.6520599758985155,0.7062,19.084,0.6987601584435331,0.009311506612161928,19.01388888888889,49.01388888888889,60.0,0.4666666666666668,137.0,0.5997080291970803,53.0,0.7166037735849056,0.5841200000000001,0.65044,0.008439999999999958,0.0009439999999999449
binary_bktf,balanced_mastery,16.0,21860849.0,2.0,250.0,0.533,0.60036,0.58144,0.645416,0.6539706640826954,0.64808,0.6494019293548564,0.699,18.796,0.7145176970808991,0.009427896180726349,19.01388888888889,49.01388888888889,75.0,0.46946666666666664,128.0,0.6015625,47.0,0.7053191489361702,0.5667199999999999,0.646936,0.014719999999999978,0.0011440000000000118
binary_bktf,balanced_mastery,17.0,21960852.0,2.0,250.0,0.5466000000000001,0.6082400000000001,0.5896,0.6550480000000001,0.6561914096800926,0.6560159999999999,0.6516337898825713,0.6958799999999998,18.8,0.7149149701287623,0.009277497146402972,19.01388888888889,49.01388888888889,61.0,0.47114754098360656,133.0,0.5968421052631581,56.0,0.7014285714285714,0.57872,0.6533680000000001,0.010880000000000023,0.0026479999999999837
binary_bktf,balanced_mastery,18.0,22060855.0,2.0,250.0,0.5452,0.6002000000000001,0.58208,0.6524,0.6540196698439231,0.651288,0.649622348521092,0.69924,18.764,0.7131855509642091,0.009115523287128426,19.01388888888889,49.01388888888889,72.0,0.45833333333333337,119.0,0.5915126050420167,59.0,0.7140677966101695,0.5772,0.650752,0.0048799999999999955,0.0005360000000000475
binary_bktf,balanced_mastery,19.0,22160858.0,2.0,250.0,0.5296,0.5962799999999999,0.57756,0.65064,0.6532062845191086,0.647816,0.6486772967487678,0.7032,19.036,0.704041505190514,0.009109727610995795,19.01388888888889,49.01388888888889,72.0,0.47333333333333333,136.0,0.5941911764705882,42.0,0.7023809523809523,0.56584,0.644992,0.011719999999999975,0.00282399999999996
binary_bktf,balanced_mastery,20.0,22260861.0,2.0,250.0,0.54,0.6032399999999999,0.5833600000000001,0.651832,0.6548366123838305,0.651048,0.650021610359394,0.70024,18.844,0.7114981091582144,0.008713920332856133,19.01388888888889,49.01388888888889,59.0,0.45847457627118643,142.0,0.5897887323943662,49.0,0.7151020408163266,0.57524,0.65016,0.008119999999999994,0.0008879999999999554
binary_bktf,balanced_mastery,21.0,22360864.0,2.0,250.0,0.532,0.5980000000000001,0.57892,0.6518240000000001,0.6533543154510555,0.646984,0.6487507712406931,0.6958799999999998,18.692,0.7180692766648297,0.008818086338635543,19.01388888888889,49.01388888888889,70.0,0.4751428571428572,136.0,0.5924264705882353,44.0,0.7022727272727273,0.56636,0.644144,0.012560000000000038,0.002839999999999998
binary_bktf,balanced_mastery,22.0,22460867.0,2.0,250.0,0.5464,0.60624,0.58596,0.656048,0.6553994167426482,0.6501520000000001,0.6504455751919604,0.70204,18.904,0.7134542548633135,0.009267715216614023,19.01388888888889,49.01388888888889,61.0,0.4778688524590164,134.0,0.5879850746268657,55.0,0.7009090909090909,0.5748,0.647336,0.011160000000000014,0.002815999999999974
binary_bktf,balanced_mastery,23.0,22560870.0,2.0,250.0,0.5344,0.60228,0.5833600000000001,0.654016,0.6542384786394839,0.64988,0.6496582257500003,0.6945999999999999,18.696,0.715240341471042,0.009150760571624532,19.01388888888889,49.01388888888889,74.0,0.4771621621621621,127.0,0.5962992125984251,49.0,0.710204081632653,0.5666800000000001,0.645352,0.016679999999999962,0.004527999999999999
binary_bktf,balanced_mastery,24.0,22660873.0,2.0,250.0,0.5476,0.6051200000000001,0.58476,0.659448,0.655142000290083,0.6515679999999999,0.6501722762967546,0.6976000000000001,18.864,0.7133024124372049,0.00919049589176129,19.01388888888889,49.01388888888889,64.0,0.46015625,127.0,0.5900787401574803,59.0,0.7084745762711864,0.57664,0.648128,0.008120000000000016,0.0034399999999999986
binary_bktf,balanced_mastery,25.0,22760876.0,2.0,250.0,0.5408000000000001,0.60576,0.58828,0.6552960000000001,0.6554178658082693,0.650104,0.6511571424214693,0.698,18.784,0.7159573982317149,0.009006119238995736,19.01388888888889,49.01388888888889,70.0,0.4700000000000001,120.0,0.60275,60.0,0.6973333333333332,0.5746399999999999,0.6470480000000001,0.01364000000000003,0.0030560000000000366
binary_bktf,balanced_mastery,26.0,22860879.0,2.0,250.0,0.5312,0.59788,0.5789599999999999,0.6522,0.6533497886958491,0.6541520000000001,0.6487366111771039,0.70032,18.916,0.7096622160162337,0.008653664341971993,19.01388888888889,49.01388888888889,68.0,0.4708823529411765,141.0,0.5961702127659574,41.0,0.6990243902439024,0.5676,0.6524080000000001,0.011359999999999926,0.0017439999999999457
binary_bktf,balanced_mastery,27.0,22960882.0,2.0,250.0,0.5246,0.5896800000000001,0.56928,0.651456,0.6513757687223931,0.648968,0.6464542060213504,0.69524,18.672,0.7180070438315761,0.008907047988656925,19.01388888888889,49.01388888888889,77.0,0.4750649350649351,131.0,0.5825954198473282,42.0,0.7004761904761905,0.5588,0.6468879999999999,0.010479999999999979,0.0020800000000000597
binary_bktf,balanced_mastery,28.0,23060885.0,2.0,250.0,0.5302,0.60228,0.58316,0.6557440000000001,0.6543989189397624,0.646448,0.6497889259969654,0.70052,18.892,0.7089251857683915,0.009124993641538171,19.01388888888889,49.01388888888889,61.0,0.4726229508196722,146.0,0.588972602739726,43.0,0.7202325581395349,0.5687599999999999,0.644328,0.014400000000000034,0.002119999999999944
binary_bktf,balanced_mastery,29.0,23160888.0,2.0,250.0,0.5442,0.6112400000000001,0.5894,0.659272,0.6568597771463771,0.6466239999999999,0.6515820922720149,0.7017599999999999,18.928,0.7102791012461617,0.008907934062180866,19.01388888888889,49.01388888888889,66.0,0.4790909090909091,129.0,0.5978294573643411,55.0,0.7020000000000001,0.5734,0.6434960000000001,0.016000000000000014,0.0031279999999999307
binary_bktf,blocked_median_item,0.0,20260801.0,2.0,250.0,0.5267999999999999,0.5812,0.5614399999999999,0.651032,0.6495182646288159,0.647048,0.6447137322910164,0.659648,20.0,0.2591132215989303,0.0313883176997564,19.01388888888889,49.01388888888889,77.0,0.45727272727272733,132.0,0.5800757575757576,41.0,0.6970731707317073,0.5614399999999999,0.647048,0.0,0.0
binary_bktf,blocked_median_item,1.0,20360804.0,2.0,250.0,0.5294,0.58216,0.5636,0.655504,0.6498801590388809,0.651016,0.6453779745924556,0.661064,20.0,0.2591132215989303,0.030974022996204054,19.01388888888889,49.01388888888889,72.0,0.4615277777777778,133.0,0.5790225563909773,45.0,0.6813333333333332,0.5636,0.651016,0.0,0.0
binary_bktf,blocked_median_item,2.0,20460807.0,2.0,250.0,0.5352,0.58648,0.5678,0.6546160000000001,0.6508854142101754,0.6466559999999999,0.6463495584267525,0.663544,20.0,0.2591132215989303,0.031074582693684138,19.01388888888889,49.01388888888889,73.0,0.46082191780821924,124.0,0.5804838709677419,53.0,0.6854716981132076,0.5678,0.6466559999999999,0.0,0.0
binary_bktf,blocked_median_item,3.0,20560810.0,2.0,250.0,0.5352,0.58692,0.5666399999999999,0.648176,0.6509513198365793,0.642448,0.6460597929615772,0.659424,20.0,0.2591132215989303,0.030888380406416137,19.01388888888889,49.01388888888889,70.0,0.4674285714285714,132.0,0.5786363636363636,48.0,0.6783333333333333,0.5666399999999999,0.642448,0.0,0.0
binary_bktf,blocked_median_item,4.0,20660813.0,2.0,250.0,0.5396,0.5887600000000001,0.56988,0.657224,0.651748805128287,0.6483679999999999,0.6471194537628498,0.660856,20.0,0.2591132215989303,0.030956608370513384,19.01388888888889,49.01388888888889,67.0,0.4619402985074627,136.0,0.5780882352941176,47.0,0.7,0.56988,0.6483679999999999,0.0,0.0
binary_bktf,blocked_median_item,5.0,20760816.0,2.0,250.0,0.5267999999999999,0.5810799999999999,0.5626800000000001,0.6494880000000001,0.649673024038709,0.64748,0.6451894148777104,0.66184,20.0,0.2591132215989303,0.031076779913931606,19.01388888888889,49.01388888888889,74.0,0.46513513513513516,137.0,0.5822627737226277,39.0,0.678974358974359,0.5626800000000001,0.64748,0.0,0.0
binary_bktf,blocked_median_item,6.0,20860819.0,2.0,250.0,0.538,0.59188,0.5729200000000001,0.650288,0.6522155595935804,0.6444639999999999,0.6475864256884798,0.66324,20.0,0.2591132215989303,0.03142008386946577,19.01388888888889,49.01388888888889,64.0,0.45703125,134.0,0.5781343283582089,52.0,0.7021153846153846,0.5729200000000001,0.6444639999999999,0.0,0.0
binary_bktf,blocked_median_item,7.0,20960822.0,2.0,250.0,0.5398,0.58924,0.571,0.650776,0.6515968163135187,0.643376,0.64717166527475,0.663528,20.0,0.2591132215989303,0.031821876675641125,19.01388888888889,49.01388888888889,70.0,0.4604285714285714,127.0,0.5813385826771653,53.0,0.6922641509433962,0.571,0.643376,0.0,0.0
binary_bktf,blocked_median_item,8.0,21060825.0,2.0,250.0,0.546,0.59544,0.57632,0.650176,0.6531810233587534,0.6493840000000001,0.6485773932087681,0.6637919999999999,20.0,0.2591132215989303,0.0316954675734942,19.01388888888889,49.01388888888889,64.0,0.4643750000000001,125.0,0.5827199999999999,61.0,0.680655737704918,0.57632,0.6493840000000001,0.0,0.0
binary_bktf,blocked_median_item,9.0,21160828.0,2.0,250.0,0.543,0.59532,0.5756,0.65484,0.6533253345394208,0.649432,0.6485388480886076,0.6635519999999999,20.0,0.2591132215989303,0.03138909792773824,19.01388888888889,49.01388888888889,64.0,0.47390625000000003,134.0,0.5805223880597016,52.0,0.6880769230769231,0.5756,0.649432,0.0,0.0
binary_bktf,blocked_median_item,10.0,21260831.0,2.0,250.0,0.5382,0.5856399999999999,0.56692,0.652616,0.6508734464996266,0.643656,0.6463207087707222,0.6601679999999999,20.0,0.2591132215989303,0.03125713325229595,19.01388888888889,49.01388888888889,68.0,0.4472058823529411,132.0,0.5774242424242424,50.0,0.702,0.56692,0.643656,0.0,0.0
binary_bktf,blocked_median_item,11.0,21360834.0,2.0,250.0,0.53,0.58184,0.5644,0.652744,0.6499639418108819,0.648488,0.6457703790407846,0.66068,20.0,0.2591132215989303,0.03162812399883544,19.01388888888889,49.01388888888889,81.0,0.4616049382716049,117.0,0.5793162393162393,52.0,0.6909615384615385,0.5644,0.648488,0.0,0.0
binary_bktf,blocked_median_item,12.0,21460837.0,2.0,250.0,0.5402,0.5882799999999999,0.5693199999999999,0.6500319999999999,0.6512439557027979,0.646056,0.6466405102349932,0.6622399999999999,20.0,0.2591132215989303,0.03150761421355709,19.01388888888889,49.01388888888889,73.0,0.4595890410958904,119.0,0.5803361344537814,58.0,0.6848275862068965,0.5693199999999999,0.646056,0.0,0.0
binary_bktf,blocked_median_item,13.0,21560840.0,2.0,250.0,0.5428,0.5948,0.5745600000000001,0.6512,0.653091258672912,0.649336,0.6481386775615968,0.664632,20.0,0.2591132215989303,0.03155309416448898,19.01388888888889,49.01388888888889,68.0,0.46955882352941175,123.0,0.5768292682926829,59.0,0.6908474576271187,0.5745600000000001,0.649336,0.0,0.0
binary_bktf,blocked_median_item,14.0,21660843.0,2.0,250.0,0.5372,0.58856,0.56856,0.651848,0.6514643480886091,0.6504719999999999,0.6466199058089559,0.6619919999999999,20.0,0.2591132215989303,0.031573823047235716,19.01388888888889,49.01388888888889,79.0,0.4727848101265823,110.0,0.5745454545454545,61.0,0.6818032786885246,0.56856,0.6504719999999999,0.0,0.0
binary_bktf,blocked_median_item,15.0,21760846.0,2.0,250.0,0.5514000000000001,0.60372,0.5841200000000001,0.657088,0.6550794877769752,0.65044,0.6503204629274659,0.667864,20.0,0.2591132215989303,0.03144083250576049,19.01388888888889,49.01388888888889,60.0,0.4721666666666667,137.0,0.5859124087591241,53.0,0.7062264150943396,0.5841200000000001,0.65044,0.0,0.0
binary_bktf,blocked_median_item,16.0,21860849.0,2.0,250.0,0.533,0.5852,0.5667199999999999,0.6424480000000001,0.6506724607051082,0.646936,0.6462030356337483,0.660808,20.0,0.2591132215989303,0.031216688358563182,19.01388888888889,49.01388888888889,75.0,0.4624,128.0,0.5856250000000001,47.0,0.6817021276595744,0.5667199999999999,0.646936,0.0,0.0
binary_bktf,blocked_median_item,17.0,21960852.0,2.0,250.0,0.5466000000000001,0.5968,0.57872,0.653176,0.653685046770499,0.6533680000000001,0.649268000578133,0.661984,20.0,0.2591132215989303,0.03167238689379978,19.01388888888889,49.01388888888889,61.0,0.47360655737704926,133.0,0.5771428571428572,56.0,0.6969642857142857,0.57872,0.6533680000000001,0.0,0.0
binary_bktf,blocked_median_item,18.0,22060855.0,2.0,250.0,0.5452,0.59536,0.5772,0.652576,0.6532502001864626,0.650752,0.6488357128136087,0.6619120000000001,20.0,0.2591132215989303,0.031346109181819806,19.01388888888889,49.01388888888889,72.0,0.4644444444444445,119.0,0.585798319327731,59.0,0.6974576271186441,0.5772,0.650752,0.0,0.0
binary_bktf,blocked_median_item,19.0,22160858.0,2.0,250.0,0.5296,0.58432,0.56584,0.649624,0.6504232977854467,0.644992,0.6459557909128927,0.660832,20.0,0.2591132215989303,0.031002419588423348,19.01388888888889,49.01388888888889,72.0,0.47013888888888894,136.0,0.5781617647058823,42.0,0.6900000000000001,0.56584,0.644992,0.0,0.0
binary_bktf,blocked_median_item,20.0,22260861.0,2.0,250.0,0.54,0.5942000000000001,0.57524,0.649848,0.6529788320176069,0.65016,0.6483639986544579,0.664432,20.0,0.2591132215989303,0.03160798867734323,19.01388888888889,49.01388888888889,59.0,0.45813559322033903,142.0,0.5811267605633803,49.0,0.6991836734693877,0.57524,0.65016,0.0,0.0
binary_bktf,blocked_median_item,21.0,22360864.0,2.0,250.0,0.532,0.58404,0.56636,0.64924,0.6502650805114204,0.644144,0.6459928251256188,0.6596,20.0,0.2591132215989303,0.031463071920065575,19.01388888888889,49.01388888888889,70.0,0.46085714285714285,136.0,0.5830147058823529,44.0,0.6827272727272727,0.56636,0.644144,0.0,0.0
binary_bktf,blocked_median_item,22.0,22460867.0,2.0,250.0,0.5464,0.59448,0.5748,0.65388,0.6528071245090763,0.647336,0.6479670661345298,0.6647040000000001,20.0,0.2591132215989303,0.03111298808829637,19.01388888888889,49.01388888888889,61.0,0.47065573770491803,134.0,0.5738059701492537,55.0,0.6927272727272727,0.5748,0.647336,0.0,0.0
binary_bktf,blocked_median_item,23.0,22560870.0,2.0,250.0,0.5344,0.5856399999999999,0.5666800000000001,0.65072,0.6507434957553333,0.645352,0.6461439845930567,0.6593519999999999,20.0,0.2591132215989303,0.03128939397270275,19.01388888888889,49.01388888888889,74.0,0.46256756756756756,127.0,0.578031496062992,49.0,0.6944897959183673,0.5666800000000001,0.645352,0.0,0.0
binary_bktf,blocked_median_item,24.0,22660873.0,2.0,250.0,0.5476,0.59684,0.57664,0.6568959999999999,0.6533485894668607,0.648128,0.6484040199642349,0.662112,20.0,0.2591132215989303,0.031475331953420976,19.01388888888889,49.01388888888889,64.0,0.45687500000000003,127.0,0.5803937007874016,59.0,0.6984745762711864,0.57664,0.648128,0.0,0.0
binary_bktf,blocked_median_item,25.0,22760876.0,2.0,250.0,0.5408000000000001,0.5914400000000001,0.5746399999999999,0.6523680000000001,0.6521333177823474,0.6470480000000001,0.648036681565791,0.6627599999999999,20.0,0.2591132215989303,0.03149170555297916,19.01388888888889,49.01388888888889,70.0,0.47371428571428575,120.0,0.58,60.0,0.6816666666666666,0.5746399999999999,0.6470480000000001,0.0,0.0
binary_bktf,blocked_median_item,26.0,22860879.0,2.0,250.0,0.5312,0.58536,0.5676,0.649464,0.6506030529999792,0.6524080000000001,0.6462542790796755,0.659632,20.0,0.2591132215989303,0.03121488866257255,19.01388888888889,49.01388888888889,68.0,0.46808823529411764,141.0,0.5829078014184398,41.0,0.6799999999999999,0.5676,0.6524080000000001,0.0,0.0
binary_bktf,blocked_median_item,27.0,22960882.0,2.0,250.0,0.5246,0.57792,0.5588,0.649536,0.6488615735740577,0.6468879999999999,0.6442215225631911,0.658896,20.0,0.2591132215989303,0.03118688514655214,19.01388888888889,49.01388888888889,77.0,0.4707792207792208,131.0,0.5699236641221374,42.0,0.6854761904761905,0.5588,0.6468879999999999,0.0,0.0
binary_bktf,blocked_median_item,28.0,23060885.0,2.0,250.0,0.5302,0.58676,0.5687599999999999,0.650768,0.6509306539141372,0.644328,0.6465775672310672,0.6602560000000001,20.0,0.2591132215989303,0.031140185505625962,19.01388888888889,49.01388888888889,61.0,0.4611475409836066,146.0,0.5775342465753425,43.0,0.6916279069767441,0.5687599999999999,0.644328,0.0,0.0
binary_bktf,blocked_median_item,29.0,23160888.0,2.0,250.0,0.5442,0.5945199999999999,0.5734,0.65628,0.6531013166043721,0.6434960000000001,0.6479841410507563,0.664208,20.0,0.2591132215989303,0.03149777575686972,19.01388888888889,49.01388888888889,66.0,0.46772727272727277,129.0,0.577984496124031,55.0,0.6894545454545454,0.5734,0.6434960000000001,0.0,0.0
binary_bktf,interleaved_median_item,0.0,20260801.0,2.0,250.0,0.5267999999999999,0.5816399999999999,0.5625199999999999,0.651272,0.6496011685496293,0.647208,0.6449626628189639,0.6576639999999999,20.0,0.25911322159893035,0.031050351588380487,19.01388888888889,49.01388888888889,77.0,0.45779220779220786,132.0,0.5788636363636364,41.0,0.7065853658536585,0.5614399999999999,0.647048,0.0010799999999999699,0.0001600000000000934
binary_bktf,interleaved_median_item,1.0,20360804.0,2.0,250.0,0.5294,0.58192,0.56332,0.6552720000000001,0.649814004876999,0.650792,0.6453036181338857,0.661208,20.0,0.25911322159893035,0.03126995027935362,19.01388888888889,49.01388888888889,72.0,0.45986111111111116,133.0,0.5792481203007519,45.0,0.6817777777777776,0.5636,0.651016,-0.00027999999999999136,-0.00022400000000000198
binary_bktf,interleaved_median_item,2.0,20460807.0,2.0,250.0,0.5352,0.5862,0.56748,0.6546960000000001,0.650840704591346,0.646336,0.6463062634962051,0.66204,20.0,0.25911322159893035,0.031294566851527296,19.01388888888889,49.01388888888889,73.0,0.4565753424657534,124.0,0.581774193548387,53.0,0.6867924528301887,0.5678,0.6466559999999999,-0.00031999999999996474,-0.0003200000000000092
binary_bktf,interleaved_median_item,3.0,20560810.0,2.0,250.0,0.5352,0.5892799999999999,0.56868,0.6491999999999999,0.6514956289116709,0.643848,0.646522040843218,0.662544,20.0,0.25911322159893035,0.03138237473753329,19.01388888888889,49.01388888888889,70.0,0.47228571428571425,132.0,0.5787878787878789,48.0,0.6814583333333333,0.5666399999999999,0.642448,0.0020400000000000197,0.0014000000000000234
binary_bktf,interleaved_median_item,4.0,20660813.0,2.0,250.0,0.5396,0.58856,0.57008,0.656888,0.6516511063038262,0.648216,0.6471265813098478,0.662192,20.0,0.25911322159893035,0.03148498319406256,19.01388888888889,49.01388888888889,67.0,0.4617910447761194,136.0,0.5783823529411765,47.0,0.7004255319148937,0.56988,0.6483679999999999,0.00020000000000000017,-0.00015199999999997437
binary_bktf,interleaved_median_item,5.0,20760816.0,2.0,250.0,0.5267999999999999,0.58124,0.5626,0.649112,0.6497004750452667,0.647344,0.6451679357645715,0.6611279999999999,20.0,0.25911322159893035,0.03150812350939504,19.01388888888889,49.01388888888889,74.0,0.4640540540540541,137.0,0.5831386861313869,39.0,0.6774358974358974,0.5626800000000001,0.64748,-7.999999999996898e-05,-0.0001360000000000028
binary_bktf,interleaved_median_item,6.0,20860819.0,2.0,250.0,0.538,0.58904,0.57036,0.649208,0.6516076067495057,0.643944,0.6470376190435503,0.6608080000000001,20.0,0.25911322159893035,0.03175824879362736,19.01388888888889,49.01388888888889,64.0,0.45687500000000003,134.0,0.5746268656716418,52.0,0.6990384615384616,0.5729200000000001,0.6444639999999999,-0.002560000000000029,-0.0005200000000000315
binary_bktf,interleaved_median_item,7.0,20960822.0,2.0,250.0,0.5398,0.5907600000000001,0.5727599999999999,0.6512879999999999,0.651946066632901,0.6437039999999999,0.6475794220351354,0.6632800000000001,20.0,0.25911322159893035,0.0317459891084178,19.01388888888889,49.01388888888889,70.0,0.4644285714285714,127.0,0.5808661417322833,53.0,0.6964150943396227,0.571,0.643376,0.0017599999999999838,0.0003280000000000616
binary_bktf,interleaved_median_item,8.0,21060825.0,2.0,250.0,0.546,0.5990800000000001,0.5806,0.6512800000000001,0.6541188473362063,0.6506160000000001,0.6496710114321831,0.664104,20.0,0.25911322159893035,0.031638686658594956,19.01388888888889,49.01388888888889,64.0,0.4715625,125.0,0.5844799999999999,61.0,0.6870491803278689,0.57632,0.6493840000000001,0.004279999999999973,0.001232000000000033
binary_bktf,interleaved_median_item,9.0,21160828.0,2.0,250.0,0.543,0.59404,0.57448,0.65428,0.6529588339505624,0.6487839999999999,0.6481972409499043,0.6645200000000001,20.0,0.25911322159893035,0.031621512203735505,19.01388888888889,49.01388888888889,64.0,0.47078125000000004,134.0,0.5801492537313433,52.0,0.6875,0.5756,0.649432,-0.0011200000000000099,-0.0006480000000000264
binary_bktf,interleaved_median_item,10.0,21260831.0,2.0,250.0,0.5382,0.59048,0.57184,0.6535759999999999,0.6519913930105556,0.644984,0.6474707698093118,0.663152,20.0,0.25911322159893035,0.03148142204643176,19.01388888888889,49.01388888888889,68.0,0.458235294117647,132.0,0.5828787878787879,50.0,0.6972000000000002,0.56692,0.643656,0.004919999999999991,0.0013279999999999959
binary_bktf,interleaved_median_item,11.0,21360834.0,2.0,250.0,0.53,0.58296,0.5658799999999999,0.6523519999999999,0.6502279110181031,0.64868,0.6461217953383962,0.6595120000000001,20.0,0.25911322159893035,0.031097145978418794,19.01388888888889,49.01388888888889,81.0,0.46185185185185185,117.0,0.5817094017094017,52.0,0.6923076923076923,0.5644,0.648488,0.0014800000000000147,0.0001920000000000588
binary_bktf,interleaved_median_item,12.0,21460837.0,2.0,250.0,0.5402,0.58908,0.56988,0.6504160000000001,0.651458207576897,0.64584,0.6468009876614006,0.659488,20.0,0.25911322159893035,0.03163855391283257,19.01388888888889,49.01388888888889,73.0,0.45465753424657535,119.0,0.5828571428571427,58.0,0.6882758620689655,0.5693199999999999,0.646056,0.0005600000000000494,-0.00021599999999997178
binary_bktf,interleaved_median_item,13.0,21560840.0,2.0,250.0,0.5428,0.59496,0.57448,0.651432,0.6531475021412378,0.649712,0.648134066297386,0.6621600000000001,20.0,0.25911322159893035,0.03124915395040173,19.01388888888889,49.01388888888889,68.0,0.4716176470588235,123.0,0.5756097560975608,59.0,0.690677966101695,0.5745600000000001,0.649336,-8.000000000008001e-05,0.00037599999999997634
binary_bktf,interleaved_median_item,14.0,21660843.0,2.0,250.0,0.5372,0.58952,0.56932,0.652272,0.6516548158251854,0.651248,0.64674640626199,0.661032,20.0,0.25911322159893035,0.032108752683042266,19.01388888888889,49.01388888888889,79.0,0.47683544303797476,110.0,0.5748181818181818,61.0,0.6791803278688524,0.56856,0.6504719999999999,0.0007600000000000051,0.0007760000000000211
binary_bktf,interleaved_median_item,15.0,21760846.0,2.0,250.0,0.5514000000000001,0.6051599999999999,0.58524,0.6583680000000001,0.655479633225029,0.6502640000000001,0.6506385859443845,0.6686799999999999,20.0,0.25911322159893035,0.03146485445204202,19.01388888888889,49.01388888888889,60.0,0.4823333333333334,137.0,0.5850364963503649,53.0,0.7022641509433962,0.5841200000000001,0.65044,0.0011199999999999878,-0.00017599999999997617
binary_bktf,interleaved_median_item,16.0,21860849.0,2.0,250.0,0.533,0.5878,0.56904,0.642752,0.6512928338439141,0.647104,0.6467543746568322,0.6624159999999999,20.0,0.25911322159893035,0.03162541043541951,19.01388888888889,49.01388888888889,75.0,0.4709333333333333,128.0,0.58421875,47.0,0.6842553191489362,0.5667199999999999,0.646936,0.002320000000000033,0.0001680000000000126
binary_bktf,interleaved_median_item,17.0,21960852.0,2.0,250.0,0.5466000000000001,0.59684,0.5784,0.6529919999999999,0.6537051505964465,0.653312,0.649195865333927,0.663408,20.0,0.25911322159893035,0.03199391246767273,19.01388888888889,49.01388888888889,61.0,0.46803278688524597,133.0,0.5776691729323308,56.0,0.7003571428571428,0.57872,0.6533680000000001,-0.00031999999999996474,-5.5999999999989394e-05
binary_bktf,interleaved_median_item,18.0,22060855.0,2.0,250.0,0.5452,0.5954400000000001,0.57772,0.6526479999999999,0.6532661944986609,0.65104,0.6489548035341359,0.663368,20.0,0.25911322159893035,0.03187032032204827,19.01388888888889,49.01388888888889,72.0,0.4648611111111111,119.0,0.5865546218487394,59.0,0.6976271186440679,0.5772,0.650752,0.0005200000000000315,0.0002880000000000216
binary_bktf,interleaved_median_item,19.0,22160858.0,2.0,250.0,0.5296,0.5850799999999999,0.56656,0.649616,0.6505865745488795,0.6450400000000001,0.6461045076439673,0.6604639999999999,20.0,0.25911322159893035,0.03122861147705654,19.01388888888889,49.01388888888889,72.0,0.47027777777777785,136.0,0.5808088235294118,42.0,0.6854761904761905,0.56584,0.644992,0.0007199999999999651,4.7999999999981394e-05
binary_bktf,interleaved_median_item,20.0,22260861.0,2.0,250.0,0.54,0.59416,0.57536,0.64952,0.6529504675529545,0.6500159999999999,0.6483736582792506,0.664264,20.0,0.25911322159893035,0.03154096554455142,19.01388888888889,49.01388888888889,59.0,0.4576271186440678,142.0,0.5824647887323944,49.0,0.696530612244898,0.57524,0.65016,0.00011999999999996458,-0.0001440000000000552
binary_bktf,interleaved_median_item,21.0,22360864.0,2.0,250.0,0.532,0.5852,0.5673199999999999,0.6499360000000001,0.6505573103795677,0.645384,0.6462249094816176,0.659888,20.0,0.25911322159893035,0.0318613818162718,19.01388888888889,49.01388888888889,70.0,0.4675714285714285,136.0,0.5827941176470588,44.0,0.6781818181818182,0.56636,0.644144,0.0009599999999999609,0.0012399999999999967
binary_bktf,interleaved_median_item,22.0,22460867.0,2.0,250.0,0.5464,0.5968,0.57764,0.654568,0.6532985271197875,0.6480560000000001,0.6485952165801026,0.665072,20.0,0.25911322159893035,0.031542427651321814,19.01388888888889,49.01388888888889,61.0,0.4719672131147541,134.0,0.5797014925373134,55.0,0.6898181818181819,0.5748,0.647336,0.0028400000000000647,0.0007199999999999651
binary_bktf,interleaved_median_item,23.0,22560870.0,2.0,250.0,0.5344,0.58596,0.56744,0.650272,0.650840283094303,0.6452,0.6463357101300501,0.662696,20.0,0.25911322159893035,0.03135584129145432,19.01388888888889,49.01388888888889,74.0,0.4654054054054054,127.0,0.5770866141732283,49.0,0.696530612244898,0.5666800000000001,0.645352,0.0007599999999999607,-0.000152000000000041
binary_bktf,interleaved_median_item,24.0,22660873.0,2.0,250.0,0.5476,0.59852,0.57796,0.6572,0.6537776196433374,0.648504,0.6487478655040054,0.663672,20.0,0.25911322159893035,0.03151329161092699,19.01388888888889,49.01388888888889,64.0,0.458125,127.0,0.5813385826771653,59.0,0.700677966101695,0.57664,0.648128,0.0013199999999999878,0.00037599999999997634
binary_bktf,interleaved_median_item,25.0,22760876.0,2.0,250.0,0.5408000000000001,0.59364,0.57708,0.653104,0.652619845429814,0.647864,0.6485815374586349,0.663472,20.0,0.25911322159893035,0.031905645084288295,19.01388888888889,49.01388888888889,70.0,0.4718571428571428,120.0,0.58375,60.0,0.6865,0.5746399999999999,0.6470480000000001,0.002440000000000042,0.0008160000000000167
binary_bktf,interleaved_median_item,26.0,22860879.0,2.0,250.0,0.5312,0.5856,0.568,0.649792,0.6506316837951848,0.652992,0.646325240855721,0.6606799999999999,20.0,0.25911322159893035,0.03099004330698788,19.01388888888889,49.01388888888889,68.0,0.46911764705882353,141.0,0.5828368794326242,41.0,0.6809756097560976,0.5676,0.6524080000000001,0.00040000000000000034,0.0005839999999999179
binary_bktf,interleaved_median_item,27.0,22960882.0,2.0,250.0,0.5246,0.57928,0.55968,0.650224,0.6492302043497545,0.646952,0.6444884639232379,0.6590480000000001,20.0,0.25911322159893035,0.03153982931961817,19.01388888888889,49.01388888888889,77.0,0.46922077922077926,131.0,0.5722137404580152,42.0,0.6864285714285714,0.5588,0.6468879999999999,0.0008800000000000585,6.40000000000196e-05
binary_bktf,interleaved_median_item,28.0,23060885.0,2.0,250.0,0.5302,0.5833200000000001,0.5652,0.650424,0.6501157792046306,0.643464,0.6457365544323391,0.657944,20.0,0.25911322159893035,0.0314704270895391,19.01388888888889,49.01388888888889,61.0,0.45377049180327866,146.0,0.5753424657534246,43.0,0.6888372093023255,0.5687599999999999,0.644328,-0.0035599999999999634,-0.0008639999999999759
binary_bktf,interleaved_median_item,29.0,23160888.0,2.0,250.0,0.5442,0.59532,0.57492,0.65644,0.6532826426186336,0.644368,0.6483413049458681,0.662312,20.0,0.25911322159893035,0.031226445404393472,19.01388888888889,49.01388888888889,66.0,0.4722727272727273,129.0,0.5773643410852713,55.0,0.6923636363636364,0.5734,0.6434960000000001,0.0015200000000000768,0.0008720000000000284
binary_bktf,latent_state_greedy,0.0,20260801.0,2.0,250.0,0.5267999999999999,0.6918799999999999,0.66896,0.68056,0.6775067117790297,0.67316,0.6719197763606827,0.5134000000000001,4.628,0.2893782042143217,0.005963845148656643,19.01388888888889,49.01388888888889,77.0,0.5683116883116883,132.0,0.6907575757575758,41.0,0.7878048780487805,0.5614399999999999,0.647048,0.10751999999999999,0.026112000000000045
binary_bktf,latent_state_greedy,1.0,20360804.0,2.0,250.0,0.5294,0.686,0.6649200000000001,0.682968,0.676297572464104,0.675592,0.6711456998995834,0.51252,4.424,0.28800983567569494,0.0059956746189869705,19.01388888888889,49.01388888888889,72.0,0.5590277777777779,133.0,0.6851127819548872,45.0,0.7746666666666667,0.5636,0.651016,0.10132000000000001,0.024575999999999976
binary_bktf,latent_state_greedy,2.0,20460807.0,2.0,250.0,0.5352,0.69576,0.67376,0.683392,0.6786631756315906,0.6723839999999999,0.6732940203962064,0.51928,4.468,0.2835887117916,0.006233576000705859,19.01388888888889,49.01388888888889,73.0,0.5627397260273972,124.0,0.6891935483870968,53.0,0.790566037735849,0.5678,0.6466559999999999,0.10596000000000003,0.025727999999999973
binary_bktf,latent_state_greedy,3.0,20560810.0,2.0,250.0,0.5352,0.69768,0.67372,0.6761759999999999,0.6788877005150467,0.670296,0.6730767959902094,0.51592,4.476,0.2835936582350801,0.005975134907812095,19.01388888888889,49.01388888888889,70.0,0.5698571428571428,132.0,0.6878030303030304,48.0,0.7864583333333333,0.5666399999999999,0.642448,0.10708000000000004,0.027847999999999984
binary_bktf,latent_state_greedy,4.0,20660813.0,2.0,250.0,0.5396,0.7036399999999999,0.68188,0.68564,0.6806252341117063,0.6753359999999999,0.6752772190213138,0.51788,4.544,0.2888880381119831,0.006146690062288005,19.01388888888889,49.01388888888889,67.0,0.5986567164179103,136.0,0.6860294117647059,47.0,0.7885106382978722,0.56988,0.6483679999999999,0.11200000000000002,0.026968000000000037
binary_bktf,latent_state_greedy,5.0,20760816.0,2.0,250.0,0.5267999999999999,0.69852,0.67692,0.67736,0.6792982424693461,0.675384,0.6739998041641875,0.5189199999999999,4.812,0.2854090960874091,0.00634896751581338,19.01388888888889,49.01388888888889,74.0,0.5962162162162162,137.0,0.6881751824817519,39.0,0.7905128205128206,0.5626800000000001,0.64748,0.11423999999999997,0.027903999999999974
binary_bktf,latent_state_greedy,6.0,20860819.0,2.0,250.0,0.538,0.6975999999999999,0.67508,0.6772159999999999,0.6791559270088359,0.668928,0.6736195163728705,0.51352,4.556,0.28643568656733226,0.006081675726437227,19.01388888888889,49.01388888888889,64.0,0.5623437499999999,134.0,0.6803731343283582,52.0,0.8001923076923078,0.5729200000000001,0.6444639999999999,0.10215999999999999,0.024464000000000062
binary_bktf,latent_state_greedy,7.0,20960822.0,2.0,250.0,0.5398,0.6994,0.67788,0.6796399999999999,0.679405064322496,0.6699919999999999,0.6741586686747819,0.51244,4.616,0.28029774877195784,0.006839977309157174,19.01388888888889,49.01388888888889,70.0,0.5657142857142856,127.0,0.6918897637795276,53.0,0.7924528301886793,0.571,0.643376,0.10688000000000002,0.02661600000000004
binary_bktf,latent_state_greedy,8.0,21060825.0,2.0,250.0,0.546,0.7037599999999999,0.6817599999999999,0.678184,0.6806760633433617,0.674808,0.6753493976089728,0.51492,4.42,0.2910393989905658,0.0063693338639986595,19.01388888888889,49.01388888888889,64.0,0.56796875,125.0,0.69264,61.0,0.7788524590163934,0.57632,0.6493840000000001,0.10543999999999995,0.025424000000000002
binary_bktf,latent_state_greedy,9.0,21160828.0,2.0,250.0,0.543,0.70396,0.68148,0.6811119999999999,0.6807172212575443,0.67504,0.6752070288632719,0.5094,4.516,0.28254730123666627,0.006230160132712422,19.01388888888889,49.01388888888889,64.0,0.58,134.0,0.6873134328358208,52.0,0.7913461538461538,0.5756,0.649432,0.10587999999999997,0.02560800000000001
binary_bktf,latent_state_greedy,10.0,21260831.0,2.0,250.0,0.5382,0.692,0.6698799999999999,0.678264,0.6776185013895443,0.670488,0.672196522557529,0.5116400000000001,4.468,0.2846280009696899,0.005712241414257937,19.01388888888889,49.01388888888889,68.0,0.5676470588235295,132.0,0.6765151515151515,50.0,0.7914,0.56692,0.643656,0.10295999999999997,0.026832000000000057
binary_bktf,latent_state_greedy,11.0,21360834.0,2.0,250.0,0.53,0.68964,0.66856,0.677872,0.6772201415267106,0.674688,0.6721146106562006,0.5135599999999999,4.484,0.2882465255783735,0.0060406539991405975,19.01388888888889,49.01388888888889,81.0,0.5634567901234567,117.0,0.6884615384615385,52.0,0.7875,0.5644,0.648488,0.10416000000000003,0.0262
binary_bktf,latent_state_greedy,12.0,21460837.0,2.0,250.0,0.5402,0.70256,0.68036,0.6785840000000001,0.6801681699931554,0.674536,0.6747588808490776,0.50856,4.592,0.2797123326392065,0.006242348544126471,19.01388888888889,49.01388888888889,73.0,0.5701369863013699,119.0,0.6941176470588236,58.0,0.7908620689655173,0.5693199999999999,0.646056,0.11104000000000003,0.028480000000000016
binary_bktf,latent_state_greedy,13.0,21560840.0,2.0,250.0,0.5428,0.71068,0.68568,0.679296,0.68224747796684,0.676976,0.6761040733207311,0.51096,4.66,0.27982727760336784,0.006644550584271827,19.01388888888889,49.01388888888889,68.0,0.5719117647058825,123.0,0.6906504065040651,59.0,0.8064406779661016,0.5745600000000001,0.649336,0.11111999999999995,0.027639999999999977
binary_bktf,latent_state_greedy,14.0,21660843.0,2.0,250.0,0.5372,0.7011200000000001,0.67748,0.680288,0.6799952251001966,0.6791280000000001,0.6742123443312975,0.515,4.52,0.284716116188564,0.006092225022002758,19.01388888888889,49.01388888888889,79.0,0.5805063291139241,110.0,0.6835454545454546,61.0,0.7921311475409836,0.56856,0.6504719999999999,0.10891999999999998,0.028656000000000015
binary_bktf,latent_state_greedy,15.0,21760846.0,2.0,250.0,0.5514000000000001,0.72096,0.6976800000000001,0.686272,0.6846069789815925,0.678632,0.678921527302266,0.52016,4.708,0.2852135313240784,0.006312399892052624,19.01388888888889,49.01388888888889,60.0,0.5956666666666666,137.0,0.6965693430656934,53.0,0.8160377358490566,0.5841200000000001,0.65044,0.11356000000000002,0.028191999999999995
binary_bktf,latent_state_greedy,16.0,21860849.0,2.0,250.0,0.533,0.7059200000000001,0.6842,0.6724559999999999,0.6811792772877728,0.675328,0.6758872295964098,0.51924,4.684,0.28173870708358356,0.005977091685524691,19.01388888888889,49.01388888888889,75.0,0.5998666666666667,128.0,0.69484375,47.0,0.7897872340425531,0.5667199999999999,0.646936,0.11748000000000003,0.028392000000000018
binary_bktf,latent_state_greedy,17.0,21960852.0,2.0,250.0,0.5466000000000001,0.70672,0.68444,0.68128,0.6813015005642188,0.68008,0.67583913446502,0.5138400000000001,4.532,0.2863030051715119,0.00593030383506972,19.01388888888889,49.01388888888889,61.0,0.5911475409836064,133.0,0.6836842105263159,56.0,0.7878571428571429,0.57872,0.6533680000000001,0.10572000000000001,0.026712000000000003
binary_bktf,latent_state_greedy,18.0,22060855.0,2.0,250.0,0.5452,0.7056,0.6836800000000001,0.680752,0.6810126975387626,0.678536,0.6756553481587851,0.51588,4.548,0.28061685259361174,0.006442938644914678,19.01388888888889,49.01388888888889,72.0,0.5790277777777778,119.0,0.686890756302521,59.0,0.804915254237288,0.5772,0.650752,0.10647999999999995,0.02778400000000005
binary_bktf,latent_state_greedy,19.0,22160858.0,2.0,250.0,0.5296,0.69544,0.67384,0.6773279999999999,0.678645606531728,0.673272,0.6733739633291822,0.5112800000000001,4.556,0.285044627384449,0.00615042698912947,19.01388888888889,49.01388888888889,72.0,0.5751388888888889,136.0,0.695735294117647,42.0,0.7721428571428571,0.56584,0.644992,0.10800000000000003,0.028279999999999972
binary_bktf,latent_state_greedy,20.0,22260861.0,2.0,250.0,0.54,0.7070399999999999,0.68384,0.677928,0.6814980212195582,0.677616,0.6758310470823348,0.51292,4.62,0.28469976621612353,0.006145050803161117,19.01388888888889,49.01388888888889,59.0,0.5703389830508475,142.0,0.6961971830985916,49.0,0.7846938775510204,0.57524,0.65016,0.1086,0.02745599999999997
binary_bktf,latent_state_greedy,21.0,22360864.0,2.0,250.0,0.532,0.70072,0.6794399999999999,0.6787759999999999,0.6798099914799024,0.673272,0.6746289446594702,0.51652,4.628,0.2894952006107716,0.006473830153697191,19.01388888888889,49.01388888888889,70.0,0.5742857142857143,136.0,0.6968382352941177,44.0,0.7929545454545456,0.56636,0.644144,0.11308,0.029127999999999953
binary_bktf,latent_state_greedy,22.0,22460867.0,2.0,250.0,0.5464,0.7035600000000001,0.6803600000000001,0.681784,0.6802554106167643,0.674368,0.674527563081252,0.51332,4.456,0.28268516606938043,0.006144890423436566,19.01388888888889,49.01388888888889,61.0,0.5791803278688524,134.0,0.682089552238806,55.0,0.7883636363636363,0.5748,0.647336,0.10556000000000007,0.027031999999999945
binary_bktf,latent_state_greedy,23.0,22560870.0,2.0,250.0,0.5344,0.69396,0.67228,0.6793760000000001,0.6782297847404364,0.672424,0.6729343104517111,0.5148,4.46,0.2870948848831756,0.005692312491456327,19.01388888888889,49.01388888888889,74.0,0.5756756756756757,127.0,0.6855905511811023,49.0,0.7836734693877551,0.5666800000000001,0.645352,0.10559999999999992,0.027071999999999964
binary_bktf,latent_state_greedy,24.0,22660873.0,2.0,250.0,0.5476,0.7038800000000001,0.68044,0.683832,0.6805524308568318,0.672344,0.674780730059772,0.50852,4.416,0.27597623201810234,0.005970521623327224,19.01388888888889,49.01388888888889,64.0,0.5706249999999999,127.0,0.6839370078740158,59.0,0.7920338983050847,0.57664,0.648128,0.10380000000000003,0.024215999999999994
binary_bktf,latent_state_greedy,25.0,22760876.0,2.0,250.0,0.5408000000000001,0.6993199999999999,0.6786399999999999,0.6798080000000001,0.679444677511064,0.67372,0.674351311333256,0.5183199999999999,4.416,0.2935699826162254,0.005964110874002017,19.01388888888889,49.01388888888889,70.0,0.5761428571428572,120.0,0.6904999999999999,60.0,0.7745,0.5746399999999999,0.6470480000000001,0.10399999999999994,0.02667200000000003
binary_bktf,latent_state_greedy,26.0,22860879.0,2.0,250.0,0.5312,0.69348,0.67204,0.677672,0.678008284370901,0.679736,0.6727277645460109,0.51212,4.484,0.28189955248777016,0.006233880613626907,19.01388888888889,49.01388888888889,68.0,0.5730882352941177,141.0,0.6905673758865248,41.0,0.7724390243902439,0.5676,0.6524080000000001,0.10444,0.027327999999999953
binary_bktf,latent_state_greedy,27.0,22960882.0,2.0,250.0,0.5246,0.69804,0.67524,0.67988,0.6791473090075894,0.6752879999999999,0.6735936168186768,0.52236,4.692,0.29824684173392485,0.006467921367191666,19.01388888888889,49.01388888888889,77.0,0.5805194805194805,131.0,0.6954961832061068,42.0,0.7857142857142856,0.5588,0.6468879999999999,0.11644000000000003,0.0284
binary_bktf,latent_state_greedy,28.0,23060885.0,2.0,250.0,0.5302,0.6968,0.67556,0.6794,0.6787473683106369,0.669736,0.6735849351093417,0.5150399999999999,4.616,0.2898104523575588,0.006236286719177644,19.01388888888889,49.01388888888889,61.0,0.571639344262295,146.0,0.6866438356164384,43.0,0.7853488372093024,0.5687599999999999,0.644328,0.10680000000000008,0.025407999999999965
binary_bktf,latent_state_greedy,29.0,23160888.0,2.0,250.0,0.5442,0.70488,0.68104,0.684864,0.6809239767413242,0.6702239999999999,0.6751147227240526,0.5186000000000001,4.464,0.2826783210229147,0.006072971910537595,19.01388888888889,49.01388888888889,66.0,0.583030303030303,129.0,0.6848837209302325,55.0,0.7896363636363637,0.5734,0.6434960000000001,0.10764000000000003,0.026727999999999995
binary_bktf,least_mastery_target_item,0.0,20260801.0,2.0,250.0,0.5267999999999999,0.5918,0.5715199999999999,0.6535759999999999,0.6513515075107195,0.648184,0.6464545168706949,0.7044400000000001,9.068,0.7848692312561946,0.000368218170844366,19.01388888888889,49.01388888888889,77.0,0.4593506493506494,132.0,0.5910606060606061,41.0,0.7192682926829269,0.5614399999999999,0.647048,0.010079999999999955,0.0011360000000000259
binary_bktf,least_mastery_target_item,1.0,20360804.0,2.0,250.0,0.5294,0.5938399999999999,0.5744,0.657336,0.652029464796289,0.651832,0.6473500568865491,0.7009200000000001,8.804,0.7918251873454394,0.0004443445604048964,19.01388888888889,49.01388888888889,72.0,0.45569444444444446,133.0,0.5893233082706766,45.0,0.7202222222222222,0.5636,0.651016,0.010799999999999943,0.0008159999999999279
binary_bktf,least_mastery_target_item,2.0,20460807.0,2.0,250.0,0.5352,0.5894,0.56992,0.6554400000000001,0.6508653851931696,0.6461600000000001,0.6461737949150863,0.70188,9.004,0.7873625621483809,0.0006897076840992969,19.01388888888889,49.01388888888889,73.0,0.45698630136986307,124.0,0.5820967741935483,53.0,0.6969811320754717,0.5678,0.6466559999999999,0.0021200000000000108,-0.0004959999999999409
binary_bktf,least_mastery_target_item,3.0,20560810.0,2.0,250.0,0.5352,0.5968,0.5758000000000001,0.650088,0.6524705160844946,0.643648,0.647435593923962,0.7007599999999999,8.888,0.7820964869268159,0.0008543921314003165,19.01388888888889,49.01388888888889,70.0,0.46385714285714297,132.0,0.5884848484848485,48.0,0.7041666666666667,0.5666399999999999,0.642448,0.00916000000000008,0.0011999999999999789
binary_bktf,least_mastery_target_item,4.0,20660813.0,2.0,250.0,0.5396,0.59768,0.57876,0.658544,0.6532007656826287,0.649,0.6485960323105548,0.70192,8.872,0.7902827571385332,0.0006569058165308985,19.01388888888889,49.01388888888889,67.0,0.4614925373134328,136.0,0.5875,47.0,0.7206382978723405,0.56988,0.6483679999999999,0.008880000000000022,0.0006320000000000325
binary_bktf,least_mastery_target_item,5.0,20760816.0,2.0,250.0,0.5267999999999999,0.5888,0.57,0.650696,0.6507766789840661,0.6491439999999999,0.6462277442712671,0.7026399999999999,8.884,0.7883222613735429,0.0005126064595583262,19.01388888888889,49.01388888888889,74.0,0.45797297297297296,137.0,0.5895620437956204,39.0,0.7138461538461538,0.5626800000000001,0.64748,0.007319999999999949,0.0016639999999999544
binary_bktf,least_mastery_target_item,6.0,20860819.0,2.0,250.0,0.538,0.59932,0.57916,0.651368,0.653257666777366,0.644208,0.6483673941211399,0.6997599999999999,9.004,0.7908178436289286,0.0009288870080994552,19.01388888888889,49.01388888888889,64.0,0.4546875,134.0,0.5838059701492537,52.0,0.7203846153846154,0.5729200000000001,0.6444639999999999,0.006239999999999935,-0.00025600000000001175
binary_bktf,least_mastery_target_item,7.0,20960822.0,2.0,250.0,0.5398,0.59392,0.57512,0.651504,0.651951549800094,0.643544,0.6474236540286527,0.6963599999999999,8.804,0.7895724591061872,0.0007287861558363103,19.01388888888889,49.01388888888889,70.0,0.4557142857142857,127.0,0.5808661417322835,53.0,0.7190566037735848,0.571,0.643376,0.00411999999999999,0.0001680000000000348
binary_bktf,least_mastery_target_item,8.0,21060825.0,2.0,250.0,0.546,0.60128,0.58144,0.650416,0.6539175713606971,0.651448,0.6491840964049891,0.70228,8.968,0.7835177153024835,0.0009002667690489669,19.01388888888889,49.01388888888889,64.0,0.4525,125.0,0.592,61.0,0.6950819672131148,0.57632,0.6493840000000001,0.005119999999999969,0.0020639999999999548
binary_bktf,least_mastery_target_item,9.0,21160828.0,2.0,250.0,0.543,0.6070800000000001,0.5866,0.6553760000000001,0.6553276931595157,0.6506559999999999,0.6503789908869019,0.7010799999999999,8.988,0.786834504301648,0.0007817748263679546,19.01388888888889,49.01388888888889,64.0,0.47421875,134.0,0.591865671641791,52.0,0.7113461538461537,0.5756,0.649432,0.010999999999999944,0.0012239999999999807
binary_bktf,least_mastery_target_item,10.0,21260831.0,2.0,250.0,0.5382,0.5948,0.5753600000000001,0.654832,0.6524079721124817,0.6454880000000001,0.6477121690506058,0.7028799999999998,8.96,0.7924348281191922,0.0006176758675657635,19.01388888888889,49.01388888888889,68.0,0.44323529411764706,132.0,0.5881060606060606,50.0,0.7213999999999999,0.56692,0.643656,0.008440000000000003,0.0018320000000000114
binary_bktf,least_mastery_target_item,11.0,21360834.0,2.0,250.0,0.53,0.5856,0.56792,0.653032,0.6500952254713366,0.648072,0.6458722044237973,0.7021600000000001,9.008,0.781635863586437,0.0006635283673481218,19.01388888888889,49.01388888888889,81.0,0.45814814814814814,117.0,0.5867521367521368,52.0,0.6965384615384616,0.5644,0.648488,0.0035200000000000344,-0.00041600000000001635
binary_bktf,least_mastery_target_item,12.0,21460837.0,2.0,250.0,0.5402,0.59256,0.57256,0.650592,0.6515607852826257,0.646568,0.6467330211619123,0.69724,8.776,0.7934739933765227,0.000632435766276964,19.01388888888889,49.01388888888889,73.0,0.4405479452054795,119.0,0.5901680672268907,58.0,0.7025862068965517,0.5693199999999999,0.646056,0.0032400000000000206,0.000512000000000068
binary_bktf,least_mastery_target_item,13.0,21560840.0,2.0,250.0,0.5428,0.6002,0.579,0.651032,0.6536961476858085,0.649904,0.6485490488358073,0.698,8.688,0.7942864996268554,0.00013601945425657978,19.01388888888889,49.01388888888889,68.0,0.46514705882352947,123.0,0.5839024390243903,59.0,0.7,0.5745600000000001,0.649336,0.004439999999999977,0.0005680000000000129
binary_bktf,least_mastery_target_item,14.0,21660843.0,2.0,250.0,0.5372,0.59396,0.57316,0.652304,0.6520057979692772,0.651016,0.6469954754735778,0.69936,8.824,0.788783074898092,0.0005982087538093961,19.01388888888889,49.01388888888889,79.0,0.46835443037974683,110.0,0.5805454545454546,61.0,0.6955737704918032,0.56856,0.6504719999999999,0.004600000000000004,0.0005440000000000112
binary_bktf,least_mastery_target_item,15.0,21760846.0,2.0,250.0,0.5514000000000001,0.60896,0.58916,0.6571279999999999,0.6556248923602708,0.6503120000000001,0.6508418048755762,0.7017599999999999,9.236,0.7784674547975724,0.001264075008395594,19.01388888888889,49.01388888888889,60.0,0.47016666666666673,137.0,0.5915328467153285,53.0,0.7177358490566038,0.5841200000000001,0.65044,0.005039999999999978,-0.00012799999999995036
binary_bktf,least_mastery_target_item,16.0,21860849.0,2.0,250.0,0.533,0.59384,0.57524,0.645984,0.6519393520368563,0.648152,0.6474677555913043,0.7001999999999999,8.948,0.788736793957494,0.0005159004708114541,19.01388888888889,49.01388888888889,75.0,0.4573333333333333,128.0,0.598125,47.0,0.7010638297872341,0.5667199999999999,0.646936,0.008520000000000038,0.0012159999999999949
binary_bktf,least_mastery_target_item,17.0,21960852.0,2.0,250.0,0.5466000000000001,0.60456,0.58612,0.654104,0.6549729640695944,0.654344,0.6504850420578878,0.69564,8.7,0.7884766149613907,0.0005148134821022496,19.01388888888889,49.01388888888889,61.0,0.4618032786885246,133.0,0.5843609022556391,56.0,0.7257142857142858,0.57872,0.6533680000000001,0.007400000000000006,0.0009759999999999769
binary_bktf,least_mastery_target_item,18.0,22060855.0,2.0,250.0,0.5452,0.60484,0.5866399999999999,0.653608,0.6548208175926528,0.6517120000000001,0.6504199291769972,0.6999199999999999,9.092,0.7828389101779307,0.0004809623287165319,19.01388888888889,49.01388888888889,72.0,0.465,119.0,0.5949579831932771,59.0,0.7183050847457627,0.5772,0.650752,0.009439999999999959,0.0009600000000000275
binary_bktf,least_mastery_target_item,19.0,22160858.0,2.0,250.0,0.5296,0.59112,0.57216,0.650056,0.6513945000344432,0.645944,0.6468313423604752,0.70096,8.808,0.7880154026032611,0.0005499195489969342,19.01388888888889,49.01388888888889,72.0,0.46944444444444444,136.0,0.588235294117647,42.0,0.6961904761904762,0.56584,0.644992,0.006319999999999992,0.0009519999999999973
binary_bktf,least_mastery_target_item,20.0,22260861.0,2.0,250.0,0.54,0.60736,0.58732,0.652576,0.6554061113701763,0.651232,0.6505610706068585,0.7032,9.072,0.7846345602436717,0.0004052951584411307,19.01388888888889,49.01388888888889,59.0,0.471864406779661,142.0,0.5917605633802816,49.0,0.713469387755102,0.57524,0.65016,0.012079999999999935,0.0010719999999999619
binary_bktf,least_mastery_target_item,21.0,22360864.0,2.0,250.0,0.532,0.58592,0.56752,0.649976,0.6499529271776391,0.643328,0.6455179814135696,0.7,8.64,0.7891943494617965,0.0005384513487256349,19.01388888888889,49.01388888888889,70.0,0.45771428571428574,136.0,0.5811029411764705,44.0,0.7002272727272727,0.56636,0.644144,0.0011599999999999833,-0.0008160000000000167
binary_bktf,least_mastery_target_item,22.0,22460867.0,2.0,250.0,0.5464,0.59948,0.57968,0.654104,0.6532780413429821,0.6481199999999999,0.6484506740021365,0.7018,8.96,0.7909072646858107,0.0008913045611509945,19.01388888888889,49.01388888888889,61.0,0.4606557377049181,134.0,0.5815671641791045,55.0,0.7070909090909092,0.5748,0.647336,0.00488000000000004,0.0007839999999999403
binary_bktf,least_mastery_target_item,23.0,22560870.0,2.0,250.0,0.5344,0.59336,0.5736399999999999,0.651112,0.6517969410994056,0.644768,0.647045402240003,0.69868,8.86,0.7903733702558964,0.0008359628704372662,19.01388888888889,49.01388888888889,74.0,0.4597297297297297,127.0,0.5879527559055118,49.0,0.7085714285714285,0.5666800000000001,0.645352,0.006959999999999922,-0.0005840000000000512
binary_bktf,least_mastery_target_item,24.0,22660873.0,2.0,250.0,0.5476,0.608,0.5874,0.6592640000000001,0.6551895263609039,0.65108,0.6501693090790523,0.69864,8.808,0.7861563818228828,0.0004438198586316492,19.01388888888889,49.01388888888889,64.0,0.46015625,127.0,0.5925196850393701,59.0,0.714406779661017,0.57664,0.648128,0.010760000000000037,0.002951999999999999
binary_bktf,least_mastery_target_item,25.0,22760876.0,2.0,250.0,0.5408000000000001,0.5935600000000001,0.57668,0.6521839999999999,0.6520345141172124,0.6466239999999999,0.6479476877498088,0.70048,8.924,0.7915171010482971,0.0009880763114514014,19.01388888888889,49.01388888888889,70.0,0.449,120.0,0.5900000000000001,60.0,0.6990000000000001,0.5746399999999999,0.6470480000000001,0.0020399999999999975,-0.00042400000000002435
binary_bktf,least_mastery_target_item,26.0,22860879.0,2.0,250.0,0.5312,0.59212,0.5736800000000001,0.651048,0.6514493567529325,0.6538799999999999,0.6469572837085742,0.70188,8.872,0.7857518820636521,0.0007075329410727542,19.01388888888889,49.01388888888889,68.0,0.4610294117647058,141.0,0.589290780141844,41.0,0.7068292682926829,0.5676,0.6524080000000001,0.006080000000000041,0.0014719999999998957
binary_bktf,least_mastery_target_item,27.0,22960882.0,2.0,250.0,0.5246,0.58524,0.56528,0.651272,0.6499168598302683,0.647168,0.6451060326602647,0.7011600000000001,8.756,0.7914363147384967,0.0007492227889334029,19.01388888888889,49.01388888888889,77.0,0.4600000000000001,131.0,0.5816793893129771,42.0,0.7071428571428571,0.5588,0.6468879999999999,0.006479999999999997,0.0002800000000000136
binary_bktf,least_mastery_target_item,28.0,23060885.0,2.0,250.0,0.5302,0.59092,0.57216,0.650776,0.6512407578914466,0.644112,0.6467253501030715,0.7032799999999999,9.064,0.7878197740826658,0.0009737307433430115,19.01388888888889,49.01388888888889,61.0,0.45295081967213113,146.0,0.5823287671232876,43.0,0.7067441860465117,0.5687599999999999,0.644328,0.0034000000000000696,-0.0002160000000000606
binary_bktf,least_mastery_target_item,29.0,23160888.0,2.0,250.0,0.5442,0.6013999999999999,0.58,0.6580239999999999,0.6540296665480885,0.64444,0.6488766812511153,0.69916,8.652,0.7957341109496111,0.00044861336510707976,19.01388888888889,49.01388888888889,66.0,0.466969696969697,129.0,0.5830232558139535,55.0,0.7085454545454546,0.5734,0.6434960000000001,0.006600000000000028,0.0009440000000000559
binary_bktf,maximum_response_information_gain,0.0,20260801.0,2.0,250.0,0.5267999999999999,0.5942000000000001,0.5741999999999999,0.654976,0.653019802871015,0.6516,0.6481486999334257,0.5154000000000001,17.656,-0.4110483028246552,0.040704852621425244,19.01388888888889,49.01388888888889,77.0,0.47116883116883124,132.0,0.5919696969696969,41.0,0.7104878048780487,0.5614399999999999,0.647048,0.012759999999999928,0.004552000000000089
binary_bktf,maximum_response_information_gain,1.0,20360804.0,2.0,250.0,0.5294,0.5962799999999999,0.5772,0.660768,0.6537176464883492,0.654712,0.649071591283025,0.51084,17.708,-0.4102241088413644,0.04052355692285566,19.01388888888889,49.01388888888889,72.0,0.4838888888888889,133.0,0.5853383458646616,45.0,0.7024444444444444,0.5636,0.651016,0.01359999999999999,0.0036959999999999884
binary_bktf,maximum_response_information_gain,2.0,20460807.0,2.0,250.0,0.5352,0.6045200000000001,0.5851200000000001,0.6608080000000001,0.6557113397494158,0.650528,0.6509969501513914,0.518,17.732,-0.41003943880874266,0.041314972160524537,19.01388888888889,49.01388888888889,73.0,0.48397260273972603,124.0,0.5950806451612902,53.0,0.7011320754716981,0.5678,0.6466559999999999,0.017320000000000047,0.0038720000000000087
binary_bktf,maximum_response_information_gain,3.0,20560810.0,2.0,250.0,0.5352,0.60764,0.58708,0.65296,0.6562788185892664,0.648512,0.6513144326770177,0.51876,17.632,-0.41088092327039716,0.040829446668520064,19.01388888888889,49.01388888888889,70.0,0.49085714285714277,132.0,0.595,48.0,0.7056250000000001,0.5666399999999999,0.642448,0.020440000000000035,0.006064000000000025
binary_bktf,maximum_response_information_gain,4.0,20660813.0,2.0,250.0,0.5396,0.60972,0.5906399999999999,0.663232,0.6572542076735947,0.653712,0.6525742212553611,0.52148,17.712,-0.4108025989017642,0.04095741024967008,19.01388888888889,49.01388888888889,67.0,0.478955223880597,136.0,0.6004411764705883,47.0,0.7214893617021276,0.56988,0.6483679999999999,0.020759999999999956,0.005344000000000015
binary_bktf,maximum_response_information_gain,5.0,20760816.0,2.0,250.0,0.5267999999999999,0.59932,0.5807599999999999,0.654352,0.6545405265441172,0.6530720000000001,0.650015124766449,0.51256,17.564,-0.4126707221064142,0.04013165920199459,19.01388888888889,49.01388888888889,74.0,0.48891891891891887,137.0,0.5967883211678832,39.0,0.6987179487179487,0.5626800000000001,0.64748,0.018079999999999964,0.005591999999999975
binary_bktf,maximum_response_information_gain,6.0,20860819.0,2.0,250.0,0.538,0.603,0.58328,0.65456,0.6552018648586311,0.6464639999999999,0.6503817759844175,0.5172,17.66,-0.40918418842849996,0.04049536334145946,19.01388888888889,49.01388888888889,64.0,0.465625,134.0,0.5873880597014925,52.0,0.7175,0.5729200000000001,0.6444639999999999,0.01035999999999999,0.0019999999999999797
binary_bktf,maximum_response_information_gain,7.0,20960822.0,2.0,250.0,0.5398,0.60424,0.5851200000000001,0.654984,0.6556237814610023,0.646592,0.6509669944053834,0.5185599999999999,17.696,-0.40772491206889205,0.041096148502767806,19.01388888888889,49.01388888888889,70.0,0.49428571428571433,127.0,0.5859842519685038,53.0,0.7030188679245284,0.571,0.643376,0.014120000000000044,0.0032159999999999966
binary_bktf,maximum_response_information_gain,8.0,21060825.0,2.0,250.0,0.546,0.6130800000000001,0.5935600000000001,0.655528,0.6579518173322665,0.653984,0.6532256579705608,0.5201199999999999,17.76,-0.40961208489327305,0.041154694858383814,19.01388888888889,49.01388888888889,64.0,0.49328125000000006,125.0,0.5945599999999999,61.0,0.6967213114754098,0.57632,0.6493840000000001,0.017240000000000033,0.004600000000000004
binary_bktf,maximum_response_information_gain,9.0,21160828.0,2.0,250.0,0.543,0.617,0.5969599999999999,0.6595679999999999,0.658736439641163,0.65376,0.6538493660937598,0.51916,17.648,-0.4104082262905105,0.04038025323480648,19.01388888888889,49.01388888888889,64.0,0.49406249999999996,134.0,0.6070895522388059,52.0,0.6975,0.5756,0.649432,0.021359999999999955,0.004328000000000021
binary_bktf,maximum_response_information_gain,10.0,21260831.0,2.0,250.0,0.5382,0.60444,0.58552,0.656304,0.6557507322279392,0.6484080000000001,0.6511413969585996,0.5164399999999999,17.556,-0.4107792197603567,0.039873026429259405,19.01388888888889,49.01388888888889,68.0,0.4716176470588235,132.0,0.5903030303030302,50.0,0.7278,0.56692,0.643656,0.018600000000000016,0.004752000000000045
binary_bktf,maximum_response_information_gain,11.0,21360834.0,2.0,250.0,0.53,0.5987600000000001,0.5803200000000001,0.655848,0.6544613320898502,0.653272,0.6499982464427213,0.5172,17.576,-0.41228171177720174,0.04053998954911981,19.01388888888889,49.01388888888889,81.0,0.4814814814814815,117.0,0.5911965811965813,52.0,0.7098076923076924,0.5644,0.648488,0.015920000000000045,0.004784000000000033
binary_bktf,maximum_response_information_gain,12.0,21460837.0,2.0,250.0,0.5402,0.61564,0.59568,0.656896,0.6583264590457368,0.6512640000000001,0.6534719192023238,0.51768,17.676,-0.4101430522889453,0.0405722104079702,19.01388888888889,49.01388888888889,73.0,0.4963013698630137,119.0,0.6045378151260504,58.0,0.7025862068965518,0.5693199999999999,0.646056,0.02636000000000005,0.005208000000000057
binary_bktf,maximum_response_information_gain,13.0,21560840.0,2.0,250.0,0.5428,0.6067600000000001,0.5866,0.6540239999999999,0.6562991546553052,0.653312,0.6513668459382123,0.51744,17.66,-0.4103961508461131,0.04095475339591419,19.01388888888889,49.01388888888889,68.0,0.4772058823529412,123.0,0.5913008130081301,59.0,0.7028813559322035,0.5745600000000001,0.649336,0.012039999999999917,0.003976000000000002
binary_bktf,maximum_response_information_gain,14.0,21660843.0,2.0,250.0,0.5372,0.60876,0.5877600000000001,0.656992,0.6566848429739656,0.655856,0.6515854363592691,0.5227999999999999,17.684,-0.4094941358722598,0.04109754204252627,19.01388888888889,49.01388888888889,79.0,0.4964556962025317,110.0,0.5912727272727272,61.0,0.6996721311475411,0.56856,0.6504719999999999,0.019199999999999995,0.005384000000000033
binary_bktf,maximum_response_information_gain,15.0,21760846.0,2.0,250.0,0.5514000000000001,0.6135999999999999,0.59368,0.660328,0.6578810990773809,0.653,0.6530218781088303,0.52136,17.708,-0.4116391970336523,0.041002920795579115,19.01388888888889,49.01388888888889,60.0,0.496,137.0,0.5904379562043796,53.0,0.7126415094339623,0.5841200000000001,0.65044,0.009559999999999968,0.002560000000000051
binary_bktf,maximum_response_information_gain,16.0,21860849.0,2.0,250.0,0.533,0.60096,0.5825199999999999,0.646752,0.6547405683643562,0.6505839999999999,0.6502723647425718,0.51552,17.584,-0.4098352317462071,0.04036986271124899,19.01388888888889,49.01388888888889,75.0,0.4789333333333333,128.0,0.6006250000000001,47.0,0.6985106382978723,0.5667199999999999,0.646936,0.015800000000000015,0.003647999999999918
binary_bktf,maximum_response_information_gain,17.0,21960852.0,2.0,250.0,0.5466000000000001,0.6107199999999999,0.59212,0.657288,0.6573172386668984,0.657448,0.6527706840719857,0.5162,17.664,-0.40965155606589165,0.04104103257249745,19.01388888888889,49.01388888888889,61.0,0.4755737704918033,133.0,0.5971428571428572,56.0,0.7071428571428571,0.57872,0.6533680000000001,0.01339999999999999,0.004079999999999995
binary_bktf,maximum_response_information_gain,18.0,22060855.0,2.0,250.0,0.5452,0.6108399999999999,0.59276,0.6564160000000001,0.6574736213095206,0.655304,0.6530664151419526,0.5157999999999999,17.604,-0.4091479417279945,0.0402508514816724,19.01388888888889,49.01388888888889,72.0,0.4773611111111111,119.0,0.6047899159663865,59.0,0.7093220338983052,0.5772,0.650752,0.015559999999999996,0.004552000000000023
binary_bktf,maximum_response_information_gain,19.0,22160858.0,2.0,250.0,0.5296,0.59752,0.57848,0.6533519999999999,0.6538971620145259,0.647168,0.6492798611912682,0.52088,17.78,-0.40866829233218593,0.04127925408854847,19.01388888888889,49.01388888888889,72.0,0.48194444444444445,136.0,0.5958823529411765,42.0,0.6876190476190477,0.56584,0.644992,0.012639999999999985,0.002176
binary_bktf,maximum_response_information_gain,20.0,22260861.0,2.0,250.0,0.54,0.6070800000000001,0.5871600000000001,0.652744,0.6563871617008102,0.6526799999999999,0.6515405573043049,0.516,17.652,-0.4103561285165174,0.04061611124756919,19.01388888888889,49.01388888888889,59.0,0.470677966101695,142.0,0.5964084507042253,49.0,0.7006122448979591,0.57524,0.65016,0.011920000000000019,0.002519999999999989
binary_bktf,maximum_response_information_gain,21.0,22360864.0,2.0,250.0,0.532,0.5978399999999999,0.5791999999999999,0.652728,0.6540412896371398,0.649688,0.6495165823024363,0.5152800000000001,17.564,-0.4139904049315753,0.04016952036382766,19.01388888888889,49.01388888888889,70.0,0.48028571428571426,136.0,0.5946323529411764,44.0,0.6888636363636363,0.56636,0.644144,0.012840000000000028,0.005543999999999971
binary_bktf,maximum_response_information_gain,22.0,22460867.0,2.0,250.0,0.5464,0.61036,0.59032,0.659064,0.6569445687065849,0.652088,0.6520069292251296,0.51828,17.704,-0.41098490052915454,0.04107112453483809,19.01388888888889,49.01388888888889,61.0,0.47950819672131156,134.0,0.592462686567164,55.0,0.708,0.5748,0.647336,0.015519999999999956,0.0047519999999999785
binary_bktf,maximum_response_information_gain,23.0,22560870.0,2.0,250.0,0.5344,0.60264,0.5836,0.655544,0.6551926923975777,0.65036,0.6505536684227913,0.5131200000000001,17.592,-0.4122314838273923,0.04019916778274068,19.01388888888889,49.01388888888889,74.0,0.4843243243243244,127.0,0.5934645669291337,49.0,0.7079591836734693,0.5666800000000001,0.645352,0.01692,0.00500799999999999
binary_bktf,maximum_response_information_gain,24.0,22660873.0,2.0,250.0,0.5476,0.6152,0.5945199999999999,0.661384,0.6582567255233361,0.652744,0.653182868537207,0.5205599999999999,17.44,-0.4126841863711159,0.03971966492806658,19.01388888888889,49.01388888888889,64.0,0.4756250000000001,127.0,0.5979527559055119,59.0,0.7161016949152541,0.57664,0.648128,0.017879999999999962,0.004615999999999976
binary_bktf,maximum_response_information_gain,25.0,22760876.0,2.0,250.0,0.5408000000000001,0.60784,0.5902000000000001,0.6568959999999999,0.6564509169969504,0.649616,0.6521369935766328,0.51792,17.736,-0.4118232480940617,0.04084222623558532,19.01388888888889,49.01388888888889,70.0,0.48571428571428577,120.0,0.597,60.0,0.6985,0.5746399999999999,0.6470480000000001,0.015560000000000018,0.0025679999999999926
binary_bktf,maximum_response_information_gain,26.0,22860879.0,2.0,250.0,0.5312,0.60028,0.58156,0.654008,0.6546633907875462,0.656384,0.6500690171420894,0.51584,17.592,-0.40862825976988876,0.04045554648860808,19.01388888888889,49.01388888888889,68.0,0.48882352941176477,141.0,0.5964539007092199,41.0,0.6841463414634147,0.5676,0.6524080000000001,0.013960000000000018,0.003975999999999913
binary_bktf,maximum_response_information_gain,27.0,22960882.0,2.0,250.0,0.5246,0.59376,0.5736000000000001,0.6539360000000001,0.6530815217825069,0.6509280000000001,0.6481790192314784,0.5114,17.588,-0.41313131629708605,0.04034996001177192,19.01388888888889,49.01388888888889,77.0,0.4885714285714286,131.0,0.5870229007633588,42.0,0.6876190476190477,0.5588,0.6468879999999999,0.014800000000000035,0.0040400000000000436
binary_bktf,maximum_response_information_gain,28.0,23060885.0,2.0,250.0,0.5302,0.6059599999999999,0.58672,0.656168,0.6560371440990561,0.6491199999999999,0.6513701001367429,0.5149600000000001,17.632,-0.41398682035260925,0.04049791492924105,19.01388888888889,49.01388888888889,61.0,0.48786885245901646,146.0,0.5932876712328767,43.0,0.7046511627906977,0.5687599999999999,0.644328,0.017960000000000042,0.0047919999999999074
binary_bktf,maximum_response_information_gain,29.0,23160888.0,2.0,250.0,0.5442,0.61208,0.59048,0.66056,0.6576888147221007,0.646448,0.6524376561503047,0.51732,17.664,-0.4109124426060549,0.04061564139711811,19.01388888888889,49.01388888888889,66.0,0.4868181818181818,129.0,0.5965891472868217,55.0,0.7005454545454545,0.5734,0.6434960000000001,0.01708000000000003,0.0029520000000000214
binary_bktf,maximum_skill_uncertainty,0.0,20260801.0,2.0,250.0,0.5267999999999999,0.59248,0.5724400000000001,0.6544000000000001,0.6522997567161699,0.648792,0.6474223904331116,0.65624,19.832,0.2625677025793837,0.035685232521333037,19.01388888888889,49.01388888888889,77.0,0.46493506493506487,132.0,0.5942424242424241,41.0,0.7041463414634146,0.5614399999999999,0.647048,0.010999999999999965,0.0017440000000000344
binary_bktf,maximum_skill_uncertainty,1.0,20360804.0,2.0,250.0,0.5294,0.5917999999999999,0.57304,0.657832,0.6521057404979316,0.652752,0.6475529808631184,0.65992,19.82,0.2555498179644903,0.03547650617471579,19.01388888888889,49.01388888888889,72.0,0.46819444444444447,133.0,0.5886466165413534,45.0,0.6946666666666668,0.5636,0.651016,0.009440000000000049,0.0017360000000000042
binary_bktf,maximum_skill_uncertainty,2.0,20460807.0,2.0,250.0,0.5352,0.60188,0.58232,0.659168,0.6547216335228938,0.649856,0.6499761303384617,0.6617999999999999,19.828,0.25971545222118486,0.03605310693809413,19.01388888888889,49.01388888888889,73.0,0.4728767123287671,124.0,0.5955645161290322,53.0,0.7020754716981132,0.5678,0.6466559999999999,0.014519999999999977,0.0032000000000000028
binary_bktf,maximum_skill_uncertainty,3.0,20560810.0,2.0,250.0,0.5352,0.59656,0.57648,0.6512399999999999,0.6532750066068698,0.645656,0.648427168628572,0.65848,19.892,0.2576988626871426,0.03594386225037877,19.01388888888889,49.01388888888889,70.0,0.48828571428571427,132.0,0.581060606060606,48.0,0.6924999999999999,0.5666399999999999,0.642448,0.009840000000000071,0.0032079999999999886
binary_bktf,maximum_skill_uncertainty,4.0,20660813.0,2.0,250.0,0.5396,0.60192,0.58304,0.660552,0.6548982504774512,0.65036,0.6502838935212916,0.65844,19.884,0.25937142064157004,0.03600581427548002,19.01388888888889,49.01388888888889,67.0,0.4732835820895523,136.0,0.5929411764705883,47.0,0.7108510638297871,0.56988,0.6483679999999999,0.013159999999999972,0.0019920000000000606
binary_bktf,maximum_skill_uncertainty,5.0,20760816.0,2.0,250.0,0.5267999999999999,0.58504,0.56664,0.651456,0.6505351865569091,0.647952,0.6460541509305047,0.6549599999999999,19.852,0.25889020886569164,0.0356635688616942,19.01388888888889,49.01388888888889,74.0,0.4667567567567568,137.0,0.5881751824817518,39.0,0.6805128205128205,0.5626800000000001,0.64748,0.003960000000000008,0.00047199999999993916
binary_bktf,maximum_skill_uncertainty,6.0,20860819.0,2.0,250.0,0.538,0.5948,0.57516,0.649976,0.6528958566240205,0.644944,0.6480982229143339,0.6528800000000001,19.852,0.25649617468833713,0.03535332635309276,19.01388888888889,49.01388888888889,64.0,0.460625,134.0,0.5791044776119403,52.0,0.7059615384615385,0.5729200000000001,0.6444639999999999,0.002239999999999953,0.00047999999999999156
binary_bktf,maximum_skill_uncertainty,7.0,20960822.0,2.0,250.0,0.5398,0.5976,0.5792400000000001,0.652544,0.6535803851001865,0.644592,0.6491254530031694,0.65824,19.836,0.2593612130098266,0.03539738367583253,19.01388888888889,49.01388888888889,70.0,0.47157142857142853,127.0,0.5889763779527559,53.0,0.6981132075471698,0.571,0.643376,0.008240000000000025,0.0012160000000000393
binary_bktf,maximum_skill_uncertainty,8.0,21060825.0,2.0,250.0,0.546,0.6042,0.5854,0.6511279999999999,0.6552916954567569,0.651512,0.6507704911255626,0.6541999999999999,19.864,0.2576616134311478,0.03568128737308916,19.01388888888889,49.01388888888889,64.0,0.47671875,125.0,0.5880799999999999,61.0,0.6939344262295082,0.57632,0.6493840000000001,0.009080000000000022,0.002127999999999952
binary_bktf,maximum_skill_uncertainty,9.0,21160828.0,2.0,250.0,0.543,0.60504,0.5854,0.657424,0.655582668492515,0.65168,0.6508055846635605,0.65924,19.844,0.25924610691310407,0.03600818847414435,19.01388888888889,49.01388888888889,64.0,0.48484375,134.0,0.5861940298507463,52.0,0.7071153846153847,0.5756,0.649432,0.009800000000000008,0.0022479999999999835
binary_bktf,maximum_skill_uncertainty,10.0,21260831.0,2.0,250.0,0.5382,0.60044,0.5813600000000001,0.6561039999999999,0.6544741737508663,0.646904,0.649841769518426,0.65584,19.844,0.26052426148413316,0.035575096658474976,19.01388888888889,49.01388888888889,68.0,0.46955882352941175,132.0,0.5897727272727273,50.0,0.7112,0.56692,0.643656,0.014440000000000053,0.0032480000000000508
binary_bktf,maximum_skill_uncertainty,11.0,21360834.0,2.0,250.0,0.53,0.5944,0.5764400000000001,0.65724,0.653059756649758,0.65156,0.6487425755700302,0.656,19.808,0.25665513923754363,0.03543928166878925,19.01388888888889,49.01388888888889,81.0,0.46728395061728395,117.0,0.5969230769230769,52.0,0.7003846153846155,0.5644,0.648488,0.01204000000000005,0.0030720000000000526
binary_bktf,maximum_skill_uncertainty,12.0,21460837.0,2.0,250.0,0.5402,0.5929599999999999,0.57404,0.6500480000000001,0.652256109884502,0.646568,0.6476702772226766,0.6544800000000001,19.864,0.25632441134375145,0.0357828905963978,19.01388888888889,49.01388888888889,73.0,0.461095890410959,119.0,0.5867226890756303,58.0,0.6901724137931035,0.5693199999999999,0.646056,0.0047200000000000575,0.0005120000000000235
binary_bktf,maximum_skill_uncertainty,13.0,21560840.0,2.0,250.0,0.5428,0.59984,0.5798,0.6521359999999999,0.6541869786607025,0.650248,0.649271829999336,0.6528799999999999,19.844,0.2590343037567077,0.03529920419559292,19.01388888888889,49.01388888888889,68.0,0.4794117647058824,123.0,0.5806504065040651,59.0,0.693728813559322,0.5745600000000001,0.649336,0.005239999999999978,0.0009120000000000017
binary_bktf,maximum_skill_uncertainty,14.0,21660843.0,2.0,250.0,0.5372,0.59992,0.579,0.655272,0.6541826159991578,0.6535279999999999,0.6491162853152487,0.66004,19.848,0.25833510411502936,0.03555349615902097,19.01388888888889,49.01388888888889,79.0,0.48278481012658225,110.0,0.5848181818181818,61.0,0.6931147540983607,0.56856,0.6504719999999999,0.01043999999999996,0.0030559999999999476
binary_bktf,maximum_skill_uncertainty,15.0,21760846.0,2.0,250.0,0.5514000000000001,0.611,0.59132,0.6592240000000001,0.6569452896683076,0.651424,0.6521566128201981,0.664,19.864,0.2598556364345586,0.03512600398027334,19.01388888888889,49.01388888888889,60.0,0.4871666666666667,137.0,0.5923357664233577,53.0,0.7066037735849057,0.5841200000000001,0.65044,0.007199999999999984,0.000984000000000007
binary_bktf,maximum_skill_uncertainty,16.0,21860849.0,2.0,250.0,0.533,0.59412,0.57556,0.64404,0.6527109389367494,0.649376,0.6482194268695436,0.65652,19.792,0.2565667607601242,0.03585027625587149,19.01388888888889,49.01388888888889,75.0,0.4769333333333334,128.0,0.58984375,47.0,0.6940425531914892,0.5667199999999999,0.646936,0.008839999999999982,0.0024399999999999977
binary_bktf,maximum_skill_uncertainty,17.0,21960852.0,2.0,250.0,0.5466000000000001,0.60292,0.5849599999999999,0.653848,0.6552093997614976,0.655104,0.6508143582021553,0.65296,19.808,0.25766893384246314,0.03558600361778798,19.01388888888889,49.01388888888889,61.0,0.47704918032786886,133.0,0.5819548872180451,56.0,0.7096428571428571,0.57872,0.6533680000000001,0.006240000000000001,0.001735999999999982
binary_bktf,maximum_skill_uncertainty,18.0,22060855.0,2.0,250.0,0.5452,0.60768,0.5898800000000001,0.65492,0.6561576502337145,0.654288,0.6518295107548966,0.6625599999999999,19.88,0.2577483693010063,0.036278680220040084,19.01388888888889,49.01388888888889,72.0,0.4831944444444445,119.0,0.5938655462184872,59.0,0.7120338983050848,0.5772,0.650752,0.012680000000000002,0.0035360000000000946
binary_bktf,maximum_skill_uncertainty,19.0,22160858.0,2.0,250.0,0.5296,0.5931200000000001,0.5741999999999999,0.65304,0.6524238385546312,0.647016,0.6478398717141826,0.65688,19.86,0.25709951730471675,0.035709568478332815,19.01388888888889,49.01388888888889,72.0,0.4752777777777778,136.0,0.5943382352941177,42.0,0.6785714285714286,0.56584,0.644992,0.008359999999999946,0.002023999999999959
binary_bktf,maximum_skill_uncertainty,20.0,22260861.0,2.0,250.0,0.54,0.5957600000000001,0.57648,0.649888,0.6532029305847413,0.6504239999999999,0.6485155027696837,0.6575599999999999,19.844,0.2603119293893735,0.03602895742611561,19.01388888888889,49.01388888888889,59.0,0.46559322033898304,142.0,0.5826760563380281,49.0,0.6920408163265306,0.57524,0.65016,0.0012399999999999967,0.0002639999999999532
binary_bktf,maximum_skill_uncertainty,21.0,22360864.0,2.0,250.0,0.532,0.58944,0.57128,0.6502399999999999,0.6515071210513881,0.646048,0.6471106635848565,0.6526400000000001,19.852,0.25792035023685167,0.03606788578244902,19.01388888888889,49.01388888888889,70.0,0.47128571428571436,136.0,0.5891176470588235,44.0,0.6752272727272727,0.56636,0.644144,0.004920000000000013,0.0019039999999999723
binary_bktf,maximum_skill_uncertainty,22.0,22460867.0,2.0,250.0,0.5464,0.6012000000000001,0.58172,0.656,0.6543499898739696,0.648456,0.6495764193880609,0.6576000000000001,19.868,0.2576528240871889,0.03647504654906065,19.01388888888889,49.01388888888889,61.0,0.4778688524590164,134.0,0.5826119402985074,55.0,0.6947272727272727,0.5748,0.647336,0.006920000000000037,0.0011199999999999654
binary_bktf,maximum_skill_uncertainty,23.0,22560870.0,2.0,250.0,0.5344,0.59648,0.57808,0.6524319999999999,0.6533171324315298,0.647792,0.6488566254009832,0.6551999999999999,19.856,0.2596113002610394,0.035377735465866235,19.01388888888889,49.01388888888889,74.0,0.4725675675675676,127.0,0.5926771653543306,49.0,0.6995918367346938,0.5666800000000001,0.645352,0.011399999999999966,0.0024399999999999535
binary_bktf,maximum_skill_uncertainty,24.0,22660873.0,2.0,250.0,0.5476,0.59536,0.57572,0.657248,0.6530214472308611,0.6473599999999999,0.6482106187916363,0.6549599999999999,19.792,0.25631511385613237,0.03466701829358665,19.01388888888889,49.01388888888889,64.0,0.45828125000000003,127.0,0.5796850393700786,59.0,0.6945762711864407,0.57664,0.648128,-0.0009200000000000097,-0.0007680000000000131
binary_bktf,maximum_skill_uncertainty,25.0,22760876.0,2.0,250.0,0.5408000000000001,0.59856,0.5818,0.655232,0.6538147817116726,0.6475440000000001,0.6497261205145309,0.659,19.824,0.2555430041220334,0.03546385705965465,19.01388888888889,49.01388888888889,70.0,0.47628571428571426,120.0,0.5906666666666667,60.0,0.6871666666666667,0.5746399999999999,0.6470480000000001,0.007160000000000011,0.0004960000000000742
binary_bktf,maximum_skill_uncertainty,26.0,22860879.0,2.0,250.0,0.5312,0.589,0.57108,0.65104,0.651486572268674,0.653224,0.647094240957973,0.6537999999999999,19.848,0.25814013969142796,0.03584052882993762,19.01388888888889,49.01388888888889,68.0,0.47338235294117653,141.0,0.5834751773049646,41.0,0.6904878048780487,0.5676,0.6524080000000001,0.0034799999999999944,0.0008159999999999279
binary_bktf,maximum_skill_uncertainty,27.0,22960882.0,2.0,250.0,0.5246,0.583,0.56304,0.64984,0.6500218815962038,0.6482479999999999,0.6451837383180988,0.6514,19.844,0.2596547974784598,0.03519421202725928,19.01388888888889,49.01388888888889,77.0,0.46584415584415595,131.0,0.582824427480916,42.0,0.6795238095238095,0.5588,0.6468879999999999,0.004239999999999977,0.0013599999999999834
binary_bktf,maximum_skill_uncertainty,28.0,23060885.0,2.0,250.0,0.5302,0.59528,0.57656,0.6544399999999999,0.6529587608366152,0.646056,0.6484332055407794,0.6496000000000001,19.844,0.261833442685869,0.03570042648810163,19.01388888888889,49.01388888888889,61.0,0.4695081967213115,146.0,0.5836301369863014,43.0,0.7044186046511628,0.5687599999999999,0.644328,0.007800000000000007,0.0017279999999999518
binary_bktf,maximum_skill_uncertainty,29.0,23160888.0,2.0,250.0,0.5442,0.6028399999999999,0.5816,0.6586559999999999,0.6550946066061396,0.644648,0.6499442253271127,0.6638000000000001,19.812,0.2580757625845209,0.03569770191769363,19.01388888888889,49.01388888888889,66.0,0.47469696969696973,129.0,0.5868217054263566,55.0,0.6976363636363636,0.5734,0.6434960000000001,0.00820000000000003,0.001152000000000064
binary_bktf,random_skill_item_bin,0.0,20260801.0,2.0,250.0,0.5267999999999999,0.5816399999999999,0.5622399999999999,0.651128,0.6496861915879351,0.64724,0.6449674065308826,0.642936,19.88,0.23434154853463185,0.028243582908202326,19.01388888888889,49.01388888888889,77.0,0.4562337662337662,132.0,0.5813636363636363,41.0,0.6997560975609756,0.5614399999999999,0.647048,0.0007999999999999119,0.0001920000000000366
binary_bktf,random_skill_item_bin,1.0,20360804.0,2.0,250.0,0.5294,0.5818000000000001,0.56308,0.6554800000000001,0.649796581763322,0.651008,0.6452543233384824,0.643376,19.908,0.24056662312021465,0.028218353125070827,19.01388888888889,49.01388888888889,72.0,0.455138888888889,133.0,0.5793984962406016,45.0,0.6875555555555556,0.5636,0.651016,-0.0005199999999999649,-8.000000000008e-06
binary_bktf,random_skill_item_bin,2.0,20460807.0,2.0,250.0,0.5352,0.5878399999999999,0.56928,0.65496,0.6511917778658102,0.646608,0.6466942349126297,0.646896,19.856,0.24184206208181477,0.0283245540784568,19.01388888888889,49.01388888888889,73.0,0.4668493150684932,124.0,0.579032258064516,53.0,0.6875471698113208,0.5678,0.6466559999999999,0.0014799999999999924,-4.7999999999981394e-05
binary_bktf,random_skill_item_bin,3.0,20560810.0,2.0,250.0,0.5352,0.5884,0.5678,0.6479199999999999,0.6512775336787436,0.643936,0.646319532050407,0.645872,19.868,0.23703646101919915,0.028000599711712752,19.01388888888889,49.01388888888889,70.0,0.4711428571428572,132.0,0.5774242424242424,48.0,0.6822916666666667,0.5666399999999999,0.642448,0.0011600000000000499,0.0014879999999999783
binary_bktf,random_skill_item_bin,4.0,20660813.0,2.0,250.0,0.5396,0.58856,0.57008,0.656832,0.6516591060067874,0.6479999999999999,0.6471367437254463,0.6461520000000001,19.92,0.24020596797399882,0.028581482438664246,19.01388888888889,49.01388888888889,67.0,0.4643283582089553,136.0,0.5775,47.0,0.6993617021276595,0.56988,0.6483679999999999,0.00020000000000002237,-0.00036799999999999057
binary_bktf,random_skill_item_bin,5.0,20760816.0,2.0,250.0,0.5267999999999999,0.57936,0.56176,0.64908,0.649244586414716,0.647704,0.6449571736226765,0.6429600000000001,19.908,0.2425243957940877,0.028189355477777022,19.01388888888889,49.01388888888889,74.0,0.4648648648648649,137.0,0.5807299270072992,39.0,0.6789743589743589,0.5626800000000001,0.64748,-0.0009199999999999875,0.00022399999999993535
binary_bktf,random_skill_item_bin,6.0,20860819.0,2.0,250.0,0.538,0.58956,0.5704799999999999,0.649624,0.6517108195144882,0.6436719999999999,0.6470519277879677,0.6445679999999999,19.88,0.24001129072988475,0.028298978880957816,19.01388888888889,49.01388888888889,64.0,0.4603125,134.0,0.5740298507462687,52.0,0.696923076923077,0.5729200000000001,0.6444639999999999,-0.0024400000000001087,-0.0007920000000000149
binary_bktf,random_skill_item_bin,7.0,20960822.0,2.0,250.0,0.5398,0.5887600000000001,0.57036,0.651456,0.6515346813542866,0.643216,0.6470730202113443,0.645208,19.864,0.23725445734387574,0.028234036269823425,19.01388888888889,49.01388888888889,70.0,0.4677142857142857,127.0,0.5757480314960628,53.0,0.6930188679245283,0.571,0.643376,-0.0006400000000000184,-0.00015999999999991577
binary_bktf,random_skill_item_bin,8.0,21060825.0,2.0,250.0,0.546,0.5946,0.57564,0.650504,0.65305372587585,0.648896,0.648484081406381,0.6478240000000001,19.88,0.23679603780337616,0.028425423781035665,19.01388888888889,49.01388888888889,64.0,0.46656250000000005,125.0,0.58,61.0,0.6811475409836065,0.57632,0.6493840000000001,-0.0006799999999999917,-0.00048800000000002173
binary_bktf,random_skill_item_bin,9.0,21160828.0,2.0,250.0,0.543,0.59148,0.5720799999999999,0.653608,0.6523415554354639,0.6482319999999999,0.6476217958709723,0.648456,19.88,0.23680872030310982,0.028466373973291614,19.01388888888889,49.01388888888889,64.0,0.465,134.0,0.5783582089552238,52.0,0.6876923076923076,0.5756,0.649432,-0.0035200000000000565,-0.0011999999999999789
binary_bktf,random_skill_item_bin,10.0,21260831.0,2.0,250.0,0.5382,0.5886,0.5698000000000001,0.653008,0.6515536072005278,0.644888,0.6469911646712774,0.646016,19.88,0.2393467717250876,0.02845074051479845,19.01388888888889,49.01388888888889,68.0,0.45779411764705885,132.0,0.5783333333333334,50.0,0.6996,0.56692,0.643656,0.002880000000000016,0.0012320000000000109
binary_bktf,random_skill_item_bin,11.0,21360834.0,2.0,250.0,0.53,0.58292,0.56532,0.652144,0.6501969138424327,0.6495040000000001,0.6459563328377399,0.643168,19.916,0.240542409280713,0.028103596518467923,19.01388888888889,49.01388888888889,81.0,0.4597530864197531,117.0,0.5817094017094017,52.0,0.6928846153846154,0.5644,0.648488,0.0009200000000000764,0.0010160000000000613
binary_bktf,random_skill_item_bin,12.0,21460837.0,2.0,250.0,0.5402,0.58912,0.5702,0.649904,0.6514045735705253,0.646536,0.6468150283445973,0.6472239999999999,19.892,0.24417795282939553,0.02825246855570429,19.01388888888889,49.01388888888889,73.0,0.45616438356164385,119.0,0.5798319327731092,58.0,0.6939655172413793,0.5693199999999999,0.646056,0.0008800000000000364,0.0004800000000000582
binary_bktf,random_skill_item_bin,13.0,21560840.0,2.0,250.0,0.5428,0.59284,0.57216,0.650824,0.6526082027328863,0.6493439999999999,0.6475506076559964,0.649064,19.88,0.23971342098134843,0.028467883351708682,19.01388888888889,49.01388888888889,68.0,0.4752941176470588,123.0,0.5717073170731706,59.0,0.6847457627118644,0.5745600000000001,0.649336,-0.0024000000000000245,7.999999999985797e-06
binary_bktf,random_skill_item_bin,14.0,21660843.0,2.0,250.0,0.5372,0.5884400000000001,0.56832,0.6515040000000001,0.6513791569354652,0.6504160000000001,0.6464907738884138,0.643872,19.876,0.23844391524892897,0.028119645488355265,19.01388888888889,49.01388888888889,79.0,0.47316455696202536,110.0,0.570090909090909,61.0,0.688360655737705,0.56856,0.6504719999999999,-0.00024000000000001798,-5.5999999999989394e-05
binary_bktf,random_skill_item_bin,15.0,21760846.0,2.0,250.0,0.5514000000000001,0.60256,0.58324,0.6568799999999999,0.6548783716590453,0.64996,0.6501865662407809,0.64516,19.884,0.23837565881995104,0.028075903851681416,19.01388888888889,49.01388888888889,60.0,0.47366666666666674,137.0,0.5861313868613138,53.0,0.6998113207547169,0.5841200000000001,0.65044,-0.0008799999999999919,-0.00047999999999999156
binary_bktf,random_skill_item_bin,16.0,21860849.0,2.0,250.0,0.533,0.5840799999999999,0.56548,0.6419360000000001,0.650434194272824,0.64652,0.6459231763129457,0.644272,19.888,0.2368296947914103,0.028311519568597232,19.01388888888889,49.01388888888889,75.0,0.46266666666666667,128.0,0.582265625,47.0,0.6838297872340426,0.5667199999999999,0.646936,-0.0012399999999999967,-0.00041600000000001635
binary_bktf,random_skill_item_bin,17.0,21960852.0,2.0,250.0,0.5466000000000001,0.59292,0.57544,0.652328,0.6527367737568586,0.652304,0.6484520401511205,0.646592,19.892,0.23895649312930684,0.028362883967479678,19.01388888888889,49.01388888888889,61.0,0.4701639344262295,133.0,0.5740601503759398,56.0,0.6933928571428571,0.57872,0.6533680000000001,-0.0032800000000000164,-0.001064000000000065
binary_bktf,random_skill_item_bin,18.0,22060855.0,2.0,250.0,0.5452,0.59424,0.57636,0.6521199999999999,0.6529003858490281,0.650912,0.6485632949202108,0.646896,19.844,0.23532593191622095,0.028249623251080568,19.01388888888889,49.01388888888889,72.0,0.4604166666666667,119.0,0.5831092436974789,59.0,0.7042372881355933,0.5772,0.650752,-0.0008400000000000407,0.0001600000000000268
binary_bktf,random_skill_item_bin,19.0,22160858.0,2.0,250.0,0.5296,0.58564,0.56676,0.650464,0.6507461372086448,0.645128,0.6461671498782666,0.645136,19.924,0.2389258378298166,0.02793602801603326,19.01388888888889,49.01388888888889,72.0,0.46652777777777776,136.0,0.5816176470588236,42.0,0.6904761904761905,0.56584,0.644992,0.0009199999999999875,0.0001360000000000028
binary_bktf,random_skill_item_bin,20.0,22260861.0,2.0,250.0,0.54,0.59424,0.57516,0.6488479999999999,0.6529403426984892,0.649736,0.6482956294302598,0.646088,19.884,0.23767332259634175,0.02840413589950646,19.01388888888889,49.01388888888889,59.0,0.45847457627118643,142.0,0.5811971830985916,49.0,0.6981632653061224,0.57524,0.65016,-8.00000000000356e-05,-0.00042400000000006874
binary_bktf,random_skill_item_bin,21.0,22360864.0,2.0,250.0,0.532,0.5831600000000001,0.56472,0.649328,0.650015643390587,0.6435839999999999,0.6455535119723902,0.641616,19.852,0.24122690990347265,0.028348361219993755,19.01388888888889,49.01388888888889,70.0,0.4680000000000001,136.0,0.5777941176470588,44.0,0.6781818181818181,0.56636,0.644144,-0.0016400000000000193,-0.0005600000000000715
binary_bktf,random_skill_item_bin,22.0,22460867.0,2.0,250.0,0.5464,0.59496,0.5753999999999999,0.6536000000000001,0.6529378526336921,0.647872,0.6481304412787563,0.648136,19.892,0.23892594244600435,0.028670426931226633,19.01388888888889,49.01388888888889,61.0,0.47081967213114756,134.0,0.576865671641791,55.0,0.6878181818181819,0.5748,0.647336,0.0006000000000000227,0.0005359999999999587
binary_bktf,random_skill_item_bin,23.0,22560870.0,2.0,250.0,0.5344,0.5858399999999999,0.56792,0.650872,0.650770728845507,0.6457040000000001,0.6464108469996511,0.64444,19.872,0.2361688381376683,0.028121193604823114,19.01388888888889,49.01388888888889,74.0,0.4632432432432433,127.0,0.5781102362204724,49.0,0.699591836734694,0.5666800000000001,0.645352,0.0012399999999999744,0.00035199999999997457
binary_bktf,random_skill_item_bin,24.0,22660873.0,2.0,250.0,0.5476,0.59792,0.5778399999999999,0.6570640000000001,0.6536054445535526,0.6484880000000001,0.6486895197877913,0.647432,19.86,0.2382173646093267,0.02870760542241309,19.01388888888889,49.01388888888889,64.0,0.46484375,127.0,0.5800787401574803,59.0,0.695593220338983,0.57664,0.648128,0.001200000000000001,0.00036000000000000474
binary_bktf,random_skill_item_bin,25.0,22760876.0,2.0,250.0,0.5408000000000001,0.5910399999999999,0.57392,0.65212,0.6519569733442181,0.6466160000000001,0.6477794780446569,0.648504,19.852,0.238193075872862,0.028531102428151232,19.01388888888889,49.01388888888889,70.0,0.4615714285714286,120.0,0.5831666666666666,60.0,0.6865,0.5746399999999999,0.6470480000000001,-0.0007200000000000317,-0.00043199999999998795
binary_bktf,random_skill_item_bin,26.0,22860879.0,2.0,250.0,0.5312,0.5827600000000001,0.56504,0.649568,0.6499240870277901,0.651736,0.645577764747239,0.6414880000000001,19.88,0.23717327997009113,0.02801037387505373,19.01388888888889,49.01388888888889,68.0,0.46941176470588236,141.0,0.577304964539007,41.0,0.6814634146341463,0.5676,0.6524080000000001,-0.002560000000000051,-0.0006720000000000282
binary_bktf,random_skill_item_bin,27.0,22960882.0,2.0,250.0,0.5246,0.57952,0.5600799999999999,0.649928,0.6492217927420809,0.647136,0.6445115694228444,0.642248,19.888,0.23953319060951977,0.028097045606967287,19.01388888888889,49.01388888888889,77.0,0.4654545454545455,131.0,0.5758015267175572,42.0,0.6845238095238095,0.5588,0.6468879999999999,0.0012799999999999923,0.0002480000000000482
binary_bktf,random_skill_item_bin,28.0,23060885.0,2.0,250.0,0.5302,0.58296,0.5650000000000001,0.6503039999999999,0.6500707145432264,0.642832,0.6457280143236881,0.6451680000000001,19.928,0.23951121716784934,0.028260214601866472,19.01388888888889,49.01388888888889,61.0,0.45688524590163937,146.0,0.573013698630137,43.0,0.6911627906976744,0.5687599999999999,0.644328,-0.0037599999999999635,-0.0014960000000000307
binary_bktf,random_skill_item_bin,29.0,23160888.0,2.0,250.0,0.5442,0.59512,0.57452,0.6564639999999999,0.6531921129215511,0.643736,0.6481965119888524,0.648144,19.912,0.24595698013733017,0.028105507581524213,19.01388888888889,49.01388888888889,66.0,0.4706060606060606,129.0,0.58,55.0,0.6863636363636364,0.5734,0.6434960000000001,0.0011200000000000543,0.00024000000000004018
binary_bktf,target_success_070,0.0,20260801.0,2.0,250.0,0.5267999999999999,0.58728,0.56752,0.6530720000000001,0.6511392105380279,0.649144,0.6463438815584144,0.70496,18.0,0.29093375521877857,0.02565448300321298,19.01388888888889,49.01388888888889,77.0,0.46428571428571425,132.0,0.5843181818181818,41.0,0.7073170731707317,0.5614399999999999,0.647048,0.006079999999999974,0.0020960000000000757
binary_bktf,target_success_070,1.0,20360804.0,2.0,250.0,0.5294,0.58348,0.56512,0.656,0.6505382994990604,0.651176,0.6460780518867464,0.70244,17.984,0.27343869008375427,0.025678141481439133,19.01388888888889,49.01388888888889,72.0,0.4561111111111111,133.0,0.58,45.0,0.6955555555555555,0.5636,0.651016,0.0015199999999999658,0.00015999999999996017
binary_bktf,target_success_070,2.0,20460807.0,2.0,250.0,0.5352,0.5892000000000001,0.56996,0.6561999999999999,0.6516225976949459,0.646712,0.6469499361804723,0.7033200000000001,17.992,0.2815757111101993,0.02577008454826841,19.01388888888889,49.01388888888889,73.0,0.46438356164383565,124.0,0.581532258064516,53.0,0.6883018867924529,0.5678,0.6466559999999999,0.0021600000000000287,5.600000000001159e-05
binary_bktf,target_success_070,3.0,20560810.0,2.0,250.0,0.5352,0.59048,0.5704,0.64848,0.6520260042150087,0.644048,0.6471725149554983,0.70024,18.004,0.2993367609003437,0.025096634662281913,19.01388888888889,49.01388888888889,70.0,0.4718571428571428,132.0,0.5803787878787878,48.0,0.6866666666666666,0.5666399999999999,0.642448,0.0037600000000000077,0.001599999999999957
binary_bktf,target_success_070,4.0,20660813.0,2.0,250.0,0.5396,0.59016,0.57196,0.6578160000000001,0.6521886588115726,0.6488079999999999,0.6477328260859136,0.70156,18.012,0.28182319291820823,0.025772423692424114,19.01388888888889,49.01388888888889,67.0,0.4659701492537313,136.0,0.5813970588235293,47.0,0.6957446808510638,0.56988,0.6483679999999999,0.002079999999999993,0.00043999999999995155
binary_bktf,target_success_070,5.0,20760816.0,2.0,250.0,0.5267999999999999,0.5814,0.56304,0.648856,0.6499826028664628,0.6479039999999999,0.6455092487252656,0.70004,17.988,0.28897025022332123,0.025445328669921503,19.01388888888889,49.01388888888889,74.0,0.4566216216216216,137.0,0.5861313868613138,39.0,0.6838461538461538,0.5626800000000001,0.64748,0.00036000000000000474,0.0004239999999999577
binary_bktf,target_success_070,6.0,20860819.0,2.0,250.0,0.538,0.58952,0.57036,0.649872,0.651826564786359,0.642552,0.6471328832116101,0.7024,17.976,0.27461074655833717,0.025254487661601356,19.01388888888889,49.01388888888889,64.0,0.46125,134.0,0.5720149253731344,52.0,0.7003846153846155,0.5729200000000001,0.6444639999999999,-0.002560000000000029,-0.0019120000000000027
binary_bktf,target_success_070,7.0,20960822.0,2.0,250.0,0.5398,0.59248,0.57412,0.652704,0.6526879863342782,0.64428,0.648226053454441,0.70304,17.98,0.27896031517911196,0.025692997152034373,19.01388888888889,49.01388888888889,70.0,0.4665714285714285,127.0,0.5825984251968503,53.0,0.6958490566037735,0.571,0.643376,0.0031199999999999674,0.0009040000000000381
binary_bktf,target_success_070,8.0,21060825.0,2.0,250.0,0.546,0.59148,0.57292,0.6489360000000001,0.6523612399321909,0.6484719999999999,0.6478943661820029,0.7062,18.016,0.27740630295997437,0.025864049089275882,19.01388888888889,49.01388888888889,64.0,0.46328125,125.0,0.5764800000000001,61.0,0.680655737704918,0.57632,0.6493840000000001,-0.0034000000000000475,-0.0009120000000000461
binary_bktf,target_success_070,9.0,21160828.0,2.0,250.0,0.543,0.5958,0.5766,0.654232,0.653533281167585,0.6490959999999999,0.64885980725192,0.7059599999999999,17.996,0.2855773774701627,0.025633131287446227,19.01388888888889,49.01388888888889,64.0,0.469375,134.0,0.5864925373134329,52.0,0.6830769230769231,0.5756,0.649432,0.0009999999999999788,-0.00033600000000004736
binary_bktf,target_success_070,10.0,21260831.0,2.0,250.0,0.5382,0.58796,0.5694,0.653536,0.6516013906547796,0.644296,0.647081321850638,0.7046399999999999,17.98,0.27897616558846583,0.02528586998919909,19.01388888888889,49.01388888888889,68.0,0.4497058823529412,132.0,0.5796212121212122,50.0,0.7052,0.56692,0.643656,0.002479999999999971,0.0006399999999999961
binary_bktf,target_success_070,11.0,21360834.0,2.0,250.0,0.53,0.5838000000000001,0.56608,0.652416,0.6505771185267621,0.64928,0.6463083042839818,0.70304,17.972,0.26683344853556407,0.02561437351815383,19.01388888888889,49.01388888888889,81.0,0.46913580246913583,117.0,0.5777777777777777,52.0,0.6907692307692309,0.5644,0.648488,0.001680000000000037,0.0007920000000000149
binary_bktf,target_success_070,12.0,21460837.0,2.0,250.0,0.5402,0.58928,0.5696800000000001,0.649952,0.6516850942922483,0.645296,0.6469205641217807,0.7048399999999999,18.004,0.2773043832616653,0.025868720107990163,19.01388888888889,49.01388888888889,73.0,0.4556164383561644,119.0,0.580672268907563,58.0,0.6906896551724139,0.5693199999999999,0.646056,0.00036000000000007136,-0.0007599999999999829
binary_bktf,target_success_070,13.0,21560840.0,2.0,250.0,0.5428,0.5966400000000001,0.57636,0.65244,0.6537689916978043,0.649712,0.6487969220552517,0.70816,18.0,0.27174137828310163,0.02606376393758516,19.01388888888889,49.01388888888889,68.0,0.4820588235294118,123.0,0.575121951219512,59.0,0.6876271186440678,0.5745600000000001,0.649336,0.0017999999999999128,0.00037599999999997634
binary_bktf,target_success_070,14.0,21660843.0,2.0,250.0,0.5372,0.5880799999999999,0.56768,0.651752,0.6515265785951634,0.651528,0.6465762191304169,0.70804,17.972,0.28269991669680206,0.025691260805584808,19.01388888888889,49.01388888888889,79.0,0.47999999999999987,110.0,0.5686363636363636,61.0,0.6795081967213115,0.56856,0.6504719999999999,-0.0008799999999999919,0.001055999999999968
binary_bktf,target_success_070,15.0,21760846.0,2.0,250.0,0.5514000000000001,0.60548,0.58584,0.6576000000000001,0.6556748309903379,0.649624,0.6508937744896063,0.7050799999999999,17.984,0.2716428389042662,0.025098752877599394,19.01388888888889,49.01388888888889,60.0,0.472,137.0,0.5903649635036496,53.0,0.7030188679245283,0.5841200000000001,0.65044,0.0017200000000000104,-0.0008159999999999723
binary_bktf,target_success_070,16.0,21860849.0,2.0,250.0,0.533,0.58708,0.56836,0.642528,0.6513526688105005,0.64792,0.6468032979969903,0.70368,17.992,0.2794485197010822,0.025941291660396482,19.01388888888889,49.01388888888889,75.0,0.45813333333333334,128.0,0.5878125000000001,47.0,0.6912765957446808,0.5667199999999999,0.646936,0.0016399999999999748,0.000984000000000007
binary_bktf,target_success_070,17.0,21960852.0,2.0,250.0,0.5466000000000001,0.5938,0.57612,0.651872,0.6531661174300089,0.6533439999999999,0.6488418371211941,0.71,17.984,0.2641225603957032,0.02648000723851594,19.01388888888889,49.01388888888889,61.0,0.45918032786885243,133.0,0.5776691729323309,56.0,0.6998214285714286,0.57872,0.6533680000000001,-0.0026000000000000025,-2.4000000000024002e-05
binary_bktf,target_success_070,18.0,22060855.0,2.0,250.0,0.5452,0.59348,0.5751999999999999,0.6522,0.6529111653166344,0.6510480000000001,0.6484667121744613,0.70316,17.992,0.27151714106111796,0.026094021761198245,19.01388888888889,49.01388888888889,72.0,0.46930555555555564,119.0,0.5821008403361343,59.0,0.6905084745762713,0.5772,0.650752,-0.002000000000000024,0.0002960000000000296
binary_bktf,target_success_070,19.0,22160858.0,2.0,250.0,0.5296,0.5817599999999999,0.5635999999999999,0.648304,0.6501018471038787,0.64516,0.6456902128167379,0.7078,17.98,0.2760132699066879,0.025702510094905272,19.01388888888889,49.01388888888889,72.0,0.47055555555555556,136.0,0.5733823529411766,42.0,0.6914285714285714,0.56584,0.644992,-0.002240000000000042,0.00016799999999994597
binary_bktf,target_success_070,20.0,22260861.0,2.0,250.0,0.54,0.59188,0.5724400000000001,0.648944,0.6525454568112748,0.650016,0.647821437606497,0.7057599999999999,18.012,0.28532315795587826,0.02587728660695892,19.01388888888889,49.01388888888889,59.0,0.45237288135593223,142.0,0.5817605633802817,49.0,0.69,0.57524,0.65016,-0.0028000000000000026,-0.0001440000000000108
binary_bktf,target_success_070,21.0,22360864.0,2.0,250.0,0.532,0.58856,0.57012,0.6508480000000001,0.651573483082033,0.645608,0.6471048496139525,0.70216,17.98,0.2806247893916721,0.02558526298814471,19.01388888888889,49.01388888888889,70.0,0.466,136.0,0.5850735294117647,44.0,0.6895454545454546,0.56636,0.644144,0.0037599999999999856,0.0014639999999999543
binary_bktf,target_success_070,22.0,22460867.0,2.0,250.0,0.5464,0.5966400000000001,0.5771599999999999,0.653568,0.65340694908151,0.64864,0.6486190926468431,0.7078,17.98,0.2751574083172699,0.025616698548782946,19.01388888888889,49.01388888888889,61.0,0.46311475409836067,134.0,0.58,55.0,0.696727272727273,0.5748,0.647336,0.0023599999999999845,0.0013039999999999274
binary_bktf,target_success_070,23.0,22560870.0,2.0,250.0,0.5344,0.5890000000000001,0.5706399999999999,0.652376,0.6515832414486418,0.6461680000000001,0.6471088039689692,0.70432,18.004,0.2861753124580203,0.02556974147412381,19.01388888888889,49.01388888888889,74.0,0.47094594594594597,127.0,0.5812598425196849,49.0,0.6936734693877551,0.5666800000000001,0.645352,0.003959999999999897,0.0008159999999999945
binary_bktf,target_success_070,24.0,22660873.0,2.0,250.0,0.5476,0.59832,0.57816,0.6570159999999999,0.6539322245346254,0.64864,0.6489947769170769,0.7075199999999999,17.984,0.27463439061487,0.025390312431519357,19.01388888888889,49.01388888888889,64.0,0.468125,127.0,0.5805511811023621,59.0,0.6923728813559322,0.57664,0.648128,0.0015200000000000324,0.0005120000000000235
binary_bktf,target_success_070,25.0,22760876.0,2.0,250.0,0.5408000000000001,0.5968800000000001,0.5802,0.652824,0.6535496554107793,0.648872,0.6494834071804003,0.7068399999999999,17.96,0.2767933029501752,0.025800805379867835,19.01388888888889,49.01388888888889,70.0,0.47142857142857136,120.0,0.58925,60.0,0.6890000000000001,0.5746399999999999,0.6470480000000001,0.005560000000000054,0.0018240000000000257
binary_bktf,target_success_070,26.0,22860879.0,2.0,250.0,0.5312,0.57816,0.5606,0.647792,0.6489163898642865,0.651024,0.6446108717910792,0.70356,17.992,0.27204674622442726,0.02563720686355691,19.01388888888889,49.01388888888889,68.0,0.47073529411764703,141.0,0.5722695035460992,41.0,0.6695121951219513,0.5676,0.6524080000000001,-0.007000000000000006,-0.0013840000000000297
binary_bktf,target_success_070,27.0,22960882.0,2.0,250.0,0.5246,0.5830399999999999,0.56344,0.651432,0.6502258478576954,0.6472640000000001,0.645476453177768,0.70572,17.988,0.2761386698698444,0.025583860013807865,19.01388888888889,49.01388888888889,77.0,0.46922077922077926,131.0,0.5799236641221374,42.0,0.6847619047619048,0.5588,0.6468879999999999,0.004640000000000022,0.00037600000000008736
binary_bktf,target_success_070,28.0,23060885.0,2.0,250.0,0.5302,0.5803200000000001,0.56236,0.649688,0.6495622872255531,0.642112,0.6452215883708062,0.7036400000000002,17.976,0.2738245275575175,0.025177683275188805,19.01388888888889,49.01388888888889,61.0,0.45639344262295084,146.0,0.5673972602739725,43.0,0.6955813953488372,0.5687599999999999,0.644328,-0.006399999999999939,-0.00221600000000004
binary_bktf,target_success_070,29.0,23160888.0,2.0,250.0,0.5442,0.5976,0.57708,0.65772,0.653971107450819,0.6439199999999999,0.6489944600014248,0.7089200000000001,17.988,0.2771085165706994,0.026065408526498475,19.01388888888889,49.01388888888889,66.0,0.470909090909091,129.0,0.5853488372093023,55.0,0.6850909090909091,0.5734,0.6434960000000001,0.0036800000000000387,0.00042400000000002435
binary_bktf,two_corner_robust_response_information_gain,0.0,20260801.0,2.0,250.0,0.5267999999999999,0.59616,0.5762,0.65596,0.653546660847465,0.651152,0.6486939247509593,0.5233199999999999,17.64,-0.3616757960229313,0.040713860331390885,19.01388888888889,49.01388888888889,77.0,0.4755844155844156,132.0,0.5917424242424243,41.0,0.7151219512195122,0.5614399999999999,0.647048,0.014759999999999973,0.004104000000000063
binary_bktf,two_corner_robust_response_information_gain,1.0,20360804.0,2.0,250.0,0.5294,0.6014,0.5818800000000001,0.660696,0.6549861178258749,0.654624,0.6502432520694393,0.5277200000000001,17.632,-0.36137352065153294,0.04043445495968808,19.01388888888889,49.01388888888889,72.0,0.48888888888888893,133.0,0.5918045112781954,45.0,0.7013333333333334,0.5636,0.651016,0.018280000000000008,0.0036079999999999667
binary_bktf,two_corner_robust_response_information_gain,2.0,20460807.0,2.0,250.0,0.5352,0.60004,0.58092,0.658336,0.6544725514467389,0.6495759999999999,0.6498382869461914,0.53288,17.536,-0.3601770119009584,0.04029213635773364,19.01388888888889,49.01388888888889,73.0,0.47383561643835626,124.0,0.594516129032258,53.0,0.6966037735849058,0.5678,0.6466559999999999,0.013119999999999955,0.0029199999999999894
binary_bktf,two_corner_robust_response_information_gain,3.0,20560810.0,2.0,250.0,0.5352,0.6061599999999999,0.58592,0.653512,0.6559928866918381,0.6479440000000001,0.6510993448507977,0.5288399999999999,17.712,-0.3581759452386717,0.04069650693085169,19.01388888888889,49.01388888888889,70.0,0.49371428571428577,132.0,0.5942424242424242,48.0,0.6975,0.5666399999999999,0.642448,0.019279999999999985,0.00549599999999999
binary_bktf,two_corner_robust_response_information_gain,4.0,20660813.0,2.0,250.0,0.5396,0.61036,0.59104,0.663224,0.65739271124171,0.6537200000000001,0.6526464288009667,0.5298799999999999,17.716,-0.3577701641704443,0.040930926510267425,19.01388888888889,49.01388888888889,67.0,0.48194029850746267,136.0,0.5993382352941177,47.0,0.7225531914893617,0.56988,0.6483679999999999,0.021159999999999977,0.00535200000000009
binary_bktf,two_corner_robust_response_information_gain,5.0,20760816.0,2.0,250.0,0.5267999999999999,0.5993999999999999,0.5809200000000001,0.65504,0.6544640009591061,0.6531119999999999,0.6499658422455805,0.52952,17.748,-0.355309994826464,0.041248668220870525,19.01388888888889,49.01388888888889,74.0,0.4878378378378378,137.0,0.6008759124087591,39.0,0.6874358974358974,0.5626800000000001,0.64748,0.018240000000000013,0.00563199999999997
binary_bktf,two_corner_robust_response_information_gain,6.0,20860819.0,2.0,250.0,0.538,0.6014799999999999,0.5826399999999999,0.6526799999999999,0.6547909114037042,0.64604,0.6501868853302837,0.5258400000000001,17.744,-0.35878667760926,0.04105528623913051,19.01388888888889,49.01388888888889,64.0,0.46687500000000004,134.0,0.5892537313432835,52.0,0.7080769230769232,0.5729200000000001,0.6444639999999999,0.009719999999999885,0.0015759999999999774
binary_bktf,two_corner_robust_response_information_gain,7.0,20960822.0,2.0,250.0,0.5398,0.60332,0.58452,0.654432,0.655385210053641,0.647016,0.6508030763907041,0.5307200000000001,17.66,-0.3587491786722117,0.04076110126942622,19.01388888888889,49.01388888888889,70.0,0.4741428571428571,127.0,0.5930708661417322,53.0,0.7098113207547169,0.571,0.643376,0.013519999999999976,0.0036400000000000655
binary_bktf,two_corner_robust_response_information_gain,8.0,21060825.0,2.0,250.0,0.546,0.6089600000000001,0.58996,0.6532880000000001,0.6568603789591398,0.652264,0.6522772890487651,0.52728,17.668,-0.3596249479566402,0.040868836893775136,19.01388888888889,49.01388888888889,64.0,0.48218750000000005,125.0,0.5931999999999998,61.0,0.6963934426229509,0.57632,0.6493840000000001,0.01364000000000003,0.0028799999999999494
binary_bktf,two_corner_robust_response_information_gain,9.0,21160828.0,2.0,250.0,0.543,0.6098000000000001,0.58968,0.6571520000000001,0.6570242205569737,0.6535040000000001,0.6521125286760727,0.52724,17.64,-0.3612838792568839,0.040323539585394724,19.01388888888889,49.01388888888889,64.0,0.48609375000000005,134.0,0.592089552238806,52.0,0.7109615384615384,0.5756,0.649432,0.014079999999999959,0.004072000000000009
binary_bktf,two_corner_robust_response_information_gain,10.0,21260831.0,2.0,250.0,0.5382,0.60548,0.5866399999999999,0.6561679999999999,0.6559137773825543,0.64848,0.651325479103711,0.52744,17.62,-0.3553058318910936,0.0404301377925117,19.01388888888889,49.01388888888889,68.0,0.47014705882352936,132.0,0.5995454545454545,50.0,0.711,0.56692,0.643656,0.01971999999999996,0.004824000000000006
binary_bktf,two_corner_robust_response_information_gain,11.0,21360834.0,2.0,250.0,0.53,0.5977600000000001,0.57968,0.656024,0.6540934148098642,0.65236,0.6497324333242931,0.5257200000000001,17.58,-0.35992183853898857,0.04010510349138314,19.01388888888889,49.01388888888889,81.0,0.4761728395061729,117.0,0.5958119658119656,52.0,0.7046153846153848,0.5644,0.648488,0.015280000000000071,0.0038720000000000087
binary_bktf,two_corner_robust_response_information_gain,12.0,21460837.0,2.0,250.0,0.5402,0.6056800000000001,0.5862,0.6538959999999999,0.6557990202939122,0.650512,0.6510528571619725,0.52968,17.708,-0.3584744956289273,0.04103434024230951,19.01388888888889,49.01388888888889,73.0,0.4816438356164384,119.0,0.5978151260504201,58.0,0.6939655172413793,0.5693199999999999,0.646056,0.016880000000000072,0.00445600000000006
binary_bktf,two_corner_robust_response_information_gain,13.0,21560840.0,2.0,250.0,0.5428,0.61112,0.5902799999999999,0.6550480000000001,0.6573665436689748,0.653976,0.6522554473520954,0.53188,17.664,-0.3583053135190937,0.040620067303089986,19.01388888888889,49.01388888888889,68.0,0.48573529411764704,123.0,0.5908943089430896,59.0,0.7094915254237288,0.5745600000000001,0.649336,0.01571999999999991,0.004640000000000022
binary_bktf,two_corner_robust_response_information_gain,14.0,21660843.0,2.0,250.0,0.5372,0.6046800000000001,0.58388,0.655784,0.6557538039737942,0.653944,0.6506861789467254,0.52904,17.716,-0.35666620979440755,0.041142208482117866,19.01388888888889,49.01388888888889,79.0,0.4869620253164556,110.0,0.5890909090909091,61.0,0.7,0.56856,0.6504719999999999,0.015319999999999978,0.0034719999999999864
binary_bktf,two_corner_robust_response_information_gain,15.0,21760846.0,2.0,250.0,0.5514000000000001,0.61032,0.59048,0.658752,0.6570161788740656,0.650544,0.6521755389667895,0.5284800000000001,17.644,-0.3572703368784713,0.040532539762818134,19.01388888888889,49.01388888888889,60.0,0.47766666666666674,137.0,0.5927007299270073,53.0,0.7124528301886792,0.5841200000000001,0.65044,0.0063599999999999655,0.0001040000000000374
binary_bktf,two_corner_robust_response_information_gain,16.0,21860849.0,2.0,250.0,0.533,0.6013999999999999,0.58264,0.645504,0.6549305199374114,0.649928,0.6503820984992731,0.52856,17.632,-0.3580133586554051,0.04054407488836327,19.01388888888889,49.01388888888889,75.0,0.48133333333333334,128.0,0.5975781250000001,47.0,0.7036170212765958,0.5667199999999999,0.646936,0.015920000000000045,0.0029919999999999947
binary_bktf,two_corner_robust_response_information_gain,17.0,21960852.0,2.0,250.0,0.5466000000000001,0.6074400000000001,0.5893200000000001,0.656536,0.6564818381336777,0.656128,0.652046442484469,0.5311200000000001,17.764,-0.3593908193978112,0.04103796820086762,19.01388888888889,49.01388888888889,61.0,0.480327868852459,133.0,0.5921052631578947,56.0,0.7014285714285714,0.57872,0.6533680000000001,0.010600000000000054,0.0027599999999999847
binary_bktf,two_corner_robust_response_information_gain,18.0,22060855.0,2.0,250.0,0.5452,0.6116400000000001,0.59344,0.656832,0.6574797735588929,0.654712,0.6530504480386548,0.5284800000000001,17.644,-0.3613182451919069,0.04034661690241164,19.01388888888889,49.01388888888889,72.0,0.47750000000000004,119.0,0.602016806722689,59.0,0.7176271186440678,0.5772,0.650752,0.01624000000000001,0.00396000000000003
binary_bktf,two_corner_robust_response_information_gain,19.0,22160858.0,2.0,250.0,0.5296,0.5956400000000001,0.5766,0.65328,0.6536098960549104,0.6478400000000001,0.6489840034257777,0.5294800000000001,17.604,-0.35958598256230245,0.04006104134791533,19.01388888888889,49.01388888888889,72.0,0.4836111111111111,136.0,0.5911029411764706,42.0,0.689047619047619,0.56584,0.644992,0.010759999999999992,0.002848000000000006
binary_bktf,two_corner_robust_response_information_gain,20.0,22260861.0,2.0,250.0,0.54,0.60108,0.58148,0.650216,0.654985304147341,0.6520159999999999,0.6502069004828746,0.52844,17.644,-0.3597031954560816,0.0402811680992616,19.01388888888889,49.01388888888889,59.0,0.4606779661016949,142.0,0.591619718309859,49.0,0.6975510204081633,0.57524,0.65016,0.006240000000000023,0.0018559999999999688
binary_bktf,two_corner_robust_response_information_gain,21.0,22360864.0,2.0,250.0,0.532,0.5974,0.5788,0.652208,0.6538482396073124,0.6482720000000001,0.6493427779306913,0.5269199999999999,17.584,-0.36046081281985387,0.039948734849313494,19.01388888888889,49.01388888888889,70.0,0.4765714285714286,136.0,0.596764705882353,44.0,0.6859090909090909,0.56636,0.644144,0.012440000000000052,0.004127999999999998
binary_bktf,two_corner_robust_response_information_gain,22.0,22460867.0,2.0,250.0,0.5464,0.61144,0.59148,0.659168,0.6572253472010916,0.651872,0.6523128689305218,0.5277200000000001,17.72,-0.3598978547794297,0.04091665558672402,19.01388888888889,49.01388888888889,61.0,0.48229508196721316,134.0,0.5963432835820895,55.0,0.7007272727272729,0.5748,0.647336,0.016679999999999983,0.004536000000000007
binary_bktf,two_corner_robust_response_information_gain,23.0,22560870.0,2.0,250.0,0.5344,0.5966400000000001,0.5779599999999999,0.6536,0.6537576858880805,0.6482479999999999,0.6492069467946713,0.52628,17.676,-0.35945369210161593,0.04059285378727589,19.01388888888889,49.01388888888889,74.0,0.465,127.0,0.5906299212598423,49.0,0.7157142857142856,0.5666800000000001,0.645352,0.011279999999999912,0.0028959999999999654
binary_bktf,two_corner_robust_response_information_gain,24.0,22660873.0,2.0,250.0,0.5476,0.6192,0.59848,0.66236,0.659320630750986,0.653712,0.6542336490470116,0.53476,17.636,-0.35916707767411027,0.040414947542162634,19.01388888888889,49.01388888888889,64.0,0.48640625000000004,127.0,0.6029133858267717,59.0,0.7105084745762712,0.57664,0.648128,0.02183999999999999,0.005584000000000011
binary_bktf,two_corner_robust_response_information_gain,25.0,22760876.0,2.0,250.0,0.5408000000000001,0.60392,0.58644,0.656952,0.6554307962469901,0.651152,0.6511501372672803,0.5353199999999999,17.788,-0.3583379340024469,0.04149326139360762,19.01388888888889,49.01388888888889,70.0,0.47871428571428576,120.0,0.5972500000000001,60.0,0.6904999999999999,0.5746399999999999,0.6470480000000001,0.011800000000000033,0.004104000000000019
binary_bktf,two_corner_robust_response_information_gain,26.0,22860879.0,2.0,250.0,0.5312,0.59748,0.5787199999999999,0.653912,0.6539168123711601,0.654856,0.649304062840112,0.52468,17.68,-0.3602380333650671,0.041064383063055925,19.01388888888889,49.01388888888889,68.0,0.4864705882352941,141.0,0.5885106382978723,41.0,0.6980487804878048,0.5676,0.6524080000000001,0.011119999999999953,0.0024479999999999615
binary_bktf,two_corner_robust_response_information_gain,27.0,22960882.0,2.0,250.0,0.5246,0.59124,0.57168,0.652816,0.6524081175599834,0.649968,0.6476538678585336,0.52128,17.66,-0.3596862145547901,0.04044593508318817,19.01388888888889,49.01388888888889,77.0,0.4789610389610389,131.0,0.5869465648854961,42.0,0.694047619047619,0.5588,0.6468879999999999,0.012880000000000025,0.003080000000000016
binary_bktf,two_corner_robust_response_information_gain,28.0,23060885.0,2.0,250.0,0.5302,0.60024,0.5813200000000001,0.6548639999999999,0.6546338561530418,0.6469199999999999,0.6500556012564473,0.52624,17.756,-0.36092375560180245,0.04127851511055099,19.01388888888889,49.01388888888889,61.0,0.46524590163934426,146.0,0.591917808219178,43.0,0.7100000000000001,0.5687599999999999,0.644328,0.012560000000000016,0.002591999999999972
binary_bktf,two_corner_robust_response_information_gain,29.0,23160888.0,2.0,250.0,0.5442,0.6084400000000001,0.5875199999999999,0.659896,0.656713361098667,0.647072,0.6516394878065876,0.53176,17.64,-0.3559232565073157,0.04091817621831085,19.01388888888889,49.01388888888889,66.0,0.48454545454545456,129.0,0.5928682170542636,55.0,0.6985454545454546,0.5734,0.6434960000000001,0.014119999999999976,0.0035760000000000015
continuous_latent_trait,balanced_mastery,0.0,20260801.0,2.0,250.0,0.5391295990089736,0.5875487787984675,0.5686735371850697,0.6511600000000001,0.6508902973072312,0.64904,0.646310136124657,0.72724,19.344,0.6827575611383322,0.008360856231730102,19.01388888888889,49.01388888888889,1.0,0.47188304339087395,239.0,0.566347824899242,10.0,0.6339371101957739,0.5725271093649602,0.650848,-0.003853572179890463,-0.0018080000000000318
continuous_latent_trait,balanced_mastery,1.0,20360804.0,2.0,250.0,0.537675563102065,0.5870018883780089,0.5684022283469743,0.65404,0.6508202694496253,0.64888,0.6463040934079252,0.7265199999999999,19.336,0.6809858415581129,0.007660053009959543,19.01388888888889,49.01388888888889,1.0,0.47106419868630417,243.0,0.5671834305244615,6.0,0.6339865451021935,0.5716780130867521,0.65048,-0.0032757847397778097,-0.0015999999999999127
continuous_latent_trait,balanced_mastery,2.0,20460807.0,2.0,250.0,0.53726376568054,0.5853691652014693,0.5666960763360794,0.65404,0.6503799692767225,0.6440400000000001,0.6458467764433835,0.72412,19.24,0.6849562606211782,0.008014298900637965,19.01388888888889,49.01388888888889,2.0,0.4727683143121616,240.0,0.5653886866458655,8.0,0.6293997075484777,0.571410150496358,0.646072,-0.004714074160278558,-0.0020319999999999228
continuous_latent_trait,balanced_mastery,3.0,20560810.0,2.0,250.0,0.5352172759493571,0.5830278194270934,0.5633627126667244,0.6477200000000001,0.6498109095551374,0.63976,0.6450382799086929,0.73316,19.548,0.6691236079989313,0.008912502364840275,19.01388888888889,49.01388888888889,1.0,0.47917398719477433,243.0,0.5621229939422372,6.0,0.6276027752537819,0.5675352697023728,0.642008,-0.004172557035648339,-0.0022480000000000056
continuous_latent_trait,balanced_mastery,4.0,20660813.0,2.0,250.0,0.5360199145820441,0.5846192428753803,0.5660003671257154,0.6536799999999999,0.6502039630373363,0.64504,0.6456845837386552,0.7241599999999999,19.264,0.685233753551338,0.007937233105536828,19.01388888888889,49.01388888888889,0.0,,244.0,0.5644502812007621,6.0,0.6290371947404844,0.5699313654395771,0.646224,-0.003930998313861678,-0.0011840000000000739
continuous_latent_trait,balanced_mastery,5.0,20760816.0,2.0,250.0,0.5369275334049628,0.5852226961738286,0.5668796541709127,0.6493599999999999,0.6503943789546405,0.6483600000000002,0.6459408417166549,0.725,19.284,0.6844814612591577,0.008084606464982425,19.01388888888889,49.01388888888889,2.0,0.48150664061716064,241.0,0.5656407580024526,7.0,0.6339253689861063,0.5711865621149516,0.6509919999999999,-0.004306907944038807,-0.00263199999999979
continuous_latent_trait,balanced_mastery,6.0,20860819.0,2.0,250.0,0.5358591867535897,0.5837806231218746,0.5647951837190505,0.64896,0.6500065756696388,0.64392,0.6453977923078688,0.72672,19.252,0.6828653413663845,0.008107882863900162,19.01388888888889,49.01388888888889,2.0,0.4869408178144563,246.0,0.5651012246782328,2.0,0.6050065116442297,0.5692959637702705,0.645936,-0.004500780051220077,-0.0020159999999999068
continuous_latent_trait,balanced_mastery,7.0,20960822.0,2.0,250.0,0.5355416755288653,0.5842947601428201,0.5654479888366936,0.65436,0.6501500060524275,0.6443199999999999,0.6455747425656416,0.72876,19.424,0.6809596132228806,0.007564833083220496,19.01388888888889,49.01388888888889,1.0,0.4738773911384544,244.0,0.5645242529749713,5.0,0.628840418428385,0.5692967800473411,0.6445759999999999,-0.0038487912106475175,-0.000256000000000034
continuous_latent_trait,balanced_mastery,8.0,21060825.0,2.0,250.0,0.5374438094576808,0.5858692696872185,0.5667610354441659,0.64864,0.6505703803105245,0.6446,0.6459299373498771,0.7298799999999999,19.392,0.6781203464908463,0.008152968728244782,19.01388888888889,49.01388888888889,3.0,0.492335080981462,242.0,0.5664973116601958,5.0,0.6241808392659441,0.5708782867680838,0.6458320000000001,-0.004117251323917981,-0.0012320000000000553
continuous_latent_trait,balanced_mastery,9.0,21160828.0,2.0,250.0,0.5363234083233035,0.5841068011458797,0.5643518018446031,0.65116,0.6501179694005206,0.6455599999999999,0.6453214864672842,0.72412,19.12,0.6876691164045508,0.00783418066164877,19.01388888888889,49.01388888888889,0.0,,246.0,0.56320479433551,4.0,0.6348927636538353,0.5681942584050874,0.647488,-0.003842456560484364,-0.001928000000000063
continuous_latent_trait,balanced_mastery,10.0,21260831.0,2.0,250.0,0.5411658393445471,0.5881838889622445,0.5683607990021099,0.65144,0.6510788786268246,0.6433600000000002,0.6462671892830849,0.7333599999999999,19.388,0.675367064806254,0.008464048994067674,19.01388888888889,49.01388888888889,0.0,,240.0,0.5657688163329618,10.0,0.6305683830616637,0.5724952676931386,0.644144,-0.004134468691028759,-0.0007839999999998514
continuous_latent_trait,balanced_mastery,11.0,21360834.0,2.0,250.0,0.5367661212407309,0.5840578742560065,0.5643630065094455,0.6514800000000001,0.6500036571107767,0.64736,0.6452242792184228,0.72752,19.4,0.6799746663893966,0.007693620712303745,19.01388888888889,49.01388888888889,2.0,0.47251887881768406,239.0,0.5628820264171065,9.0,0.6241010617819499,0.5688833800237961,0.649152,-0.00452037351435064,-0.001791999999999927
continuous_latent_trait,balanced_mastery,12.0,21460837.0,2.0,250.0,0.5345023618903324,0.5829320104300012,0.5644146086308727,0.64924,0.6497874416797629,0.645,0.6452930572211661,0.72604,19.284,0.6831119575704219,0.00824026244520749,19.01388888888889,49.01388888888889,1.0,0.5102885836317215,244.0,0.563475194476364,5.0,0.6210832243707265,0.5685389179323527,0.64544,-0.00412430930148,-0.0004399999999999737
continuous_latent_trait,balanced_mastery,13.0,21560840.0,2.0,250.0,0.5363771524524734,0.5838545949928441,0.5637557369708056,0.6496000000000001,0.6499516040840242,0.64812,0.6450739605344997,0.72832,19.34,0.6747843826883546,0.007987419272643709,19.01388888888889,49.01388888888889,1.0,0.48673066701820333,246.0,0.5632917759581697,3.0,0.6274755633244914,0.5679180576717073,0.649536,-0.004162320700901656,-0.0014159999999999284
continuous_latent_trait,balanced_mastery,14.0,21660843.0,2.0,250.0,0.5382092359239102,0.5857910913276019,0.5671911728590224,0.6527999999999999,0.6506002947656957,0.6481600000000001,0.6460816454235072,0.7290399999999999,19.364,0.6825500184228774,0.008147536939983855,19.01388888888889,49.01388888888889,0.0,,241.0,0.5646953726589117,9.0,0.6340231559953264,0.5714155045021562,0.64984,-0.0042243316431337385,-0.0016799999999999482
continuous_latent_trait,balanced_mastery,15.0,21760846.0,2.0,250.0,0.5367780817422465,0.5848255005979076,0.5660727445904813,0.65076,0.6502304667912893,0.64532,0.6456792396150063,0.72724,19.392,0.6820814842343659,0.00821297754928736,19.01388888888889,49.01388888888889,1.0,0.49322679251337204,237.0,0.5636311759745771,12.0,0.6203642207610136,0.5705583481636048,0.647632,-0.004485603573123553,-0.0023119999999999807
continuous_latent_trait,balanced_mastery,16.0,21860849.0,2.0,250.0,0.5392714279107891,0.5881392125101422,0.569193773731,0.6470799999999999,0.651007889227846,0.64804,0.6464102750718352,0.7289200000000001,19.464,0.6788377443123543,0.008059139282987949,19.01388888888889,49.01388888888889,1.0,0.46859153477384413,244.0,0.5685977200244001,5.0,0.6184016424045062,0.5725621017508361,0.649048,-0.0033683280198360866,-0.0010080000000000533
continuous_latent_trait,balanced_mastery,17.0,21960852.0,2.0,250.0,0.536652435612023,0.5846016526070426,0.5655363476115106,0.64768,0.6501650163784561,0.6465599999999999,0.6455379976263352,0.7241200000000001,19.216,0.6809399888477353,0.0080550420236893,19.01388888888889,49.01388888888889,2.0,0.4942125955562499,240.0,0.563638978205174,8.0,0.6402883678154302,0.5698260928827562,0.64788,-0.004289745271245526,-0.0013200000000000768
continuous_latent_trait,balanced_mastery,18.0,22060855.0,2.0,250.0,0.539841547155114,0.5874984893357211,0.5688726892005975,0.6493199999999999,0.6508828250581381,0.6486000000000001,0.6463623765155448,0.7238399999999999,19.296,0.6894751591221704,0.008003589791861387,19.01388888888889,49.01388888888889,0.0,,237.0,0.5652764997744046,13.0,0.6344339887396523,0.5732256047606369,0.649888,-0.004352915560039361,-0.0012879999999999337
continuous_latent_trait,balanced_mastery,19.0,22160858.0,2.0,250.0,0.5394394987736052,0.587323797955718,0.5689184787827162,0.64892,0.6508918053626205,0.6457200000000001,0.6464232885411628,0.7303200000000001,19.396,0.6768034847680147,0.00809021766595957,19.01388888888889,49.01388888888889,1.0,0.482002738514222,240.0,0.567272889337525,9.0,0.6224581684620915,0.5730250850689895,0.647208,-0.0041066062862733736,-0.0014879999999999338
continuous_latent_trait,balanced_mastery,20.0,22260861.0,2.0,250.0,0.5352125666704399,0.5845313923847869,0.5660496616368821,0.64476,0.6501762110705555,0.6448400000000001,0.6456903292700353,0.7270399999999999,19.396,0.6817622813498089,0.008138970334019422,19.01388888888889,49.01388888888889,0.0,,245.0,0.5647130418813534,5.0,0.6315440296577887,0.569757924151539,0.647024,-0.003708262514656946,-0.0021839999999999416
continuous_latent_trait,balanced_mastery,21.0,22360864.0,2.0,250.0,0.5336397384658018,0.5819702153496094,0.5631364345110957,0.64952,0.6495295675657039,0.64444,0.6449579831099056,0.72676,19.308,0.6833265888151197,0.008123748554046368,19.01388888888889,49.01388888888889,1.0,0.4434574977769537,247.0,0.5630618705063064,2.0,0.6321845574696525,0.5673829749279855,0.645688,-0.004246540416889699,-0.001247999999999938
continuous_latent_trait,balanced_mastery,22.0,22460867.0,2.0,250.0,0.5385436317174782,0.586357219850214,0.5670259166447773,0.651,0.6505618303554318,0.6446,0.6458712023100168,0.72852,19.408,0.6797486076753946,0.008127480436916457,19.01388888888889,49.01388888888889,2.0,0.45800831976899936,238.0,0.5650932915264981,10.0,0.634825913834978,0.5712332710871155,0.6459440000000001,-0.004207354442338285,-0.0013440000000000784
continuous_latent_trait,balanced_mastery,23.0,22560870.0,2.0,250.0,0.5365031502022644,0.5846864264349695,0.5649831722028558,0.65276,0.65024613142133,0.64552,0.6454629157596926,0.7283999999999999,19.34,0.6797370844995205,0.008184456783053452,19.01388888888889,49.01388888888889,1.0,0.48385625747064587,247.0,0.5648356812523515,2.0,0.6237617619562106,0.569316793457096,0.647528,-0.004333621254240217,-0.002008000000000032
continuous_latent_trait,balanced_mastery,24.0,22660873.0,2.0,250.0,0.5373496879344476,0.585264897063257,0.5664400386144564,0.6493199999999999,0.6503360841882743,0.6442,0.6457678728777594,0.72236,19.3,0.6870861116160513,0.007450985844615935,19.01388888888889,49.01388888888889,1.0,0.4671994677946156,242.0,0.5650329842579914,7.0,0.6292611421979384,0.5709861580099047,0.644568,-0.004546119395448333,-0.00036800000000001274
continuous_latent_trait,balanced_mastery,25.0,22760876.0,2.0,250.0,0.535682703204094,0.5844639419799452,0.5661452361181313,0.6487999999999999,0.650212274760832,0.6475599999999999,0.6457636476419375,0.72752,19.388,0.6811898682512545,0.007837328751882564,19.01388888888889,49.01388888888889,2.0,0.4822338370175869,239.0,0.5642530004829596,9.0,0.6350415822300362,0.5700488120184684,0.64812,-0.003903575900337075,-0.0005600000000000937
continuous_latent_trait,balanced_mastery,26.0,22860879.0,2.0,250.0,0.5399419201590294,0.5877844417432022,0.5692564271134755,0.6484399999999999,0.6509568923058231,0.65208,0.6464593382061959,0.73244,19.468,0.6742178260618054,0.008274976686088849,19.01388888888889,49.01388888888889,0.0,,243.0,0.5674979402591095,7.0,0.6303010422007471,0.5732898301413176,0.65288,-0.004033403027842097,-0.0008000000000000451
continuous_latent_trait,balanced_mastery,27.0,22960882.0,2.0,250.0,0.534416751190072,0.5823297511838003,0.563453893056625,0.6517999999999999,0.6495864509696528,0.6486400000000001,0.6450063503731014,0.7248,19.316,0.6886698394414897,0.007720619547635995,19.01388888888889,49.01388888888889,1.0,0.47752579370334286,244.0,0.562533802481665,5.0,0.6255399329853344,0.5683072911776397,0.6504,-0.004853398121014707,-0.001759999999999895
continuous_latent_trait,balanced_mastery,28.0,23060885.0,2.0,250.0,0.539070999030457,0.5870739897309183,0.5681112944826011,0.65328,0.6507920834513331,0.64268,0.6461888660540109,0.73072,19.42,0.6754778996326006,0.008521153674528872,19.01388888888889,49.01388888888889,1.0,0.4821682159699193,241.0,0.5661314467866804,8.0,0.6384970911362934,0.5720941190082718,0.6448160000000001,-0.003982824525670581,-0.0021360000000000046
continuous_latent_trait,balanced_mastery,29.0,23160888.0,2.0,250.0,0.53707212538824,0.5845038511726067,0.5650913005709853,0.6504000000000001,0.6500891622124282,0.64204,0.6453798066631894,0.72792,19.332,0.6823356197273838,0.008164610135681497,19.01388888888889,49.01388888888889,1.0,0.476467495138834,247.0,0.5649708594689086,2.0,0.624277679393554,0.569961062053918,0.643336,-0.004869761482932722,-0.001295999999999986
continuous_latent_trait,blocked_median_item,0.0,20260801.0,2.0,250.0,0.5391295990089736,0.5913838494895228,0.5725271093649602,0.652272,0.6521206433735196,0.650848,0.6475334388321952,0.663624,20.0,0.2591132215989303,0.027432988048219097,19.01388888888889,49.01388888888889,1.0,0.4762946627158321,239.0,0.5702623207867712,10.0,0.6362788010485884,0.5725271093649602,0.650848,0.0,0.0
continuous_latent_trait,blocked_median_item,1.0,20360804.0,2.0,250.0,0.537675563102065,0.5902508331790609,0.5716780130867521,0.656096,0.6519075580081777,0.65048,0.6473864540644078,0.662696,20.0,0.2591132215989303,0.026815987728136,19.01388888888889,49.01388888888889,1.0,0.4911996534686714,243.0,0.5705064365592394,6.0,0.63253992238736,0.5716780130867521,0.65048,0.0,0.0
continuous_latent_trait,blocked_median_item,2.0,20460807.0,2.0,250.0,0.53726376568054,0.5900916004096207,0.571410150496358,0.6555440000000001,0.6518291825925996,0.646072,0.6472823817561437,0.663752,20.0,0.2591132215989303,0.027010723818160148,19.01388888888889,49.01388888888889,2.0,0.48520665128326995,240.0,0.5701550727117948,8.0,0.6306133588365291,0.571410150496358,0.646072,0.0,0.0
continuous_latent_trait,blocked_median_item,3.0,20560810.0,2.0,250.0,0.5352172759493571,0.5871978065022748,0.5675352697023728,0.649568,0.6511526750090585,0.642008,0.6463671778533098,0.659736,20.0,0.2591132215989303,0.026514545876542412,19.01388888888889,49.01388888888889,1.0,0.48470409489242466,243.0,0.5663886387852191,6.0,0.6277790176487561,0.5675352697023728,0.642008,0.0,0.0
continuous_latent_trait,blocked_median_item,4.0,20660813.0,2.0,250.0,0.5360199145820441,0.5885326122787808,0.5699313654395771,0.6553760000000001,0.6514596847219527,0.646224,0.6469329240831941,0.661416,20.0,0.2591132215989303,0.026621420148348625,19.01388888888889,49.01388888888889,0.0,,244.0,0.5684953616058179,6.0,0.6283288546791146,0.5699313654395771,0.646224,0.0,0.0
continuous_latent_trait,blocked_median_item,5.0,20760816.0,2.0,250.0,0.5369275334049628,0.5895188641294548,0.5711865621149516,0.650936,0.6517429593509838,0.6509919999999999,0.6472804537895467,0.664064,20.0,0.2591132215989303,0.026792731156678306,19.01388888888889,49.01388888888889,2.0,0.4866399972969936,241.0,0.5700349289767636,7.0,0.6349918072491226,0.5711865621149516,0.6509919999999999,0.0,0.0
continuous_latent_trait,blocked_median_item,6.0,20860819.0,2.0,250.0,0.5358591867535897,0.5882769648820346,0.5692959637702705,0.6497999999999999,0.6514321471124125,0.645936,0.6468116407296233,0.663128,20.0,0.2591132215989303,0.0268942169302755,19.01388888888889,49.01388888888889,2.0,0.5005892919385557,246.0,0.5695200934063365,2.0,0.6104346903658755,0.5692959637702705,0.645936,0.0,0.0
continuous_latent_trait,blocked_median_item,7.0,20960822.0,2.0,250.0,0.5355416755288653,0.5881278006896041,0.5692967800473411,0.6556240000000001,0.6513786347234355,0.6445759999999999,0.6467955252535489,0.66216,20.0,0.2591132215989303,0.027036857086273354,19.01388888888889,49.01388888888889,1.0,0.4861570631940074,244.0,0.5684152591234025,5.0,0.6289429445062091,0.5692967800473411,0.6445759999999999,0.0,0.0
continuous_latent_trait,blocked_median_item,8.0,21060825.0,2.0,250.0,0.5374438094576808,0.5899701308098388,0.5708782867680838,0.6498240000000001,0.6518698579625515,0.6458320000000001,0.6472211450962906,0.6635759999999999,20.0,0.2591132215989303,0.02728585574420298,19.01388888888889,49.01388888888889,3.0,0.4993481510804286,242.0,0.5705729048583487,5.0,0.6285768526118615,0.5708782867680838,0.6458320000000001,0.0,0.0
continuous_latent_trait,blocked_median_item,9.0,21160828.0,2.0,250.0,0.5363234083233035,0.5879220401545684,0.5681942584050874,0.653008,0.6513343400911236,0.647488,0.6465323334193811,0.6623680000000001,20.0,0.2591132215989303,0.027168124038530823,19.01388888888889,49.01388888888889,0.0,,246.0,0.5670591860379877,4.0,0.6380012089817239,0.5681942584050874,0.647488,0.0,0.0
continuous_latent_trait,blocked_median_item,10.0,21260831.0,2.0,250.0,0.5411658393445471,0.5923132814051406,0.5724952676931386,0.6529119999999999,0.6523886511011192,0.644144,0.6475659339172868,0.660944,20.0,0.2591132215989303,0.02672232025508997,19.01388888888889,49.01388888888889,0.0,,240.0,0.5699624428942538,10.0,0.6332830628663724,0.5724952676931386,0.644144,0.0,0.0
continuous_latent_trait,blocked_median_item,11.0,21360834.0,2.0,250.0,0.5367661212407309,0.5885883983202066,0.5688833800237961,0.652496,0.6514145515156876,0.649152,0.6466204405090402,0.662432,20.0,0.2591132215989303,0.02724069744552331,19.01388888888889,49.01388888888889,2.0,0.4834594239288643,239.0,0.5674005430414761,9.0,0.627244041242059,0.5688833800237961,0.649152,0.0,0.0
continuous_latent_trait,blocked_median_item,12.0,21460837.0,2.0,250.0,0.5345023618903324,0.5870456368555372,0.5685389179323527,0.651008,0.651088933718371,0.64544,0.6465857562611091,0.66144,20.0,0.2591132215989303,0.02654856537498958,19.01388888888889,49.01388888888889,1.0,0.51075349272324,244.0,0.5676247628880782,5.0,0.624706769134775,0.5685389179323527,0.64544,0.0,0.0
continuous_latent_trait,blocked_median_item,13.0,21560840.0,2.0,250.0,0.5363771524524734,0.588006757339876,0.5679180576717073,0.6510480000000001,0.6512813193256094,0.649536,0.6463931029664173,0.663664,20.0,0.2591132215989303,0.027136058553436426,19.01388888888889,49.01388888888889,1.0,0.49762729396672134,246.0,0.5674663572622789,3.0,0.6283877458131591,0.5679180576717073,0.649536,0.0,0.0
continuous_latent_trait,blocked_median_item,14.0,21660843.0,2.0,250.0,0.5382092359239102,0.5900061778737627,0.5714155045021562,0.65488,0.6519341078648784,0.64984,0.6474059324806658,0.662072,20.0,0.2591132215989303,0.02737276899774449,19.01388888888889,49.01388888888889,0.0,,241.0,0.5690365157474249,9.0,0.6351195367121838,0.5714155045021562,0.64984,0.0,0.0
continuous_latent_trait,blocked_median_item,15.0,21760846.0,2.0,250.0,0.5367780817422465,0.5893025604412061,0.5705583481636048,0.6527519999999999,0.6516405359897142,0.647632,0.6470789854585093,0.662856,20.0,0.2591132215989303,0.027239525778503026,19.01388888888889,49.01388888888889,1.0,0.5115078095826872,237.0,0.5681101726742797,12.0,0.6238306922928541,0.5705583481636048,0.647632,0.0,0.0
continuous_latent_trait,blocked_median_item,16.0,21860849.0,2.0,250.0,0.5392714279107891,0.5914716000312873,0.5725621017508361,0.6477120000000001,0.6521156032078859,0.649048,0.647515027271179,0.6618959999999999,20.0,0.2591132215989303,0.02681547565704285,19.01388888888889,49.01388888888889,1.0,0.48438956876362893,244.0,0.5719844742007674,5.0,0.6183848327916288,0.5725621017508361,0.649048,0.0,0.0
continuous_latent_trait,blocked_median_item,17.0,21960852.0,2.0,250.0,0.536652435612023,0.5888835374951698,0.5698260928827562,0.648264,0.6515340278426243,0.64788,0.6468962065484333,0.661096,20.0,0.2591132215989303,0.026857617011064056,19.01388888888889,49.01388888888889,2.0,0.4944891717697598,240.0,0.568118010934362,8.0,0.639902781612831,0.5698260928827562,0.64788,0.0,0.0
continuous_latent_trait,blocked_median_item,18.0,22060855.0,2.0,250.0,0.539841547155114,0.5918502201083133,0.5732256047606369,0.6509039999999999,0.6522412693976462,0.649888,0.6477093531493029,0.660624,20.0,0.2591132215989303,0.02698581857794998,19.01388888888889,49.01388888888889,0.0,,237.0,0.5696516772055604,13.0,0.6383810532647238,0.5732256047606369,0.649888,0.0,0.0
continuous_latent_trait,blocked_median_item,19.0,22160858.0,2.0,250.0,0.5394394987736052,0.591416126647834,0.5730250850689895,0.650984,0.6521927047373334,0.647208,0.64771632274718,0.662536,20.0,0.2591132215989303,0.02694805249162615,19.01388888888889,49.01388888888889,1.0,0.49628641328062867,240.0,0.571468297891795,9.0,0.623065928881773,0.5730250850689895,0.647208,0.0,0.0
continuous_latent_trait,blocked_median_item,20.0,22260861.0,2.0,250.0,0.5352125666704399,0.5882107796965581,0.569757924151539,0.646128,0.6513881172604681,0.647024,0.6468974922986884,0.6637679999999999,20.0,0.2591132215989303,0.02722420258798538,19.01388888888889,49.01388888888889,0.0,,245.0,0.5684787920605249,5.0,0.6324353966112268,0.569757924151539,0.647024,0.0,0.0
continuous_latent_trait,blocked_median_item,21.0,22360864.0,2.0,250.0,0.5336397384658018,0.586213645763321,0.5673829749279855,0.651112,0.6508721799842869,0.645688,0.6462894336651572,0.658928,20.0,0.2591132215989303,0.026938383952553248,19.01388888888889,49.01388888888889,1.0,0.4549168792681325,247.0,0.5673072551815224,2.0,0.6329674114461038,0.5673829749279855,0.645688,0.0,0.0
continuous_latent_trait,blocked_median_item,22.0,22460867.0,2.0,250.0,0.5385436317174782,0.5905657461165621,0.5712332710871155,0.651984,0.6519044196945123,0.6459440000000001,0.6472012861584548,0.662504,20.0,0.2591132215989303,0.02680553337222069,19.01388888888889,49.01388888888889,2.0,0.46280580682838846,238.0,0.5695089540700956,10.0,0.6339575089439338,0.5712332710871155,0.6459440000000001,0.0,0.0
continuous_latent_trait,blocked_median_item,23.0,22560870.0,2.0,250.0,0.5365031502022644,0.5890190190369082,0.569316793457096,0.6535040000000001,0.6516073765092076,0.647528,0.6468117614565126,0.660416,20.0,0.2591132215989303,0.027207516342575844,19.01388888888889,49.01388888888889,1.0,0.49606882051029233,247.0,0.5691477994497907,2.0,0.6268115398327009,0.569316793457096,0.647528,0.0,0.0
continuous_latent_trait,blocked_median_item,24.0,22660873.0,2.0,250.0,0.5373496879344476,0.5898226939049779,0.5709861580099047,0.651224,0.651756952429907,0.644568,0.6471738003646862,0.65984,20.0,0.2591132215989303,0.026988721982342423,19.01388888888889,49.01388888888889,1.0,0.4751807611123711,242.0,0.5696569696610434,7.0,0.6306245833416151,0.5709861580099047,0.644568,0.0,0.0
continuous_latent_trait,blocked_median_item,25.0,22760876.0,2.0,250.0,0.535682703204094,0.5883413499382895,0.5700488120184684,0.6507439999999999,0.6514638159654674,0.64812,0.6470097808561059,0.663544,20.0,0.2591132215989303,0.027194330796881595,19.01388888888889,49.01388888888889,2.0,0.49084704616914215,239.0,0.5681982914014552,9.0,0.6367908074812212,0.5700488120184684,0.64812,0.0,0.0
continuous_latent_trait,blocked_median_item,26.0,22860879.0,2.0,250.0,0.5399419201590294,0.5918115675304435,0.5732898301413176,0.649432,0.6522482214311284,0.65288,0.6477405774688328,0.661512,20.0,0.2591132215989303,0.026878105323194623,19.01388888888889,49.01388888888889,0.0,,243.0,0.5715692027824711,7.0,0.6330201798841261,0.5732898301413176,0.65288,0.0,0.0
continuous_latent_trait,blocked_median_item,27.0,22960882.0,2.0,250.0,0.534416751190072,0.5871899802476557,0.5683072911776397,0.652536,0.6510807606926111,0.6504,0.646486643707682,0.662016,20.0,0.2591132215989303,0.02706302837224699,19.01388888888889,49.01388888888889,1.0,0.49286821753263765,244.0,0.5673885197979451,5.0,0.6282311492357382,0.5683072911776397,0.6504,0.0,0.0
continuous_latent_trait,blocked_median_item,28.0,23060885.0,2.0,250.0,0.539070999030457,0.5910487862491192,0.5720941190082718,0.6545439999999999,0.652072378614893,0.6448160000000001,0.6474590437354706,0.663328,20.0,0.2591132215989303,0.026767914684910226,19.01388888888889,49.01388888888889,1.0,0.4900240462424771,241.0,0.5701607453663398,8.0,0.6405957590671946,0.5720941190082718,0.6448160000000001,0.0,0.0
continuous_latent_trait,blocked_median_item,29.0,23160888.0,2.0,250.0,0.53707212538824,0.589405556129211,0.569961062053918,0.652504,0.6515936587110446,0.643336,0.6468640862527927,0.662552,20.0,0.2591132215989303,0.02679251717633288,19.01388888888889,49.01388888888889,1.0,0.48690520296160666,247.0,0.5698306688420655,2.0,0.6275925532638851,0.569961062053918,0.643336,0.0,0.0
continuous_latent_trait,interleaved_median_item,0.0,20260801.0,2.0,250.0,0.5391295990089736,0.5915629016349462,0.5726991838193518,0.6523359999999999,0.652163148826127,0.650952,0.6475742915577725,0.6605920000000001,20.0,0.25911322159893035,0.027013193176179347,19.01388888888889,49.01388888888889,1.0,0.4765727969461137,239.0,0.5704349788533325,10.0,0.6364263211945357,0.5725271093649602,0.650848,0.00017207445439157976,0.00010400000000001519
continuous_latent_trait,interleaved_median_item,1.0,20360804.0,2.0,250.0,0.537675563102065,0.5904278264876327,0.5718481025319908,0.65608,0.6519495747133124,0.6505599999999999,0.6474268355273988,0.664408,20.0,0.25911322159893035,0.027236715863144228,19.01388888888889,49.01388888888889,1.0,0.4914088263031301,243.0,0.5706767568945015,6.0,0.6326941468884533,0.5716780130867521,0.65048,0.00017008944523870805,7.999999999999118e-05
continuous_latent_trait,interleaved_median_item,2.0,20460807.0,2.0,250.0,0.53726376568054,0.590269374843016,0.5715810643618985,0.655616,0.6518713847099606,0.6460319999999999,0.6473229588885216,0.661,20.0,0.25911322159893035,0.02727077648086036,19.01388888888889,49.01388888888889,2.0,0.4853972610289743,240.0,0.5703260446903844,8.0,0.6307776053405546,0.571410150496358,0.646072,0.00017091386554053402,-4.00000000000178e-05
continuous_latent_trait,interleaved_median_item,3.0,20560810.0,2.0,250.0,0.5352172759493571,0.5873855141053819,0.5677152636299005,0.64968,0.6511972352986899,0.6420799999999999,0.6464099110850647,0.662456,20.0,0.25911322159893035,0.027036106230843758,19.01388888888889,49.01388888888889,1.0,0.48489346883438456,243.0,0.5665686069319877,6.0,0.62795849236129,0.5675352697023728,0.642008,0.00017999392752776622,7.199999999987216e-05
continuous_latent_trait,interleaved_median_item,4.0,20660813.0,2.0,250.0,0.5360199145820441,0.5887099118771036,0.5701018743453885,0.655456,0.6515017741037326,0.6462559999999999,0.6469734050317621,0.6614880000000001,20.0,0.25911322159893035,0.027239518567301668,19.01388888888889,49.01388888888889,0.0,,244.0,0.5686657992655249,6.0,0.6285022609265065,0.5699313654395771,0.646224,0.00017050890581131738,3.199999999998759e-05
continuous_latent_trait,interleaved_median_item,5.0,20760816.0,2.0,250.0,0.5369275334049628,0.5896938578694462,0.5713547407088794,0.650936,0.6517845013743916,0.651016,0.6473203815819369,0.66448,20.0,0.25911322159893035,0.02747730158742496,19.01388888888889,49.01388888888889,2.0,0.486851741122136,241.0,0.5702037142386304,7.0,0.6351266519236659,0.5711865621149516,0.6509919999999999,0.00016817859392790347,2.4000000000046208e-05
continuous_latent_trait,interleaved_median_item,6.0,20860819.0,2.0,250.0,0.5358591867535897,0.5884580556689489,0.5694698388453902,0.649816,0.6514751365638591,0.645888,0.6468529210728011,0.66152,20.0,0.25911322159893035,0.027055005740605494,19.01388888888889,49.01388888888889,2.0,0.5007223610368751,246.0,0.5696935989112972,2.0,0.6106948285473266,0.5692959637702705,0.645936,0.00017387507511965606,-4.799999999995919e-05
continuous_latent_trait,interleaved_median_item,7.0,20960822.0,2.0,250.0,0.5355416755288653,0.5883073279717143,0.5694691726060042,0.6557280000000001,0.65142125300768,0.6446399999999999,0.6468364536114343,0.662336,20.0,0.25911322159893035,0.026986345271830536,19.01388888888889,49.01388888888889,1.0,0.48633363683107056,244.0,0.5685870624623375,5.0,0.6291432547719216,0.5692967800473411,0.6445759999999999,0.00017239255866312585,6.399999999995298e-05
continuous_latent_trait,interleaved_median_item,8.0,21060825.0,2.0,250.0,0.5374438094576808,0.5901521762721024,0.571052958020709,0.6497280000000001,0.6519130740780484,0.6457999999999999,0.6472626145595504,0.662928,20.0,0.25911322159893035,0.026808967736621614,19.01388888888889,49.01388888888889,3.0,0.49949738618057565,242.0,0.5707480383530087,5.0,0.6287444130414773,0.5708782867680838,0.6458320000000001,0.00017467125262509152,-3.2000000000076414e-05
continuous_latent_trait,interleaved_median_item,9.0,21160828.0,2.0,250.0,0.5363234083233035,0.5881108940400003,0.5683752182984537,0.653024,0.6513791725348612,0.64748,0.6465752960924847,0.6618799999999999,20.0,0.25911322159893035,0.027140190187160768,19.01388888888889,49.01388888888889,0.0,,246.0,0.5672406561528262,4.0,0.6381507902545465,0.5681942584050874,0.647488,0.0001809598933662171,-7.999999999919183e-06
continuous_latent_trait,interleaved_median_item,10.0,21260831.0,2.0,250.0,0.5411658393445471,0.592501217553199,0.5726754451215714,0.65292,0.6524332656543178,0.64416,0.6476087107438406,0.6637919999999999,20.0,0.25911322159893035,0.02718253157059967,19.01388888888889,49.01388888888889,0.0,,240.0,0.5701424296410267,10.0,0.6334678166546439,0.5724952676931386,0.644144,0.00018017742843274843,1.5999999999949387e-05
continuous_latent_trait,interleaved_median_item,11.0,21360834.0,2.0,250.0,0.5367661212407309,0.5887762830540904,0.5690634899033943,0.6525519999999999,0.6514591538691353,0.64928,0.6466632013127749,0.660232,20.0,0.25911322159893035,0.027012555377019597,19.01388888888889,49.01388888888889,2.0,0.48367320039230755,239.0,0.5675800213483664,9.0,0.6274334414227086,0.5688833800237961,0.649152,0.00018010987959813374,0.0001279999999999948
continuous_latent_trait,interleaved_median_item,12.0,21460837.0,2.0,250.0,0.5345023618903324,0.5872224268716044,0.5687087028157599,0.651064,0.6511309021934275,0.64544,0.6466260655041709,0.66072,20.0,0.25911322159893035,0.027252451768036347,19.01388888888889,49.01388888888889,1.0,0.5108205259748686,244.0,0.5677947555006833,5.0,0.624886967159679,0.5685389179323527,0.64544,0.00016978488340717578,-6.661338147750939e-17
continuous_latent_trait,interleaved_median_item,13.0,21560840.0,2.0,250.0,0.5363771524524734,0.5881988145829231,0.5681018231287714,0.651176,0.6513269122930966,0.6494880000000001,0.6464367319348885,0.660544,20.0,0.25911322159893035,0.026717048239034952,19.01388888888889,49.01388888888889,1.0,0.497795294964969,246.0,0.56765018129646,3.0,0.6285719627662351,0.5679180576717073,0.649536,0.00018376545706413338,-4.7999999999914776e-05
continuous_latent_trait,interleaved_median_item,14.0,21660843.0,2.0,250.0,0.5382092359239102,0.5901834650503244,0.5715858766583299,0.65496,0.6519761943317437,0.649728,0.6474463810626647,0.661472,20.0,0.25911322159893035,0.02773146939478809,19.01388888888889,49.01388888888889,0.0,,241.0,0.5692076331745415,9.0,0.6352699521686616,0.5714155045021562,0.64984,0.0001703721561737037,-0.00011200000000000099
continuous_latent_trait,interleaved_median_item,15.0,21760846.0,2.0,250.0,0.5367780817422465,0.5894812112239126,0.5707296212278663,0.6527200000000001,0.6516829462812394,0.6477200000000001,0.6471196482519801,0.6635679999999999,20.0,0.25911322159893035,0.026947572826301225,19.01388888888889,49.01388888888889,1.0,0.5116205593130382,237.0,0.568280141452884,12.0,0.624032601943336,0.5705583481636048,0.647632,0.00017127306426141243,8.800000000008801e-05
continuous_latent_trait,interleaved_median_item,16.0,21860849.0,2.0,250.0,0.5392714279107891,0.5916514307184485,0.5727347919508438,0.647744,0.6521582935156636,0.6490159999999999,0.6475560262884882,0.664424,20.0,0.25911322159893035,0.02757539076185465,19.01388888888889,49.01388888888889,1.0,0.48457700340352694,244.0,0.5721559794482824,5.0,0.6186123997852984,0.5725621017508361,0.649048,0.00017269020000763025,-3.20000000000098e-05
continuous_latent_trait,interleaved_median_item,17.0,21960852.0,2.0,250.0,0.536652435612023,0.5890650007792261,0.5700003633524632,0.6482720000000001,0.6515771057114104,0.6479600000000001,0.6469375807336786,0.6606879999999999,20.0,0.25911322159893035,0.027400953510060805,19.01388888888889,49.01388888888889,2.0,0.4946590369840248,240.0,0.5682935317507136,8.0,0.6400406429970571,0.5698260928827562,0.64788,0.0001742704697069941,8.00000000001022e-05
continuous_latent_trait,interleaved_median_item,18.0,22060855.0,2.0,250.0,0.539841547155114,0.5920271863161893,0.5733954819302192,0.65096,0.6522832797219159,0.6499119999999999,0.6477496843627908,0.6632640000000001,20.0,0.25911322159893035,0.02715811786430215,19.01388888888889,49.01388888888889,0.0,,237.0,0.5698226409482812,13.0,0.6385311213701662,0.5732256047606369,0.649888,0.00016987716958234423,2.3999999999979594e-05
continuous_latent_trait,interleaved_median_item,19.0,22160858.0,2.0,250.0,0.5394394987736052,0.5915907338637477,0.5731930572149265,0.651,0.6522341549575692,0.647216,0.6477562013948929,0.662848,20.0,0.25911322159893035,0.02763102557209663,19.01388888888889,49.01388888888889,1.0,0.4964373089649173,240.0,0.5716356659863708,9.0,0.6232519064486342,0.5730250850689895,0.647208,0.00016797214593697874,8.000000000008e-06
continuous_latent_trait,interleaved_median_item,20.0,22260861.0,2.0,250.0,0.5352125666704399,0.5883866516546041,0.5699269317709453,0.64616,0.6514298677683503,0.646984,0.6469376169250654,0.663024,20.0,0.25911322159893035,0.027272605605350452,19.01388888888889,49.01388888888889,0.0,,245.0,0.5686480001649847,5.0,0.6325945804630185,0.569757924151539,0.647024,0.00016900761940634722,-3.999999999997339e-05
continuous_latent_trait,interleaved_median_item,21.0,22360864.0,2.0,250.0,0.5336397384658018,0.5863939556397618,0.5675560840657721,0.65116,0.6509149840584542,0.64576,0.6463305321771279,0.659168,20.0,0.25911322159893035,0.027297003750105242,19.01388888888889,49.01388888888889,1.0,0.4551958974467903,247.0,0.5674802029483665,2.0,0.6331074953748368,0.5673829749279855,0.645688,0.00017310913778663118,7.200000000004981e-05
continuous_latent_trait,interleaved_median_item,22.0,22460867.0,2.0,250.0,0.5385436317174782,0.5907494069366795,0.5714095144720482,0.6519199999999999,0.6519480192757111,0.646,0.647243128851323,0.663416,20.0,0.25911322159893035,0.026922281554410538,19.01388888888889,49.01388888888889,2.0,0.46311306878778524,238.0,0.569685430003911,10.0,0.6341020139505656,0.5712332710871155,0.6459440000000001,0.00017624338493262836,5.5999999999989394e-05
continuous_latent_trait,interleaved_median_item,23.0,22560870.0,2.0,250.0,0.5365031502022644,0.5892066633046689,0.5694965988570404,0.65364,0.6516519217984019,0.6475920000000001,0.6468544500311282,0.663184,20.0,0.25911322159893035,0.02742806771643986,19.01388888888889,49.01388888888889,1.0,0.49621157220076856,247.0,0.5693273731435269,2.0,0.6270384878040935,0.569316793457096,0.647528,0.00017980539994444378,6.40000000000196e-05
continuous_latent_trait,interleaved_median_item,24.0,22660873.0,2.0,250.0,0.5373496879344476,0.5900019602676546,0.5711583175078749,0.65128,0.6517995087705113,0.644648,0.6472146733761553,0.6602560000000001,20.0,0.25911322159893035,0.027067954028924212,19.01388888888889,49.01388888888889,1.0,0.4753729168023833,242.0,0.5698288221119849,7.0,0.6308045012951427,0.5709861580099047,0.644568,0.00017215949797024787,7.999999999999118e-05
continuous_latent_trait,interleaved_median_item,25.0,22760876.0,2.0,250.0,0.535682703204094,0.5885162374096337,0.5702170179325636,0.650768,0.6515053327253606,0.6481199999999999,0.6470497150319424,0.663464,20.0,0.25911322159893035,0.02761310759422182,19.01388888888889,49.01388888888889,2.0,0.49105421642270625,239.0,0.5683668080988402,9.0,0.6369421016302972,0.5700488120184684,0.64812,0.00016820591409518748,-8.881784197001253e-17
continuous_latent_trait,interleaved_median_item,26.0,22860879.0,2.0,250.0,0.5399419201590294,0.5919869026920728,0.5734583859000919,0.649456,0.6522898444903553,0.6528720000000001,0.6477805947667076,0.663632,20.0,0.25911322159893035,0.02725931092580942,19.01388888888889,49.01388888888889,0.0,,243.0,0.5717374205445134,7.0,0.6332004689580317,0.5732898301413176,0.65288,0.00016855575877434693,-7.999999999985797e-06
continuous_latent_trait,interleaved_median_item,27.0,22960882.0,2.0,250.0,0.534416751190072,0.5873706655714018,0.5684808030636485,0.6525679999999999,0.6511236538830426,0.6504639999999999,0.6465278378040644,0.661528,20.0,0.25911322159893035,0.027279958616382893,19.01388888888889,49.01388888888889,1.0,0.4930412667238948,244.0,0.5675617066078023,5.0,0.6284206173768973,0.5683072911776397,0.6504,0.00017351188600880362,6.399999999993078e-05
continuous_latent_trait,interleaved_median_item,28.0,23060885.0,2.0,250.0,0.539070999030457,0.591229507005081,0.572267596918207,0.654624,0.6521152802354834,0.6449040000000001,0.6475002298195693,0.661296,20.0,0.25911322159893035,0.026912015347630706,19.01388888888889,49.01388888888889,1.0,0.49021501249351135,241.0,0.5703345736313182,8.0,0.6407564964888188,0.5720941190082718,0.6448160000000001,0.00017347790993536006,8.800000000006581e-05
continuous_latent_trait,interleaved_median_item,29.0,23160888.0,2.0,250.0,0.53707212538824,0.5895909851144262,0.5701388383286168,0.6525599999999999,0.651637678084735,0.6434240000000001,0.6469062930064775,0.6605920000000001,20.0,0.25911322159893035,0.027056695636356414,19.01388888888889,49.01388888888889,1.0,0.4871288116914503,247.0,0.570008275914879,2.0,0.6277683097438096,0.569961062053918,0.643336,0.0001777762746987044,8.80000000000214e-05
continuous_latent_trait,latent_state_greedy,0.0,20260801.0,2.0,250.0,0.5391295990089736,0.6167020450920132,0.5970478760555453,0.65924,0.658434218969672,0.6573199999999999,0.65364679658374,0.68028,8.9,0.3386558473469065,0.020515151718957406,19.01388888888889,49.01388888888889,1.0,0.50057206962787,239.0,0.5949278037906904,10.0,0.6573651838283456,0.5725271093649602,0.650848,0.024520766690585116,0.006471999999999922
continuous_latent_trait,latent_state_greedy,1.0,20360804.0,2.0,250.0,0.537675563102065,0.6158976314546563,0.5965337843143406,0.6609599999999999,0.6582678490233607,0.65532,0.6535497217001944,0.67456,8.9,0.33542755399708984,0.019888204767761805,19.01388888888889,49.01388888888889,1.0,0.519219412406539,243.0,0.5953927348495555,6.0,0.6556320162894437,0.5716780130867521,0.65048,0.024855771227588464,0.004840000000000089
continuous_latent_trait,latent_state_greedy,2.0,20460807.0,2.0,250.0,0.53726376568054,0.6155334862187014,0.5960653292072077,0.661,0.6581417843133955,0.6510799999999999,0.6533990531557574,0.6798,8.9,0.3352473216974699,0.020854355062409267,19.01388888888889,49.01388888888889,2.0,0.5183849552036575,240.0,0.5948584427963931,8.0,0.6516920150325336,0.571410150496358,0.646072,0.024655178710849678,0.005007999999999901
continuous_latent_trait,latent_state_greedy,3.0,20560810.0,2.0,250.0,0.5352172759493571,0.6124498072437942,0.5919606673061254,0.65676,0.6574363566898068,0.64784,0.6524443222651743,0.6739200000000001,8.928,0.3350646197179045,0.02020927918446772,19.01388888888889,49.01388888888889,1.0,0.5045477248880802,243.0,0.5909120084095749,6.0,0.6490001763527588,0.5675352697023728,0.642008,0.02442539760375262,0.005831999999999971
continuous_latent_trait,latent_state_greedy,4.0,20660813.0,2.0,250.0,0.5360199145820441,0.6138782678359718,0.5944799130727937,0.6622,0.657789448566914,0.6518399999999999,0.6530624722297294,0.67972,8.892,0.33561611775147676,0.02065264857853723,19.01388888888889,49.01388888888889,0.0,,244.0,0.5930981786253278,6.0,0.650670447269739,0.5699313654395771,0.646224,0.024548547633216566,0.005615999999999843
continuous_latent_trait,latent_state_greedy,5.0,20760816.0,2.0,250.0,0.5369275334049628,0.614507987609553,0.5954056578021375,0.6564000000000001,0.657947133629803,0.65644,0.653292336722355,0.67268,9.048,0.33363533782321303,0.019735093671498425,19.01388888888889,49.01388888888889,2.0,0.5115013946276883,241.0,0.5943516791751722,7.0,0.6556652828660726,0.5711865621149516,0.6509919999999999,0.02421909568718601,0.005448000000000075
continuous_latent_trait,latent_state_greedy,6.0,20860819.0,2.0,250.0,0.5358591867535897,0.6136558539729183,0.5938696744997062,0.65588,0.6577620211694123,0.65124,0.6529395773511604,0.67744,8.92,0.3342396270155671,0.020372408519009427,19.01388888888889,49.01388888888889,2.0,0.5240995329529556,246.0,0.5941357257711277,2.0,0.6309155096616184,0.5692959637702705,0.645936,0.02457371072943564,0.005304000000000086
continuous_latent_trait,latent_state_greedy,7.0,20960822.0,2.0,250.0,0.5355416755288653,0.6130732949843016,0.5934499081272329,0.66216,0.6575557370451804,0.65052,0.6527753821764154,0.6758399999999999,9.04,0.3371967425583774,0.020001730103130545,19.01388888888889,49.01388888888889,1.0,0.5091361164987299,244.0,0.5926192878788419,5.0,0.6508469345744192,0.5692967800473411,0.6445759999999999,0.024153128079891784,0.00594400000000006
continuous_latent_trait,latent_state_greedy,8.0,21060825.0,2.0,250.0,0.5374438094576808,0.6150778974809216,0.5951790021538755,0.6574399999999999,0.6580963964131245,0.6508799999999999,0.6532467990764034,0.67988,8.948,0.3339731525573166,0.020562975802183855,19.01388888888889,49.01388888888889,3.0,0.5243937183558639,242.0,0.5948629574934247,5.0,0.6529467339985064,0.5708782867680838,0.6458320000000001,0.02430071538579166,0.005047999999999897
continuous_latent_trait,latent_state_greedy,9.0,21160828.0,2.0,250.0,0.5363234083233035,0.6128364894475407,0.5922883473406073,0.65964,0.6575232838101097,0.653,0.6525162292846471,0.67852,9.012,0.33402757324849097,0.020784690693273898,19.01388888888889,49.01388888888889,0.0,,246.0,0.591239069572095,4.0,0.6568189301041019,0.5681942584050874,0.647488,0.024094088935519852,0.00551200000000005
continuous_latent_trait,latent_state_greedy,10.0,21260831.0,2.0,250.0,0.5411658393445471,0.6175628277621822,0.5969103933687788,0.65892,0.6586578558478782,0.6518399999999999,0.653626875494684,0.68456,8.876,0.33467536018300553,0.02038863697800659,19.01388888888889,49.01388888888889,0.0,,240.0,0.5944911914325576,10.0,0.6549712398380884,0.5724952676931386,0.644144,0.02441512567564017,0.007695999999999858
continuous_latent_trait,latent_state_greedy,11.0,21360834.0,2.0,250.0,0.5367661212407309,0.6138395194253523,0.5933009564252764,0.6587999999999999,0.6577295571322234,0.65416,0.6527263900102496,0.67824,8.9,0.33702557115665954,0.02043853830673316,19.01388888888889,49.01388888888889,2.0,0.5112180689093292,239.0,0.5918687568514088,9.0,0.6495744534459721,0.5688833800237961,0.649152,0.024417576401480234,0.00500799999999999
continuous_latent_trait,latent_state_greedy,12.0,21460837.0,2.0,250.0,0.5345023618903324,0.6119265519017574,0.5926487172690266,0.65636,0.6572802798719475,0.6515599999999999,0.6525841637972682,0.6737600000000001,8.936,0.33772026567781016,0.020179308757547827,19.01388888888889,49.01388888888889,1.0,0.5403503983112183,244.0,0.591772899243906,5.0,0.6458483006864741,0.5685389179323527,0.64544,0.0241097993366739,0.006119999999999926
continuous_latent_trait,latent_state_greedy,13.0,21560840.0,2.0,250.0,0.5363771524524734,0.6130472845372233,0.5921092428798729,0.65668,0.6575258257268974,0.65428,0.652425278186646,0.677,9.024,0.33806374703674086,0.01989782910887835,19.01388888888889,49.01388888888889,1.0,0.5228970975233381,246.0,0.5916938819152915,3.0,0.6492395570943792,0.5679180576717073,0.649536,0.02419118520816561,0.004744000000000015
continuous_latent_trait,latent_state_greedy,14.0,21660843.0,2.0,250.0,0.5382092359239102,0.614891208895446,0.5955179431428699,0.66104,0.6580799544017273,0.65536,0.6533574980934267,0.67672,8.944,0.3307737153077301,0.019940909988280218,19.01388888888889,49.01388888888889,0.0,,241.0,0.5932090787045633,9.0,0.6573442019908554,0.5714155045021562,0.64984,0.024102438640713708,0.005520000000000036
continuous_latent_trait,latent_state_greedy,15.0,21760846.0,2.0,250.0,0.5367780817422465,0.6146582525539687,0.5951187165594872,0.6582,0.6579440433192634,0.6522,0.6531837040999238,0.6804000000000001,8.82,0.33732531805695837,0.020244645853136754,19.01388888888889,49.01388888888889,1.0,0.5420377926188618,237.0,0.5926971983006598,12.0,0.6473671124997159,0.5705583481636048,0.647632,0.02456036839588238,0.0045680000000000165
continuous_latent_trait,latent_state_greedy,16.0,21860849.0,2.0,250.0,0.5392714279107891,0.6170818102423984,0.597356165825725,0.65396,0.658477862484072,0.6559599999999999,0.6536733626744956,0.67888,8.796,0.33444995554709045,0.02002755652703236,19.01388888888889,49.01388888888889,1.0,0.5110080563474044,244.0,0.5967480082822421,5.0,0.6443038758433577,0.5725621017508361,0.649048,0.024794064074888954,0.006911999999999874
continuous_latent_trait,latent_state_greedy,17.0,21960852.0,2.0,250.0,0.536652435612023,0.6141739248150461,0.5943160136171575,0.65444,0.6578443812250737,0.65448,0.6530062400102709,0.6813599999999999,8.988,0.33307895152074946,0.020945498263966116,19.01388888888889,49.01388888888889,2.0,0.5272241478084754,240.0,0.5926645186975118,8.0,0.6606338276587003,0.5698260928827562,0.64788,0.024489920734401326,0.006599999999999962
continuous_latent_trait,latent_state_greedy,18.0,22060855.0,2.0,250.0,0.539841547155114,0.6169547781428184,0.5975416420544711,0.6566799999999999,0.6584831491354873,0.65676,0.6537539640452682,0.674,8.972,0.33444334366548717,0.02045102460943063,19.01388888888889,49.01388888888889,0.0,,237.0,0.5940621176384919,13.0,0.6609760487150147,0.5732256047606369,0.649888,0.024316037293834247,0.006872000000000012
continuous_latent_trait,latent_state_greedy,19.0,22160858.0,2.0,250.0,0.5394394987736052,0.6163449696013665,0.5971903989696755,0.6575599999999999,0.6583702365381088,0.6535599999999999,0.6537035752154832,0.6774399999999999,8.94,0.3324084701812556,0.0201761507759798,19.01388888888889,49.01388888888889,1.0,0.5219166616427211,240.0,0.5956565514918443,9.0,0.6464567469703888,0.5730250850689895,0.647208,0.02416531390068597,0.006351999999999913
continuous_latent_trait,latent_state_greedy,20.0,22260861.0,2.0,250.0,0.5352125666704399,0.613330048072592,0.5940950456781117,0.6528399999999999,0.6576257820585082,0.6513599999999999,0.6529400159006,0.6784000000000001,8.984,0.3353641789193294,0.02058986314908961,19.01388888888889,49.01388888888889,0.0,,245.0,0.5928454840197624,5.0,0.6553235669372183,0.569757924151539,0.647024,0.024337121526572636,0.004335999999999918
continuous_latent_trait,latent_state_greedy,21.0,22360864.0,2.0,250.0,0.5336397384658018,0.6112427708611357,0.5916174754101248,0.6554,0.6571082858680001,0.65176,0.6523268838175297,0.6774,8.892,0.3322265152980982,0.0208009230682689,19.01388888888889,49.01388888888889,1.0,0.4820650908323409,247.0,0.591571719115246,2.0,0.6520445701165496,0.5673829749279855,0.645688,0.02423450048213933,0.006072000000000055
continuous_latent_trait,latent_state_greedy,22.0,22460867.0,2.0,250.0,0.5385436317174782,0.6158426288949261,0.5956979984870943,0.658,0.6582093840689964,0.65224,0.6533026208441696,0.67164,8.948,0.33508442743460787,0.019823400224603632,19.01388888888889,49.01388888888889,2.0,0.48672777894816643,238.0,0.5941437570964465,10.0,0.654482987492299,0.5712332710871155,0.6459440000000001,0.02446472739997867,0.0062960000000000125
continuous_latent_trait,latent_state_greedy,23.0,22560870.0,2.0,250.0,0.5365031502022644,0.6146284892499334,0.5940847469284984,0.6587199999999999,0.6579694425258077,0.65328,0.6529636661496521,0.68244,8.892,0.3394268120469609,0.02096992320764398,19.01388888888889,49.01388888888889,1.0,0.5253902283803534,247.0,0.5939141389234083,2.0,0.6495020948312094,0.569316793457096,0.647528,0.02476795347140246,0.005751999999999957
continuous_latent_trait,latent_state_greedy,24.0,22660873.0,2.0,250.0,0.5373496879344476,0.6152611362287346,0.5956340039443887,0.65704,0.6581064956676282,0.6499199999999999,0.6533250175141577,0.67552,8.828,0.33678123254210984,0.02005967745282471,19.01388888888889,49.01388888888889,1.0,0.49595727537464807,242.0,0.5943526524734116,7.0,0.6541716874509893,0.5709861580099047,0.644568,0.024647845934484013,0.005351999999999935
continuous_latent_trait,latent_state_greedy,25.0,22760876.0,2.0,250.0,0.535682703204094,0.6134089390362953,0.5943479242358451,0.65824,0.6576782127494275,0.6546000000000001,0.6530330365192591,0.67576,8.932,0.33380612921901937,0.020367284408684436,19.01388888888889,49.01388888888889,2.0,0.5214305420997114,239.0,0.5924740356462488,9.0,0.6603139394787145,0.5700488120184684,0.64812,0.024299112217376795,0.006480000000000064
continuous_latent_trait,latent_state_greedy,26.0,22860879.0,2.0,250.0,0.5399419201590294,0.6167056451722724,0.5974141420320839,0.6574800000000001,0.6584358910970542,0.65972,0.653736461587866,0.682,9.028,0.33240918717359125,0.020541817447026274,19.01388888888889,49.01388888888889,0.0,,243.0,0.5957491143747422,7.0,0.6552143878512288,0.5732898301413176,0.65288,0.024124311890766314,0.006839999999999935
continuous_latent_trait,latent_state_greedy,27.0,22960882.0,2.0,250.0,0.534416751190072,0.6126459821224151,0.5929587243382105,0.6598,0.6574239518142387,0.6568399999999999,0.6526283118267548,0.6804,8.948,0.3362196958797405,0.020679894227745257,19.01388888888889,49.01388888888889,1.0,0.5165270508791499,244.0,0.5920955790913277,5.0,0.6503665470779032,0.5683072911776397,0.6504,0.024651433160570835,0.006439999999999868
continuous_latent_trait,latent_state_greedy,28.0,23060885.0,2.0,250.0,0.539070999030457,0.6162166182848204,0.596465508580598,0.66104,0.6583293214213386,0.6507999999999999,0.6535170764678334,0.67252,8.916,0.3361405221431362,0.01974733017381944,19.01388888888889,49.01388888888889,1.0,0.5183854908004075,241.0,0.5947198496457713,8.0,0.6588134862147803,0.5720941190082718,0.6448160000000001,0.024371389572326298,0.005983999999999901
continuous_latent_trait,latent_state_greedy,29.0,23160888.0,2.0,250.0,0.53707212538824,0.6149850370396405,0.5947156699922348,0.65928,0.6579808356122262,0.64964,0.6530446891978123,0.67732,8.916,0.33653262742742346,0.02069570233653143,19.01388888888889,49.01388888888889,1.0,0.5115332586445767,247.0,0.5945936929866503,2.0,0.6513710358557555,0.569961062053918,0.643336,0.02475460793831674,0.006303999999999954
continuous_latent_trait,least_mastery_target_item,0.0,20260801.0,2.0,250.0,0.5391295990089736,0.5822104074335372,0.5634262371346688,0.6501599999999998,0.6493311374688623,0.6481999999999999,0.6447828693847588,0.73308,10.2,0.7360497177279702,0.0010939544447903303,19.01388888888889,49.01388888888889,1.0,0.457719396507537,239.0,0.5610779319029859,10.0,0.6301214162346002,0.5725271093649602,0.650848,-0.009100872230291435,-0.0026480000000000947
continuous_latent_trait,least_mastery_target_item,1.0,20360804.0,2.0,250.0,0.537675563102065,0.5809686227097365,0.562467314798164,0.65232,0.6491040818014694,0.64744,0.6446210787194586,0.73576,10.252,0.7361056703279508,0.00101627826193219,19.01388888888889,49.01388888888889,1.0,0.4643861334390903,243.0,0.5613315066102523,6.0,0.6248144099684347,0.5716780130867521,0.65048,-0.00921069828858807,-0.0030399999999999095
continuous_latent_trait,least_mastery_target_item,2.0,20460807.0,2.0,250.0,0.53726376568054,0.5808087658039981,0.5621985111476873,0.6522,0.6490199249577788,0.6424399999999999,0.6445112777435243,0.7332799999999999,10.38,0.7325019618675417,0.0009981431847535932,19.01388888888889,49.01388888888889,2.0,0.46446042713801433,240.0,0.5608079476002346,8.0,0.628349938573685,0.571410150496358,0.646072,-0.00921163934867073,-0.0036320000000000796
continuous_latent_trait,least_mastery_target_item,3.0,20560810.0,2.0,250.0,0.5352172759493571,0.5779902092743783,0.5584069948928497,0.64664,0.6483419448304992,0.6382000000000001,0.6435987702102877,0.7328,10.128,0.7351183771100716,0.0007396713849120137,19.01388888888889,49.01388888888889,1.0,0.4735412291165974,243.0,0.5571135463398856,6.0,0.6249359555839414,0.5675352697023728,0.642008,-0.009128274809523051,-0.0038079999999999004
continuous_latent_trait,least_mastery_target_item,4.0,20660813.0,2.0,250.0,0.5360199145820441,0.579375224033153,0.5608251771070896,0.65228,0.648669924910886,0.64404,0.6441769727243438,0.73072,10.088,0.7405170559500538,0.0007077081360572343,19.01388888888889,49.01388888888889,0.0,,244.0,0.5592890150180391,6.0,0.6232957687284718,0.5699313654395771,0.646224,-0.009106188332487553,-0.0021840000000000748
continuous_latent_trait,least_mastery_target_item,5.0,20760816.0,2.0,250.0,0.5369275334049628,0.5796469564861898,0.5613990680905441,0.6479600000000001,0.6487913034507137,0.64736,0.6443701027651114,0.73196,10.04,0.7373948807040589,0.000794010875427887,19.01388888888889,49.01388888888889,2.0,0.4655565405721685,241.0,0.5601689439191899,7.0,0.6311340652809893,0.5711865621149516,0.6509919999999999,-0.009787494024407418,-0.003631999999999902
continuous_latent_trait,least_mastery_target_item,6.0,20860819.0,2.0,250.0,0.5358591867535897,0.5793428445523419,0.5604288773516382,0.64844,0.6487233182086907,0.64236,0.6441394487219649,0.73352,10.196,0.7403423081832274,0.000875676381264127,19.01388888888889,49.01388888888889,2.0,0.48110171181740646,246.0,0.5607277939237519,2.0,0.6029893045158714,0.5692959637702705,0.645936,-0.008867086418632385,-0.0035759999999999126
continuous_latent_trait,least_mastery_target_item,7.0,20960822.0,2.0,250.0,0.5355416755288653,0.5787302183323552,0.5599585334380015,0.65436,0.6485289606850126,0.64292,0.6439819711893918,0.7358399999999999,10.264,0.7319772909862324,0.0007253048491182017,19.01388888888889,49.01388888888889,1.0,0.47361014547897795,244.0,0.5589587701313783,5.0,0.6260166603930218,0.5692967800473411,0.6445759999999999,-0.009338246609339573,-0.0016559999999998798
continuous_latent_trait,least_mastery_target_item,8.0,21060825.0,2.0,250.0,0.5374438094576808,0.5800866075017878,0.5610901136837187,0.64804,0.6489207054644514,0.6427200000000001,0.6443168007290806,0.7358799999999999,10.472,0.7333375981131071,0.0012931135228698488,19.01388888888889,49.01388888888889,3.0,0.4935003177968806,242.0,0.560630025246882,5.0,0.6239122715587222,0.5708782867680838,0.6458320000000001,-0.009788173084365127,-0.003111999999999937
continuous_latent_trait,least_mastery_target_item,9.0,21160828.0,2.0,250.0,0.5363234083233035,0.5788771804075717,0.5592126274508282,0.649,0.6485985663625087,0.6439600000000001,0.6438336185619573,0.73484,10.272,0.7400097158742376,0.0010025962993303,19.01388888888889,49.01388888888889,0.0,,246.0,0.5579671055222638,4.0,0.6358122260575312,0.5681942584050874,0.647488,-0.008981630954259235,-0.0035279999999998867
continuous_latent_trait,least_mastery_target_item,10.0,21260831.0,2.0,250.0,0.5411658393445471,0.5835203918658167,0.5637769102810984,0.64984,0.6497538612177866,0.642,0.6449686871963742,0.7348399999999999,10.396,0.7383804245016603,0.001055922358715097,19.01388888888889,49.01388888888889,0.0,,240.0,0.5612356707175964,10.0,0.6247666598051517,0.5724952676931386,0.644144,-0.008718357412040212,-0.0021439999999999905
continuous_latent_trait,least_mastery_target_item,11.0,21360834.0,2.0,250.0,0.5367661212407309,0.5786359380956295,0.5590270942360956,0.64928,0.6484542932771803,0.6452400000000001,0.6437044813909452,0.73448,10.112,0.7434875268713987,0.0009543426034416376,19.01388888888889,49.01388888888889,2.0,0.4658680621926445,239.0,0.5572891297531591,9.0,0.6258817137370661,0.5688833800237961,0.649152,-0.00985628578770048,-0.003911999999999827
continuous_latent_trait,least_mastery_target_item,12.0,21460837.0,2.0,250.0,0.5345023618903324,0.5785257271619411,0.5600573498500402,0.6487999999999999,0.6484951303984067,0.64248,0.6440208287834424,0.73796,10.428,0.7287213855613499,0.0011572287935793554,19.01388888888889,49.01388888888889,1.0,0.5112270170710038,244.0,0.5591071717686322,5.0,0.6161921067785551,0.5685389179323527,0.64544,-0.008481568082312485,-0.0029599999999999405
continuous_latent_trait,least_mastery_target_item,13.0,21560840.0,2.0,250.0,0.5363771524524734,0.5783200765198696,0.5583251908021819,0.6477599999999999,0.6483551427260289,0.64568,0.6435126739893051,0.7331599999999999,10.092,0.7341905945582741,0.0005528591092742687,19.01388888888889,49.01388888888889,1.0,0.48765536385318936,246.0,0.557865688070853,3.0,0.6195610237541379,0.5679180576717073,0.649536,-0.009592866869525363,-0.0038559999999999263
continuous_latent_trait,least_mastery_target_item,14.0,21660843.0,2.0,250.0,0.5382092359239102,0.5804205335553223,0.561902435669545,0.65216,0.6490492138117584,0.64652,0.6445599957927293,0.73272,9.952,0.742296940432642,0.0006998631661032411,19.01388888888889,49.01388888888889,0.0,,241.0,0.5594810234333535,9.0,0.6267424744386737,0.5714155045021562,0.64984,-0.00951306883261116,-0.003320000000000034
continuous_latent_trait,least_mastery_target_item,15.0,21760846.0,2.0,250.0,0.5367780817422465,0.5796774466512203,0.5610065166055963,0.6495599999999999,0.6487572107419739,0.64424,0.644234052345298,0.73936,10.416,0.7328804317954724,0.0011411503798383872,19.01388888888889,49.01388888888889,1.0,0.49134153206767694,237.0,0.5584141224816693,12.0,0.6180117159313127,0.5705583481636048,0.647632,-0.009551831558008539,-0.0033919999999999506
continuous_latent_trait,least_mastery_target_item,16.0,21860849.0,2.0,250.0,0.5392714279107891,0.5813976902018546,0.5625763148893848,0.64544,0.6491451409532877,0.6454,0.6445857971374397,0.73612,10.248,0.7419731875612632,0.0010295166164848513,19.01388888888889,49.01388888888889,1.0,0.4655210181038202,244.0,0.5619678549298782,5.0,0.6116802202704139,0.5725621017508361,0.649048,-0.009985786861451329,-0.003648000000000029
continuous_latent_trait,least_mastery_target_item,17.0,21960852.0,2.0,250.0,0.536652435612023,0.579795154026411,0.5608017849430496,0.6472,0.6487773215256394,0.64512,0.6441760540508403,0.73224,10.324,0.7330811955041212,0.0009185217661682548,19.01388888888889,49.01388888888889,2.0,0.4810339856969107,240.0,0.5590445088391954,8.0,0.6334620178702042,0.5698260928827562,0.64788,-0.009024307939706589,-0.0027599999999999626
continuous_latent_trait,least_mastery_target_item,18.0,22060855.0,2.0,250.0,0.539841547155114,0.5826841646990859,0.5641218697589289,0.64728,0.6494660386173648,0.64752,0.6449701451619021,0.7346800000000001,10.356,0.736626262827142,0.0010315581934585093,19.01388888888889,49.01388888888889,0.0,,237.0,0.5603620423840037,13.0,0.6326664149787194,0.5732256047606369,0.649888,-0.009103735001708024,-0.0023680000000000146
continuous_latent_trait,least_mastery_target_item,19.0,22160858.0,2.0,250.0,0.5394394987736052,0.5824513322071918,0.5641219766519278,0.6487999999999999,0.6494643313745844,0.644,0.6450234148741291,0.73352,10.196,0.7387625259150578,0.0010263197449085434,19.01388888888889,49.01388888888889,1.0,0.4870939971895494,240.0,0.56235312650291,9.0,0.6198499783437712,0.5730250850689895,0.647208,-0.00890310841706179,-0.0032079999999999886
continuous_latent_trait,least_mastery_target_item,20.0,22260861.0,2.0,250.0,0.5352125666704399,0.5790691106533346,0.5606798430007045,0.64316,0.6486036822600337,0.64388,0.6441496222566316,0.7322,10.256,0.734327462289844,0.0010059058728111936,19.01388888888889,49.01388888888889,0.0,,245.0,0.559211604283485,5.0,0.6326235401444633,0.569757924151539,0.647024,-0.009078081150834527,-0.0031440000000000135
continuous_latent_trait,least_mastery_target_item,21.0,22360864.0,2.0,250.0,0.5336397384658018,0.5762743914700138,0.5575265890417422,0.64776,0.6479210150452693,0.64256,0.6433788164167902,0.7348800000000001,10.288,0.7418405847513649,0.0007465240768359182,19.01388888888889,49.01388888888889,1.0,0.42292737317211726,247.0,0.5574759906246529,2.0,0.6310751014870677,0.5673829749279855,0.645688,-0.009856385886243203,-0.0031279999999999307
continuous_latent_trait,least_mastery_target_item,22.0,22460867.0,2.0,250.0,0.5385436317174782,0.5820422162841792,0.5627666090127316,0.6487999999999999,0.6492806499267904,0.6429600000000001,0.6446128818165542,0.73508,10.636,0.7254518057771372,0.0014021400139095461,19.01388888888889,49.01388888888889,2.0,0.4595800189149224,238.0,0.5607204152308222,10.0,0.6321033390417383,0.5712332710871155,0.6459440000000001,-0.008466662074384023,-0.0029839999999999424
continuous_latent_trait,least_mastery_target_item,23.0,22560870.0,2.0,250.0,0.5365031502022644,0.5789453645872429,0.5593459075777434,0.65116,0.6486068406949805,0.64476,0.6438583646128975,0.7335999999999999,10.312,0.7388871732932188,0.0010087013992518986,19.01388888888889,49.01388888888889,1.0,0.4991370837359382,247.0,0.5590973569729831,2.0,0.6201463191865424,0.569316793457096,0.647528,-0.009970885879352598,-0.002768000000000015
continuous_latent_trait,least_mastery_target_item,24.0,22660873.0,2.0,250.0,0.5373496879344476,0.5799496197191171,0.5612118689449378,0.64776,0.64880811339917,0.6426799999999999,0.6442697247329554,0.73416,10.22,0.7377655853918245,0.0006333474000482617,19.01388888888889,49.01388888888889,1.0,0.4670075971088215,242.0,0.5598169033799658,7.0,0.6228955744534109,0.5709861580099047,0.644568,-0.00977428906496689,-0.0018880000000000897
continuous_latent_trait,least_mastery_target_item,25.0,22760876.0,2.0,250.0,0.535682703204094,0.5792638117172071,0.5610278770652078,0.64804,0.6487203383997626,0.64604,0.6443002692601626,0.7325999999999999,10.104,0.7389666568630363,0.0009109017203400573,19.01388888888889,49.01388888888889,2.0,0.47466202821596487,239.0,0.5590880322162951,9.0,0.6317339455750519,0.5700488120184684,0.64812,-0.009020934953260507,-0.0020800000000000597
continuous_latent_trait,least_mastery_target_item,26.0,22860879.0,2.0,250.0,0.5399419201590294,0.5828043586627211,0.5643517227074155,0.64712,0.6495031348562561,0.65112,0.6450331218016042,0.73672,10.46,0.7329964043185377,0.0010326825248091445,19.01388888888889,49.01388888888889,0.0,,243.0,0.5624873342184292,7.0,0.6290726373965125,0.5732898301413176,0.65288,-0.008938107433902043,-0.001760000000000006
continuous_latent_trait,least_mastery_target_item,27.0,22960882.0,2.0,250.0,0.534416751190072,0.5772746632321832,0.558490622504643,0.6496799999999999,0.6481224755414171,0.6481199999999999,0.6435739401285013,0.73312,10.096,0.7419766891993854,0.0008748591173679675,19.01388888888889,49.01388888888889,1.0,0.4704280739212612,244.0,0.5575528403568845,5.0,0.6218669010319335,0.5683072911776397,0.6504,-0.009816668672996687,-0.002280000000000082
continuous_latent_trait,least_mastery_target_item,28.0,23060885.0,2.0,250.0,0.539070999030457,0.5823039442850111,0.5634075939349034,0.6513199999999999,0.6494367755447811,0.64192,0.6448569886210456,0.73476,10.416,0.738226753377488,0.0011898421575664208,19.01388888888889,49.01388888888889,1.0,0.4931335668225376,241.0,0.5613380938872001,8.0,0.6345355362610061,0.5720941190082718,0.6448160000000001,-0.008686525073368334,-0.0028959999999999876
continuous_latent_trait,least_mastery_target_item,29.0,23160888.0,2.0,250.0,0.53707212538824,0.5794176914324025,0.5600650147814187,0.64844,0.648624405622508,0.6411599999999998,0.6439387239597917,0.7292799999999999,9.828,0.7495371288527322,0.0006272834196095297,19.01388888888889,49.01388888888889,1.0,0.46580897660963777,247.0,0.5599120361011648,2.0,0.6260859008786595,0.569961062053918,0.643336,-0.009896047272499375,-0.0021760000000002
continuous_latent_trait,maximum_response_information_gain,0.0,20260801.0,2.0,250.0,0.5391295990089736,0.5936922879257701,0.5747526622032668,0.65376,0.65299877611648,0.6516799999999999,0.6483805294487309,0.54012,17.124,-0.41152551174974084,0.03795006317095886,19.01388888888889,49.01388888888889,1.0,0.4804999170480825,239.0,0.5724685631463777,10.0,0.6387679041784331,0.5725271093649602,0.650848,0.0022255528383066103,0.0008319999999999439
continuous_latent_trait,maximum_response_information_gain,1.0,20360804.0,2.0,250.0,0.537675563102065,0.5921572094819962,0.5735070671637961,0.65644,0.6527143411709773,0.6506799999999999,0.6481632725304473,0.53352,17.04,-0.41194940910096234,0.037190430478160105,19.01388888888889,49.01388888888889,1.0,0.4908527490845058,243.0,0.572405952131624,6.0,0.6318779456466462,0.5716780130867521,0.65048,0.0018290540770439679,0.00020000000000000017
continuous_latent_trait,maximum_response_information_gain,2.0,20460807.0,2.0,250.0,0.53726376568054,0.5918609457180957,0.5731110604103369,0.65684,0.6525635175399428,0.6467999999999999,0.6479899264204106,0.53388,17.236,-0.41227835307710814,0.03835055336432126,19.01388888888889,49.01388888888889,2.0,0.483994748498798,240.0,0.5718447855978367,8.0,0.6333783827632247,0.571410150496358,0.646072,0.0017009099139788874,0.0007279999999999509
continuous_latent_trait,maximum_response_information_gain,3.0,20560810.0,2.0,250.0,0.5352172759493571,0.5895923355914208,0.5698277724256708,0.65152,0.6520400585205296,0.6430799999999999,0.6472188614886962,0.5344000000000001,17.072,-0.4150934168270293,0.037213380476801,19.01388888888889,49.01388888888889,1.0,0.4819684325428871,243.0,0.5687279929173099,6.0,0.6290120658280824,0.5675352697023728,0.642008,0.002292502723298062,0.001071999999999873
continuous_latent_trait,maximum_response_information_gain,4.0,20660813.0,2.0,250.0,0.5360199145820441,0.5903318776581943,0.5716627829278994,0.65636,0.6522058947683255,0.64716,0.6476522180699551,0.5374,17.16,-0.41240632594639204,0.03803911301177088,19.01388888888889,49.01388888888889,0.0,,244.0,0.570218312930013,6.0,0.630404562841945,0.5699313654395771,0.646224,0.0017314174883222844,0.0009359999999999369
continuous_latent_trait,maximum_response_information_gain,5.0,20760816.0,2.0,250.0,0.5369275334049628,0.5913845504261792,0.5729747555610983,0.6513599999999999,0.652509169187764,0.65208,0.6480175021553388,0.5338399999999999,17.032,-0.4124861594939027,0.03749356462769916,19.01388888888889,49.01388888888889,2.0,0.488412289939448,241.0,0.571872376383354,7.0,0.6350888002867723,0.5711865621149516,0.6509919999999999,0.0017881934461468462,0.0010880000000000444
continuous_latent_trait,maximum_response_information_gain,6.0,20860819.0,2.0,250.0,0.5358591867535897,0.5896904031462771,0.5706461936990125,0.6506,0.652087620176104,0.6468400000000001,0.6474412778732731,0.52924,16.988,-0.4163340504266154,0.03666454317437993,19.01388888888889,49.01388888888889,2.0,0.5069010551485953,246.0,0.5708203345384495,2.0,0.6129720089986789,0.5692959637702705,0.645936,0.0013502299287419417,0.0009040000000001269
continuous_latent_trait,maximum_response_information_gain,7.0,20960822.0,2.0,250.0,0.5355416755288653,0.5898466961969457,0.5709378597968962,0.6563199999999999,0.652105151814026,0.64576,0.6474925183205312,0.5343199999999999,17.068,-0.41239059609238315,0.03757663867792206,19.01388888888889,49.01388888888889,1.0,0.48139027728543454,244.0,0.5701344116571344,5.0,0.6280556455195585,0.5692967800473411,0.6445759999999999,0.0016410797495550744,0.0011840000000000739
continuous_latent_trait,maximum_response_information_gain,8.0,21060825.0,2.0,250.0,0.5374438094576808,0.5918228753302134,0.5726460029987106,0.6508800000000001,0.6526391368964488,0.64676,0.6479586676824308,0.53524,16.968,-0.41555187480999967,0.03677600601687441,19.01388888888889,49.01388888888889,3.0,0.5006045774733336,242.0,0.5724528649217883,5.0,0.6252187412369774,0.5708782867680838,0.6458320000000001,0.0017677162306267257,0.0009279999999999955
continuous_latent_trait,maximum_response_information_gain,9.0,21160828.0,2.0,250.0,0.5363234083233035,0.5900938028927321,0.5702702669598785,0.6534800000000001,0.6521723904490112,0.6477999999999999,0.6473362650720874,0.5361600000000001,17.12,-0.41240430353862917,0.03773055091958862,19.01388888888889,49.01388888888889,0.0,,246.0,0.5691905734080995,4.0,0.6366714203942835,0.5681942584050874,0.647488,0.0020760085547910203,0.00031199999999995673
continuous_latent_trait,maximum_response_information_gain,10.0,21260831.0,2.0,250.0,0.5411658393445471,0.5941262841942414,0.5742359708352999,0.65388,0.6531355496596984,0.64548,0.6482845258711244,0.5304,17.064,-0.4140853309519266,0.03715192936208447,19.01388888888889,49.01388888888889,0.0,,240.0,0.5716370030427923,10.0,0.6366111978554807,0.5724952676931386,0.644144,0.0017407031421612152,0.0013360000000000483
continuous_latent_trait,maximum_response_information_gain,11.0,21360834.0,2.0,250.0,0.5367661212407309,0.5904501259511173,0.5706621543785627,0.65388,0.6521919682690037,0.64988,0.6473660503598316,0.53252,17.04,-0.4149190253866732,0.03700269155792337,19.01388888888889,49.01388888888889,2.0,0.4886545704151192,239.0,0.5690841868780626,9.0,0.6307898655503846,0.5688833800237961,0.649152,0.001778774354766588,0.0007280000000000397
continuous_latent_trait,maximum_response_information_gain,12.0,21460837.0,2.0,250.0,0.5345023618903324,0.588604135088762,0.5700376043603846,0.65188,0.6517698482570004,0.6456400000000001,0.6472418298107138,0.5346400000000001,17.04,-0.4139946697574458,0.03747654467172235,19.01388888888889,49.01388888888889,1.0,0.5267285909299912,244.0,0.5690201101344075,5.0,0.6283531252741499,0.5685389179323527,0.64544,0.00149868642803197,0.0002000000000001112
continuous_latent_trait,maximum_response_information_gain,13.0,21560840.0,2.0,250.0,0.5363771524524734,0.5902854302594487,0.5701011204881912,0.6511600000000001,0.6521671362324478,0.6497999999999999,0.6472439429153978,0.5366000000000001,17.068,-0.40946192953671623,0.03739764178940558,19.01388888888889,49.01388888888889,1.0,0.5071654452825646,246.0,0.5696356978615251,3.0,0.6292443342766856,0.5679180576717073,0.649536,0.002183062816483905,0.00026399999999997535
continuous_latent_trait,maximum_response_information_gain,14.0,21660843.0,2.0,250.0,0.5382092359239102,0.5913407395284545,0.5726904888390059,0.6554399999999999,0.6525526247669922,0.651,0.6479999712015599,0.54344,17.084,-0.4116411221898665,0.03775552765471802,19.01388888888889,49.01388888888889,0.0,,241.0,0.5703403527411227,9.0,0.6356219110156508,0.5714155045021562,0.64984,0.0012749843368496938,0.0011600000000000054
continuous_latent_trait,maximum_response_information_gain,15.0,21760846.0,2.0,250.0,0.5367780817422465,0.5914134079341045,0.5725844330524833,0.65408,0.6524444328171528,0.64712,0.6478523970051515,0.53664,17.216,-0.41120361606760414,0.03832279013233442,19.01388888888889,49.01388888888889,1.0,0.5085906577392928,237.0,0.5701613133229962,12.0,0.6257738623192832,0.5705583481636048,0.647632,0.0020260848888784544,-0.0005119999999999569
continuous_latent_trait,maximum_response_information_gain,16.0,21860849.0,2.0,250.0,0.5392714279107891,0.5932970234967346,0.5743085177530588,0.64936,0.6528702298971737,0.6503199999999999,0.6482397580188924,0.5353199999999999,17.088,-0.4135318971575108,0.03770323940605771,19.01388888888889,49.01388888888889,1.0,0.48871116982244045,244.0,0.5737661225053663,5.0,0.6178968754265771,0.5725621017508361,0.649048,0.001746416002222717,0.0012719999999998954
continuous_latent_trait,maximum_response_information_gain,17.0,21960852.0,2.0,250.0,0.536652435612023,0.5907579789575054,0.571629449028846,0.649,0.6522841907240049,0.6487999999999999,0.6476188433250766,0.5340400000000001,17.1,-0.4111291059636521,0.037759614819839846,19.01388888888889,49.01388888888889,2.0,0.505147844325869,240.0,0.5698983375014424,8.0,0.6401831960267029,0.5698260928827562,0.64788,0.0018033561460899072,0.0009199999999999431
continuous_latent_trait,maximum_response_information_gain,18.0,22060855.0,2.0,250.0,0.539841547155114,0.5935538814477337,0.5748599132336746,0.65152,0.652970052426939,0.6502,0.6484107628663612,0.5363199999999999,16.984,-0.41123986084514985,0.0369713040385152,19.01388888888889,49.01388888888889,0.0,,237.0,0.5713469588386707,13.0,0.6389037741272039,0.5732256047606369,0.649888,0.0016343084730376933,0.0003120000000000012
continuous_latent_trait,maximum_response_information_gain,19.0,22160858.0,2.0,250.0,0.5394394987736052,0.5934245642629562,0.5749496706132777,0.6518400000000001,0.6530030362852032,0.6479199999999999,0.6484954278081243,0.5356000000000001,17.084,-0.412490020324716,0.03778301651546197,19.01388888888889,49.01388888888889,1.0,0.48735655681255363,240.0,0.5734044666428889,9.0,0.6258876780237264,0.5730250850689895,0.647208,0.0019245855442881822,0.0007119999999999349
continuous_latent_trait,maximum_response_information_gain,20.0,22260861.0,2.0,250.0,0.5352125666704399,0.5899252682963207,0.571395225218427,0.64668,0.6521302319895872,0.64736,0.6476100508890081,0.5313199999999999,17.088,-0.41614249473445575,0.037300337768312146,19.01388888888889,49.01388888888889,0.0,,245.0,0.5701650884821399,5.0,0.6316719252964922,0.569757924151539,0.647024,0.001637301066887975,0.0003360000000000252
continuous_latent_trait,maximum_response_information_gain,21.0,22360864.0,2.0,250.0,0.5336397384658018,0.5881337458178753,0.5692205096830205,0.6518800000000001,0.651652974966284,0.6466799999999999,0.6470394659700214,0.5367999999999999,17.068,-0.4130781366019846,0.03738033039372874,19.01388888888889,49.01388888888889,1.0,0.44755991244770643,247.0,0.5691832058102404,2.0,0.6346578365890119,0.5673829749279855,0.645688,0.001837534755035075,0.0009919999999999708
continuous_latent_trait,maximum_response_information_gain,22.0,22460867.0,2.0,250.0,0.5385436317174782,0.5921069844692844,0.5726968435226054,0.6533199999999999,0.6526114699407853,0.64644,0.6478779597365995,0.53612,17.012,-0.4135798029559167,0.03714951798567708,19.01388888888889,49.01388888888889,2.0,0.46849270241310254,238.0,0.5709669927672558,10.0,0.6347081197218236,0.5712332710871155,0.6459440000000001,0.001463572435489824,0.0004959999999999854
continuous_latent_trait,maximum_response_information_gain,23.0,22560870.0,2.0,250.0,0.5365031502022644,0.5907307180492832,0.5709561380884521,0.65384,0.6523268154589562,0.6486000000000001,0.6475026528143021,0.53252,17.072,-0.41233966528987126,0.03759279033277954,19.01388888888889,49.01388888888889,1.0,0.5055988762718676,247.0,0.5707815325072566,2.0,0.6251985582743886,0.569316793457096,0.647528,0.0016393446313561545,0.0010720000000000508
continuous_latent_trait,maximum_response_information_gain,24.0,22660873.0,2.0,250.0,0.5373496879344476,0.5914249821568935,0.5725275522868354,0.6516799999999999,0.6524728784831132,0.64608,0.6478638743358149,0.53472,17.116,-0.41266050184245184,0.03776659858552212,19.01388888888889,49.01388888888889,1.0,0.47866572149541026,242.0,0.5712838289615227,7.0,0.6289336773607063,0.5709861580099047,0.644568,0.0015413942769306964,0.00151199999999998
continuous_latent_trait,maximum_response_information_gain,25.0,22760876.0,2.0,250.0,0.535682703204094,0.5901465882941956,0.5717764101423072,0.65216,0.6522179819386121,0.6496,0.6477345038717562,0.53644,17.056,-0.4127181963032104,0.03740908672773939,19.01388888888889,49.01388888888889,2.0,0.49852824414218533,239.0,0.5699989199621909,9.0,0.635256019592089,0.5700488120184684,0.64812,0.001727598123838825,0.001479999999999948
continuous_latent_trait,maximum_response_information_gain,26.0,22860879.0,2.0,250.0,0.5399419201590294,0.5941478760639842,0.5755379239347376,0.65052,0.6531330000284943,0.65476,0.6485934850489923,0.53344,17.096,-0.41447511406300463,0.03761982394781843,19.01388888888889,49.01388888888889,0.0,,243.0,0.5738838172456696,7.0,0.6329590561409555,0.5732898301413176,0.65288,0.002248093793420014,0.0018799999999999707
continuous_latent_trait,maximum_response_information_gain,27.0,22960882.0,2.0,250.0,0.534416751190072,0.5891640895025619,0.5702004489384295,0.6530400000000001,0.651870317896986,0.6518400000000001,0.6472458787517139,0.5323199999999999,17.164,-0.41337001937083234,0.037831575376740235,19.01388888888889,49.01388888888889,1.0,0.49934128364553143,244.0,0.5693410458588225,5.0,0.626311152281824,0.5683072911776397,0.6504,0.0018931577607897987,0.0014400000000000857
continuous_latent_trait,maximum_response_information_gain,28.0,23060885.0,2.0,250.0,0.539070999030457,0.5930686170752617,0.5740281657738883,0.6556799999999999,0.6528578806608291,0.64508,0.6482134459322499,0.5338,17.152,-0.4123250627323617,0.037852077253139334,19.01388888888889,49.01388888888889,1.0,0.4937104038682901,241.0,0.5722747191123694,8.0,0.6368904666903445,0.5720941190082718,0.6448160000000001,0.0019340467656165706,0.0002639999999999532
continuous_latent_trait,maximum_response_information_gain,29.0,23160888.0,2.0,250.0,0.53707212538824,0.5915510522551304,0.5720151176586817,0.65224,0.6524185150620062,0.64448,0.6476559935885352,0.5339200000000001,16.968,-0.4149854484692262,0.037123742644896825,19.01388888888889,49.01388888888889,1.0,0.48241707947757606,247.0,0.5718886348733957,2.0,0.6324347607320626,0.569961062053918,0.643336,0.0020540556047636827,0.0011440000000000118
continuous_latent_trait,maximum_skill_uncertainty,0.0,20260801.0,2.0,250.0,0.5391295990089736,0.5913935123082013,0.5725241450357699,0.6528800000000001,0.6520689525727142,0.65088,0.6474798618115841,0.66572,19.716,0.2561707402409595,0.03294037883589937,19.01388888888889,49.01388888888889,1.0,0.48082963872101186,239.0,0.5702872983332348,10.0,0.6351542318578345,0.5725271093649602,0.650848,-2.964329190335846e-06,3.2000000000032e-05
continuous_latent_trait,maximum_skill_uncertainty,1.0,20360804.0,2.0,250.0,0.537675563102065,0.5900024802842486,0.5714156971068367,0.6554800000000001,0.6517717523350008,0.65004,0.6472491241041053,0.6678,19.712,0.256859694968922,0.032717155154258944,19.01388888888889,49.01388888888889,1.0,0.4904455380942127,243.0,0.5701870584211993,6.0,0.6346705903772573,0.5716780130867521,0.65048,-0.00026231597991539514,-0.0004399999999999737
continuous_latent_trait,maximum_skill_uncertainty,2.0,20460807.0,2.0,250.0,0.53726376568054,0.5897946435218104,0.5711066706360225,0.65544,0.6516800700569377,0.64604,0.6471338006179785,0.6664,19.7,0.25782666283691263,0.03292196558506331,19.01388888888889,49.01388888888889,2.0,0.4832379575194062,240.0,0.5699176240552238,8.0,0.6287452463391388,0.571410150496358,0.646072,-0.0003034798603354982,-3.2000000000032e-05
continuous_latent_trait,maximum_skill_uncertainty,3.0,20560810.0,2.0,250.0,0.5352172759493571,0.5865514020561622,0.5669099421524854,0.6497200000000001,0.6509096813411542,0.6417200000000001,0.6461316754063965,0.6668,19.78,0.25863196425087975,0.03346771477109834,19.01388888888889,49.01388888888889,1.0,0.4855547822192759,243.0,0.5656924621300023,6.0,0.629777076385245,0.5675352697023728,0.642008,-0.0006253275498874222,-0.00028799999999993273
continuous_latent_trait,maximum_skill_uncertainty,4.0,20660813.0,2.0,250.0,0.5360199145820441,0.5879143229608559,0.5693200285436969,0.65552,0.6512184105853722,0.6457200000000001,0.64669558136343,0.66176,19.676,0.25948589942712597,0.032320932056091295,19.01388888888889,49.01388888888889,0.0,,244.0,0.5678486281058313,6.0,0.6291569796835687,0.5699313654395771,0.646224,-0.0006113368958802212,-0.0005039999999999489
continuous_latent_trait,maximum_skill_uncertainty,5.0,20760816.0,2.0,250.0,0.5369275334049628,0.5882213827654513,0.5699101552648267,0.6504800000000001,0.6513479383821064,0.6497999999999999,0.6468925778016849,0.66884,19.748,0.2531147462635483,0.033455679655600874,19.01388888888889,49.01388888888889,2.0,0.4865207676117788,241.0,0.5688052289279183,7.0,0.631776729907825,0.5711865621149516,0.6509919999999999,-0.0012764068501248005,-0.0011920000000000153
continuous_latent_trait,maximum_skill_uncertainty,6.0,20860819.0,2.0,250.0,0.5358591867535897,0.5882376811204323,0.5692448166373452,0.65,0.6513369750497883,0.64504,0.6467158023645807,0.6624399999999999,19.7,0.25588875919640763,0.03264660618682496,19.01388888888889,49.01388888888889,2.0,0.5013259162614991,246.0,0.5694391793236325,2.0,0.6132571065998327,0.5692959637702705,0.645936,-5.1147132925377645e-05,-0.0008960000000000079
continuous_latent_trait,maximum_skill_uncertainty,7.0,20960822.0,2.0,250.0,0.5355416755288653,0.5867666718328022,0.5679622824669628,0.6558800000000001,0.650979513963831,0.6442,0.6464046018010395,0.6615999999999999,19.668,0.25600305431960746,0.03220800054496421,19.01388888888889,49.01388888888889,1.0,0.4880196491898334,244.0,0.5670963646717497,5.0,0.6262075975287921,0.5692967800473411,0.6445759999999999,-0.001334497580378291,-0.00037599999999993194
continuous_latent_trait,maximum_skill_uncertainty,8.0,21060825.0,2.0,250.0,0.5374438094576808,0.5896719583967324,0.5705670503940807,0.64968,0.6517210332573102,0.64612,0.6470710982610729,0.6668799999999999,19.724,0.25830574216137064,0.033335981430971516,19.01388888888889,49.01388888888889,3.0,0.4954062195855977,242.0,0.570365336949783,5.0,0.6254264795831874,0.5708782867680838,0.6458320000000001,-0.0003112363740031432,0.0002880000000000216
continuous_latent_trait,maximum_skill_uncertainty,9.0,21160828.0,2.0,250.0,0.5363234083233035,0.5874545309551954,0.5677284694148012,0.6535599999999999,0.6511604658938677,0.6466400000000001,0.6463599079885105,0.66488,19.692,0.2561138340077215,0.03310474258660048,19.01388888888889,49.01388888888889,0.0,,246.0,0.5665665546650277,4.0,0.6391862265258605,0.5681942584050874,0.647488,-0.0004657889902863088,-0.0008479999999998711
continuous_latent_trait,maximum_skill_uncertainty,10.0,21260831.0,2.0,250.0,0.5411658393445471,0.5922775956465891,0.5724526023595196,0.65204,0.6523149472354096,0.64444,0.64749204792512,0.66152,19.74,0.2588314994789722,0.03309910210185769,19.01388888888889,49.01388888888889,0.0,,240.0,0.5699590781316696,10.0,0.6322971838279208,0.5724952676931386,0.644144,-4.26653336190963e-05,0.00029600000000000736
continuous_latent_trait,maximum_skill_uncertainty,11.0,21360834.0,2.0,250.0,0.5367661212407309,0.5877333772995562,0.5680466355433268,0.65208,0.651135438423415,0.64828,0.6463477206550134,0.6610799999999999,19.736,0.2581799680281718,0.032966169106376404,19.01388888888889,49.01388888888889,2.0,0.48277825519816153,239.0,0.5665397397110422,9.0,0.6270116204995902,0.5688833800237961,0.649152,-0.0008367444804693314,-0.0008720000000000061
continuous_latent_trait,maximum_skill_uncertainty,12.0,21460837.0,2.0,250.0,0.5345023618903324,0.5863159838427707,0.5678146953516302,0.65108,0.6508464073129618,0.64528,0.6463459973646934,0.66112,19.712,0.2555346687692456,0.032672199007964094,19.01388888888889,49.01388888888889,1.0,0.5167522415872126,244.0,0.5669412770975688,5.0,0.6206499969027153,0.5685389179323527,0.64544,-0.0007242225807224667,-0.0001600000000000268
continuous_latent_trait,maximum_skill_uncertainty,13.0,21560840.0,2.0,250.0,0.5363771524524734,0.5876584898212331,0.5675638799492724,0.65036,0.651124299042915,0.6493599999999999,0.6462366345489543,0.6611199999999999,19.704,0.2568788193560364,0.032337827521105506,19.01388888888889,49.01388888888889,1.0,0.5019862903952264,246.0,0.5671158628615525,3.0,0.6261604776603157,0.5679180576717073,0.649536,-0.00035417772243488964,-0.0001760000000000206
continuous_latent_trait,maximum_skill_uncertainty,14.0,21660843.0,2.0,250.0,0.5382092359239102,0.5893988151020984,0.5708132640578015,0.6546799999999999,0.6517075405433179,0.6492800000000001,0.6471826419682598,0.66344,19.696,0.25544917129820083,0.0329262061575019,19.01388888888889,49.01388888888889,0.0,,241.0,0.5684528990256073,9.0,0.6340185943643382,0.5714155045021562,0.64984,-0.0006022404443546403,-0.0005599999999999384
continuous_latent_trait,maximum_skill_uncertainty,15.0,21760846.0,2.0,250.0,0.5367780817422465,0.5891529010184169,0.5703947486812487,0.6533199999999999,0.6515504109199994,0.6472,0.6469868468457993,0.6599200000000001,19.66,0.25967570157891534,0.03271539438191873,19.01388888888889,49.01388888888889,1.0,0.517026361363391,237.0,0.567923781549644,12.0,0.6236437151402645,0.5705583481636048,0.647632,-0.00016359948235611377,-0.00043199999999998795
continuous_latent_trait,maximum_skill_uncertainty,16.0,21860849.0,2.0,250.0,0.5392714279107891,0.5907352033229781,0.5718361852745861,0.64768,0.6518690769083321,0.64812,0.6472728517130912,0.66536,19.712,0.257961015837386,0.033259317709621164,19.01388888888889,49.01388888888889,1.0,0.4789268832813103,244.0,0.5712616854476834,5.0,0.6184536372260938,0.5725621017508361,0.649048,-0.0007259164762499548,-0.0009279999999999733
continuous_latent_trait,maximum_skill_uncertainty,17.0,21960852.0,2.0,250.0,0.536652435612023,0.5878363945403621,0.5687997284145795,0.6482,0.65120313006111,0.64736,0.6465722663150918,0.6624800000000001,19.652,0.2534506394204975,0.03199925624784797,19.01388888888889,49.01388888888889,2.0,0.49907033952652347,240.0,0.5671342705675009,8.0,0.6361958110489503,0.5698260928827562,0.64788,-0.0010263644681766549,-0.0005199999999999427
continuous_latent_trait,maximum_skill_uncertainty,18.0,22060855.0,2.0,250.0,0.539841547155114,0.5915028210605714,0.5728752311489097,0.6499199999999998,0.6520693683449644,0.6496000000000001,0.6475389249465366,0.6602,19.756,0.2554771581230777,0.03306106816908894,19.01388888888889,49.01388888888889,0.0,,237.0,0.569301698092032,13.0,0.6380234876473748,0.5732256047606369,0.649888,-0.00035037361172718384,-0.00028799999999993273
continuous_latent_trait,maximum_skill_uncertainty,19.0,22160858.0,2.0,250.0,0.5394394987736052,0.5912623731143178,0.572871663545157,0.65052,0.6520792578127098,0.6464,0.6476048234880291,0.666,19.72,0.2576027549198226,0.032849903616832495,19.01388888888889,49.01388888888889,1.0,0.4956410180959535,240.0,0.5712105310303698,9.0,0.6257497134338394,0.5730250850689895,0.647208,-0.00015342152383259755,-0.0008080000000000309
continuous_latent_trait,maximum_skill_uncertainty,20.0,22260861.0,2.0,250.0,0.5352125666704399,0.5874734564689151,0.569030441078073,0.64652,0.6511359891900008,0.64652,0.646649368429021,0.66132,19.744,0.25629578896072397,0.03284161238324942,19.01388888888889,49.01388888888889,0.0,,245.0,0.5677038328979022,5.0,0.6340342419064436,0.569757924151539,0.647024,-0.0007274830734660398,-0.0005040000000000377
continuous_latent_trait,maximum_skill_uncertainty,21.0,22360864.0,2.0,250.0,0.5336397384658018,0.5865634064997254,0.5676973371590419,0.6508799999999999,0.6508895161077328,0.6457999999999999,0.6462996683476103,0.66396,19.708,0.2592745009473995,0.033150150990677044,19.01388888888889,49.01388888888889,1.0,0.46616177670104386,247.0,0.5676009577364262,2.0,0.6303679760810708,0.5673829749279855,0.645688,0.00031436223105647533,0.00011199999999997879
continuous_latent_trait,maximum_skill_uncertainty,22.0,22460867.0,2.0,250.0,0.5385436317174782,0.5906089107552767,0.5712653158049981,0.65124,0.6518506909596978,0.6460799999999999,0.6471464594292257,0.6634800000000001,19.728,0.26077114422023334,0.032986851643336486,19.01388888888889,49.01388888888889,2.0,0.4588358002340468,238.0,0.5695799414270161,10.0,0.6338631291151614,0.5712332710871155,0.6459440000000001,3.204471788247343e-05,0.00013599999999984734
continuous_latent_trait,maximum_skill_uncertainty,23.0,22560870.0,2.0,250.0,0.5365031502022644,0.5889047214349241,0.5691889038048676,0.6534800000000001,0.65150582411147,0.647,0.646708832640515,0.66116,19.696,0.2570118005360526,0.032716315282871805,19.01388888888889,49.01388888888889,1.0,0.5059321693976307,247.0,0.5689756727450793,2.0,0.6271513068923437,0.569316793457096,0.647528,-0.00012788965222834125,-0.0005279999999999952
continuous_latent_trait,maximum_skill_uncertainty,24.0,22660873.0,2.0,250.0,0.5373496879344476,0.5895587808140313,0.5707192250098102,0.651,0.6516347526732771,0.6443199999999999,0.6470524559086303,0.6642,19.74,0.25734027724969405,0.033684887090870544,19.01388888888889,49.01388888888889,1.0,0.47037198780648326,242.0,0.5694610938427133,7.0,0.6285499363870634,0.5709861580099047,0.644568,-0.0002669330000944825,-0.0002480000000001148
continuous_latent_trait,maximum_skill_uncertainty,25.0,22760876.0,2.0,250.0,0.535682703204094,0.5874602459695811,0.5691787201630493,0.6509599999999999,0.6511707833179983,0.6491999999999999,0.6467212722114132,0.6610799999999999,19.708,0.25781645696683747,0.032892697003266386,19.01388888888889,49.01388888888889,2.0,0.48701366489718245,239.0,0.5673681602470022,9.0,0.6355180457704895,0.5700488120184684,0.64812,-0.0008700918554190862,0.001079999999999881
continuous_latent_trait,maximum_skill_uncertainty,26.0,22860879.0,2.0,250.0,0.5399419201590294,0.5910926266355564,0.5725759526610957,0.6501200000000001,0.6519684427768502,0.65324,0.6474648546058545,0.6624800000000001,19.696,0.25579033155083436,0.03279269029831899,19.01388888888889,49.01388888888889,0.0,,243.0,0.5708132277896837,7.0,0.6337676874829691,0.5732898301413176,0.65288,-0.0007138774802218251,0.00036000000000000474
continuous_latent_trait,maximum_skill_uncertainty,27.0,22960882.0,2.0,250.0,0.534416751190072,0.5874283997521621,0.5685221176533805,0.6533199999999999,0.6510691964953054,0.65096,0.6464708259404501,0.65712,19.752,0.2570490711792124,0.032971840010995235,19.01388888888889,49.01388888888889,1.0,0.49388519706076756,244.0,0.567632417426339,5.0,0.6268668728515276,0.5683072911776397,0.6504,0.0002148264757407814,0.0005599999999999827
continuous_latent_trait,maximum_skill_uncertainty,28.0,23060885.0,2.0,250.0,0.539070999030457,0.5905418146357351,0.5715863101451563,0.65392,0.6518740144543644,0.6459600000000001,0.6472624737259921,0.6671600000000001,19.708,0.2553745358363756,0.03288440503543429,19.01388888888889,49.01388888888889,1.0,0.4863842491401062,241.0,0.5696464644156622,8.0,0.640674420371794,0.5720941190082718,0.6448160000000001,-0.0005078088631154332,0.001144000000000056
continuous_latent_trait,maximum_skill_uncertainty,29.0,23160888.0,2.0,250.0,0.53707212538824,0.5893633886288662,0.5699016328616924,0.65244,0.6515407607893899,0.64356,0.6468080911636734,0.663,19.72,0.25734142883265804,0.03306262350433228,19.01388888888889,49.01388888888889,1.0,0.4797308010446234,247.0,0.5698021892275001,2.0,0.6272683375929812,0.569961062053918,0.643336,-5.942919222567955e-05,0.00022399999999997978
continuous_latent_trait,random_skill_item_bin,0.0,20260801.0,2.0,250.0,0.5391295990089736,0.5904586531216061,0.5716312235912671,0.652104,0.651891081452334,0.650408,0.6473110919846058,0.645216,19.88,0.23434154853463185,0.024944430403702623,19.01388888888889,49.01388888888889,1.0,0.4792708002096636,239.0,0.5693080289493346,10.0,0.6363916178716134,0.5725271093649602,0.650848,-0.0008958857736931058,-0.0004400000000000182
continuous_latent_trait,random_skill_item_bin,1.0,20360804.0,2.0,250.0,0.537675563102065,0.5889863018259749,0.5704511825904238,0.655616,0.6515989953685445,0.6499919999999999,0.6470870661299832,0.645824,19.908,0.24056662312021465,0.024939448604884843,19.01388888888889,49.01388888888889,1.0,0.4921087634767412,243.0,0.5692969083242064,6.0,0.6302563602245099,0.5716780130867521,0.65048,-0.0012268304963282573,-0.00048799999999997733
continuous_latent_trait,random_skill_item_bin,2.0,20460807.0,2.0,250.0,0.53726376568054,0.5888906632101853,0.5702471231067255,0.6553760000000001,0.6515294766672864,0.645688,0.6469920853763842,0.646976,19.856,0.24184206208181477,0.024830487014763328,19.01388888888889,49.01388888888889,2.0,0.4869970530993795,240.0,0.568966125277688,8.0,0.6294895754796939,0.571410150496358,0.646072,-0.0011630273896324316,-0.00038399999999998434
continuous_latent_trait,random_skill_item_bin,3.0,20560810.0,2.0,250.0,0.5352172759493571,0.5858937699231203,0.5662749873866056,0.649616,0.6508398489304628,0.641512,0.6460649348354793,0.64448,19.868,0.23703646101919915,0.024540366013103415,19.01388888888889,49.01388888888889,1.0,0.48614316519718104,243.0,0.5651190034727589,6.0,0.6264476395956396,0.5675352697023728,0.642008,-0.0012602823157671361,-0.0004959999999999632
continuous_latent_trait,random_skill_item_bin,4.0,20660813.0,2.0,250.0,0.5360199145820441,0.5872433527638785,0.5686819620375599,0.655224,0.6511438772457574,0.645728,0.6466269440981899,0.6459520000000001,19.92,0.24020596797399882,0.025144222529335597,19.01388888888889,49.01388888888889,0.0,,244.0,0.5672805271455125,6.0,0.6256736476474967,0.5699313654395771,0.646224,-0.0012494034020171351,-0.0004960000000000297
continuous_latent_trait,random_skill_item_bin,5.0,20760816.0,2.0,250.0,0.5369275334049628,0.5884494062024831,0.5701513110979268,0.6508799999999999,0.6514896250411919,0.650256,0.6470352015402718,0.645648,19.908,0.2425243957940877,0.024616115199588135,19.01388888888889,49.01388888888889,2.0,0.4854048509994569,241.0,0.5690110385874142,7.0,0.6336225389879979,0.5711865621149516,0.6509919999999999,-0.0010352510170245743,-0.0007359999999999367
continuous_latent_trait,random_skill_item_bin,6.0,20860819.0,2.0,250.0,0.5358591867535897,0.5870782021646673,0.5681369532528288,0.649512,0.6511356392539662,0.645456,0.646524943714031,0.6438240000000001,19.88,0.24001129072988475,0.024525796427687145,19.01388888888889,49.01388888888889,2.0,0.49899274566711876,246.0,0.5683670381020279,2.0,0.6089807243870302,0.5692959637702705,0.645936,-0.0011590105174418275,-0.00047999999999999156
continuous_latent_trait,random_skill_item_bin,7.0,20960822.0,2.0,250.0,0.5355416755288653,0.5867281149520535,0.5679415193740776,0.655192,0.6510378523516084,0.644512,0.6464655661143602,0.645192,19.864,0.23725445734387574,0.024685995953181876,19.01388888888889,49.01388888888889,1.0,0.48472863665332777,244.0,0.5670751291065794,5.0,0.6268639409721307,0.5692967800473411,0.6445759999999999,-0.0013552606732635253,-6.399999999997518e-05
continuous_latent_trait,random_skill_item_bin,8.0,21060825.0,2.0,250.0,0.5374438094576808,0.5889346639546849,0.56987619124127,0.649624,0.6516187474745978,0.645688,0.6469780708628592,0.645608,19.88,0.23679603780337616,0.02505701889310743,19.01388888888889,49.01388888888889,3.0,0.4988110402869753,242.0,0.5695482245301298,5.0,0.6283888706330334,0.5708782867680838,0.6458320000000001,-0.0010020955268139175,-0.0001440000000000108
continuous_latent_trait,random_skill_item_bin,9.0,21160828.0,2.0,250.0,0.5363234083233035,0.5866429726594775,0.5669564791054753,0.65296,0.6510237935485057,0.646976,0.6462318353894329,0.64544,19.88,0.23680872030310982,0.02464638997462849,19.01388888888889,49.01388888888889,0.0,,246.0,0.5658149474551566,4.0,0.6371606756000754,0.5681942584050874,0.647488,-0.0012377792996121962,-0.0005119999999999792
continuous_latent_trait,random_skill_item_bin,10.0,21260831.0,2.0,250.0,0.5411658393445471,0.5909054137315511,0.5711337627189372,0.6525839999999999,0.6520427184970593,0.64376,0.6472314248619544,0.6461439999999999,19.88,0.2393467717250876,0.02469345846679812,19.01388888888889,49.01388888888889,0.0,,240.0,0.5685925127195635,10.0,0.63212376270391,0.5724952676931386,0.644144,-0.0013615049742013551,-0.00038399999999998434
continuous_latent_trait,random_skill_item_bin,11.0,21360834.0,2.0,250.0,0.5367661212407309,0.5873621001389877,0.5677009330510276,0.6517999999999999,0.6511101533148901,0.6488240000000001,0.6463269126446681,0.644552,19.916,0.240542409280713,0.02464829398775565,19.01388888888889,49.01388888888889,2.0,0.48355712675990337,239.0,0.5662070019301322,9.0,0.62607172754839,0.5688833800237961,0.649152,-0.001182446972768436,-0.00032799999999997274
continuous_latent_trait,random_skill_item_bin,12.0,21460837.0,2.0,250.0,0.5345023618903324,0.5857145784859978,0.5672500197346724,0.65072,0.6507563255159938,0.6453519999999999,0.646263750407623,0.64664,19.892,0.24417795282939553,0.024563404399399708,19.01388888888889,49.01388888888889,1.0,0.5079937257460879,244.0,0.5663250844926185,5.0,0.6242381183446166,0.5685389179323527,0.64544,-0.0012888981976803215,-8.80000000000214e-05
continuous_latent_trait,random_skill_item_bin,13.0,21560840.0,2.0,250.0,0.5363771524524734,0.5867048264174587,0.5666570012933718,0.6505759999999999,0.6509658280107393,0.6491999999999999,0.6460875064683375,0.6463920000000001,19.88,0.23971342098134843,0.02453463335350977,19.01388888888889,49.01388888888889,1.0,0.4980946788301724,246.0,0.5662193876147349,3.0,0.6253954304293333,0.5679180576717073,0.649536,-0.0012610563783354456,-0.00033600000000000296
continuous_latent_trait,random_skill_item_bin,14.0,21660843.0,2.0,250.0,0.5382092359239102,0.588879523562145,0.5703225656966053,0.654864,0.6516622770906868,0.649328,0.6471422369156596,0.6454960000000001,19.876,0.23844391524892897,0.02484723433166178,19.01388888888889,49.01388888888889,0.0,,241.0,0.5678912395107918,9.0,0.6354280780056137,0.5714155045021562,0.64984,-0.0010929388055508139,-0.0005120000000000014
continuous_latent_trait,random_skill_item_bin,15.0,21760846.0,2.0,250.0,0.5367780817422465,0.5877896198577772,0.5690936561410396,0.652904,0.6512733195961344,0.646872,0.6467234733805471,0.64276,19.884,0.23837565881995104,0.024524210615449578,19.01388888888889,49.01388888888889,1.0,0.5049814873317529,237.0,0.566633664731248,12.0,0.6230211672185313,0.5705583481636048,0.647632,-0.0014646920225652505,-0.0007599999999999385
continuous_latent_trait,random_skill_item_bin,16.0,21860849.0,2.0,250.0,0.5392714279107891,0.5904288110140418,0.5715526792445338,0.646968,0.6518596448567389,0.648784,0.647267299374742,0.6438240000000001,19.888,0.2368296947914103,0.02459087660895837,19.01388888888889,49.01388888888889,1.0,0.48345522080297654,244.0,0.5709543327518662,5.0,0.6183714797750299,0.5725621017508361,0.649048,-0.0010094225063022265,-0.0002639999999999976
continuous_latent_trait,random_skill_item_bin,17.0,21960852.0,2.0,250.0,0.536652435612023,0.5877605989436343,0.568738711864891,0.6483920000000001,0.6512564284345035,0.647504,0.6466274542050927,0.64488,19.892,0.23895649312930684,0.024715531927740602,19.01388888888889,49.01388888888889,2.0,0.49627975794171186,240.0,0.5670275709156171,8.0,0.6381876788239021,0.5698260928827562,0.64788,-0.0010873810178652077,-0.00037600000000004297
continuous_latent_trait,random_skill_item_bin,18.0,22060855.0,2.0,250.0,0.539841547155114,0.5905537060574686,0.5719700171724214,0.6505839999999999,0.6519307683209913,0.649312,0.6474086171840803,0.6462640000000001,19.844,0.23532593191622095,0.02464711656384951,19.01388888888889,49.01388888888889,0.0,,237.0,0.5684549030951633,13.0,0.6360532507347406,0.5732256047606369,0.649888,-0.0012555875882154677,-0.0005759999999999987
continuous_latent_trait,random_skill_item_bin,19.0,22160858.0,2.0,250.0,0.5394394987736052,0.5903748616075395,0.5720145013647917,0.650776,0.6519417384398197,0.6470640000000001,0.647472723603985,0.6468959999999999,19.924,0.2389258378298166,0.024672037183781186,19.01388888888889,49.01388888888889,1.0,0.491488541031706,240.0,0.570508505159089,9.0,0.6211217291094295,0.5730250850689895,0.647208,-0.001010583704197865,-0.0001439999999999886
continuous_latent_trait,random_skill_item_bin,20.0,22260861.0,2.0,250.0,0.5352125666704399,0.587041842336307,0.5686238409729638,0.64592,0.6511014360584503,0.64668,0.6466194077891666,0.64488,19.884,0.23767332259634175,0.024612154270057706,19.01388888888889,49.01388888888889,0.0,,245.0,0.567329949250188,5.0,0.6320245353889808,0.569757924151539,0.647024,-0.0011340831785752402,-0.00034400000000001096
continuous_latent_trait,random_skill_item_bin,21.0,22360864.0,2.0,250.0,0.5336397384658018,0.5851733969505537,0.5663767290090646,0.65052,0.6506224299771597,0.6457200000000001,0.6460478827731745,0.6425919999999999,19.852,0.24122690990347265,0.02451645706063177,19.01388888888889,49.01388888888889,1.0,0.4519046788796882,247.0,0.5663099676024512,2.0,0.6318577877905012,0.5673829749279855,0.645688,-0.0010062459189208895,3.200000000005421e-05
continuous_latent_trait,random_skill_item_bin,22.0,22460867.0,2.0,250.0,0.5385436317174782,0.5895624295091618,0.5702606227900664,0.65152,0.6516575436939591,0.6453599999999999,0.6469620190283567,0.6486879999999999,19.892,0.23892594244600435,0.025129083811486957,19.01388888888889,49.01388888888889,2.0,0.4621777015011358,238.0,0.5685433997406738,10.0,0.6327471156233963,0.5712332710871155,0.6459440000000001,-0.0009726482970491945,-0.0005840000000000734
continuous_latent_trait,random_skill_item_bin,23.0,22560870.0,2.0,250.0,0.5365031502022644,0.5877976120903119,0.5681362055115106,0.653232,0.6513052938121754,0.647104,0.6465197847257267,0.645472,19.872,0.2361688381376683,0.02503052675243706,19.01388888888889,49.01388888888889,1.0,0.4901171090333582,247.0,0.5679891870624634,2.0,0.6253025322079179,0.569316793457096,0.647528,-0.0011805879455853985,-0.00042399999999997995
continuous_latent_trait,random_skill_item_bin,24.0,22660873.0,2.0,250.0,0.5373496879344476,0.588753741477509,0.5699532141573275,0.650776,0.6514951469808871,0.64448,0.6469207854606879,0.645184,19.86,0.2382173646093267,0.024962862633789395,19.01388888888889,49.01388888888889,1.0,0.4743717078396215,242.0,0.5686191102586966,7.0,0.6297295926982386,0.5709861580099047,0.644568,-0.0010329438525772394,-8.799999999997699e-05
continuous_latent_trait,random_skill_item_bin,25.0,22760876.0,2.0,250.0,0.535682703204094,0.58708513147701,0.5688322888798222,0.650312,0.6511536834631014,0.6483359999999999,0.646709451990261,0.647136,19.852,0.238193075872862,0.025058762426381453,19.01388888888889,49.01388888888889,2.0,0.4877260177225514,239.0,0.5669884659568404,9.0,0.6358196467583976,0.5700488120184684,0.64812,-0.0012165231386461971,0.00021599999999992735
continuous_latent_trait,random_skill_item_bin,26.0,22860879.0,2.0,250.0,0.5399419201590294,0.5905067817177789,0.5720234143085035,0.649184,0.6519275701722594,0.6527839999999999,0.6474293610872568,0.644928,19.88,0.23717327997009113,0.024720871113508743,19.01388888888889,49.01388888888889,0.0,,243.0,0.5703192869031921,7.0,0.6311809799500253,0.5732898301413176,0.65288,-0.0012664158328140828,-9.600000000007381e-05
continuous_latent_trait,random_skill_item_bin,27.0,22960882.0,2.0,250.0,0.534416751190072,0.5861224723413746,0.5672713719660266,0.65236,0.6508175208106655,0.650184,0.6462312175249787,0.644144,19.888,0.23953319060951977,0.02477055072932943,19.01388888888889,49.01388888888889,1.0,0.49423998039632133,244.0,0.5663248095098313,5.0,0.6280698981422947,0.5683072911776397,0.6504,-0.0010359192116130567,-0.00021599999999999397
continuous_latent_trait,random_skill_item_bin,28.0,23060885.0,2.0,250.0,0.539070999030457,0.5895913645196783,0.5706820481140475,0.654256,0.6517190537317272,0.64436,0.6471167390716518,0.645096,19.928,0.23951121716784934,0.024884935064678267,19.01388888888889,49.01388888888889,1.0,0.48599528437075534,241.0,0.5687513573597599,8.0,0.6394299525548748,0.5720941190082718,0.6448160000000001,-0.0014120708942241711,-0.0004559999999999897
continuous_latent_trait,random_skill_item_bin,29.0,23160888.0,2.0,250.0,0.53707212538824,0.5880523461083074,0.5686528024299411,0.652048,0.6512726279234435,0.6432880000000001,0.646553690320531,0.645608,19.912,0.24595698013733017,0.024600083948054095,19.01388888888889,49.01388888888889,1.0,0.48344526842704594,247.0,0.5685186931859267,2.0,0.627819061067149,0.569961062053918,0.643336,-0.001308259623977026,-4.800000000000359e-05
continuous_latent_trait,target_success_070,0.0,20260801.0,2.0,250.0,0.5391295990089736,0.5921106990590274,0.5732355241247874,0.65368,0.6524776965753275,0.6511199999999999,0.6478802837825499,0.7003999999999999,17.976,0.2907325726389345,0.0241507998255665,19.01388888888889,49.01388888888889,1.0,0.4762995611045081,239.0,0.5710540007070549,10.0,0.6350675301106273,0.5725271093649602,0.650848,0.0007084147598271917,0.00027199999999993896
continuous_latent_trait,target_success_070,1.0,20360804.0,2.0,250.0,0.537675563102065,0.5897727499833942,0.5712329735289811,0.65512,0.6519917653608917,0.6487200000000001,0.6474722485292869,0.69668,17.996,0.2876888653199547,0.023710077463609154,19.01388888888889,49.01388888888889,1.0,0.5039004125418736,243.0,0.5701685474879524,6.0,0.6255643216884899,0.5716780130867521,0.65048,-0.0004450395577710431,-0.0017599999999998507
continuous_latent_trait,target_success_070,2.0,20460807.0,2.0,250.0,0.53726376568054,0.5904688592173714,0.5717888847228896,0.65444,0.6521251245893461,0.64624,0.6475717347058915,0.69884,17.976,0.2891307349119419,0.02445561426199937,19.01388888888889,49.01388888888889,2.0,0.4865471159801954,240.0,0.5705480183905354,8.0,0.6303253168791922,0.571410150496358,0.646072,0.0003787342265315852,0.000168000000000057
continuous_latent_trait,target_success_070,3.0,20560810.0,2.0,250.0,0.5352172759493571,0.5874020396555554,0.5677497508551224,0.6510799999999999,0.6514291878597919,0.64228,0.6466386617834314,0.6971999999999999,17.98,0.290870210844683,0.024067533124951426,19.01388888888889,49.01388888888889,1.0,0.48939977440072635,243.0,0.5665596077788452,6.0,0.629008874853414,0.5675352697023728,0.642008,0.00021448115274957935,0.0002719999999999612
continuous_latent_trait,target_success_070,4.0,20660813.0,2.0,250.0,0.5360199145820441,0.588945710626255,0.5703511666390161,0.65644,0.651739725583157,0.6457200000000001,0.6472089476068128,0.6948399999999999,17.98,0.2880010747087278,0.024020752653911907,19.01388888888889,49.01388888888889,0.0,,244.0,0.56890362317157,6.0,0.6292179343151595,0.5699313654395771,0.646224,0.00041980119943896277,-0.0005039999999999489
continuous_latent_trait,target_success_070,5.0,20760816.0,2.0,250.0,0.5369275334049628,0.590314944300665,0.5719775763199265,0.6504,0.6521534481390364,0.65164,0.6476826655219386,0.69816,17.988,0.29003219482927084,0.023902230954547583,19.01388888888889,49.01388888888889,2.0,0.47818858293983524,241.0,0.5709069036641117,7.0,0.6356361615787182,0.5711865621149516,0.6509919999999999,0.0007910142049750268,0.0006480000000000485
continuous_latent_trait,target_success_070,6.0,20860819.0,2.0,250.0,0.5358591867535897,0.588210621607327,0.5692463085028724,0.6504800000000001,0.6516221923743563,0.64588,0.6469991557160994,0.69472,18.0,0.2875415971604687,0.023377977261949644,19.01388888888889,49.01388888888889,2.0,0.4945974506477179,246.0,0.5695712383719668,2.0,0.6039287924594072,0.5692959637702705,0.645936,-4.965526739815207e-05,-5.599999999994498e-05
continuous_latent_trait,target_success_070,7.0,20960822.0,2.0,250.0,0.5355416755288653,0.5884601758394377,0.5696379816646893,0.6559200000000001,0.6516477266924535,0.64536,0.6470608375684301,0.697,17.988,0.2848043657143974,0.024086457770803076,19.01388888888889,49.01388888888889,1.0,0.49172891441278194,244.0,0.5687891480716469,5.0,0.6266428744555304,0.5692967800473411,0.6445759999999999,0.00034120161734818577,0.0007840000000001179
continuous_latent_trait,target_success_070,8.0,21060825.0,2.0,250.0,0.5374438094576808,0.5893516382616308,0.5703051481395003,0.6494800000000001,0.651916585325661,0.64588,0.6472724253547417,0.69524,17.988,0.28073112494483915,0.023798594636009914,19.01388888888889,49.01388888888889,3.0,0.5028841700838796,242.0,0.5700141364193849,5.0,0.6248427022264516,0.5708782867680838,0.6458320000000001,-0.0005731386285835916,4.800000000000359e-05
continuous_latent_trait,target_success_070,9.0,21160828.0,2.0,250.0,0.5363234083233035,0.587095589313276,0.5674209317844766,0.6526000000000001,0.651335871515504,0.6468799999999999,0.6465397882075562,0.69916,17.98,0.2894087871355907,0.023720312459421924,19.01388888888889,49.01388888888889,0.0,,246.0,0.5662548519343801,4.0,0.6391348425654191,0.5681942584050874,0.647488,-0.000773326620610848,-0.0006080000000000752
continuous_latent_trait,target_success_070,10.0,21260831.0,2.0,250.0,0.5411658393445471,0.5929558447618901,0.5731251711668619,0.65292,0.6527515295366315,0.6445599999999999,0.6479187056012834,0.6974400000000001,17.988,0.2851496865104005,0.023659168835189176,19.01388888888889,49.01388888888889,0.0,,240.0,0.5706168343558632,10.0,0.6333252546308323,0.5724952676931386,0.644144,0.0006299034737232478,0.0004159999999999053
continuous_latent_trait,target_success_070,11.0,21360834.0,2.0,250.0,0.5367661212407309,0.5888606051094047,0.5691711273064465,0.65304,0.651677846000659,0.64952,0.6468807119991866,0.6940399999999999,17.996,0.29525026711854707,0.023669955587194567,19.01388888888889,49.01388888888889,2.0,0.4762281068141888,239.0,0.5677669756826986,9.0,0.6271131583131397,0.5688833800237961,0.649152,0.00028774728265035243,0.00036800000000001274
continuous_latent_trait,target_success_070,12.0,21460837.0,2.0,250.0,0.5345023618903324,0.5875123637095926,0.5690035522320404,0.65216,0.6513957773371982,0.64576,0.6468860050638904,0.70056,17.984,0.290305123557496,0.023840249615196263,19.01388888888889,49.01388888888889,1.0,0.5141430873081274,244.0,0.5680733415942779,5.0,0.6253699243396353,0.5685389179323527,0.64544,0.0004646342996876829,0.0003200000000000092
continuous_latent_trait,target_success_070,13.0,21560840.0,2.0,250.0,0.5363771524524734,0.5884300274326524,0.5683391991298582,0.6504800000000001,0.6516075881201803,0.6491199999999999,0.6467107768299156,0.70324,17.964,0.2814023847946,0.024405044878907184,19.01388888888889,49.01388888888889,1.0,0.4999334576066173,246.0,0.5679063300592099,3.0,0.6266363767641056,0.5679180576717073,0.649536,0.00042114145815093097,-0.00041600000000003857
continuous_latent_trait,target_success_070,14.0,21660843.0,2.0,250.0,0.5382092359239102,0.5904439827904756,0.571865790164336,0.65516,0.6522521848559475,0.65036,0.6477201404593395,0.6980799999999999,17.984,0.2844571739128827,0.02374899841473508,19.01388888888889,49.01388888888889,0.0,,241.0,0.5695417221536869,9.0,0.6340991668939374,0.5714155045021562,0.64984,0.0004502856621798612,0.0005200000000000315
continuous_latent_trait,target_success_070,15.0,21760846.0,2.0,250.0,0.5367780817422465,0.5890773330995906,0.5703393936994978,0.65276,0.651804700561208,0.64676,0.6472378165336604,0.6999200000000001,17.976,0.2798596925006954,0.023807463320943426,19.01388888888889,49.01388888888889,1.0,0.5035132099557612,237.0,0.5680543879170965,12.0,0.6210371065472343,0.5705583481636048,0.647632,-0.00021895446410702402,-0.0008719999999999839
continuous_latent_trait,target_success_070,16.0,21860849.0,2.0,250.0,0.5392714279107891,0.5911114829680051,0.5722179827262853,0.64748,0.6522380059549371,0.649,0.6476345530090934,0.6988399999999999,17.98,0.2813043383694969,0.023648846208506116,19.01388888888889,49.01388888888889,1.0,0.48250099809546415,244.0,0.5717925950730977,5.0,0.6109202971280148,0.5725621017508361,0.649048,-0.0003441190245507597,-4.7999999999981394e-05
continuous_latent_trait,target_success_070,17.0,21960852.0,2.0,250.0,0.536652435612023,0.5895525100385723,0.5704927184187315,0.6485599999999999,0.651896802167467,0.64852,0.647251901400171,0.6931199999999998,17.992,0.29534694409191353,0.0233506752825613,19.01388888888889,49.01388888888889,2.0,0.4871899180472769,240.0,0.5689089891727933,8.0,0.6388302958897425,0.5698260928827562,0.64788,0.0006666255359753625,0.0006399999999999961
continuous_latent_trait,target_success_070,18.0,22060855.0,2.0,250.0,0.539841547155114,0.5917736758757479,0.5731723899470413,0.65124,0.652420364238601,0.64992,0.647887310249889,0.7010799999999999,17.98,0.28782019012386856,0.0237598892270993,19.01388888888889,49.01388888888889,0.0,,237.0,0.5695677923728116,13.0,0.638886976492616,0.5732256047606369,0.649888,-5.3214813595547916e-05,3.200000000005421e-05
continuous_latent_trait,target_success_070,19.0,22160858.0,2.0,250.0,0.5394394987736052,0.5917248647417541,0.5733468449330237,0.6508399999999999,0.6524771362741305,0.6480799999999999,0.6479970206270993,0.69748,17.992,0.28312071994701754,0.023644190080340265,19.01388888888889,49.01388888888889,1.0,0.5072427718171276,240.0,0.5716656488028536,9.0,0.6255236387504369,0.5730250850689895,0.647208,0.00032175986403413235,0.0008719999999998729
continuous_latent_trait,target_success_070,20.0,22260861.0,2.0,250.0,0.5352125666704399,0.5888960248534612,0.5704264273962492,0.6473599999999999,0.651780588553241,0.64652,0.6472788266938883,0.6977599999999999,18.008,0.2859143639938533,0.023840318684984,19.01388888888889,49.01388888888889,0.0,,245.0,0.5691753025714011,5.0,0.6317315438138003,0.569757924151539,0.647024,0.000668503244710128,-0.0005040000000000377
continuous_latent_trait,target_success_070,21.0,22360864.0,2.0,250.0,0.5336397384658018,0.5870640142884066,0.568220805203599,0.65072,0.6512932005584351,0.6466799999999999,0.6467005419372485,0.6948,17.992,0.29354081134495985,0.023946744759014465,19.01388888888889,49.01388888888889,1.0,0.4562145074776489,247.0,0.5681577347559862,2.0,0.6320131543467494,0.5673829749279855,0.645688,0.0008378302756135269,0.0009919999999999708
continuous_latent_trait,target_success_070,22.0,22460867.0,2.0,250.0,0.5385436317174782,0.5903597275740808,0.5710503046103752,0.65224,0.6520676484000525,0.6450799999999999,0.6473629210205716,0.69824,17.98,0.2832815963557126,0.024000965418936877,19.01388888888889,49.01388888888889,2.0,0.4548129515984618,238.0,0.5695066684594824,10.0,0.6310363156040042,0.5712332710871155,0.6459440000000001,-0.00018296647674038714,-0.0008640000000001535
continuous_latent_trait,target_success_070,23.0,22560870.0,2.0,250.0,0.5365031502022644,0.5896409625819385,0.5699267537377652,0.65316,0.6519469470318157,0.64748,0.6471418634212093,0.6944400000000001,17.992,0.27741613570381085,0.02396553898655124,19.01388888888889,49.01388888888889,1.0,0.491442588411722,247.0,0.5697521299510596,2.0,0.6307348740589189,0.569316793457096,0.647528,0.0006099602806692639,-4.799999999995919e-05
continuous_latent_trait,target_success_070,24.0,22660873.0,2.0,250.0,0.5373496879344476,0.5902805228344582,0.5714439594198464,0.65132,0.6520985827339025,0.64452,0.6475077470512669,0.6997599999999999,18.0,0.27979616448531874,0.024390072330664713,19.01388888888889,49.01388888888889,1.0,0.47967601553821043,242.0,0.5700743878713319,7.0,0.6319017106515797,0.5709861580099047,0.644568,0.00045780140994169385,-4.80000000000258e-05
continuous_latent_trait,target_success_070,25.0,22760876.0,2.0,250.0,0.535682703204094,0.5885270704777013,0.5702442753688727,0.65164,0.651734260498414,0.6486400000000001,0.6472753103659145,0.696,17.98,0.28272167730266096,0.024191275315830315,19.01388888888889,49.01388888888889,2.0,0.49881970715935725,239.0,0.5683523262831328,9.0,0.6363581606923001,0.5700488120184684,0.64812,0.0001954633504043235,0.0005200000000000982
continuous_latent_trait,target_success_070,26.0,22860879.0,2.0,250.0,0.5399419201590294,0.592319064082742,0.5737964578064095,0.6492,0.6525637540006033,0.65328,0.6480495294994698,0.68852,17.996,0.2896016013667962,0.02347958130942038,19.01388888888889,49.01388888888889,0.0,,243.0,0.5721598422721733,7.0,0.6306103970663234,0.5732898301413176,0.65288,0.0005066276650919743,0.0003999999999999337
continuous_latent_trait,target_success_070,27.0,22960882.0,2.0,250.0,0.534416751190072,0.5878842725121337,0.5689874971190245,0.6543599999999999,0.6514608703582487,0.65096,0.6468562068899635,0.6993199999999999,17.992,0.2874994186311207,0.02419327627800654,19.01388888888889,49.01388888888889,1.0,0.5002099377297506,244.0,0.5681194427040697,5.0,0.6251040644466654,0.5683072911776397,0.6504,0.0006802059413848482,0.0005599999999999827
continuous_latent_trait,target_success_070,28.0,23060885.0,2.0,250.0,0.539070999030457,0.5917457332626157,0.5727738423578058,0.6540799999999999,0.6524104145092228,0.64536,0.6477873663558739,0.69988,17.992,0.27806057011889146,0.024602166454393618,19.01388888888889,49.01388888888889,1.0,0.4935510017560478,241.0,0.5709611338174875,8.0,0.637284542210117,0.5720941190082718,0.6448160000000001,0.0006797233495341226,0.0005440000000000112
continuous_latent_trait,target_success_070,29.0,23160888.0,2.0,250.0,0.53707212538824,0.5902067351615919,0.5707593119385743,0.6523599999999999,0.65199299692664,0.6436000000000001,0.6472557854932816,0.69568,17.996,0.2882379186261108,0.0244298875569997,19.01388888888889,49.01388888888889,1.0,0.48258224152756346,247.0,0.5706762082356504,2.0,0.6251111544551858,0.569961062053918,0.643336,0.0007982498846562658,0.00026400000000001975
continuous_latent_trait,two_corner_robust_response_information_gain,0.0,20260801.0,2.0,250.0,0.5391295990089736,0.5937194437000098,0.5747565903240772,0.6537999999999999,0.6529939310682632,0.6516000000000001,0.6483706576348848,0.53672,16.996,-0.3643327666769675,0.036697818137588274,19.01388888888889,49.01388888888889,1.0,0.4819519779313525,239.0,0.572563838920526,10.0,0.6364438101082228,0.5725271093649602,0.650848,0.002229480959117014,0.0007520000000000859
continuous_latent_trait,two_corner_robust_response_information_gain,1.0,20360804.0,2.0,250.0,0.537675563102065,0.5926317694365661,0.573972144485997,0.65656,0.6527805147166443,0.6509199999999999,0.6482283511467163,0.54584,17.184,-0.360316633433104,0.03792536229383461,19.01388888888889,49.01388888888889,1.0,0.48859033754248526,243.0,0.5728496548966752,6.0,0.6336632740107762,0.5716780130867521,0.65048,0.0022941313992448807,0.0004400000000000182
continuous_latent_trait,two_corner_robust_response_information_gain,2.0,20460807.0,2.0,250.0,0.53726376568054,0.5914350084302314,0.5726999032053831,0.65628,0.6524708259577451,0.64676,0.6479001286879407,0.5464000000000001,17.108,-0.3635857067224651,0.03730495934219304,19.01388888888889,49.01388888888889,2.0,0.49218539882714474,240.0,0.5714370413130206,8.0,0.6307143860708141,0.571410150496358,0.646072,0.0012897527090251159,0.0006880000000000219
continuous_latent_trait,two_corner_robust_response_information_gain,3.0,20560810.0,2.0,250.0,0.5352172759493571,0.5890008790661811,0.5692627263444276,0.65128,0.6518866501535445,0.6419600000000001,0.6470722949987616,0.5465599999999999,17.144,-0.3616888384832927,0.03754345178183469,19.01388888888889,49.01388888888889,1.0,0.4822163320078891,243.0,0.5681756583253773,6.0,0.6277967135053891,0.5675352697023728,0.642008,0.0017274566420548698,-4.7999999999914776e-05
continuous_latent_trait,two_corner_robust_response_information_gain,4.0,20660813.0,2.0,250.0,0.5360199145820441,0.5907494736972589,0.5720602914219938,0.65692,0.6523123001728631,0.648,0.6477535736739732,0.5447199999999999,17.116,-0.3607566788504263,0.037678371537887285,19.01388888888889,49.01388888888889,0.0,,244.0,0.5707019597380414,6.0,0.627299113236051,0.5699313654395771,0.646224,0.0021289259824166518,0.0017759999999999998
continuous_latent_trait,two_corner_robust_response_information_gain,5.0,20760816.0,2.0,250.0,0.5369275334049628,0.591798582258421,0.5733720022253388,0.651,0.6526129616651187,0.6507200000000001,0.6481169955965289,0.54408,17.084,-0.3644734837499085,0.03725785196427485,19.01388888888889,49.01388888888889,2.0,0.4812334675695132,241.0,0.572238848853287,7.0,0.6387101496504941,0.5711865621149516,0.6509919999999999,0.0021854401103873046,-0.00027199999999987233
continuous_latent_trait,two_corner_robust_response_information_gain,6.0,20860819.0,2.0,250.0,0.5358591867535897,0.5907282242720623,0.5716488026639989,0.6513599999999999,0.6523235173603779,0.6473599999999999,0.6476690380384504,0.5468800000000001,17.124,-0.3616999026926634,0.03767843891098086,19.01388888888889,49.01388888888889,2.0,0.5050118464436297,246.0,0.571878684881098,2.0,0.6100102461811855,0.5692959637702705,0.645936,0.002352838893728326,0.0014239999999999808
continuous_latent_trait,two_corner_robust_response_information_gain,7.0,20960822.0,2.0,250.0,0.5355416755288653,0.5904592784717687,0.5715358813685956,0.65676,0.6522547744509152,0.6461600000000001,0.6476387234511126,0.54212,17.124,-0.36493649109863785,0.03709592301256124,19.01388888888889,49.01388888888889,1.0,0.48375815740893335,244.0,0.5706993919374562,5.0,0.6299121104001362,0.5692967800473411,0.6445759999999999,0.0022391013212544886,0.0015840000000001409
continuous_latent_trait,two_corner_robust_response_information_gain,8.0,21060825.0,2.0,250.0,0.5374438094576808,0.5907919314372546,0.5716475494397778,0.6512,0.6523439736445407,0.647,0.6476731299229764,0.5498,17.256,-0.3634600715776679,0.038174098916924394,19.01388888888889,49.01388888888889,3.0,0.5024943559748403,242.0,0.5713223282570303,5.0,0.6288801707637226,0.5708782867680838,0.6458320000000001,0.0007692626716939265,0.0011680000000000134
continuous_latent_trait,two_corner_robust_response_information_gain,9.0,21160828.0,2.0,250.0,0.5363234083233035,0.5901315628282467,0.5703137834601023,0.6533599999999999,0.6521665664663612,0.648,0.6473322870219644,0.54276,17.128,-0.3605550756372411,0.03748951027276615,19.01388888888889,49.01388888888889,0.0,,246.0,0.569173768787616,4.0,0.6404246858179958,0.5681942584050874,0.647488,0.0021195250550148483,0.0005120000000000457
continuous_latent_trait,two_corner_robust_response_information_gain,10.0,21260831.0,2.0,250.0,0.5411658393445471,0.5945414194200344,0.5746300515048604,0.6534800000000001,0.6532421248226599,0.6453199999999999,0.6483856850638444,0.54272,17.08,-0.36334117312697073,0.037078042780870395,19.01388888888889,49.01388888888889,0.0,,240.0,0.5720920855168655,10.0,0.6355412352167386,0.5724952676931386,0.644144,0.0021347838117216967,0.0011759999999998883
continuous_latent_trait,two_corner_robust_response_information_gain,11.0,21360834.0,2.0,250.0,0.5367661212407309,0.591070223350091,0.5712628663714447,0.6541600000000001,0.6523339031825012,0.6496,0.647503831324513,0.5375599999999999,17.128,-0.36392585136211053,0.037535777166656806,19.01388888888889,49.01388888888889,2.0,0.4818055717326152,239.0,0.569896584038517,9.0,0.6274246515767111,0.5688833800237961,0.649152,0.0023794863476486183,0.0004479999999999817
continuous_latent_trait,two_corner_robust_response_information_gain,12.0,21460837.0,2.0,250.0,0.5345023618903324,0.5892233312212793,0.5706344526102526,0.65152,0.6519052018392058,0.6458799999999999,0.6473725376662721,0.54188,17.128,-0.36211252261401683,0.03748054559464855,19.01388888888889,49.01388888888889,1.0,0.505022409802786,244.0,0.5697788924457218,5.0,0.6255081972008465,0.5685389179323527,0.64544,0.002095534677899913,0.00043999999999990715
continuous_latent_trait,two_corner_robust_response_information_gain,13.0,21560840.0,2.0,250.0,0.5363771524524734,0.5902928215314353,0.570100013519369,0.65036,0.652127105631079,0.6494800000000001,0.6472032039999253,0.54168,17.084,-0.36275574019719586,0.037354209335628996,19.01388888888889,49.01388888888889,1.0,0.4999076262742526,246.0,0.5696482185232764,3.0,0.630544665614004,0.5679180576717073,0.649536,0.002181955847661743,-5.599999999990057e-05
continuous_latent_trait,two_corner_robust_response_information_gain,14.0,21660843.0,2.0,250.0,0.5382092359239102,0.5920732252076145,0.573395845273176,0.65524,0.6527305962005774,0.6518,0.648171288940144,0.54952,17.228,-0.36059013321220246,0.038149707463876324,19.01388888888889,49.01388888888889,0.0,,241.0,0.5710070049529617,9.0,0.637363680514467,0.5714155045021562,0.64984,0.0019803407710198284,0.0019600000000000286
continuous_latent_trait,two_corner_robust_response_information_gain,15.0,21760846.0,2.0,250.0,0.5367780817422465,0.5910395706852842,0.5722268111176106,0.65408,0.6523453627736049,0.648,0.6477576839212893,0.5439200000000001,17.28,-0.35966540006581066,0.038145524394520576,19.01388888888889,49.01388888888889,1.0,0.5055509328420916,237.0,0.5698148194154073,12.0,0.6254199704257564,0.5705583481636048,0.647632,0.0016684629540058005,0.00036800000000003497
continuous_latent_trait,two_corner_robust_response_information_gain,16.0,21860849.0,2.0,250.0,0.5392714279107891,0.5937964542407651,0.5748022205356379,0.64728,0.652970925256001,0.65024,0.6483397102822975,0.545,17.148,-0.3629995449916141,0.03742350908803889,19.01388888888889,49.01388888888889,1.0,0.4836161712533339,244.0,0.5742269015818827,5.0,0.621114995335342,0.5725621017508361,0.649048,0.0022401187848018144,0.0011920000000000374
continuous_latent_trait,two_corner_robust_response_information_gain,17.0,21960852.0,2.0,250.0,0.536652435612023,0.5909510407761706,0.5718036322745567,0.6495599999999999,0.6523291313990291,0.64804,0.6476593489782208,0.54576,17.168,-0.36317474039686065,0.03790973430742198,19.01388888888889,49.01388888888889,2.0,0.49856465563623587,240.0,0.570130485177988,8.0,0.640307789331195,0.5698260928827562,0.64788,0.0019775393918005204,0.00015999999999996017
continuous_latent_trait,two_corner_robust_response_information_gain,18.0,22060855.0,2.0,250.0,0.539841547155114,0.5938405059198051,0.5751312246185856,0.65116,0.6530258808908436,0.6509199999999999,0.6484635666779957,0.5440799999999999,17.108,-0.362762145464988,0.0375039029957702,19.01388888888889,49.01388888888889,0.0,,237.0,0.5714587506327967,13.0,0.6420832503594995,0.5732256047606369,0.649888,0.0019056198579486816,0.001031999999999944
continuous_latent_trait,two_corner_robust_response_information_gain,19.0,22160858.0,2.0,250.0,0.5394394987736052,0.5928469230059604,0.5743975999058427,0.6518,0.652844742754725,0.6477200000000001,0.6483441128259219,0.5448,17.016,-0.364520660538832,0.036960777472617314,19.01388888888889,49.01388888888889,1.0,0.4832465864786696,240.0,0.5729618006937047,9.0,0.6228134692769821,0.5730250850689895,0.647208,0.001372514836853167,0.000512000000000068
continuous_latent_trait,two_corner_robust_response_information_gain,20.0,22260861.0,2.0,250.0,0.5352125666704399,0.5903471501259913,0.571801183720454,0.64776,0.6522122440931535,0.6469600000000001,0.647688585935896,0.5438800000000001,17.064,-0.36353102237984686,0.037053837702444754,19.01388888888889,49.01388888888889,0.0,,245.0,0.5705186992543635,5.0,0.6346429225588929,0.569757924151539,0.647024,0.0020432595689149347,-6.399999999993078e-05
continuous_latent_trait,two_corner_robust_response_information_gain,21.0,22360864.0,2.0,250.0,0.5336397384658018,0.5882984262206091,0.5693794917485658,0.6517999999999999,0.6517073490378602,0.6474,0.6470916835570899,0.54664,17.112,-0.36344934948705543,0.037353856137181896,19.01388888888889,49.01388888888889,1.0,0.45566156362684246,247.0,0.5693311348208869,2.0,0.6322105363777583,0.5673829749279855,0.645688,0.0019965168205803964,0.0017120000000000247
continuous_latent_trait,two_corner_robust_response_information_gain,22.0,22460867.0,2.0,250.0,0.5385436317174782,0.5924760895312964,0.5730580994321118,0.65276,0.6526917298889269,0.6466799999999999,0.6479568549468622,0.54728,17.104,-0.3627403857398907,0.037491133364494916,19.01388888888889,49.01388888888889,2.0,0.46561134714421054,238.0,0.5713583848305034,10.0,0.6350006574079734,0.5712332710871155,0.6459440000000001,0.0018248283449962433,0.0007359999999998923
continuous_latent_trait,two_corner_robust_response_information_gain,23.0,22560870.0,2.0,250.0,0.5365031502022644,0.5909873229875366,0.5711975784038388,0.6541600000000001,0.6523956177599948,0.64824,0.6475676645009394,0.54508,17.096,-0.36310794359191634,0.037281889992188504,19.01388888888889,49.01388888888889,1.0,0.5007075939197837,247.0,0.57100031062579,2.0,0.6308051412348822,0.569316793457096,0.647528,0.0018807849467427974,0.0007120000000000237
continuous_latent_trait,two_corner_robust_response_information_gain,24.0,22660873.0,2.0,250.0,0.5373496879344476,0.5914164636995579,0.5725126181659704,0.65112,0.6524527648456849,0.6456400000000001,0.6478425143476013,0.54628,17.012,-0.36306884964943176,0.0368434473152295,19.01388888888889,49.01388888888889,1.0,0.4672824754965427,242.0,0.5711818610669414,7.0,0.6335516696851842,0.5709861580099047,0.644568,0.0015264601560657453,0.001072000000000095
continuous_latent_trait,two_corner_robust_response_information_gain,25.0,22760876.0,2.0,250.0,0.535682703204094,0.5900653263761949,0.571701688897385,0.6517999999999999,0.6521718692966124,0.6503199999999999,0.6476907520453794,0.5471600000000001,17.112,-0.36180996345477756,0.03777381927653927,19.01388888888889,49.01388888888889,2.0,0.5019824094636286,239.0,0.5697801928351799,9.0,0.6382212575345555,0.5700488120184684,0.64812,0.001652876878916687,0.002199999999999891
continuous_latent_trait,two_corner_robust_response_information_gain,26.0,22860879.0,2.0,250.0,0.5399419201590294,0.5942924317553194,0.575681693957158,0.65016,0.65316088572959,0.6539200000000001,0.6486214840115192,0.5453199999999999,17.16,-0.36400697960796935,0.03747555703156788,19.01388888888889,49.01388888888889,0.0,,243.0,0.5739740280914817,7.0,0.6349620947227729,0.5732898301413176,0.65288,0.0023918638158404006,0.0010400000000000188
continuous_latent_trait,two_corner_robust_response_information_gain,27.0,22960882.0,2.0,250.0,0.534416751190072,0.5897025196068822,0.5707190383920153,0.65356,0.6519967076362202,0.6514800000000001,0.6473675561454356,0.5409200000000001,17.08,-0.3635564408103224,0.03724432787796239,19.01388888888889,49.01388888888889,1.0,0.4866449334947401,244.0,0.569851937826123,5.0,0.6298483669870183,0.5683072911776397,0.6504,0.002411747214375648,0.0010800000000000588
continuous_latent_trait,two_corner_robust_response_information_gain,28.0,23060885.0,2.0,250.0,0.539070999030457,0.5926736611597898,0.5736533922927394,0.6556799999999998,0.6527825740822543,0.6453199999999999,0.6481423393805674,0.54528,17.088,-0.3620690230511889,0.037189412488378544,19.01388888888889,49.01388888888889,1.0,0.49833941817909055,241.0,0.5716910815542104,8.0,0.6421822500551301,0.5720941190082718,0.6448160000000001,0.0015592732844676772,0.0005039999999998601
continuous_latent_trait,two_corner_robust_response_information_gain,29.0,23160888.0,2.0,250.0,0.53707212538824,0.5919362512664654,0.5723797910671412,0.65228,0.6524993070076535,0.64476,0.6477324437169877,0.54468,17.148,-0.3617488836753039,0.037856304132288486,19.01388888888889,49.01388888888889,1.0,0.49183425825936106,247.0,0.5722170783679341,2.0,0.632747575823098,0.569961062053918,0.643336,0.002418729013223153,0.0014239999999999587
four_state_semimarkov,balanced_mastery,0.0,20260801.0,2.0,250.0,0.5398,0.6058,0.5865066666666665,0.6575439999999999,0.6551825953123237,0.6499520000000001,0.650528432436691,0.71888,19.256,0.6931018036522764,0.008023422923788139,19.01388888888889,49.01388888888889,22.0,0.4863636363636362,199.0,0.584254606365159,29.0,0.6779310344827586,0.5848933333333333,0.651464,0.001613333333333311,-0.00151199999999998
four_state_semimarkov,balanced_mastery,1.0,20360804.0,2.0,250.0,0.5330666666666666,0.5999999999999999,0.5800666666666666,0.65816,0.6537875971567958,0.6535839999999999,0.6489561283877532,0.7185999999999999,19.148,0.6894450689771727,0.008028127571625347,19.01388888888889,49.01388888888889,26.0,0.49589743589743585,194.0,0.5768213058419243,30.0,0.6739999999999999,0.5770933333333332,0.652848,0.0029733333333333612,0.0007359999999999145
four_state_semimarkov,balanced_mastery,2.0,20460807.0,2.0,250.0,0.5401333333333332,0.6073466666666666,0.5882533333333333,0.658896,0.6556410446654863,0.650096,0.65100076646971,0.72076,19.188,0.6930744042435663,0.008313407617006746,19.01388888888889,49.01388888888889,15.0,0.4713333333333334,207.0,0.5865056360708534,28.0,0.6638095238095237,0.5836133333333333,0.64872,0.004640000000000022,0.0013759999999999994
four_state_semimarkov,balanced_mastery,3.0,20560810.0,2.0,250.0,0.5303333333333332,0.59604,0.5762799999999999,0.6532560000000001,0.6528600520695377,0.643544,0.6480696840408992,0.7244400000000001,19.316,0.6811538225866238,0.007963266263173466,19.01388888888889,49.01388888888889,27.0,0.4924691358024691,199.0,0.5773366834170852,24.0,0.6618055555555555,0.5747599999999999,0.645176,0.001519999999999988,-0.0016320000000001
four_state_semimarkov,balanced_mastery,4.0,20660813.0,2.0,250.0,0.5348666666666666,0.599,0.57996,0.65808,0.6536285146989641,0.650408,0.6490475645284944,0.7166399999999998,19.228,0.6935751977346801,0.008298595182157338,19.01388888888889,49.01388888888889,32.0,0.4833333333333333,193.0,0.5844386873920552,25.0,0.6690666666666666,0.57868,0.649216,0.0012800000000000368,0.0011919999999999709
four_state_semimarkov,balanced_mastery,5.0,20760816.0,2.0,250.0,0.5378,0.6036666666666666,0.58376,0.6539919999999999,0.6547099239981196,0.651872,0.6498833568370885,0.72296,19.276,0.6863872090864276,0.008480880281840143,19.01388888888889,49.01388888888889,30.0,0.4753333333333332,177.0,0.5792843691148775,43.0,0.677829457364341,0.5806799999999999,0.651848,0.0030799999999999938,2.4000000000046208e-05
four_state_semimarkov,balanced_mastery,6.0,20860819.0,2.0,250.0,0.5315333333333333,0.5973199999999999,0.5779333333333333,0.651928,0.6530040209321916,0.648208,0.6483166381622001,0.7206,19.34,0.6905258671551642,0.008471045249000077,19.01388888888889,49.01388888888889,26.0,0.4930769230769231,203.0,0.5773234811165844,21.0,0.6888888888888888,0.5778666666666666,0.647616,6.666666666672594e-05,0.0005919999999999925
four_state_semimarkov,balanced_mastery,7.0,20960822.0,2.0,250.0,0.5388666666666666,0.6029599999999999,0.5831333333333333,0.658832,0.654739552815242,0.64788,0.6499267526441109,0.7252000000000001,19.372,0.6830024517920121,0.008335642016173508,19.01388888888889,49.01388888888889,22.0,0.4748484848484848,197.0,0.5800846023688663,31.0,0.6793548387096775,0.5811733333333333,0.6468480000000001,0.0019600000000000286,0.0010319999999999884
four_state_semimarkov,balanced_mastery,8.0,21060825.0,2.0,250.0,0.5411333333333332,0.6031466666666666,0.5832266666666667,0.6526959999999999,0.6544600131033416,0.646992,0.6496313775909881,0.7186800000000001,19.196,0.6939387786136274,0.00802805564726367,19.01388888888889,49.01388888888889,16.0,0.476875,202.0,0.5796864686468646,32.0,0.6587500000000001,0.58456,0.64796,-0.0013333333333333196,-0.0009679999999999911
four_state_semimarkov,balanced_mastery,9.0,21160828.0,2.0,250.0,0.5351999999999999,0.6000666666666665,0.5798933333333334,0.65248,0.65389069412328,0.651384,0.6490020887268226,0.71568,19.028,0.6961230039862055,0.00805580567268205,19.01388888888889,49.01388888888889,29.0,0.498735632183908,189.0,0.578447971781305,32.0,0.6619791666666666,0.5764533333333333,0.651672,0.0034400000000000875,-0.0002879999999999772
four_state_semimarkov,balanced_mastery,10.0,21260831.0,2.0,250.0,0.5418,0.60612,0.58456,0.6569200000000001,0.6553120309377494,0.646584,0.6500738174896559,0.72364,19.264,0.6854934532331894,0.00867375714756226,19.01388888888889,49.01388888888889,24.0,0.4918055555555555,193.0,0.5823316062176165,33.0,0.665050505050505,0.5805866666666666,0.6474880000000001,0.0039733333333333174,-0.0009040000000000159
four_state_semimarkov,balanced_mastery,11.0,21360834.0,2.0,250.0,0.5340666666666666,0.5965199999999999,0.5768266666666666,0.655392,0.6528867790369108,0.650344,0.6481096108936704,0.72292,19.276,0.6874974966930022,0.008091275702789617,19.01388888888889,49.01388888888889,29.0,0.4873563218390804,195.0,0.5780170940170939,26.0,0.6676923076923076,0.5772533333333333,0.651232,-0.0004266666666666419,-0.0008879999999999333
four_state_semimarkov,balanced_mastery,12.0,21460837.0,2.0,250.0,0.54,0.6018533333333332,0.5828533333333332,0.655608,0.654408881646449,0.647464,0.6497788303667675,0.71976,19.216,0.6921569158538162,0.008369215370357085,19.01388888888889,49.01388888888889,27.0,0.4775308641975308,187.0,0.5816221033868091,36.0,0.6682407407407407,0.5840266666666667,0.64888,-0.0011733333333334261,-0.001415999999999995
four_state_semimarkov,balanced_mastery,13.0,21560840.0,2.0,250.0,0.5360666666666666,0.5996133333333333,0.5785866666666666,0.6530720000000001,0.6538523113110427,0.6517280000000001,0.648738965759827,0.7241600000000001,19.216,0.6854588572124283,0.008521856879418976,19.01388888888889,49.01388888888889,23.0,0.47231884057971013,197.0,0.5782571912013535,30.0,0.6622222222222222,0.5771466666666665,0.650552,0.0014400000000000634,0.0011759999999999993
four_state_semimarkov,balanced_mastery,14.0,21660843.0,2.0,250.0,0.5405999999999999,0.5999599999999999,0.58036,0.6570639999999999,0.6539706072144883,0.654376,0.6492094897785501,0.7237599999999998,19.296,0.6871321413635391,0.008214793943693208,19.01388888888889,49.01388888888889,21.0,0.47968253968253965,192.0,0.5749131944444443,37.0,0.6657657657657656,0.5833866666666666,0.6537040000000001,-0.0030266666666666888,0.0006719999999999615
four_state_semimarkov,balanced_mastery,15.0,21760846.0,2.0,250.0,0.5313333333333332,0.5956133333333333,0.5761999999999998,0.653008,0.6527725346263399,0.64716,0.6480590536856397,0.71916,19.208,0.6872499875925272,0.00814956846625057,19.01388888888889,49.01388888888889,24.0,0.49416666666666664,204.0,0.5751960784313724,22.0,0.6749999999999999,0.5749333333333333,0.6475839999999999,0.001266666666666616,-0.00042400000000002435
four_state_semimarkov,balanced_mastery,16.0,21860849.0,2.0,250.0,0.5433333333333332,0.6078533333333332,0.5884266666666665,0.649864,0.6558323961138238,0.653464,0.651108395373895,0.72332,19.244,0.6870970676496881,0.008487857688634748,19.01388888888889,49.01388888888889,19.0,0.48947368421052617,192.0,0.5805034722222221,39.0,0.6756410256410256,0.5866533333333332,0.653336,0.0017733333333332935,0.0001280000000000392
four_state_semimarkov,balanced_mastery,17.0,21960852.0,2.0,250.0,0.5348666666666667,0.59776,0.5784933333333332,0.6499039999999999,0.6532511864698842,0.6496320000000001,0.6485664927813453,0.7212000000000001,19.264,0.6854176253648173,0.00817566594119746,19.01388888888889,49.01388888888889,24.0,0.48250000000000004,192.0,0.5751562499999999,34.0,0.6650980392156862,0.5782399999999999,0.649408,0.0002533333333333054,0.00022400000000004637
four_state_semimarkov,balanced_mastery,18.0,22060855.0,2.0,250.0,0.5428666666666666,0.6041733333333332,0.58444,0.654264,0.6548880461104977,0.653808,0.6501043619950384,0.7218,19.336,0.6862312906684594,0.008373033375413412,19.01388888888889,49.01388888888889,21.0,0.48158730158730156,192.0,0.5795659722222222,37.0,0.668108108108108,0.5874533333333332,0.6548,-0.0030133333333333123,-0.000992000000000015
four_state_semimarkov,balanced_mastery,19.0,22160858.0,2.0,250.0,0.5310666666666666,0.5953999999999999,0.5771733333333333,0.652704,0.6527359430335244,0.648568,0.6483190100874878,0.72572,19.456,0.6843679017109341,0.008385695769153122,19.01388888888889,49.01388888888889,33.0,0.49010101010101004,189.0,0.5792239858906525,28.0,0.6659523809523809,0.57632,0.647928,0.0008533333333332393,0.0006400000000000405
four_state_semimarkov,balanced_mastery,20.0,22260861.0,2.0,250.0,0.5401333333333332,0.6053066666666667,0.5865333333333332,0.6498959999999999,0.6551654413939368,0.65144,0.6505896829155677,0.72484,19.352,0.6823577527602499,0.008124902352047615,19.01388888888889,49.01388888888889,26.0,0.48961538461538456,192.0,0.5868749999999998,32.0,0.6632291666666666,0.5830799999999999,0.6511039999999999,0.0034533333333333525,0.00033599999999998074
four_state_semimarkov,balanced_mastery,21.0,22360864.0,2.0,250.0,0.5343333333333332,0.59948,0.5806933333333333,0.65292,0.6537021764445555,0.650512,0.6491746647638191,0.72184,19.268,0.6856343128277276,0.008191337953664859,19.01388888888889,49.01388888888889,36.0,0.4947222222222222,186.0,0.5827419354838709,28.0,0.6776190476190476,0.5779466666666666,0.648872,0.002746666666666653,0.0016400000000000414
four_state_semimarkov,balanced_mastery,22.0,22460867.0,2.0,250.0,0.5371999999999998,0.6007999999999999,0.5805333333333332,0.6553199999999999,0.6539474214109904,0.648384,0.6490112453829682,0.7239599999999999,19.252,0.6892951268059002,0.008325510188678685,19.01388888888889,49.01388888888889,27.0,0.4871604938271604,196.0,0.580408163265306,27.0,0.6748148148148146,0.5803066666666666,0.64924,0.00022666666666668612,-0.0008560000000000567
four_state_semimarkov,balanced_mastery,23.0,22560870.0,2.0,250.0,0.5407333333333334,0.6052,0.58552,0.656328,0.6550236699045435,0.6511359999999999,0.650239811996013,0.71956,19.336,0.6904644233132408,0.00824507574700448,19.01388888888889,49.01388888888889,29.0,0.49735632183908046,187.0,0.5865597147950089,34.0,0.6549999999999999,0.5814133333333332,0.650256,0.004106666666666659,0.0008800000000000364
four_state_semimarkov,balanced_mastery,24.0,22660873.0,2.0,250.0,0.5400666666666666,0.6042666666666666,0.5842666666666665,0.6557839999999999,0.6549573140750086,0.649896,0.6501008409977973,0.72364,19.28,0.6848138681741915,0.008467353445491972,19.01388888888889,49.01388888888889,25.0,0.49119999999999997,189.0,0.582010582010582,36.0,0.6607407407407406,0.5810533333333333,0.6492559999999999,0.003213333333333246,0.0006400000000000184
four_state_semimarkov,balanced_mastery,25.0,22760876.0,2.0,250.0,0.5362666666666667,0.5993599999999999,0.5802533333333333,0.651448,0.6537209695011382,0.650136,0.6490962236298068,0.7191199999999999,19.188,0.6899053430798815,0.007742809568665673,19.01388888888889,49.01388888888889,18.0,0.48388888888888887,211.0,0.579083728278041,21.0,0.6746031746031745,0.5818266666666666,0.6512800000000001,-0.0015733333333333155,-0.0011440000000000339
four_state_semimarkov,balanced_mastery,26.0,22860879.0,2.0,250.0,0.5412666666666667,0.6040533333333332,0.5851333333333333,0.652968,0.6547807202156082,0.656448,0.6501841300117397,0.72004,19.136,0.6922581765907987,0.008262308451957703,19.01388888888889,49.01388888888889,18.0,0.5027777777777777,198.0,0.5760101010101009,34.0,0.6818627450980391,0.5843866666666665,0.656224,0.0007466666666667177,0.00022400000000004637
four_state_semimarkov,balanced_mastery,27.0,22960882.0,2.0,250.0,0.536,0.5984799999999999,0.5789066666666665,0.653824,0.653479458862634,0.650856,0.6487630262773587,0.72476,19.32,0.6917706501764823,0.008579694616504317,19.01388888888889,49.01388888888889,20.0,0.48249999999999993,207.0,0.5769082125603864,23.0,0.6807246376811593,0.5791999999999999,0.6504559999999999,-0.0002933333333333454,0.00040000000000000034
four_state_semimarkov,balanced_mastery,28.0,23060885.0,2.0,250.0,0.5365333333333333,0.6031599999999998,0.5842799999999999,0.656728,0.6546737556615516,0.645584,0.650094748384674,0.72296,19.26,0.6833079379503435,0.008462718799087804,19.01388888888889,49.01388888888889,23.0,0.4914492753623187,203.0,0.5819047619047618,24.0,0.6933333333333332,0.5799733333333333,0.645424,0.004306666666666592,0.0001600000000000046
four_state_semimarkov,balanced_mastery,29.0,23160888.0,2.0,250.0,0.5438666666666666,0.6101866666666667,0.5902533333333333,0.658608,0.6562485105168347,0.6482479999999999,0.6514241741940152,0.72212,19.204,0.6890347181351738,0.008408956338332321,19.01388888888889,49.01388888888889,24.0,0.49777777777777776,189.0,0.5855908289241623,37.0,0.6740540540540539,0.5848266666666666,0.647472,0.005426666666666602,0.0007759999999999323
four_state_semimarkov,blocked_median_item,0.0,20260801.0,2.0,250.0,0.5398,0.60388,0.5848933333333333,0.658728,0.655157269575494,0.651464,0.650560726679845,0.6636559999999999,20.0,0.2591132215989303,0.028371411669625694,19.01388888888889,49.01388888888889,22.0,0.48106060606060597,199.0,0.5847403685092127,29.0,0.6647126436781609,0.5848933333333333,0.651464,0.0,0.0
four_state_semimarkov,blocked_median_item,1.0,20360804.0,2.0,250.0,0.5330666666666666,0.5966533333333333,0.5770933333333332,0.658944,0.653278750673951,0.652848,0.6485243549578315,0.662192,20.0,0.2591132215989303,0.027795219394663007,19.01388888888889,49.01388888888889,26.0,0.4901282051282051,194.0,0.5748797250859106,30.0,0.6667777777777777,0.5770933333333332,0.652848,0.0,0.0
four_state_semimarkov,blocked_median_item,2.0,20460807.0,2.0,250.0,0.5401333333333332,0.6024266666666666,0.5836133333333333,0.659216,0.6547931375550723,0.64872,0.6502125240642027,0.6648319999999999,20.0,0.2591132215989303,0.02843622428316222,19.01388888888889,49.01388888888889,15.0,0.4766666666666667,207.0,0.5809822866344605,28.0,0.6603571428571428,0.5836133333333333,0.64872,0.0,0.0
four_state_semimarkov,blocked_median_item,3.0,20560810.0,2.0,250.0,0.5303333333333332,0.5946,0.5747599999999999,0.652376,0.6529339066729094,0.645176,0.6481119866066833,0.6595519999999999,20.0,0.2591132215989303,0.027561430865937132,19.01388888888889,49.01388888888889,27.0,0.4924691358024691,199.0,0.5749581239530988,24.0,0.6656944444444444,0.5747599999999999,0.645176,0.0,0.0
four_state_semimarkov,blocked_median_item,4.0,20660813.0,2.0,250.0,0.5348666666666666,0.5978933333333332,0.57868,0.6579200000000001,0.6537034860567837,0.649216,0.6490668745208665,0.6609119999999999,20.0,0.2591132215989303,0.027810122413245313,19.01388888888889,49.01388888888889,32.0,0.4845833333333333,193.0,0.5828324697754749,25.0,0.6670666666666666,0.57868,0.649216,0.0,0.0
four_state_semimarkov,blocked_median_item,5.0,20760816.0,2.0,250.0,0.5378,0.6003866666666666,0.5806799999999999,0.654424,0.6543196615969732,0.651848,0.649532453225792,0.66456,20.0,0.2591132215989303,0.028028251405249317,19.01388888888889,49.01388888888889,30.0,0.48266666666666663,177.0,0.5770244821092277,43.0,0.6641085271317829,0.5806799999999999,0.651848,0.0,0.0
four_state_semimarkov,blocked_median_item,6.0,20860819.0,2.0,250.0,0.5315333333333333,0.5965866666666666,0.5778666666666666,0.650896,0.6533487936568342,0.647616,0.6487917499542377,0.66292,20.0,0.2591132215989303,0.02804178746672431,19.01388888888889,49.01388888888889,26.0,0.4903846153846153,203.0,0.5791461412151067,21.0,0.6738095238095237,0.5778666666666666,0.647616,0.0,0.0
four_state_semimarkov,blocked_median_item,7.0,20960822.0,2.0,250.0,0.5388666666666666,0.6010266666666666,0.5811733333333333,0.658288,0.6546354200441864,0.6468480000000001,0.6498047453446147,0.6638,20.0,0.2591132215989303,0.028232384045743207,19.01388888888889,49.01388888888889,22.0,0.4909090909090909,197.0,0.5772419627749577,31.0,0.6702150537634408,0.5811733333333333,0.6468480000000001,0.0,0.0
four_state_semimarkov,blocked_median_item,8.0,21060825.0,2.0,250.0,0.5411333333333332,0.6042799999999999,0.58456,0.6535759999999999,0.6551850434639864,0.64796,0.6503825617584414,0.665008,20.0,0.2591132215989303,0.02840403247204863,19.01388888888889,49.01388888888889,16.0,0.4883333333333333,202.0,0.5793069306930692,32.0,0.6658333333333333,0.58456,0.64796,0.0,0.0
four_state_semimarkov,blocked_median_item,9.0,21160828.0,2.0,250.0,0.5351999999999999,0.5965066666666666,0.5764533333333333,0.653416,0.6533899355054975,0.651672,0.648518729628509,0.662976,20.0,0.2591132215989303,0.028123814633653543,19.01388888888889,49.01388888888889,29.0,0.49034482758620684,189.0,0.575731922398589,32.0,0.6587499999999998,0.5764533333333333,0.651672,0.0,0.0
four_state_semimarkov,blocked_median_item,10.0,21260831.0,2.0,250.0,0.5418,0.6012933333333332,0.5805866666666666,0.6566799999999999,0.654539616579225,0.6474880000000001,0.649493517357022,0.662336,20.0,0.2591132215989303,0.02821988694253662,19.01388888888889,49.01388888888889,24.0,0.4884722222222222,193.0,0.5784283246977546,33.0,0.6602020202020201,0.5805866666666666,0.6474880000000001,0.0,0.0
four_state_semimarkov,blocked_median_item,11.0,21360834.0,2.0,250.0,0.5340666666666666,0.5970666666666666,0.5772533333333333,0.65444,0.65348513061438,0.651232,0.6486644619239926,0.6621119999999999,20.0,0.2591132215989303,0.02833381790255491,19.01388888888889,49.01388888888889,29.0,0.5004597701149425,195.0,0.5773675213675212,26.0,0.662051282051282,0.5772533333333333,0.651232,0.0,0.0
four_state_semimarkov,blocked_median_item,12.0,21460837.0,2.0,250.0,0.54,0.6032,0.5840266666666667,0.656264,0.6550427865308086,0.64888,0.6503592687299604,0.6637839999999999,20.0,0.2591132215989303,0.028158429638021044,19.01388888888889,49.01388888888889,27.0,0.49074074074074064,187.0,0.5823172905525846,36.0,0.6628703703703702,0.5840266666666667,0.64888,0.0,0.0
four_state_semimarkov,blocked_median_item,13.0,21560840.0,2.0,250.0,0.5360666666666666,0.5979466666666665,0.5771466666666665,0.6541359999999999,0.6538039976564255,0.650552,0.6487261729104856,0.663144,20.0,0.2591132215989303,0.02790694277892744,19.01388888888889,49.01388888888889,23.0,0.4811594202898551,197.0,0.5752453468697123,30.0,0.663222222222222,0.5771466666666665,0.650552,0.0,0.0
four_state_semimarkov,blocked_median_item,14.0,21660843.0,2.0,250.0,0.5405999999999999,0.6031866666666665,0.5833866666666666,0.658088,0.6551433668469807,0.6537040000000001,0.6503302901241893,0.663712,20.0,0.2591132215989303,0.028282751096829196,19.01388888888889,49.01388888888889,21.0,0.49523809523809526,192.0,0.5762152777777777,37.0,0.6706306306306307,0.5833866666666666,0.6537040000000001,0.0,0.0
four_state_semimarkov,blocked_median_item,15.0,21760846.0,2.0,250.0,0.5313333333333332,0.5940399999999999,0.5749333333333333,0.653904,0.6527881870510682,0.6475839999999999,0.648130538041127,0.662368,20.0,0.2591132215989303,0.028377749454615808,19.01388888888889,49.01388888888889,24.0,0.4915277777777778,204.0,0.5751797385620914,22.0,0.6636363636363635,0.5749333333333333,0.6475839999999999,0.0,0.0
four_state_semimarkov,blocked_median_item,16.0,21860849.0,2.0,250.0,0.5433333333333332,0.6055999999999999,0.5866533333333332,0.649752,0.6556892554839397,0.653336,0.6510686551840983,0.664504,20.0,0.2591132215989303,0.028317719237616258,19.01388888888889,49.01388888888889,19.0,0.48859649122807014,192.0,0.5794270833333333,39.0,0.6699999999999999,0.5866533333333332,0.653336,0.0,0.0
four_state_semimarkov,blocked_median_item,17.0,21960852.0,2.0,250.0,0.5348666666666667,0.59712,0.5782399999999999,0.650664,0.6535148518120791,0.649408,0.6489069292094527,0.6599600000000001,20.0,0.2591132215989303,0.027804433189089078,19.01388888888889,49.01388888888889,24.0,0.4844444444444444,192.0,0.5755729166666665,34.0,0.6595098039215685,0.5782399999999999,0.649408,0.0,0.0
four_state_semimarkov,blocked_median_item,18.0,22060855.0,2.0,250.0,0.5428666666666666,0.6070399999999999,0.5874533333333332,0.654752,0.6558820993018861,0.6548,0.6511284572414114,0.662432,20.0,0.2591132215989303,0.028073454143505684,19.01388888888889,49.01388888888889,21.0,0.49269841269841264,192.0,0.5830729166666665,37.0,0.6639639639639638,0.5874533333333332,0.6548,0.0,0.0
four_state_semimarkov,blocked_median_item,19.0,22160858.0,2.0,250.0,0.5310666666666666,0.5944,0.57632,0.653848,0.6528582862599291,0.647928,0.648453438732575,0.6612640000000001,20.0,0.2591132215989303,0.028051212652014147,19.01388888888889,49.01388888888889,33.0,0.488080808080808,189.0,0.5785890652557318,28.0,0.6649999999999999,0.57632,0.647928,0.0,0.0
four_state_semimarkov,blocked_median_item,20.0,22260861.0,2.0,250.0,0.5401333333333332,0.60164,0.5830799999999999,0.6499280000000001,0.6546609809762458,0.6511039999999999,0.6501225606068253,0.666384,20.0,0.2591132215989303,0.028164798977606355,19.01388888888889,49.01388888888889,26.0,0.48974358974358967,192.0,0.5830729166666666,32.0,0.6589583333333333,0.5830799999999999,0.6511039999999999,0.0,0.0
four_state_semimarkov,blocked_median_item,21.0,22360864.0,2.0,250.0,0.5343333333333332,0.5968266666666666,0.5779466666666666,0.6521440000000001,0.6534571355710129,0.648872,0.6488836101288278,0.658704,20.0,0.2591132215989303,0.028203125067532413,19.01388888888889,49.01388888888889,36.0,0.4950925925925926,186.0,0.5797849462365591,28.0,0.6722619047619047,0.5779466666666666,0.648872,0.0,0.0
four_state_semimarkov,blocked_median_item,22.0,22460867.0,2.0,250.0,0.5371999999999998,0.6004666666666665,0.5803066666666666,0.65584,0.6542714673390496,0.64924,0.6493450345831098,0.662392,20.0,0.2591132215989303,0.02800361346290355,19.01388888888889,49.01388888888889,27.0,0.4883950617283951,196.0,0.580986394557823,27.0,0.6672839506172838,0.5803066666666666,0.64924,0.0,0.0
four_state_semimarkov,blocked_median_item,23.0,22560870.0,2.0,250.0,0.5407333333333334,0.6011599999999999,0.5814133333333332,0.654768,0.6544564762427473,0.650256,0.6496468179354025,0.661672,20.0,0.2591132215989303,0.028492576690069726,19.01388888888889,49.01388888888889,29.0,0.4906896551724137,187.0,0.5819429590017824,34.0,0.6558823529411764,0.5814133333333332,0.650256,0.0,0.0
four_state_semimarkov,blocked_median_item,24.0,22660873.0,2.0,250.0,0.5400666666666666,0.6005999999999998,0.5810533333333333,0.65544,0.6544668976334342,0.6492559999999999,0.6497050045675079,0.6612319999999999,20.0,0.2591132215989303,0.02851937267732522,19.01388888888889,49.01388888888889,25.0,0.4953333333333333,189.0,0.5773015873015872,36.0,0.6602777777777777,0.5810533333333333,0.6492559999999999,0.0,0.0
four_state_semimarkov,blocked_median_item,25.0,22760876.0,2.0,250.0,0.5362666666666667,0.6006666666666666,0.5818266666666666,0.653496,0.6544003968654067,0.6512800000000001,0.6498296822768018,0.662344,20.0,0.2591132215989303,0.028414156205171827,19.01388888888889,49.01388888888889,18.0,0.492037037037037,211.0,0.5814375987361768,21.0,0.6626984126984127,0.5818266666666666,0.6512800000000001,0.0,0.0
four_state_semimarkov,blocked_median_item,26.0,22860879.0,2.0,250.0,0.5412666666666667,0.6026533333333333,0.5843866666666665,0.652192,0.6548970007164836,0.656224,0.6504361075783107,0.6622640000000001,20.0,0.2591132215989303,0.02836710915936258,19.01388888888889,49.01388888888889,18.0,0.49518518518518506,198.0,0.578131313131313,34.0,0.6680392156862744,0.5843866666666665,0.656224,0.0,0.0
four_state_semimarkov,blocked_median_item,27.0,22960882.0,2.0,250.0,0.536,0.5983599999999999,0.5791999999999999,0.654824,0.6538066141714559,0.6504559999999999,0.6491766145290262,0.66356,20.0,0.2591132215989303,0.02830081274486184,19.01388888888889,49.01388888888889,20.0,0.4828333333333332,207.0,0.5781481481481481,23.0,0.672463768115942,0.5791999999999999,0.6504559999999999,0.0,0.0
four_state_semimarkov,blocked_median_item,28.0,23060885.0,2.0,250.0,0.5365333333333333,0.5983333333333333,0.5799733333333333,0.656024,0.6538843856865797,0.645424,0.6494086126398634,0.662648,20.0,0.2591132215989303,0.02801112751981505,19.01388888888889,49.01388888888889,23.0,0.4843478260869564,203.0,0.5795730706075533,24.0,0.6749999999999999,0.5799733333333333,0.645424,0.0,0.0
four_state_semimarkov,blocked_median_item,29.0,23160888.0,2.0,250.0,0.5438666666666666,0.60432,0.5848266666666666,0.657216,0.6552978527199673,0.647472,0.6505591687280637,0.664832,20.0,0.2591132215989303,0.028212165132768946,19.01388888888889,49.01388888888889,24.0,0.4919444444444444,189.0,0.5802116402116401,37.0,0.6686486486486486,0.5848266666666666,0.647472,0.0,0.0
four_state_semimarkov,interleaved_median_item,0.0,20260801.0,2.0,250.0,0.5398,0.6033066666666665,0.5846666666666666,0.658632,0.6550160898357842,0.651352,0.650500839460806,0.661184,20.0,0.25911322159893035,0.02824221444225647,19.01388888888889,49.01388888888889,22.0,0.4927272727272727,199.0,0.5825795644891121,29.0,0.668735632183908,0.5848933333333333,0.651464,-0.00022666666666673052,-0.00011199999999993438
four_state_semimarkov,interleaved_median_item,1.0,20360804.0,2.0,250.0,0.5330666666666666,0.5962933333333332,0.5768933333333333,0.6582239999999999,0.6532433669291243,0.653336,0.6485259538586716,0.6635920000000001,20.0,0.25911322159893035,0.02826180933427669,19.01388888888889,49.01388888888889,26.0,0.4851282051282051,194.0,0.575103092783505,30.0,0.6679999999999999,0.5770933333333332,0.652848,-0.00019999999999997797,0.00048799999999997733
four_state_semimarkov,interleaved_median_item,2.0,20460807.0,2.0,250.0,0.5401333333333332,0.6016533333333333,0.5829466666666666,0.6589039999999999,0.6546035826380403,0.6488959999999999,0.6500514822301039,0.6620320000000001,20.0,0.25911322159893035,0.028769190497889514,19.01388888888889,49.01388888888889,15.0,0.47800000000000004,207.0,0.5802254428341385,28.0,0.6592857142857143,0.5836133333333333,0.64872,-0.0006666666666666377,0.00017599999999997617
four_state_semimarkov,interleaved_median_item,3.0,20560810.0,2.0,250.0,0.5303333333333332,0.5937866666666667,0.5740399999999999,0.652488,0.6527485765125349,0.6445679999999999,0.647945424785218,0.661376,20.0,0.25911322159893035,0.02824625876526333,19.01388888888889,49.01388888888889,27.0,0.4939506172839506,199.0,0.5738190954773869,24.0,0.6659722222222222,0.5747599999999999,0.645176,-0.0007199999999999874,-0.0006080000000000529
four_state_semimarkov,interleaved_median_item,4.0,20660813.0,2.0,250.0,0.5348666666666666,0.5975866666666666,0.5787733333333333,0.6576,0.6536112830515461,0.648944,0.6490673891753364,0.6625599999999999,20.0,0.25911322159893035,0.02852542955115327,19.01388888888889,49.01388888888889,32.0,0.48708333333333326,193.0,0.582055267702936,25.0,0.6708,0.57868,0.649216,9.333333333336747e-05,-0.00027199999999998336
four_state_semimarkov,interleaved_median_item,5.0,20760816.0,2.0,250.0,0.5378,0.6023733333333332,0.5828266666666666,0.6547120000000001,0.654806919956771,0.652512,0.6500524449064915,0.665216,20.0,0.25911322159893035,0.02855184869150445,19.01388888888889,49.01388888888889,30.0,0.485,177.0,0.5790772128060262,43.0,0.6665116279069767,0.5806799999999999,0.651848,0.0021466666666666743,0.0006639999999999535
four_state_semimarkov,interleaved_median_item,6.0,20860819.0,2.0,250.0,0.5315333333333333,0.5977733333333333,0.5787066666666666,0.652016,0.6536094864065947,0.6481600000000001,0.6489696634226287,0.6606319999999999,20.0,0.25911322159893035,0.027998890908766155,19.01388888888889,49.01388888888889,26.0,0.4873076923076923,203.0,0.5806239737274219,21.0,0.6733333333333332,0.5778666666666666,0.647616,0.0008400000000000185,0.0005439999999999889
four_state_semimarkov,interleaved_median_item,7.0,20960822.0,2.0,250.0,0.5388666666666666,0.6018266666666665,0.5821466666666666,0.6582,0.6548745523801122,0.648048,0.650088062016781,0.6636,20.0,0.25911322159893035,0.028214192781506147,19.01388888888889,49.01388888888889,22.0,0.49045454545454537,197.0,0.5789847715736041,31.0,0.6673118279569892,0.5811733333333333,0.6468480000000001,0.0009733333333333593,0.0012000000000000233
four_state_semimarkov,interleaved_median_item,8.0,21060825.0,2.0,250.0,0.5411333333333332,0.6045466666666666,0.5844933333333333,0.6533279999999999,0.6552707810620241,0.647424,0.6503864669912794,0.664776,20.0,0.25911322159893035,0.028132873594608542,19.01388888888889,49.01388888888889,16.0,0.49020833333333336,202.0,0.5795874587458745,32.0,0.6626041666666665,0.58456,0.64796,-6.666666666670374e-05,-0.0005359999999999809
four_state_semimarkov,interleaved_median_item,9.0,21160828.0,2.0,250.0,0.5351999999999999,0.5980666666666666,0.5780399999999999,0.654232,0.6537949059660109,0.65136,0.6489318756983822,0.6628640000000001,20.0,0.25911322159893035,0.028253875495071114,19.01388888888889,49.01388888888889,29.0,0.4926436781609195,189.0,0.5769841269841269,32.0,0.6616666666666666,0.5764533333333333,0.651672,0.0015866666666666696,-0.00031200000000002336
four_state_semimarkov,interleaved_median_item,10.0,21260831.0,2.0,250.0,0.5418,0.60276,0.5821333333333333,0.656968,0.6549523366102694,0.64732,0.6499196151330777,0.66532,20.0,0.25911322159893035,0.028669253266965462,19.01388888888889,49.01388888888889,24.0,0.4948611111111111,193.0,0.5800345423143349,33.0,0.6578787878787878,0.5805866666666666,0.6474880000000001,0.0015466666666666517,-0.0001680000000000126
four_state_semimarkov,interleaved_median_item,11.0,21360834.0,2.0,250.0,0.5340666666666666,0.5995733333333333,0.5797066666666666,0.655224,0.6540854191383445,0.6515359999999999,0.6492525518173153,0.6593439999999999,20.0,0.25911322159893035,0.028168588571568655,19.01388888888889,49.01388888888889,29.0,0.49908045977011495,195.0,0.5796581196581195,26.0,0.6699999999999999,0.5772533333333333,0.651232,0.0024533333333333963,0.00030400000000001536
four_state_semimarkov,interleaved_median_item,12.0,21460837.0,2.0,250.0,0.54,0.60368,0.58436,0.655944,0.6551693391685063,0.64932,0.6504550623960221,0.662632,20.0,0.25911322159893035,0.028809111670901937,19.01388888888889,49.01388888888889,27.0,0.49098765432098757,187.0,0.5815864527629232,36.0,0.6687962962962961,0.5840266666666667,0.64888,0.0003333333333332966,0.00043999999999999595
four_state_semimarkov,interleaved_median_item,13.0,21560840.0,2.0,250.0,0.5360666666666666,0.5987333333333333,0.5778533333333333,0.654336,0.6540166845123941,0.650624,0.6489314819863614,0.660072,20.0,0.25911322159893035,0.02795142848068175,19.01388888888889,49.01388888888889,23.0,0.4794202898550724,197.0,0.576565143824027,30.0,0.6617777777777777,0.5771466666666665,0.650552,0.000706666666666722,7.199999999998318e-05
four_state_semimarkov,interleaved_median_item,14.0,21660843.0,2.0,250.0,0.5405999999999999,0.6029466666666666,0.5834266666666666,0.658448,0.6550588934259253,0.653984,0.6503089962691366,0.661928,20.0,0.25911322159893035,0.028755069523779077,19.01388888888889,49.01388888888889,21.0,0.4876190476190475,192.0,0.5780555555555554,37.0,0.6656756756756756,0.5833866666666666,0.6537040000000001,3.999999999999559e-05,0.00027999999999999136
four_state_semimarkov,interleaved_median_item,15.0,21760846.0,2.0,250.0,0.5313333333333332,0.5948533333333332,0.5757733333333332,0.6538640000000001,0.6529621494894956,0.647568,0.6483152333365121,0.663136,20.0,0.25911322159893035,0.02829422055676321,19.01388888888889,49.01388888888889,24.0,0.48722222222222217,204.0,0.5765849673202613,22.0,0.6648484848484848,0.5749333333333333,0.6475839999999999,0.0008399999999999297,-1.5999999999949387e-05
four_state_semimarkov,interleaved_median_item,16.0,21860849.0,2.0,250.0,0.5433333333333332,0.6053333333333333,0.5864799999999999,0.649264,0.6556557009065019,0.6530720000000001,0.6510542017270947,0.6659200000000001,20.0,0.25911322159893035,0.028711252594359537,19.01388888888889,49.01388888888889,19.0,0.48684210526315785,192.0,0.5796874999999998,39.0,0.6684615384615383,0.5866533333333332,0.653336,-0.00017333333333331425,-0.0002639999999999976
four_state_semimarkov,interleaved_median_item,17.0,21960852.0,2.0,250.0,0.5348666666666667,0.5995466666666667,0.5807599999999999,0.651544,0.6541189714006536,0.650976,0.6495336006237868,0.661352,20.0,0.25911322159893035,0.028438707312333604,19.01388888888889,49.01388888888889,24.0,0.48999999999999994,192.0,0.5784374999999999,34.0,0.6579411764705881,0.5782399999999999,0.649408,0.002520000000000011,0.0015679999999999694
four_state_semimarkov,interleaved_median_item,18.0,22060855.0,2.0,250.0,0.5428666666666666,0.6053733333333333,0.5857199999999999,0.654072,0.6554720433231362,0.654544,0.6507000071408526,0.663856,20.0,0.25911322159893035,0.028414038555860655,19.01388888888889,49.01388888888889,21.0,0.48936507936507934,192.0,0.5821701388888888,37.0,0.6588288288288288,0.5874533333333332,0.6548,-0.0017333333333333424,-0.00025600000000001175
four_state_semimarkov,interleaved_median_item,19.0,22160858.0,2.0,250.0,0.5310666666666666,0.5955066666666666,0.5775199999999999,0.654112,0.653117478414339,0.6488799999999999,0.6487365155741809,0.661848,20.0,0.25911322159893035,0.028768308642469764,19.01388888888889,49.01388888888889,33.0,0.48747474747474745,189.0,0.5798765432098765,28.0,0.6677380952380952,0.57632,0.647928,0.0011999999999999123,0.0009519999999999973
four_state_semimarkov,interleaved_median_item,20.0,22260861.0,2.0,250.0,0.5401333333333332,0.6017199999999999,0.5830933333333332,0.649208,0.6546982300653607,0.6512399999999999,0.6501420637781428,0.664424,20.0,0.25911322159893035,0.028497225024448514,19.01388888888889,49.01388888888889,26.0,0.4893589743589743,192.0,0.5835416666666665,32.0,0.6565624999999999,0.5830799999999999,0.6511039999999999,1.3333333333376274e-05,0.0001360000000000028
four_state_semimarkov,interleaved_median_item,21.0,22360864.0,2.0,250.0,0.5343333333333332,0.5966133333333333,0.5777333333333333,0.651896,0.6534107031402983,0.6488959999999999,0.6488475795871106,0.660416,20.0,0.25911322159893035,0.028450936679900098,19.01388888888889,49.01388888888889,36.0,0.49555555555555547,186.0,0.5799283154121863,28.0,0.6688095238095237,0.5779466666666666,0.648872,-0.00021333333333333203,2.3999999999979594e-05
four_state_semimarkov,interleaved_median_item,22.0,22460867.0,2.0,250.0,0.5371999999999998,0.6007199999999999,0.5809333333333333,0.655376,0.6543828181186572,0.648304,0.649546716135559,0.663072,20.0,0.25911322159893035,0.02789682723514081,19.01388888888889,49.01388888888889,27.0,0.49037037037037035,196.0,0.5822448979591835,27.0,0.6619753086419753,0.5803066666666666,0.64924,0.0006266666666666643,-0.0009360000000000479
four_state_semimarkov,interleaved_median_item,23.0,22560870.0,2.0,250.0,0.5407333333333334,0.6014533333333333,0.5817333333333332,0.654608,0.6545338020298914,0.650992,0.6497307390634346,0.665088,20.0,0.25911322159893035,0.028628722351245472,19.01388888888889,49.01388888888889,29.0,0.49689655172413794,187.0,0.5815864527629232,34.0,0.6549019607843137,0.5814133333333332,0.650256,0.00031999999999996474,0.0007360000000000255
four_state_semimarkov,interleaved_median_item,24.0,22660873.0,2.0,250.0,0.5400666666666666,0.6009866666666666,0.5814266666666665,0.6554800000000001,0.6545662133062836,0.649112,0.6497927948323274,0.6621360000000001,20.0,0.25911322159893035,0.028342628604050225,19.01388888888889,49.01388888888889,25.0,0.4958666666666667,189.0,0.5776366843033508,36.0,0.6607407407407407,0.5810533333333333,0.6492559999999999,0.0003733333333332256,-0.00014399999999994417
four_state_semimarkov,interleaved_median_item,25.0,22760876.0,2.0,250.0,0.5362666666666667,0.6010533333333333,0.5823066666666666,0.652976,0.6545261232826011,0.651576,0.6499723559308401,0.66316,20.0,0.25911322159893035,0.028780981908288983,19.01388888888889,49.01388888888889,18.0,0.49185185185185176,211.0,0.581816745655608,21.0,0.6647619047619047,0.5818266666666666,0.6512800000000001,0.00048000000000003595,0.0002960000000000296
four_state_semimarkov,interleaved_median_item,26.0,22860879.0,2.0,250.0,0.5412666666666667,0.60328,0.5847999999999999,0.6523680000000001,0.6550020509324022,0.65636,0.6504926501335062,0.6635759999999999,20.0,0.25911322159893035,0.02858765461551696,19.01388888888889,49.01388888888889,18.0,0.4925925925925926,198.0,0.5793939393939394,34.0,0.6650980392156862,0.5843866666666665,0.656224,0.00041333333333337663,0.00013599999999995837
four_state_semimarkov,interleaved_median_item,27.0,22960882.0,2.0,250.0,0.536,0.6005999999999999,0.5814666666666667,0.654896,0.6543675152236954,0.651872,0.6497437364426291,0.662976,20.0,0.25911322159893035,0.028710120275667418,19.01388888888889,49.01388888888889,20.0,0.49366666666666664,207.0,0.5793075684380031,23.0,0.6772463768115942,0.5791999999999999,0.6504559999999999,0.00226666666666675,0.0014159999999999728
four_state_semimarkov,interleaved_median_item,28.0,23060885.0,2.0,250.0,0.5365333333333333,0.5997866666666666,0.5812533333333333,0.656456,0.6542678448740219,0.64604,0.6497506653832599,0.660704,20.0,0.25911322159893035,0.028359655408156055,19.01388888888889,49.01388888888889,23.0,0.4815942028985507,203.0,0.5809688013136288,24.0,0.6791666666666666,0.5799733333333333,0.645424,0.0012799999999999478,0.0006159999999999721
four_state_semimarkov,interleaved_median_item,29.0,23160888.0,2.0,250.0,0.5438666666666666,0.6054533333333333,0.5857733333333333,0.658136,0.6555752021205797,0.647144,0.6507931681454018,0.66328,20.0,0.25911322159893035,0.028551176291295076,19.01388888888889,49.01388888888889,24.0,0.4916666666666666,189.0,0.5816225749559082,37.0,0.668018018018018,0.5848266666666666,0.647472,0.000946666666666629,-0.0003280000000000616
four_state_semimarkov,latent_state_greedy,0.0,20260801.0,2.0,250.0,0.5398,0.66736,0.6467466666666666,0.673032,0.6712601955700442,0.666808,0.6662423083668294,0.6377999999999999,6.516,0.3072195499716174,0.013461140816085324,19.01388888888889,49.01388888888889,22.0,0.5504545454545454,199.0,0.6450083752093801,29.0,0.7317241379310343,0.5848933333333333,0.651464,0.061853333333333295,0.015344000000000002
four_state_semimarkov,latent_state_greedy,1.0,20360804.0,2.0,250.0,0.5330666666666666,0.6610933333333333,0.63948,0.6757519999999999,0.6697373034659166,0.6694479999999999,0.6644614041463537,0.6340399999999999,6.428,0.3040751980682622,0.013352541551364214,19.01388888888889,49.01388888888889,26.0,0.5570512820512821,194.0,0.6383505154639175,30.0,0.7182222222222221,0.5770933333333332,0.652848,0.0623866666666667,0.016599999999999927
four_state_semimarkov,latent_state_greedy,2.0,20460807.0,2.0,250.0,0.5401333333333332,0.6681866666666666,0.6473466666666666,0.675512,0.6714559123694639,0.66428,0.6663722125612745,0.64448,6.556,0.30129834081656415,0.013942128719093666,19.01388888888889,49.01388888888889,15.0,0.5522222222222222,207.0,0.6434299516908213,28.0,0.7272619047619047,0.5836133333333333,0.64872,0.06373333333333338,0.015559999999999996
four_state_semimarkov,latent_state_greedy,3.0,20560810.0,2.0,250.0,0.5303333333333332,0.6600533333333333,0.6382933333333332,0.66924,0.6694691235783216,0.6606639999999999,0.664158484267125,0.6357999999999999,6.68,0.30760475162308626,0.01405369165731373,19.01388888888889,49.01388888888889,27.0,0.5620987654320987,199.0,0.6376214405360133,24.0,0.7295833333333333,0.5747599999999999,0.645176,0.06353333333333329,0.015487999999999946
four_state_semimarkov,latent_state_greedy,4.0,20660813.0,2.0,250.0,0.5348666666666666,0.6644933333333333,0.6437999999999999,0.674728,0.6705470870775655,0.664696,0.6655315172690245,0.63544,6.540000000000001,0.304727150866006,0.01326163580478262,19.01388888888889,49.01388888888889,32.0,0.5506249999999999,193.0,0.6472193436960276,25.0,0.7366666666666666,0.57868,0.649216,0.06512,0.015480000000000004
four_state_semimarkov,latent_state_greedy,5.0,20760816.0,2.0,250.0,0.5378,0.66496,0.6436666666666666,0.6698959999999999,0.6707063018652835,0.668064,0.6655098929482153,0.6377200000000001,6.508,0.30431865657330454,0.013372360151329804,19.01388888888889,49.01388888888889,30.0,0.5446666666666666,177.0,0.6407909604519774,43.0,0.7245736434108527,0.5806799999999999,0.651848,0.06298666666666668,0.01621600000000003
four_state_semimarkov,latent_state_greedy,6.0,20860819.0,2.0,250.0,0.5315333333333333,0.6577466666666666,0.6369333333333331,0.667608,0.668750091613329,0.66316,0.663669616142864,0.63984,6.38,0.3028522729694403,0.013268509974488796,19.01388888888889,49.01388888888889,26.0,0.5570512820512821,203.0,0.636223316912972,21.0,0.7426984126984125,0.5778666666666666,0.647616,0.05906666666666664,0.01554399999999998
four_state_semimarkov,latent_state_greedy,7.0,20960822.0,2.0,250.0,0.5388666666666666,0.6696799999999999,0.6475333333333332,0.674112,0.6719306592677675,0.6651279999999999,0.6665173355660445,0.63984,6.616,0.30398848439271137,0.013844740567931932,19.01388888888889,49.01388888888889,22.0,0.5731818181818181,197.0,0.6411675126903553,31.0,0.7407526881720429,0.5811733333333333,0.6468480000000001,0.06635999999999995,0.018279999999999963
four_state_semimarkov,latent_state_greedy,8.0,21060825.0,2.0,250.0,0.5411333333333332,0.6704266666666665,0.6486133333333333,0.67076,0.6720063621351678,0.6635359999999999,0.6666706807166379,0.6374399999999999,6.6,0.3009307832323165,0.013736085319627608,19.01388888888889,49.01388888888889,16.0,0.5489583333333333,202.0,0.6441749174917492,32.0,0.7264583333333332,0.58456,0.64796,0.06405333333333334,0.01557599999999999
four_state_semimarkov,latent_state_greedy,9.0,21160828.0,2.0,250.0,0.5351999999999999,0.6611066666666666,0.6389333333333334,0.670376,0.6697786530820998,0.667128,0.664362548662184,0.63928,6.516,0.30342579555538557,0.013718699632589324,19.01388888888889,49.01388888888889,29.0,0.5579310344827586,189.0,0.6374779541446207,32.0,0.7209375,0.5764533333333333,0.651672,0.06248000000000002,0.015456000000000003
four_state_semimarkov,latent_state_greedy,10.0,21260831.0,2.0,250.0,0.5418,0.66796,0.6450533333333333,0.671928,0.671512405859872,0.6652480000000001,0.6659056016073717,0.6396,6.42,0.2988152266938779,0.013543932121879144,19.01388888888889,49.01388888888889,24.0,0.548611111111111,193.0,0.6435751295336787,33.0,0.7238383838383837,0.5805866666666666,0.6474880000000001,0.06446666666666663,0.017759999999999998
four_state_semimarkov,latent_state_greedy,11.0,21360834.0,2.0,250.0,0.5340666666666666,0.6627066666666666,0.6405866666666666,0.6709919999999999,0.6701216840921618,0.6673039999999999,0.6647066760021809,0.63416,6.568,0.3061166514522531,0.013197421860625013,19.01388888888889,49.01388888888889,29.0,0.5595402298850575,195.0,0.6422393162393161,26.0,0.7185897435897435,0.5772533333333333,0.651232,0.06333333333333335,0.016071999999999975
four_state_semimarkov,latent_state_greedy,12.0,21460837.0,2.0,250.0,0.54,0.6630266666666665,0.6419066666666666,0.671792,0.6701689621112961,0.66436,0.66499096389856,0.6317999999999999,6.304,0.3029775609961023,0.013144419600219389,19.01388888888889,49.01388888888889,27.0,0.5487654320987654,187.0,0.6401247771836006,36.0,0.7210185185185185,0.5840266666666667,0.64888,0.05787999999999989,0.015479999999999938
four_state_semimarkov,latent_state_greedy,13.0,21560840.0,2.0,250.0,0.5360666666666666,0.6620933333333333,0.6393333333333333,0.669736,0.6700653738185499,0.66612,0.6644885478763767,0.63388,6.5920000000000005,0.30309759285783083,0.013073749219832903,19.01388888888889,49.01388888888889,23.0,0.5378260869565217,197.0,0.6371573604060913,30.0,0.7314444444444443,0.5771466666666665,0.650552,0.0621866666666667,0.015567999999999981
four_state_semimarkov,latent_state_greedy,14.0,21660843.0,2.0,250.0,0.5405999999999999,0.6686933333333334,0.6471866666666666,0.673968,0.6716651041704675,0.66848,0.6664084033581981,0.6395599999999999,6.572,0.3003933004760278,0.014168296962781868,19.01388888888889,49.01388888888889,21.0,0.5587301587301587,192.0,0.6416840277777778,37.0,0.7259459459459459,0.5833866666666666,0.6537040000000001,0.06380000000000004,0.014775999999999966
four_state_semimarkov,latent_state_greedy,15.0,21760846.0,2.0,250.0,0.5313333333333332,0.6595733333333332,0.6383733333333332,0.670344,0.6694240330517647,0.663216,0.6642319412614012,0.6343199999999999,6.540000000000001,0.3018540996596064,0.013687947658463553,19.01388888888889,49.01388888888889,24.0,0.556111111111111,204.0,0.6388235294117646,22.0,0.7239393939393939,0.5749333333333333,0.6475839999999999,0.06344000000000001,0.015632000000000045
four_state_semimarkov,latent_state_greedy,16.0,21860849.0,2.0,250.0,0.5433333333333332,0.6676933333333334,0.6469466666666666,0.665248,0.6714364421078001,0.66872,0.6663536414638725,0.63204,6.468000000000001,0.3005460553744066,0.013622167008055974,19.01388888888889,49.01388888888889,19.0,0.5568421052631579,192.0,0.6399305555555556,39.0,0.7253846153846153,0.5866533333333332,0.653336,0.06029333333333333,0.015383999999999998
four_state_semimarkov,latent_state_greedy,17.0,21960852.0,2.0,250.0,0.5348666666666667,0.6602533333333332,0.63952,0.6665599999999999,0.6695979409399835,0.667216,0.6645117577458902,0.63444,6.356,0.3073503472851808,0.013200738329238942,19.01388888888889,49.01388888888889,24.0,0.5511111111111111,192.0,0.6372395833333333,34.0,0.7148039215686275,0.5782399999999999,0.649408,0.06128000000000007,0.017808
four_state_semimarkov,latent_state_greedy,18.0,22060855.0,2.0,250.0,0.5428666666666666,0.6693466666666666,0.6483333333333332,0.6693680000000001,0.6717524248785482,0.6698000000000001,0.6666258799605812,0.64656,6.508,0.3124044120112868,0.01405804214433005,19.01388888888889,49.01388888888889,21.0,0.5582539682539682,192.0,0.64234375,37.0,0.7305405405405405,0.5874533333333332,0.6548,0.060880000000000045,0.015000000000000036
four_state_semimarkov,latent_state_greedy,19.0,22160858.0,2.0,250.0,0.5310666666666666,0.6622399999999999,0.6419466666666666,0.6698959999999999,0.6699832999605205,0.6658959999999999,0.6650210218539943,0.638,6.616,0.3064014285244839,0.01373147939967517,19.01388888888889,49.01388888888889,33.0,0.5567676767676767,189.0,0.6445149911816579,28.0,0.7249999999999999,0.57632,0.647928,0.06562666666666654,0.017967999999999984
four_state_semimarkov,latent_state_greedy,20.0,22260861.0,2.0,250.0,0.5401333333333332,0.6696,0.64932,0.666064,0.6717822412660517,0.66708,0.6668060623328742,0.6406,6.68,0.30595777846890215,0.013892674321569886,19.01388888888889,49.01388888888889,26.0,0.5567948717948717,192.0,0.6484895833333333,32.0,0.7294791666666666,0.5830799999999999,0.6511039999999999,0.06624000000000005,0.01597599999999999
four_state_semimarkov,latent_state_greedy,21.0,22360864.0,2.0,250.0,0.5343333333333332,0.6636266666666666,0.6427866666666666,0.669192,0.6704231809661535,0.664152,0.665360639126969,0.63728,6.556,0.3065179398251,0.013667601070215247,19.01388888888889,49.01388888888889,36.0,0.5655555555555555,186.0,0.6451971326164874,28.0,0.7260714285714285,0.5779466666666666,0.648872,0.06483999999999998,0.015279999999999983
four_state_semimarkov,latent_state_greedy,22.0,22460867.0,2.0,250.0,0.5371999999999998,0.6638,0.6416533333333332,0.6721199999999999,0.6703434894832456,0.664128,0.6649144269171343,0.63728,6.548,0.3027994512873964,0.013871456215295641,19.01388888888889,49.01388888888889,27.0,0.548395061728395,196.0,0.6435034013605442,27.0,0.7214814814814814,0.5803066666666666,0.64924,0.06134666666666662,0.014887999999999967
four_state_semimarkov,latent_state_greedy,23.0,22560870.0,2.0,250.0,0.5407333333333334,0.6650266666666667,0.6429733333333332,0.671008,0.6706558204135031,0.6677120000000001,0.6652566372199449,0.6424000000000001,6.484,0.3028339134994755,0.014093166040175884,19.01388888888889,49.01388888888889,29.0,0.5502298850574713,187.0,0.6444385026737967,34.0,0.7140196078431371,0.5814133333333332,0.650256,0.06155999999999995,0.017456000000000072
four_state_semimarkov,latent_state_greedy,24.0,22660873.0,2.0,250.0,0.5400666666666666,0.6652266666666666,0.6437333333333333,0.670536,0.6708398280541032,0.66392,0.6655772261063422,0.6392,6.412000000000001,0.30572034704748413,0.013711241877719013,19.01388888888889,49.01388888888889,25.0,0.5561333333333333,189.0,0.6401587301587301,36.0,0.7233333333333334,0.5810533333333333,0.6492559999999999,0.06267999999999993,0.014663999999999988
four_state_semimarkov,latent_state_greedy,25.0,22760876.0,2.0,250.0,0.5362666666666667,0.6652666666666667,0.6448799999999999,0.6699999999999999,0.6707956226700947,0.666624,0.6658240977575329,0.6272000000000001,6.516,0.3032230621884644,0.013139463054753425,19.01388888888889,49.01388888888889,18.0,0.5603703703703704,211.0,0.6436176935229068,21.0,0.73,0.5818266666666666,0.6512800000000001,0.06305333333333332,0.015344000000000024
four_state_semimarkov,latent_state_greedy,26.0,22860879.0,2.0,250.0,0.5412666666666667,0.6638933333333333,0.6438266666666665,0.668128,0.6704584111236059,0.670976,0.6655398492991289,0.63608,6.376,0.3013801042834841,0.013387754729115903,19.01388888888889,49.01388888888889,18.0,0.5679629629629629,198.0,0.6387542087542087,34.0,0.7135294117647059,0.5843866666666665,0.656224,0.05944000000000005,0.014751999999999965
four_state_semimarkov,latent_state_greedy,27.0,22960882.0,2.0,250.0,0.536,0.66216,0.6409866666666667,0.67264,0.6701226651748267,0.667776,0.6649781558535626,0.64264,6.468000000000001,0.3087485706671239,0.014101597442261185,19.01388888888889,49.01388888888889,20.0,0.5504999999999999,207.0,0.6400161030595815,23.0,0.7284057971014491,0.5791999999999999,0.6504559999999999,0.06178666666666677,0.017320000000000047
four_state_semimarkov,latent_state_greedy,28.0,23060885.0,2.0,250.0,0.5365333333333333,0.6610933333333333,0.6408133333333332,0.6726319999999999,0.6698522923019635,0.661288,0.6648960092609643,0.6314799999999999,6.376,0.30400450687888314,0.013247761870728503,19.01388888888889,49.01388888888889,23.0,0.5446376811594202,203.0,0.6410180623973727,24.0,0.7312499999999998,0.5799733333333333,0.645424,0.060839999999999936,0.01586399999999999
four_state_semimarkov,latent_state_greedy,29.0,23160888.0,2.0,250.0,0.5438666666666666,0.6690533333333333,0.64776,0.6734479999999999,0.6717537823459417,0.6633439999999999,0.6665603820728332,0.63664,6.4,0.30381825485657504,0.013380770104980257,19.01388888888889,49.01388888888889,24.0,0.5505555555555555,189.0,0.6441622574955909,37.0,0.7291891891891892,0.5848266666666666,0.647472,0.06293333333333333,0.015871999999999886
four_state_semimarkov,least_mastery_target_item,0.0,20260801.0,2.0,250.0,0.5398,0.6004133333333332,0.5812933333333332,0.656864,0.653548220955612,0.64944,0.6489465597180405,0.7288,10.204,0.7458274280874228,0.0008541756959274491,19.01388888888889,49.01388888888889,22.0,0.4818181818181818,199.0,0.5781742043551088,29.0,0.6781609195402298,0.5848933333333333,0.651464,-0.0036000000000000034,-0.002024000000000048
four_state_semimarkov,least_mastery_target_item,1.0,20360804.0,2.0,250.0,0.5330666666666666,0.5945466666666667,0.575,0.6570799999999999,0.6520884358479949,0.651568,0.6473617488612692,0.7294,10.024,0.7487692243488321,0.0009887337135049972,19.01388888888889,49.01388888888889,26.0,0.48641025641025637,194.0,0.5722164948453606,30.0,0.6697777777777777,0.5770933333333332,0.652848,-0.0020933333333333693,-0.0012800000000000144
four_state_semimarkov,least_mastery_target_item,2.0,20460807.0,2.0,250.0,0.5401333333333332,0.6030666666666666,0.5839333333333332,0.658912,0.6542074754016209,0.6477759999999999,0.6495705394736926,0.72712,10.104,0.7454242695015356,0.001095062896500159,19.01388888888889,49.01388888888889,15.0,0.48355555555555557,207.0,0.580708534621578,28.0,0.6615476190476189,0.5836133333333333,0.64872,0.0003200000000000092,-0.0009440000000001004
four_state_semimarkov,least_mastery_target_item,3.0,20560810.0,2.0,250.0,0.5303333333333332,0.5890266666666666,0.5692666666666666,0.65004,0.6507230367005075,0.64192,0.6459517376782473,0.72808,10.088,0.7395617796940553,0.0009370729184209389,19.01388888888889,49.01388888888889,27.0,0.4791358024691358,199.0,0.5698659966499162,24.0,0.6656944444444444,0.5747599999999999,0.645176,-0.0054933333333333275,-0.003256000000000081
four_state_semimarkov,least_mastery_target_item,4.0,20660813.0,2.0,250.0,0.5348666666666666,0.5957866666666666,0.5764666666666666,0.6556,0.6524360435463936,0.64796,0.6478030805209211,0.72596,9.76,0.7555120606651242,0.0006000130951045198,19.01388888888889,49.01388888888889,32.0,0.4809375,193.0,0.5807081174438686,25.0,0.666,0.57868,0.649216,-0.0022133333333333115,-0.0012560000000000349
four_state_semimarkov,least_mastery_target_item,5.0,20760816.0,2.0,250.0,0.5378,0.59988,0.5800266666666666,0.654112,0.653362624302618,0.650768,0.648565845042145,0.72424,9.924,0.7513336006729774,0.0008459286358703938,19.01388888888889,49.01388888888889,30.0,0.4727777777777778,177.0,0.5759133709981167,43.0,0.671782945736434,0.5806799999999999,0.651848,-0.000653333333333328,-0.0010800000000000364
four_state_semimarkov,least_mastery_target_item,6.0,20860819.0,2.0,250.0,0.5315333333333333,0.59056,0.5716933333333333,0.649864,0.6511146996664057,0.6463840000000001,0.6465541763269033,0.72576,10.24,0.7495177663719836,0.0010524428396975897,19.01388888888889,49.01388888888889,26.0,0.4688461538461538,203.0,0.5740558292282429,21.0,0.6761904761904761,0.5778666666666666,0.647616,-0.00617333333333332,-0.0012319999999999887
four_state_semimarkov,least_mastery_target_item,7.0,20960822.0,2.0,250.0,0.5388666666666666,0.6027466666666665,0.5825199999999999,0.658448,0.6543503845662912,0.6468,0.6494596418595624,0.7329600000000001,10.412,0.7343107428614618,0.0012081647419042681,19.01388888888889,49.01388888888889,22.0,0.47651515151515145,197.0,0.5813028764805414,31.0,0.6654838709677418,0.5811733333333333,0.6468480000000001,0.001346666666666696,-4.800000000000359e-05
four_state_semimarkov,least_mastery_target_item,8.0,21060825.0,2.0,250.0,0.5411333333333332,0.6039733333333333,0.58388,0.65272,0.6543357670882771,0.646824,0.649476783010534,0.7292000000000001,10.288,0.7431793696363101,0.001380977039706182,19.01388888888889,49.01388888888889,16.0,0.47124999999999995,202.0,0.5794059405940593,32.0,0.6684374999999999,0.58456,0.64796,-0.0006799999999999917,-0.0011359999999999593
four_state_semimarkov,least_mastery_target_item,9.0,21160828.0,2.0,250.0,0.5351999999999999,0.5918533333333332,0.5719466666666666,0.6503599999999999,0.6515445309448532,0.648944,0.6467393900235636,0.7272799999999999,10.0,0.7448081086053027,0.0009737731991229634,19.01388888888889,49.01388888888889,29.0,0.4888505747126436,189.0,0.5683421516754849,32.0,0.6685416666666666,0.5764533333333333,0.651672,-0.004506666666666615,-0.002727999999999997
four_state_semimarkov,least_mastery_target_item,10.0,21260831.0,2.0,250.0,0.5418,0.59776,0.5769466666666665,0.6543599999999999,0.6530364177872128,0.6452880000000001,0.6479865683155194,0.7302000000000001,10.212,0.7529133884787201,0.001175247724153404,19.01388888888889,49.01388888888889,24.0,0.4768055555555556,193.0,0.5736096718480137,33.0,0.6692929292929293,0.5805866666666666,0.6474880000000001,-0.0036400000000000434,-0.002200000000000024
four_state_semimarkov,least_mastery_target_item,11.0,21360834.0,2.0,250.0,0.5340666666666666,0.59676,0.57656,0.653352,0.6526387537071336,0.649064,0.6477489047119,0.72856,10.1,0.7476394611362958,0.0009574253953841411,19.01388888888889,49.01388888888889,29.0,0.5028735632183908,195.0,0.5759316239316238,26.0,0.6634615384615383,0.5772533333333333,0.651232,-0.0006933333333333014,-0.0021679999999999477
four_state_semimarkov,least_mastery_target_item,12.0,21460837.0,2.0,250.0,0.54,0.6007466666666665,0.5813733333333333,0.654288,0.6537004168084215,0.647752,0.6489988058993416,0.72936,10.0,0.7453671331722544,0.0011764289305831776,19.01388888888889,49.01388888888889,27.0,0.4730864197530863,187.0,0.5798217468805703,36.0,0.6706481481481481,0.5840266666666667,0.64888,-0.0026533333333333964,-0.00112800000000004
four_state_semimarkov,least_mastery_target_item,13.0,21560840.0,2.0,250.0,0.5360666666666666,0.6002,0.5786533333333332,0.65384,0.6535576584674633,0.6509119999999999,0.6483322798125887,0.7305600000000001,10.36,0.7381201094068466,0.0010148869389151173,19.01388888888889,49.01388888888889,23.0,0.46869565217391307,197.0,0.5774788494077833,30.0,0.6706666666666666,0.5771466666666665,0.650552,0.0015066666666666783,0.00035999999999993817
four_state_semimarkov,least_mastery_target_item,14.0,21660843.0,2.0,250.0,0.5405999999999999,0.6003866666666665,0.5807466666666666,0.657376,0.6538078048042166,0.6528880000000001,0.6490498426996741,0.72876,10.276,0.7431918639970758,0.001204644806326576,19.01388888888889,49.01388888888889,21.0,0.4753968253968253,192.0,0.5749479166666666,37.0,0.6706306306306306,0.5833866666666666,0.6537040000000001,-0.002639999999999998,-0.0008159999999999723
four_state_semimarkov,least_mastery_target_item,15.0,21760846.0,2.0,250.0,0.5313333333333332,0.5952266666666667,0.5757466666666666,0.652512,0.6523128389510816,0.6468320000000001,0.6475943642766274,0.7256400000000001,9.788,0.7584315669307614,0.0005304690795609054,19.01388888888889,49.01388888888889,24.0,0.48902777777777773,204.0,0.575375816993464,22.0,0.6737878787878787,0.5749333333333333,0.6475839999999999,0.000813333333333377,-0.0007519999999999749
four_state_semimarkov,least_mastery_target_item,16.0,21860849.0,2.0,250.0,0.5433333333333332,0.60132,0.5821466666666666,0.6497040000000001,0.6539749087982988,0.6517120000000001,0.6493201296167014,0.7329200000000001,10.432,0.7352994229755896,0.001273628222172294,19.01388888888889,49.01388888888889,19.0,0.4764912280701754,192.0,0.5743055555555554,39.0,0.6722222222222222,0.5866533333333332,0.653336,-0.004506666666666659,-0.0016240000000000033
four_state_semimarkov,least_mastery_target_item,17.0,21960852.0,2.0,250.0,0.5348666666666667,0.5967733333333333,0.5775066666666666,0.6503680000000001,0.6526615646607217,0.6491520000000001,0.6479880597238792,0.7278399999999999,10.3,0.7370632769136253,0.0012276952181123823,19.01388888888889,49.01388888888889,24.0,0.4875,192.0,0.5736805555555555,34.0,0.6626470588235294,0.5782399999999999,0.649408,-0.0007333333333333414,-0.00025599999999996735
four_state_semimarkov,least_mastery_target_item,18.0,22060855.0,2.0,250.0,0.5428666666666666,0.60256,0.5828399999999999,0.654568,0.6540866693678478,0.653032,0.6493268581331721,0.72776,10.196,0.7411293102780462,0.001244130445860639,19.01388888888889,49.01388888888889,21.0,0.4701587301587301,192.0,0.5780729166666665,37.0,0.6715315315315313,0.5874533333333332,0.6548,-0.004613333333333314,-0.0017680000000000363
four_state_semimarkov,least_mastery_target_item,19.0,22160858.0,2.0,250.0,0.5310666666666666,0.5940933333333333,0.5757599999999999,0.652736,0.652039617634218,0.6466000000000001,0.6476044412124865,0.72616,10.148,0.7470302333574388,0.0010108590659223778,19.01388888888889,49.01388888888889,33.0,0.47676767676767673,189.0,0.5779894179894179,28.0,0.6773809523809524,0.57632,0.647928,-0.000560000000000116,-0.0013279999999999737
four_state_semimarkov,least_mastery_target_item,20.0,22260861.0,2.0,250.0,0.5401333333333332,0.6006533333333332,0.5819466666666666,0.6487040000000001,0.6536441044567392,0.6501760000000001,0.6490983807190503,0.72948,10.332,0.7451905974953275,0.0011069557656959302,19.01388888888889,49.01388888888889,26.0,0.4838461538461539,192.0,0.5816145833333333,32.0,0.6636458333333333,0.5830799999999999,0.6511039999999999,-0.001133333333333275,-0.0009279999999999289
four_state_semimarkov,least_mastery_target_item,21.0,22360864.0,2.0,250.0,0.5343333333333332,0.5985199999999999,0.5793999999999999,0.652032,0.6531100025249438,0.649472,0.6485160694882587,0.72732,9.912,0.7494247142854364,0.000993434221241697,19.01388888888889,49.01388888888889,36.0,0.4896296296296295,186.0,0.5836021505376343,28.0,0.6669047619047619,0.5779466666666666,0.648872,0.0014533333333332844,0.0006000000000000449
four_state_semimarkov,least_mastery_target_item,22.0,22460867.0,2.0,250.0,0.5371999999999998,0.6032799999999999,0.5829599999999999,0.6564319999999999,0.6541089979225487,0.648968,0.6491740217220888,0.73092,10.488,0.7367761197527402,0.0012723022625502143,19.01388888888889,49.01388888888889,27.0,0.49024691358024686,196.0,0.5831972789115645,27.0,0.6739506172839506,0.5803066666666666,0.64924,0.0026533333333333296,-0.0002720000000000722
four_state_semimarkov,least_mastery_target_item,23.0,22560870.0,2.0,250.0,0.5407333333333334,0.6001199999999999,0.58036,0.653352,0.6534503599685287,0.6491279999999999,0.6486593533847042,0.73176,10.332,0.7365781668311207,0.00141991457051811,19.01388888888889,49.01388888888889,29.0,0.4817241379310345,187.0,0.5823707664884135,34.0,0.6534313725490196,0.5814133333333332,0.650256,-0.001053333333333395,-0.0011279999999999734
four_state_semimarkov,least_mastery_target_item,24.0,22660873.0,2.0,250.0,0.5400666666666666,0.5990666666666666,0.5790933333333333,0.653528,0.6534021285368449,0.648152,0.6485641488926319,0.72636,10.02,0.7457508612003083,0.001195911854386244,19.01388888888889,49.01388888888889,25.0,0.48613333333333336,189.0,0.576084656084656,36.0,0.6594444444444443,0.5810533333333333,0.6492559999999999,-0.0019600000000000286,-0.0011039999999999494
four_state_semimarkov,least_mastery_target_item,25.0,22760876.0,2.0,250.0,0.5362666666666667,0.5991333333333333,0.5800666666666665,0.65188,0.6532509709799003,0.651192,0.6486491038781853,0.7245199999999999,9.804,0.752258675973511,0.0007324123944784958,19.01388888888889,49.01388888888889,18.0,0.4687037037037037,211.0,0.5809004739336492,21.0,0.667142857142857,0.5818266666666666,0.6512800000000001,-0.0017600000000000283,-8.80000000000436e-05
four_state_semimarkov,least_mastery_target_item,26.0,22860879.0,2.0,250.0,0.5412666666666667,0.6028533333333332,0.5839866666666665,0.6515839999999999,0.6540429729396312,0.65544,0.6494768365272314,0.72608,9.796,0.7524724111411418,0.0005722190774905915,19.01388888888889,49.01388888888889,18.0,0.4796296296296296,198.0,0.5776767676767676,34.0,0.6759803921568628,0.5843866666666665,0.656224,-0.0003999999999999337,-0.0007840000000000069
four_state_semimarkov,least_mastery_target_item,27.0,22960882.0,2.0,250.0,0.536,0.59332,0.5736266666666665,0.6523519999999999,0.6518850014498917,0.64964,0.6471564437504973,0.7294799999999999,9.864,0.7460945120601973,0.0006893312121552737,19.01388888888889,49.01388888888889,20.0,0.469,207.0,0.5717713365539452,23.0,0.6813043478260868,0.5791999999999999,0.6504559999999999,-0.005573333333333319,-0.0008160000000000167
four_state_semimarkov,least_mastery_target_item,28.0,23060885.0,2.0,250.0,0.5365333333333333,0.5950933333333333,0.5763466666666666,0.6543680000000001,0.6524291436213785,0.644816,0.6478903679608301,0.7233200000000001,9.82,0.7542233422438521,0.0009584398768897353,19.01388888888889,49.01388888888889,23.0,0.4707246376811594,203.0,0.5752216748768472,24.0,0.6870833333333332,0.5799733333333333,0.645424,-0.003626666666666711,-0.0006079999999999864
four_state_semimarkov,least_mastery_target_item,29.0,23160888.0,2.0,250.0,0.5438666666666666,0.6051066666666666,0.5851733333333333,0.6566,0.6547216818134125,0.6467280000000001,0.6499130119687853,0.7272000000000001,10.06,0.744693518163881,0.0009961163545624103,19.01388888888889,49.01388888888889,24.0,0.48875,189.0,0.5811992945326278,37.0,0.668018018018018,0.5848266666666666,0.647472,0.0003466666666666507,-0.0007440000000000557
four_state_semimarkov,maximum_response_information_gain,0.0,20260801.0,2.0,250.0,0.5398,0.6109466666666666,0.5918266666666666,0.661648,0.6573212993159967,0.6535040000000001,0.6526704500339859,0.5325599999999999,17.156,-0.41283800700076545,0.03784442832831588,19.01388888888889,49.01388888888889,22.0,0.4953030303030303,199.0,0.591005025125628,29.0,0.6706896551724136,0.5848933333333333,0.651464,0.00693333333333328,0.0020399999999999975
four_state_semimarkov,maximum_response_information_gain,1.0,20360804.0,2.0,250.0,0.5330666666666666,0.60404,0.5845199999999998,0.6608560000000001,0.6556255780657995,0.654336,0.6508677058288731,0.5298799999999999,17.124,-0.4144763644445991,0.038214251737139875,19.01388888888889,49.01388888888889,26.0,0.49846153846153846,194.0,0.5822680412371133,30.0,0.6736666666666666,0.5770933333333332,0.652848,0.0074266666666665815,0.0014879999999999117
four_state_semimarkov,maximum_response_information_gain,2.0,20460807.0,2.0,250.0,0.5401333333333332,0.6099333333333332,0.5910133333333333,0.661944,0.6570462001762312,0.650616,0.6524288584392974,0.53516,17.372,-0.4118106083117685,0.0394712629843105,19.01388888888889,49.01388888888889,15.0,0.48200000000000004,207.0,0.5895652173913042,28.0,0.6601190476190475,0.5836133333333333,0.64872,0.007400000000000006,0.0018959999999999422
four_state_semimarkov,maximum_response_information_gain,3.0,20560810.0,2.0,250.0,0.5303333333333332,0.6028666666666667,0.5825866666666666,0.6554559999999999,0.6553173196736057,0.6466719999999999,0.6503765875921288,0.53304,17.14,-0.41516662961076645,0.037758572204141055,19.01388888888889,49.01388888888889,27.0,0.4822222222222222,199.0,0.5844388609715242,24.0,0.6801388888888888,0.5747599999999999,0.645176,0.007826666666666671,0.0014959999999999418
four_state_semimarkov,maximum_response_information_gain,4.0,20660813.0,2.0,250.0,0.5348666666666666,0.6031466666666666,0.5839199999999999,0.658496,0.6553199268383658,0.650752,0.6506672653859383,0.53168,17.232,-0.41331796894177114,0.03834300451702873,19.01388888888889,49.01388888888889,32.0,0.49406249999999996,193.0,0.5870466321243523,25.0,0.6748,0.57868,0.649216,0.00524,0.001536000000000004
four_state_semimarkov,maximum_response_information_gain,5.0,20760816.0,2.0,250.0,0.5378,0.6103999999999999,0.5906266666666667,0.656184,0.6571591012186938,0.6553439999999999,0.6523340395062085,0.53364,17.192,-0.4137624456090105,0.03809477004821468,19.01388888888889,49.01388888888889,30.0,0.5011111111111111,177.0,0.5859887005649717,43.0,0.6721705426356588,0.5806799999999999,0.651848,0.009946666666666748,0.0034959999999999436
four_state_semimarkov,maximum_response_information_gain,6.0,20860819.0,2.0,250.0,0.5315333333333333,0.60268,0.5837999999999999,0.653808,0.6552258101663935,0.65012,0.6506213758849888,0.5269199999999999,17.18,-0.4153690765932999,0.0378721200499557,19.01388888888889,49.01388888888889,26.0,0.5014102564102563,203.0,0.5845484400656813,21.0,0.6785714285714285,0.5778666666666666,0.647616,0.00593333333333339,0.002503999999999973
four_state_semimarkov,maximum_response_information_gain,7.0,20960822.0,2.0,250.0,0.5388666666666666,0.6079999999999999,0.5877199999999998,0.661128,0.6567465955724063,0.6498160000000001,0.6517929222079428,0.53924,17.356,-0.40869184750581117,0.03908354552433256,19.01388888888889,49.01388888888889,22.0,0.4992424242424242,197.0,0.584653130287648,31.0,0.6699999999999999,0.5811733333333333,0.6468480000000001,0.006546666666666634,0.0029679999999999928
four_state_semimarkov,maximum_response_information_gain,8.0,21060825.0,2.0,250.0,0.5411333333333332,0.609,0.5892799999999999,0.653408,0.6568098158354991,0.6494479999999999,0.6519895186140354,0.53312,17.24,-0.41412196260051964,0.03822072737869424,19.01388888888889,49.01388888888889,16.0,0.4979166666666666,202.0,0.5849339933993398,32.0,0.6623958333333333,0.58456,0.64796,0.004719999999999991,0.0014880000000000004
four_state_semimarkov,maximum_response_information_gain,9.0,21160828.0,2.0,250.0,0.5351999999999999,0.6024,0.5825333333333332,0.6540079999999999,0.6553329353619645,0.652576,0.6504838858699815,0.5336000000000001,17.152,-0.4090464511054795,0.037870682137507675,19.01388888888889,49.01388888888889,29.0,0.5044827586206895,189.0,0.5806172839506172,32.0,0.6645833333333333,0.5764533333333333,0.651672,0.006079999999999997,0.0009039999999999714
four_state_semimarkov,maximum_response_information_gain,10.0,21260831.0,2.0,250.0,0.5418,0.6128533333333333,0.5915733333333333,0.659232,0.6578326640362385,0.650328,0.6526315947476266,0.5313199999999999,17.28,-0.41088346021135236,0.03853945201947216,19.01388888888889,49.01388888888889,24.0,0.49513888888888885,193.0,0.5901554404145076,33.0,0.6699999999999999,0.5805866666666666,0.6474880000000001,0.010986666666666678,0.0028399999999999537
four_state_semimarkov,maximum_response_information_gain,11.0,21360834.0,2.0,250.0,0.5340666666666666,0.6079066666666666,0.5877199999999999,0.6577919999999999,0.656607872710943,0.6541600000000001,0.6516729573712288,0.53256,17.176,-0.4154370768907394,0.03776314462248968,19.01388888888889,49.01388888888889,29.0,0.5094252873563219,195.0,0.5873504273504272,26.0,0.6778205128205126,0.5772533333333333,0.651232,0.010466666666666713,0.002928000000000086
four_state_semimarkov,maximum_response_information_gain,12.0,21460837.0,2.0,250.0,0.54,0.6084933333333333,0.5892933333333332,0.657464,0.6568004255159229,0.651664,0.6520960517678627,0.5394399999999999,17.336,-0.40912984193559365,0.03909385842800451,19.01388888888889,49.01388888888889,27.0,0.5044444444444445,187.0,0.5871301247771834,36.0,0.6641666666666666,0.5840266666666667,0.64888,0.005266666666666619,0.0027839999999999645
four_state_semimarkov,maximum_response_information_gain,13.0,21560840.0,2.0,250.0,0.5360666666666666,0.6063599999999999,0.5851333333333332,0.6559520000000001,0.6562892657250199,0.653808,0.6510970011749679,0.53228,17.224,-0.4090214256005166,0.038397514739849425,19.01388888888889,49.01388888888889,23.0,0.49420289855072463,197.0,0.582876480541455,30.0,0.6696666666666666,0.5771466666666665,0.650552,0.007986666666666632,0.0032559999999999924
four_state_semimarkov,maximum_response_information_gain,14.0,21660843.0,2.0,250.0,0.5405999999999999,0.6096933333333332,0.5899999999999999,0.659376,0.6571681043359314,0.6571680000000001,0.6523580450507611,0.5351600000000001,17.2,-0.41068006571641125,0.03832360510973909,19.01388888888889,49.01388888888889,21.0,0.4995238095238094,192.0,0.5821874999999999,37.0,0.6818918918918918,0.5833866666666666,0.6537040000000001,0.0066133333333332715,0.0034640000000000226
four_state_semimarkov,maximum_response_information_gain,15.0,21760846.0,2.0,250.0,0.5313333333333332,0.6032533333333333,0.5838933333333334,0.6567040000000001,0.6554684372832852,0.6502319999999999,0.6507386972888077,0.52952,17.256,-0.410908019356485,0.03864769806038879,19.01388888888889,49.01388888888889,24.0,0.5037499999999999,204.0,0.5841666666666665,22.0,0.6687878787878787,0.5749333333333333,0.6475839999999999,0.008960000000000013,0.0026479999999999837
four_state_semimarkov,maximum_response_information_gain,16.0,21860849.0,2.0,250.0,0.5433333333333332,0.6119466666666666,0.5929199999999999,0.652288,0.65774509338959,0.656328,0.6530860974704698,0.5357600000000001,17.32,-0.41290755396000767,0.039041814516431066,19.01388888888889,49.01388888888889,19.0,0.49824561403508766,192.0,0.585798611111111,39.0,0.674102564102564,0.5866533333333332,0.653336,0.006266666666666643,0.0029919999999999504
four_state_semimarkov,maximum_response_information_gain,17.0,21960852.0,2.0,250.0,0.5348666666666667,0.6034533333333333,0.5842533333333333,0.65372,0.6554662821991676,0.651688,0.6507625402125244,0.53244,17.248,-0.41089653011215016,0.03834091603305328,19.01388888888889,49.01388888888889,24.0,0.4931944444444444,192.0,0.5823437499999999,34.0,0.659313725490196,0.5782399999999999,0.649408,0.0060133333333333375,0.0022800000000000155
four_state_semimarkov,maximum_response_information_gain,18.0,22060855.0,2.0,250.0,0.5428666666666666,0.6120133333333333,0.5924533333333333,0.656896,0.6574764577534642,0.657568,0.6527111888731303,0.5336400000000001,17.232,-0.41000063699772565,0.03812013932478892,19.01388888888889,49.01388888888889,21.0,0.5036507936507937,192.0,0.5873958333333332,37.0,0.669099099099099,0.5874533333333332,0.6548,0.004999999999999982,0.0027679999999999927
four_state_semimarkov,maximum_response_information_gain,19.0,22160858.0,2.0,250.0,0.5310666666666666,0.60608,0.5876933333333332,0.6563519999999999,0.6562198858749697,0.651984,0.6517269182548493,0.52812,17.232,-0.41099333622063583,0.038340841010016245,19.01388888888889,49.01388888888889,33.0,0.5032323232323231,189.0,0.5885008818342151,28.0,0.6817857142857142,0.57632,0.647928,0.011373333333333213,0.0040560000000000596
four_state_semimarkov,maximum_response_information_gain,20.0,22260861.0,2.0,250.0,0.5401333333333332,0.6137999999999999,0.5947333333333333,0.652528,0.6580643994806188,0.65464,0.6533914589439946,0.5325599999999999,17.22,-0.41196653512450465,0.038128504536903404,19.01388888888889,49.01388888888889,26.0,0.5083333333333332,192.0,0.5949131944444443,32.0,0.6638541666666666,0.5830799999999999,0.6511039999999999,0.011653333333333382,0.003536000000000028
four_state_semimarkov,maximum_response_information_gain,21.0,22360864.0,2.0,250.0,0.5343333333333332,0.6072533333333332,0.5882666666666666,0.655448,0.6564835829128907,0.6528400000000001,0.6518752071676999,0.5348,17.26,-0.4110464534774402,0.03876461748538226,19.01388888888889,49.01388888888889,36.0,0.5083333333333333,186.0,0.5908602150537633,28.0,0.6738095238095237,0.5779466666666666,0.648872,0.010320000000000018,0.00396800000000006
four_state_semimarkov,maximum_response_information_gain,22.0,22460867.0,2.0,250.0,0.5371999999999998,0.6040666666666666,0.5839333333333332,0.6564159999999999,0.6555943871591655,0.6516080000000001,0.6506665186115268,0.52896,17.172,-0.4152747930636299,0.03792518996966721,19.01388888888889,49.01388888888889,27.0,0.48543209876543203,196.0,0.5856802721088434,27.0,0.669753086419753,0.5803066666666666,0.64924,0.003626666666666689,0.00236799999999997
four_state_semimarkov,maximum_response_information_gain,23.0,22560870.0,2.0,250.0,0.5407333333333334,0.6086933333333333,0.5886399999999999,0.6588,0.6566991524464554,0.6535599999999999,0.6518046343119043,0.53064,17.204,-0.41113333563109605,0.03798864020578393,19.01388888888889,49.01388888888889,29.0,0.49206896551724133,187.0,0.589554367201426,34.0,0.6659803921568627,0.5814133333333332,0.650256,0.007226666666666648,0.0033039999999999957
four_state_semimarkov,maximum_response_information_gain,24.0,22660873.0,2.0,250.0,0.5400666666666666,0.6068,0.5871599999999999,0.656088,0.6564259279978464,0.6503919999999999,0.6516183999056862,0.52932,17.148,-0.41251032884459427,0.03808031925046417,19.01388888888889,49.01388888888889,25.0,0.5027999999999999,189.0,0.5823809523809522,36.0,0.6708333333333333,0.5810533333333333,0.6492559999999999,0.006106666666666549,0.0011359999999999814
four_state_semimarkov,maximum_response_information_gain,25.0,22760876.0,2.0,250.0,0.5362666666666667,0.6066799999999999,0.5877466666666666,0.655272,0.6563408027801199,0.6526959999999999,0.6517318971084404,0.53288,17.3,-0.41074238944305186,0.03878578100176072,19.01388888888889,49.01388888888889,18.0,0.5122222222222221,211.0,0.5858925750394943,21.0,0.671111111111111,0.5818266666666666,0.6512800000000001,0.005919999999999992,0.001415999999999995
four_state_semimarkov,maximum_response_information_gain,26.0,22860879.0,2.0,250.0,0.5412666666666667,0.6098133333333333,0.5911199999999999,0.6536160000000001,0.6570809755040492,0.659072,0.6525058219876055,0.53396,17.364,-0.41128791421947086,0.03901946220149687,19.01388888888889,49.01388888888889,18.0,0.4951851851851852,198.0,0.5848989898989898,34.0,0.6781372549019606,0.5843866666666665,0.656224,0.006733333333333369,0.0028479999999999617
four_state_semimarkov,maximum_response_information_gain,27.0,22960882.0,2.0,250.0,0.536,0.6063866666666666,0.5868399999999998,0.657296,0.6562253349253645,0.6535599999999999,0.6514796423428552,0.5335599999999999,17.26,-0.4089777702919449,0.03839325218857974,19.01388888888889,49.01388888888889,20.0,0.4933333333333333,207.0,0.585684380032206,23.0,0.6785507246376811,0.5791999999999999,0.6504559999999999,0.00763999999999998,0.0031039999999999735
four_state_semimarkov,maximum_response_information_gain,28.0,23060885.0,2.0,250.0,0.5365333333333333,0.6044399999999999,0.5857866666666667,0.658416,0.6558059949220815,0.6468719999999999,0.6512452953611182,0.53584,17.3,-0.4112964979621985,0.03877032630145442,19.01388888888889,49.01388888888889,23.0,0.49014492753623184,203.0,0.5853201970443349,24.0,0.6813888888888888,0.5799733333333333,0.645424,0.00581333333333336,0.0014479999999999383
four_state_semimarkov,maximum_response_information_gain,29.0,23160888.0,2.0,250.0,0.5438666666666666,0.6102666666666667,0.5905599999999999,0.658416,0.6571704435090602,0.648344,0.6523691856030843,0.53784,17.256,-0.41379504787913357,0.03851250175630842,19.01388888888889,49.01388888888889,24.0,0.4894444444444444,189.0,0.5869312169312167,37.0,0.6746846846846846,0.5848266666666666,0.647472,0.005733333333333257,0.0008719999999999394
four_state_semimarkov,maximum_skill_uncertainty,0.0,20260801.0,2.0,250.0,0.5398,0.6046533333333333,0.58612,0.6587280000000001,0.6552639526153381,0.651896,0.6507733301754269,0.6580799999999999,19.74,0.2603812705546789,0.033182427781957125,19.01388888888889,49.01388888888889,22.0,0.48999999999999994,199.0,0.5845896147403684,29.0,0.6695402298850575,0.5848933333333333,0.651464,0.0012266666666666648,0.00043200000000003235
four_state_semimarkov,maximum_skill_uncertainty,1.0,20360804.0,2.0,250.0,0.5330666666666666,0.6011333333333332,0.5817466666666665,0.6595920000000001,0.6542643744774923,0.653864,0.6495551127617304,0.6644,19.764,0.2566277957493801,0.033436933062970395,19.01388888888889,49.01388888888889,26.0,0.4934615384615385,194.0,0.5793298969072164,30.0,0.6738888888888888,0.5770933333333332,0.652848,0.004653333333333265,0.0010159999999999724
four_state_semimarkov,maximum_skill_uncertainty,2.0,20460807.0,2.0,250.0,0.5401333333333332,0.6067866666666666,0.5877199999999999,0.660584,0.6558381127548655,0.64968,0.651193995471804,0.6631999999999999,19.768,0.25771542867881075,0.03368209379418852,19.01388888888889,49.01388888888889,15.0,0.47955555555555557,207.0,0.5852979066022542,28.0,0.6635714285714285,0.5836133333333333,0.64872,0.004106666666666659,0.0009599999999999831
four_state_semimarkov,maximum_skill_uncertainty,3.0,20560810.0,2.0,250.0,0.5303333333333332,0.5932266666666666,0.5731866666666665,0.652416,0.6525637091670216,0.644104,0.6476868124528012,0.65968,19.744,0.25740157523507445,0.033197318314060115,19.01388888888889,49.01388888888889,27.0,0.49987654320987646,199.0,0.5724120603015075,24.0,0.6620833333333332,0.5747599999999999,0.645176,-0.0015733333333334044,-0.0010720000000000508
four_state_semimarkov,maximum_skill_uncertainty,4.0,20660813.0,2.0,250.0,0.5348666666666666,0.6006666666666666,0.5816533333333332,0.659176,0.6542758694938284,0.6498079999999999,0.6496905618828664,0.6603199999999999,19.76,0.2578989435858448,0.033564499623044614,19.01388888888889,49.01388888888889,32.0,0.4930208333333333,193.0,0.5847322970639032,25.0,0.6713333333333333,0.57868,0.649216,0.0029733333333333612,0.0005920000000000147
four_state_semimarkov,maximum_skill_uncertainty,5.0,20760816.0,2.0,250.0,0.5378,0.5981466666666666,0.5786133333333332,0.653368,0.6537722260617816,0.653096,0.6490242111543555,0.6636,19.776,0.2546251244085769,0.03431644799004711,19.01388888888889,49.01388888888889,30.0,0.48177777777777775,177.0,0.5753295668549905,43.0,0.6596899224806201,0.5806799999999999,0.651848,-0.0020666666666666832,0.0012480000000000047
four_state_semimarkov,maximum_skill_uncertainty,6.0,20860819.0,2.0,250.0,0.5315333333333333,0.5978133333333332,0.5787066666666666,0.6517839999999999,0.6535647289009433,0.648552,0.6489187525673596,0.6638399999999999,19.74,0.2599161675767262,0.03380455578508154,19.01388888888889,49.01388888888889,26.0,0.5017948717948718,203.0,0.5789326765188832,21.0,0.6717460317460316,0.5778666666666666,0.647616,0.0008400000000000185,0.0009360000000000035
four_state_semimarkov,maximum_skill_uncertainty,7.0,20960822.0,2.0,250.0,0.5388666666666666,0.6041866666666665,0.5841333333333333,0.658408,0.6553829881066797,0.647968,0.6505009872301268,0.6656400000000001,19.732,0.25826855217467243,0.033953880279049935,19.01388888888889,49.01388888888889,22.0,0.5063636363636362,197.0,0.579373942470389,31.0,0.6695698924731182,0.5811733333333333,0.6468480000000001,0.0029600000000000294,0.0011199999999999878
four_state_semimarkov,maximum_skill_uncertainty,8.0,21060825.0,2.0,250.0,0.5411333333333332,0.6070933333333333,0.5873733333333332,0.6537200000000001,0.6558658821332318,0.64804,0.6510628298922003,0.6704000000000001,19.772,0.2558812085901287,0.03430940464805619,19.01388888888889,49.01388888888889,16.0,0.4922916666666667,202.0,0.5838448844884487,32.0,0.6571874999999999,0.58456,0.64796,0.0028133333333333122,7.999999999996898e-05
four_state_semimarkov,maximum_skill_uncertainty,9.0,21160828.0,2.0,250.0,0.5351999999999999,0.59932,0.5793199999999998,0.6529999999999999,0.6540099653082281,0.652536,0.6491548010676013,0.66076,19.692,0.25346110035310226,0.033432353234432104,19.01388888888889,49.01388888888889,29.0,0.5037931034482759,189.0,0.5764726631393298,32.0,0.6645833333333332,0.5764533333333333,0.651672,0.002866666666666662,0.0008640000000000204
four_state_semimarkov,maximum_skill_uncertainty,10.0,21260831.0,2.0,250.0,0.5418,0.6091066666666667,0.5883466666666666,0.657664,0.656308572978811,0.649904,0.6512484552427757,0.66176,19.756,0.2577660317890218,0.033757062702660046,19.01388888888889,49.01388888888889,24.0,0.5033333333333333,193.0,0.5846459412780656,33.0,0.6718181818181816,0.5805866666666666,0.6474880000000001,0.007760000000000012,0.0024160000000000405
four_state_semimarkov,maximum_skill_uncertainty,11.0,21360834.0,2.0,250.0,0.5340666666666666,0.5957333333333332,0.5759066666666666,0.653808,0.6530305526916095,0.6508,0.6482068633598737,0.6580400000000001,19.728,0.25440261147857124,0.033587348648126195,19.01388888888889,49.01388888888889,29.0,0.49287356321839076,195.0,0.5768888888888888,26.0,0.661153846153846,0.5772533333333333,0.651232,-0.001346666666666696,-0.0004319999999999657
four_state_semimarkov,maximum_skill_uncertainty,12.0,21460837.0,2.0,250.0,0.54,0.6030266666666666,0.5840266666666666,0.65608,0.654869191834824,0.65,0.6502299886891668,0.6654800000000001,19.752,0.25602798826337253,0.03376355440328163,19.01388888888889,49.01388888888889,27.0,0.4896296296296295,187.0,0.5814081996434937,36.0,0.6684259259259259,0.5840266666666667,0.64888,-8.881784197001253e-17,0.0011199999999999654
four_state_semimarkov,maximum_skill_uncertainty,13.0,21560840.0,2.0,250.0,0.5360666666666666,0.6000533333333333,0.5794933333333333,0.654944,0.6543014558760779,0.6518,0.6492838795243909,0.6604800000000001,19.748,0.2566340484633598,0.033759894537058514,19.01388888888889,49.01388888888889,23.0,0.4782608695652173,197.0,0.5777326565143823,30.0,0.6686666666666665,0.5771466666666665,0.650552,0.002346666666666697,0.0012480000000000269
four_state_semimarkov,maximum_skill_uncertainty,14.0,21660843.0,2.0,250.0,0.5405999999999999,0.6042266666666666,0.5850533333333333,0.659048,0.6552785120531353,0.6542,0.6506100518337546,0.66876,19.768,0.2564268516785909,0.03403734001437917,19.01388888888889,49.01388888888889,21.0,0.4942857142857142,192.0,0.5778645833333332,37.0,0.6738738738738738,0.5833866666666666,0.6537040000000001,0.0016666666666666607,0.0004960000000000075
four_state_semimarkov,maximum_skill_uncertainty,15.0,21760846.0,2.0,250.0,0.5313333333333332,0.5974666666666666,0.5783466666666667,0.6559999999999999,0.6534941851192086,0.648552,0.6488372457142177,0.6580400000000001,19.76,0.25851386225032935,0.033850730630356665,19.01388888888889,49.01388888888889,24.0,0.49749999999999994,204.0,0.5784967320261437,22.0,0.665151515151515,0.5749333333333333,0.6475839999999999,0.003413333333333357,0.0009680000000000355
four_state_semimarkov,maximum_skill_uncertainty,16.0,21860849.0,2.0,250.0,0.5433333333333332,0.6088799999999999,0.5898133333333332,0.650656,0.6564239714667204,0.65484,0.6517818662360995,0.66608,19.756,0.255730234755064,0.03411710880031845,19.01388888888889,49.01388888888889,19.0,0.49491228070175436,192.0,0.5818576388888888,39.0,0.6752136752136751,0.5866533333333332,0.653336,0.003159999999999985,0.001503999999999972
four_state_semimarkov,maximum_skill_uncertainty,17.0,21960852.0,2.0,250.0,0.5348666666666667,0.5959866666666667,0.5771466666666665,0.649872,0.6532545493665547,0.65096,0.6486553366480828,0.6573199999999999,19.676,0.25250121618051735,0.03285443558960899,19.01388888888889,49.01388888888889,24.0,0.4886111111111111,192.0,0.5736631944444444,34.0,0.659313725490196,0.5782399999999999,0.649408,-0.0010933333333333684,0.0015519999999999757
four_state_semimarkov,maximum_skill_uncertainty,18.0,22060855.0,2.0,250.0,0.5428666666666666,0.60832,0.5885999999999999,0.653784,0.6560942042347054,0.6542239999999999,0.6513092351525214,0.66368,19.76,0.25655207812286734,0.03405813885727217,19.01388888888889,49.01388888888889,21.0,0.4852380952380952,192.0,0.5861631944444443,37.0,0.6599099099099097,0.5874533333333332,0.6548,0.0011466666666666513,-0.0005760000000000432
four_state_semimarkov,maximum_skill_uncertainty,19.0,22160858.0,2.0,250.0,0.5310666666666666,0.6012533333333332,0.5827066666666666,0.654392,0.6543743985865209,0.6509119999999999,0.6498627596001427,0.6588799999999999,19.744,0.25844065898921753,0.03326888541952813,19.01388888888889,49.01388888888889,33.0,0.4852525252525252,189.0,0.5860317460317459,28.0,0.6751190476190475,0.57632,0.647928,0.006386666666666585,0.0029840000000000088
four_state_semimarkov,maximum_skill_uncertainty,20.0,22260861.0,2.0,250.0,0.5401333333333332,0.6050533333333333,0.58612,0.64992,0.6554176668706458,0.651336,0.6507973211945692,0.66492,19.736,0.25625032039493006,0.0337386442455567,19.01388888888889,49.01388888888889,26.0,0.492051282051282,192.0,0.5852951388888888,32.0,0.6675,0.5830799999999999,0.6511039999999999,0.0030400000000001095,0.00023200000000003218
four_state_semimarkov,maximum_skill_uncertainty,21.0,22360864.0,2.0,250.0,0.5343333333333332,0.6046399999999998,0.5854933333333332,0.6535839999999999,0.6552726332757046,0.65168,0.6506462257803356,0.6668800000000001,19.8,0.259088335054328,0.034098347127915915,19.01388888888889,49.01388888888889,36.0,0.49444444444444435,186.0,0.589784946236559,28.0,0.6740476190476189,0.5779466666666666,0.648872,0.007546666666666635,0.002808000000000055
four_state_semimarkov,maximum_skill_uncertainty,22.0,22460867.0,2.0,250.0,0.5371999999999998,0.6042133333333333,0.5841466666666666,0.655888,0.6551727002799179,0.649744,0.6502701381994027,0.6580799999999999,19.796,0.25582339909279467,0.03340361000823273,19.01388888888889,49.01388888888889,27.0,0.4917283950617284,196.0,0.5850850340136053,27.0,0.669753086419753,0.5803066666666666,0.64924,0.0038399999999999767,0.0005039999999999712
four_state_semimarkov,maximum_skill_uncertainty,23.0,22560870.0,2.0,250.0,0.5407333333333334,0.5996666666666666,0.5800666666666665,0.654656,0.6540227931991115,0.6503439999999999,0.6492494189390111,0.6594,19.8,0.2559833594905574,0.033475780277066734,19.01388888888889,49.01388888888889,29.0,0.4950574712643677,187.0,0.5792691622103386,34.0,0.6569607843137255,0.5814133333333332,0.650256,-0.0013466666666667182,8.80000000000214e-05
four_state_semimarkov,maximum_skill_uncertainty,24.0,22660873.0,2.0,250.0,0.5400666666666666,0.6033466666666666,0.5834266666666666,0.655416,0.6550628276767859,0.6493200000000001,0.6502040452487636,0.6577999999999999,19.74,0.2557945482375637,0.03363742214352726,19.01388888888889,49.01388888888889,25.0,0.4936,189.0,0.5787830687830687,36.0,0.6701851851851851,0.5810533333333333,0.6492559999999999,0.0023733333333332716,6.40000000000862e-05
four_state_semimarkov,maximum_skill_uncertainty,25.0,22760876.0,2.0,250.0,0.5362666666666667,0.6029333333333332,0.5840666666666666,0.6529360000000001,0.6548606801107872,0.652952,0.6502772975278573,0.6623199999999999,19.748,0.25721598241666055,0.0337333695480596,19.01388888888889,49.01388888888889,18.0,0.49370370370370364,211.0,0.5828278041074249,21.0,0.6739682539682539,0.5818266666666666,0.6512800000000001,0.002240000000000042,0.001672000000000029
four_state_semimarkov,maximum_skill_uncertainty,26.0,22860879.0,2.0,250.0,0.5412666666666667,0.6072,0.5885866666666666,0.6534880000000001,0.6558806718784448,0.6579200000000001,0.6513402280536804,0.66784,19.732,0.25661739432951114,0.033697637031395354,19.01388888888889,49.01388888888889,18.0,0.507962962962963,198.0,0.5833333333333333,34.0,0.6618627450980392,0.5843866666666665,0.656224,0.00420000000000007,0.0016959999999999642
four_state_semimarkov,maximum_skill_uncertainty,27.0,22960882.0,2.0,250.0,0.536,0.6020933333333333,0.5825999999999999,0.6549280000000001,0.6546488109651243,0.651184,0.649935962866296,0.6648399999999999,19.784,0.2585175536318582,0.03417173576921929,19.01388888888889,49.01388888888889,20.0,0.4938333333333332,207.0,0.5801771336553945,23.0,0.6815942028985507,0.5791999999999999,0.6504559999999999,0.0034000000000000254,0.0007279999999999954
four_state_semimarkov,maximum_skill_uncertainty,28.0,23060885.0,2.0,250.0,0.5365333333333333,0.5997866666666666,0.5813066666666666,0.6572319999999999,0.6541875732222475,0.645744,0.6496858207728732,0.659,19.756,0.2550485133124623,0.03357151735104719,19.01388888888889,49.01388888888889,23.0,0.47724637681159426,203.0,0.5816420361247947,24.0,0.6781944444444444,0.5799733333333333,0.645424,0.0013333333333333196,0.00031999999999998696
four_state_semimarkov,maximum_skill_uncertainty,29.0,23160888.0,2.0,250.0,0.5438666666666666,0.60512,0.5853333333333333,0.65724,0.6553338316740198,0.645912,0.6505279282199454,0.6653199999999999,19.76,0.2557937497648136,0.03424284956749919,19.01388888888889,49.01388888888889,24.0,0.4956944444444444,189.0,0.5815167548500881,37.0,0.662972972972973,0.5848266666666666,0.647472,0.0005066666666666553,-0.0015600000000000724
four_state_semimarkov,random_skill_item_bin,0.0,20260801.0,2.0,250.0,0.5398,0.5999599999999999,0.5812666666666666,0.657496,0.6541879447588052,0.6511440000000001,0.6496585439957839,0.64728,19.88,0.23434154853463185,0.025912478791092364,19.01388888888889,49.01388888888889,22.0,0.4810606060606061,199.0,0.5801172529313232,29.0,0.6651724137931033,0.5848933333333333,0.651464,-0.003626666666666667,-0.0003200000000000092
four_state_semimarkov,random_skill_item_bin,1.0,20360804.0,2.0,250.0,0.5330666666666666,0.5952666666666666,0.5760666666666666,0.65888,0.653026750547556,0.6528319999999999,0.6483553965557475,0.646464,19.908,0.24056662312021465,0.02597006030185573,19.01388888888889,49.01388888888889,26.0,0.4901282051282051,194.0,0.5742783505154638,30.0,0.6621111111111111,0.5770933333333332,0.652848,-0.0010266666666666423,-1.6000000000104818e-05
four_state_semimarkov,random_skill_item_bin,2.0,20460807.0,2.0,250.0,0.5401333333333332,0.6001999999999998,0.5814933333333332,0.658072,0.6542995962241361,0.648072,0.6497400109731754,0.648288,19.856,0.24184206208181477,0.026080966843905797,19.01388888888889,49.01388888888889,15.0,0.4782222222222222,207.0,0.5792914653784218,28.0,0.653095238095238,0.5836133333333333,0.64872,-0.002120000000000033,-0.0006480000000000041
four_state_semimarkov,random_skill_item_bin,3.0,20560810.0,2.0,250.0,0.5303333333333332,0.59276,0.5731999999999999,0.652512,0.6525162462163434,0.644952,0.6477520890861533,0.6464000000000001,19.868,0.23703646101919915,0.025586670606808477,19.01388888888889,49.01388888888889,27.0,0.4924691358024691,199.0,0.5730485762144053,24.0,0.6652777777777777,0.5747599999999999,0.645176,-0.0015600000000000724,-0.00022400000000002417
four_state_semimarkov,random_skill_item_bin,4.0,20660813.0,2.0,250.0,0.5348666666666666,0.5967066666666666,0.5776133333333332,0.6569839999999999,0.6533608537404868,0.649888,0.6487536603356793,0.646776,19.92,0.24020596797399882,0.02635059733851392,19.01388888888889,49.01388888888889,32.0,0.4841666666666666,193.0,0.5816580310880828,25.0,0.6659999999999999,0.57868,0.649216,-0.001066666666666638,0.0006720000000000059
four_state_semimarkov,random_skill_item_bin,5.0,20760816.0,2.0,250.0,0.5378,0.5983333333333333,0.5787866666666666,0.653432,0.6538250426980428,0.6521760000000001,0.6490720425680505,0.644336,19.908,0.2425243957940877,0.02567663944982465,19.01388888888889,49.01388888888889,30.0,0.4771111111111111,177.0,0.5756685499058379,43.0,0.6625581395348836,0.5806799999999999,0.651848,-0.0018933333333333024,0.0003280000000000172
four_state_semimarkov,random_skill_item_bin,6.0,20860819.0,2.0,250.0,0.5315333333333333,0.5919066666666666,0.5729333333333333,0.650488,0.6522244327152826,0.647608,0.6476112159762935,0.645104,19.88,0.24001129072988475,0.025572810099860906,19.01388888888889,49.01388888888889,26.0,0.4884615384615384,203.0,0.5738916256157635,21.0,0.6682539682539682,0.5778666666666666,0.647616,-0.004933333333333301,-8.000000000030205e-06
four_state_semimarkov,random_skill_item_bin,7.0,20960822.0,2.0,250.0,0.5388666666666666,0.601,0.5811333333333333,0.65804,0.65468177955329,0.6474960000000001,0.6498464990380167,0.646592,19.864,0.23725445734387574,0.025935277987369186,19.01388888888889,49.01388888888889,22.0,0.48999999999999994,197.0,0.5782741116751268,31.0,0.6639784946236558,0.5811733333333333,0.6468480000000001,-3.999999999995119e-05,0.0006480000000000041
four_state_semimarkov,random_skill_item_bin,8.0,21060825.0,2.0,250.0,0.5411333333333332,0.6033866666666665,0.5837199999999999,0.653024,0.6549879573927782,0.6479600000000001,0.6501951509535768,0.647432,19.88,0.23679603780337616,0.02606792008058572,19.01388888888889,49.01388888888889,16.0,0.49083333333333334,202.0,0.5791089108910891,32.0,0.6592708333333333,0.58456,0.64796,-0.0008400000000000185,6.661338147750939e-17
four_state_semimarkov,random_skill_item_bin,9.0,21160828.0,2.0,250.0,0.5351999999999999,0.59732,0.5776133333333332,0.6538640000000001,0.6536144606086408,0.6515519999999999,0.6488317815130851,0.6464719999999999,19.88,0.23680872030310982,0.02556811997400359,19.01388888888889,49.01388888888889,29.0,0.4990804597701149,189.0,0.5756261022927689,32.0,0.6605208333333332,0.5764533333333333,0.651672,0.0011600000000000278,-0.00012000000000003119
four_state_semimarkov,random_skill_item_bin,10.0,21260831.0,2.0,250.0,0.5418,0.60064,0.5799599999999999,0.656144,0.6543922604554429,0.647112,0.6493555734917094,0.646184,19.88,0.2393467717250876,0.026020246214441857,19.01388888888889,49.01388888888889,24.0,0.48722222222222217,193.0,0.5776511226252158,33.0,0.6609090909090909,0.5805866666666666,0.6474880000000001,-0.0006266666666666865,-0.00037600000000004297
four_state_semimarkov,random_skill_item_bin,11.0,21360834.0,2.0,250.0,0.5340666666666666,0.5968533333333332,0.5767199999999999,0.654496,0.6533804825250055,0.6508480000000001,0.648484757080947,0.643576,19.916,0.240542409280713,0.02544740627137222,19.01388888888889,49.01388888888889,29.0,0.497816091954023,195.0,0.5768205128205127,26.0,0.663974358974359,0.5772533333333333,0.651232,-0.0005333333333333634,-0.00038399999999996217
four_state_semimarkov,random_skill_item_bin,12.0,21460837.0,2.0,250.0,0.54,0.6015466666666666,0.5827333333333332,0.655288,0.6546326182280469,0.6490400000000001,0.650041214010889,0.64924,19.892,0.24417795282939553,0.025781742157398507,19.01388888888889,49.01388888888889,27.0,0.49148148148148146,187.0,0.5802495543672013,36.0,0.664074074074074,0.5840266666666667,0.64888,-0.001293333333333413,0.00015999999999998237
four_state_semimarkov,random_skill_item_bin,13.0,21560840.0,2.0,250.0,0.5360666666666666,0.5966266666666666,0.5760666666666666,0.6533599999999999,0.6535091443182248,0.650168,0.6484865767483952,0.6470480000000001,19.88,0.23971342098134843,0.025861261169205202,19.01388888888889,49.01388888888889,23.0,0.4766666666666667,197.0,0.5732148900169204,30.0,0.6709999999999999,0.5771466666666665,0.650552,-0.0010799999999999478,-0.00038400000000005097
four_state_semimarkov,random_skill_item_bin,14.0,21660843.0,2.0,250.0,0.5405999999999999,0.6011199999999999,0.5820133333333333,0.6567040000000001,0.6546663259212789,0.6541520000000001,0.6500136786281927,0.646128,19.876,0.23844391524892897,0.025763624334156975,19.01388888888889,49.01388888888889,21.0,0.49714285714285705,192.0,0.5744097222222221,37.0,0.6696396396396395,0.5833866666666666,0.6537040000000001,-0.001373333333333293,0.00044799999999995955
four_state_semimarkov,random_skill_item_bin,15.0,21760846.0,2.0,250.0,0.5313333333333332,0.5920133333333333,0.5731733333333333,0.653064,0.6523043805468013,0.647904,0.6477163613890073,0.643104,19.884,0.23837565881995104,0.025622932496155916,19.01388888888889,49.01388888888889,24.0,0.4936111111111111,204.0,0.573251633986928,22.0,0.6592424242424241,0.5749333333333333,0.6475839999999999,-0.0017600000000000283,0.0003200000000000536
four_state_semimarkov,random_skill_item_bin,16.0,21860849.0,2.0,250.0,0.5433333333333332,0.60532,0.5864533333333333,0.649728,0.6556216607869582,0.65388,0.6510167606610834,0.647872,19.888,0.2368296947914103,0.025633589251385015,19.01388888888889,49.01388888888889,19.0,0.49070175438596486,192.0,0.5785069444444444,39.0,0.6722222222222222,0.5866533333333332,0.653336,-0.00019999999999995577,0.0005440000000000334
four_state_semimarkov,random_skill_item_bin,17.0,21960852.0,2.0,250.0,0.5348666666666667,0.5972266666666666,0.5779866666666665,0.65176,0.653558507794018,0.65036,0.6488623418529407,0.64436,19.892,0.23895649312930684,0.02556813126613234,19.01388888888889,49.01388888888889,24.0,0.49083333333333323,192.0,0.5743229166666666,34.0,0.6601960784313725,0.5782399999999999,0.649408,-0.00025333333333337204,0.0009520000000000195
four_state_semimarkov,random_skill_item_bin,18.0,22060855.0,2.0,250.0,0.5428666666666666,0.6037466666666667,0.5844266666666666,0.6536559999999999,0.6550993200433362,0.6541119999999999,0.6504057032324009,0.647352,19.844,0.23532593191622095,0.02586112155822489,19.01388888888889,49.01388888888889,21.0,0.48952380952380947,192.0,0.580173611111111,37.0,0.6603603603603603,0.5874533333333332,0.6548,-0.003026666666666644,-0.0006880000000000442
four_state_semimarkov,random_skill_item_bin,19.0,22160858.0,2.0,250.0,0.5310666666666666,0.5939599999999999,0.5761466666666666,0.6532640000000001,0.6527515013884927,0.64872,0.6484147175366095,0.6467280000000001,19.924,0.2389258378298166,0.025635044902705205,19.01388888888889,49.01388888888889,33.0,0.48737373737373735,189.0,0.578095238095238,28.0,0.6676190476190476,0.57632,0.647928,-0.00017333333333342528,0.0007920000000000149
four_state_semimarkov,random_skill_item_bin,20.0,22260861.0,2.0,250.0,0.5401333333333332,0.60076,0.58212,0.649512,0.6544350376774034,0.65,0.6498757783593784,0.64808,19.884,0.23767332259634175,0.02591698897325654,19.01388888888889,49.01388888888889,26.0,0.48961538461538456,192.0,0.5818576388888888,32.0,0.6588541666666666,0.5830799999999999,0.6511039999999999,-0.0009599999999999831,-0.001104000000000016
four_state_semimarkov,random_skill_item_bin,21.0,22360864.0,2.0,250.0,0.5343333333333332,0.5964533333333332,0.5775599999999999,0.652664,0.6534392893658935,0.648992,0.6488640588070042,0.645256,19.852,0.24122690990347265,0.025805948458519072,19.01388888888889,49.01388888888889,36.0,0.4964814814814814,186.0,0.5794623655913977,28.0,0.6691666666666667,0.5779466666666666,0.648872,-0.0003866666666666907,0.0001200000000000534
four_state_semimarkov,random_skill_item_bin,22.0,22460867.0,2.0,250.0,0.5371999999999998,0.5986266666666666,0.5786,0.6553599999999999,0.6538304499855793,0.648736,0.6489374665840597,0.6483359999999999,19.892,0.23892594244600435,0.025881919072389493,19.01388888888889,49.01388888888889,27.0,0.4838271604938272,196.0,0.580391156462585,27.0,0.6603703703703703,0.5803066666666666,0.64924,-0.0017066666666666341,-0.00050400000000006
four_state_semimarkov,random_skill_item_bin,23.0,22560870.0,2.0,250.0,0.5407333333333334,0.6011866666666666,0.582,0.65492,0.6544288481081609,0.650608,0.6497529902945447,0.6466000000000001,19.872,0.2361688381376683,0.026018024844664776,19.01388888888889,49.01388888888889,29.0,0.49137931034482757,187.0,0.5819786096256684,34.0,0.6594117647058824,0.5814133333333332,0.650256,0.0005866666666666465,0.0003520000000000412
four_state_semimarkov,random_skill_item_bin,24.0,22660873.0,2.0,250.0,0.5400666666666666,0.6020799999999998,0.5825466666666665,0.654912,0.654855250512201,0.649408,0.650089645371515,0.64616,19.86,0.2382173646093267,0.026094929447348914,19.01388888888889,49.01388888888889,25.0,0.49066666666666664,189.0,0.5796472663139329,36.0,0.6615740740740741,0.5810533333333333,0.6492559999999999,0.00149333333333328,0.0001520000000000632
four_state_semimarkov,random_skill_item_bin,25.0,22760876.0,2.0,250.0,0.5362666666666667,0.5992933333333333,0.58064,0.652848,0.6541104595507783,0.651616,0.6495782392671007,0.6483679999999999,19.852,0.238193075872862,0.026073517939645137,19.01388888888889,49.01388888888889,18.0,0.5037037037037037,211.0,0.5784518167456555,21.0,0.6685714285714285,0.5818266666666666,0.6512800000000001,-0.001186666666666647,0.00033600000000000296
four_state_semimarkov,random_skill_item_bin,26.0,22860879.0,2.0,250.0,0.5412666666666667,0.6017066666666666,0.58324,0.6514719999999999,0.6546526337806602,0.655744,0.6501499869911902,0.6453599999999999,19.88,0.23717327997009113,0.025892630028919138,19.01388888888889,49.01388888888889,18.0,0.4933333333333333,198.0,0.5776262626262625,34.0,0.6635294117647058,0.5843866666666665,0.656224,-0.001146666666666607,-0.00048000000000003595
four_state_semimarkov,random_skill_item_bin,27.0,22960882.0,2.0,250.0,0.536,0.5971866666666665,0.5777599999999998,0.654392,0.6535528068162829,0.651048,0.6488505515796678,0.645872,19.888,0.23953319060951977,0.02580835386822263,19.01388888888889,49.01388888888889,20.0,0.4891666666666666,207.0,0.5763607085346215,23.0,0.667391304347826,0.5791999999999999,0.6504559999999999,-0.0014399999999999968,0.0005919999999999704
four_state_semimarkov,random_skill_item_bin,28.0,23060885.0,2.0,250.0,0.5365333333333333,0.5967866666666667,0.5785866666666666,0.6561600000000001,0.653544604268278,0.644888,0.6491085255788857,0.646848,19.928,0.23951121716784934,0.026090438761629413,19.01388888888889,49.01388888888889,23.0,0.4824637681159419,203.0,0.5784072249589489,24.0,0.6722222222222222,0.5799733333333333,0.645424,-0.0013866666666666916,-0.0005360000000000254
four_state_semimarkov,random_skill_item_bin,29.0,23160888.0,2.0,250.0,0.5438666666666666,0.6048266666666666,0.5853333333333333,0.65728,0.6554536127662707,0.647288,0.6507165203865439,0.648728,19.912,0.24595698013733017,0.025749973570923762,19.01388888888889,49.01388888888889,24.0,0.49527777777777776,189.0,0.5803703703703703,37.0,0.669099099099099,0.5848266666666666,0.647472,0.000506666666666633,-0.0001840000000000508
four_state_semimarkov,target_success_070,0.0,20260801.0,2.0,250.0,0.5398,0.6014266666666666,0.5828,0.658416,0.6547285017222642,0.651112,0.6502116249265341,0.7026,18.0,0.29183780623928035,0.024352428549299334,19.01388888888889,49.01388888888889,22.0,0.48090909090909084,199.0,0.5816917922948073,29.0,0.6677011494252872,0.5848933333333333,0.651464,-0.002093333333333347,-0.00035199999999997457
four_state_semimarkov,target_success_070,1.0,20360804.0,2.0,250.0,0.5330666666666666,0.5997333333333332,0.5801066666666667,0.65984,0.6542946810685002,0.654056,0.649512861421059,0.7018800000000001,17.984,0.28120226419631283,0.024131064992412195,19.01388888888889,49.01388888888889,26.0,0.5024358974358973,194.0,0.5766323024054982,30.0,0.6698888888888888,0.5770933333333332,0.652848,0.0030133333333333344,0.0012079999999999424
four_state_semimarkov,target_success_070,2.0,20460807.0,2.0,250.0,0.5401333333333332,0.6042533333333332,0.58532,0.6599680000000001,0.6554519007233912,0.648784,0.6508342461903529,0.7021600000000001,17.984,0.2871701272649229,0.024848521186556203,19.01388888888889,49.01388888888889,15.0,0.4848888888888888,207.0,0.5823993558776166,28.0,0.6607142857142856,0.5836133333333333,0.64872,0.0017066666666666563,6.39999999999974e-05
four_state_semimarkov,target_success_070,3.0,20560810.0,2.0,250.0,0.5303333333333332,0.5929466666666666,0.5731866666666665,0.652192,0.6527123809078164,0.6441600000000001,0.6479032243381481,0.70224,18.004,0.28905602822816584,0.024299085826002924,19.01388888888889,49.01388888888889,27.0,0.4966666666666667,199.0,0.5720770519262981,24.0,0.6684722222222221,0.5747599999999999,0.645176,-0.0015733333333334044,-0.001016000000000039
four_state_semimarkov,target_success_070,4.0,20660813.0,2.0,250.0,0.5348666666666666,0.5967999999999999,0.5779733333333332,0.658712,0.6536523451699958,0.649448,0.6491016984895123,0.70148,17.976,0.2823482004011542,0.02429488116875102,19.01388888888889,49.01388888888889,32.0,0.48697916666666663,193.0,0.5815371329879101,25.0,0.6669333333333333,0.57868,0.649216,-0.0007066666666666777,0.00023200000000003218
four_state_semimarkov,target_success_070,5.0,20760816.0,2.0,250.0,0.5378,0.5995866666666666,0.5800533333333332,0.653696,0.6543568234957375,0.653384,0.6495992754857431,0.7044400000000001,17.968,0.27745462060120657,0.024743754426929002,19.01388888888889,49.01388888888889,30.0,0.47777777777777775,177.0,0.5778531073446327,43.0,0.6604651162790697,0.5806799999999999,0.651848,-0.0006266666666666643,0.001536000000000004
four_state_semimarkov,target_success_070,6.0,20860819.0,2.0,250.0,0.5315333333333333,0.5946666666666667,0.5757999999999999,0.6519839999999999,0.653162958004067,0.648152,0.6485626031986362,0.69616,17.984,0.28967945050271576,0.02347857776245424,19.01388888888889,49.01388888888889,26.0,0.47602564102564104,203.0,0.5797536945812807,21.0,0.6611111111111111,0.5778666666666666,0.647616,-0.002066666666666661,0.0005360000000000032
four_state_semimarkov,target_success_070,7.0,20960822.0,2.0,250.0,0.5388666666666666,0.6025066666666665,0.5824666666666667,0.659312,0.6552340792534691,0.6483760000000001,0.6503521671439237,0.7071600000000001,17.988,0.2809965710027179,0.024875870747556147,19.01388888888889,49.01388888888889,22.0,0.5021212121212121,197.0,0.5782910321489,31.0,0.666021505376344,0.5811733333333333,0.6468480000000001,0.0012933333333333685,0.001527999999999996
four_state_semimarkov,target_success_070,8.0,21060825.0,2.0,250.0,0.5411333333333332,0.5991733333333332,0.57936,0.652712,0.6541336542028202,0.645928,0.6493000588748963,0.70304,18.004,0.2751953612410064,0.02526959915981782,19.01388888888889,49.01388888888889,16.0,0.47895833333333326,202.0,0.5751650165016501,32.0,0.6560416666666666,0.58456,0.64796,-0.005200000000000027,-0.002031999999999967
four_state_semimarkov,target_success_070,9.0,21160828.0,2.0,250.0,0.5351999999999999,0.6004933333333333,0.5805333333333333,0.6550239999999999,0.6546490874732038,0.653752,0.6497901017346231,0.7028799999999998,18.0,0.29289102760335595,0.024826377643981268,19.01388888888889,49.01388888888889,29.0,0.49988505747126427,189.0,0.5778835978835979,32.0,0.6692708333333333,0.5764533333333333,0.651672,0.004080000000000061,0.0020799999999999486
four_state_semimarkov,target_success_070,10.0,21260831.0,2.0,250.0,0.5418,0.60108,0.5802266666666667,0.656752,0.6547743159606971,0.6475200000000001,0.6496748789993857,0.7013199999999999,17.996,0.2817755966643883,0.02438875612603687,19.01388888888889,49.01388888888889,24.0,0.48999999999999994,193.0,0.5773229706390326,33.0,0.6628282828282828,0.5805866666666666,0.6474880000000001,-0.00036000000000000474,3.2000000000032e-05
four_state_semimarkov,target_success_070,11.0,21360834.0,2.0,250.0,0.5340666666666666,0.5973599999999999,0.5773333333333333,0.6549039999999999,0.6538310564003339,0.6504239999999999,0.6489468959249203,0.7056800000000001,17.996,0.2804746171923962,0.02476618190774373,19.01388888888889,49.01388888888889,29.0,0.5037931034482758,195.0,0.5773162393162392,26.0,0.6594871794871795,0.5772533333333333,0.651232,8.00000000000356e-05,-0.0008080000000000309
four_state_semimarkov,target_success_070,12.0,21460837.0,2.0,250.0,0.54,0.6028133333333332,0.5836399999999999,0.6566639999999999,0.6551589952067909,0.649848,0.6504697649553417,0.6997599999999999,17.98,0.2812824232874247,0.024290374786363436,19.01388888888889,49.01388888888889,27.0,0.4875308641975309,187.0,0.5816221033868091,36.0,0.6662037037037035,0.5840266666666667,0.64888,-0.0003866666666667351,0.0009679999999999244
four_state_semimarkov,target_success_070,13.0,21560840.0,2.0,250.0,0.5360666666666666,0.6013733333333333,0.5804799999999999,0.6546559999999999,0.6548444979026291,0.6515600000000001,0.6497370860229373,0.7029200000000001,17.988,0.28755926900068524,0.02437442922202377,19.01388888888889,49.01388888888889,23.0,0.4856521739130434,197.0,0.578798646362098,30.0,0.6642222222222222,0.5771466666666665,0.650552,0.003333333333333366,0.0010080000000000533
four_state_semimarkov,target_success_070,14.0,21660843.0,2.0,250.0,0.5405999999999999,0.6049333333333333,0.5858799999999998,0.658712,0.6558129982993066,0.655512,0.6511604118612139,0.70428,17.964,0.2846483856363091,0.024660208480323628,19.01388888888889,49.01388888888889,21.0,0.5012698412698411,192.0,0.5794270833333333,37.0,0.6673873873873873,0.5833866666666666,0.6537040000000001,0.002493333333333303,0.001807999999999943
four_state_semimarkov,target_success_070,15.0,21760846.0,2.0,250.0,0.5313333333333332,0.5945733333333333,0.5753866666666665,0.654992,0.653185732666606,0.6482880000000001,0.6485024727775055,0.70248,17.996,0.2742456856896698,0.024597525143488466,19.01388888888889,49.01388888888889,24.0,0.4926388888888889,204.0,0.5756045751633986,22.0,0.6636363636363635,0.5749333333333333,0.6475839999999999,0.0004533333333333056,0.0007040000000000602
four_state_semimarkov,target_success_070,16.0,21860849.0,2.0,250.0,0.5433333333333332,0.6077733333333333,0.58904,0.6500319999999999,0.6565159579433723,0.6541919999999999,0.6519311328847806,0.70068,17.996,0.2809211322135839,0.02493259974727573,19.01388888888889,49.01388888888889,19.0,0.49491228070175436,192.0,0.5800868055555555,39.0,0.678974358974359,0.5866533333333332,0.653336,0.00238666666666667,0.0008559999999999679
four_state_semimarkov,target_success_070,17.0,21960852.0,2.0,250.0,0.5348666666666667,0.5961599999999999,0.5774533333333333,0.6508079999999998,0.6534888018289868,0.6512,0.648917596114557,0.69996,17.964,0.28762098240068495,0.02436917413527622,19.01388888888889,49.01388888888889,24.0,0.48680555555555555,192.0,0.5747395833333332,34.0,0.6567647058823528,0.5782399999999999,0.649408,-0.000786666666666691,0.0017919999999999492
four_state_semimarkov,target_success_070,18.0,22060855.0,2.0,250.0,0.5428666666666666,0.60364,0.5842799999999999,0.653408,0.6551578367633846,0.65384,0.6504525923903872,0.70308,17.992,0.28921746366626055,0.024358787920665873,19.01388888888889,49.01388888888889,21.0,0.5026984126984126,192.0,0.5784895833333332,37.0,0.6606306306306305,0.5874533333333332,0.6548,-0.003173333333333339,-0.0009599999999999609
four_state_semimarkov,target_success_070,19.0,22160858.0,2.0,250.0,0.5310666666666666,0.5937866666666667,0.57548,0.65404,0.6529765812461902,0.647968,0.6485115845749305,0.7060799999999999,17.988,0.2797914367482409,0.02530411744830654,19.01388888888889,49.01388888888889,33.0,0.4893939393939394,189.0,0.5772486772486772,28.0,0.6649999999999999,0.57632,0.647928,-0.0008400000000000185,4.000000000006221e-05
four_state_semimarkov,target_success_070,20.0,22260861.0,2.0,250.0,0.5401333333333332,0.6022933333333332,0.5837466666666666,0.648952,0.655040802548774,0.650552,0.6504991858522016,0.70812,17.98,0.26904689765110007,0.024392479414587158,19.01388888888889,49.01388888888889,26.0,0.4915384615384615,192.0,0.5838020833333332,32.0,0.6583333333333332,0.5830799999999999,0.6511039999999999,0.000666666666666682,-0.0005520000000000414
four_state_semimarkov,target_success_070,21.0,22360864.0,2.0,250.0,0.5343333333333332,0.5987466666666666,0.5797733333333333,0.653304,0.6541874743026053,0.649168,0.6495940100783126,0.7025600000000001,17.996,0.28007789282514056,0.024340429011945133,19.01388888888889,49.01388888888889,36.0,0.4943518518518519,186.0,0.5821146953405016,28.0,0.674047619047619,0.5779466666666666,0.648872,0.0018266666666666652,0.0002960000000000296
four_state_semimarkov,target_success_070,22.0,22460867.0,2.0,250.0,0.5371999999999998,0.5992933333333333,0.5793199999999998,0.6558080000000001,0.6542237727220669,0.648864,0.6493386905370154,0.7047599999999999,17.992,0.28479351900071453,0.024811985598122817,19.01388888888889,49.01388888888889,27.0,0.4925925925925926,196.0,0.5798299319727891,27.0,0.6623456790123456,0.5803066666666666,0.64924,-0.0009866666666666912,-0.00037600000000002074
four_state_semimarkov,target_success_070,23.0,22560870.0,2.0,250.0,0.5407333333333334,0.6031733333333332,0.5833199999999998,0.655888,0.6552168858818697,0.651408,0.6503659039844085,0.70388,17.996,0.2791817047177417,0.024845246014218555,19.01388888888889,49.01388888888889,29.0,0.5019540229885057,187.0,0.5825133689839571,34.0,0.657156862745098,0.5814133333333332,0.650256,0.00190666666666659,0.0011519999999999974
four_state_semimarkov,target_success_070,24.0,22660873.0,2.0,250.0,0.5400666666666666,0.5997066666666666,0.5803466666666666,0.6535679999999999,0.6545034839302825,0.6487999999999999,0.6497773830028132,0.7068,17.952,0.27435328490000394,0.024591950875150984,19.01388888888889,49.01388888888889,25.0,0.48199999999999993,189.0,0.5773544973544972,36.0,0.6643518518518519,0.5810533333333333,0.6492559999999999,-0.000706666666666722,-0.00045599999999996755
four_state_semimarkov,target_success_070,25.0,22760876.0,2.0,250.0,0.5362666666666667,0.5999466666666666,0.5812133333333331,0.6522720000000001,0.6544764858872404,0.65112,0.6499169439512702,0.70252,17.984,0.2882336138519288,0.024677851994666242,19.01388888888889,49.01388888888889,18.0,0.49185185185185176,211.0,0.5805371248025275,21.0,0.6646031746031745,0.5818266666666666,0.6512800000000001,-0.0006133333333333768,-0.00015999999999998237
four_state_semimarkov,target_success_070,26.0,22860879.0,2.0,250.0,0.5412666666666667,0.6013466666666666,0.5831066666666666,0.651512,0.6548377841611148,0.656144,0.6503820720516429,0.70296,17.968,0.2763250125272101,0.024859678883323674,19.01388888888889,49.01388888888889,18.0,0.5087037037037037,198.0,0.57503367003367,34.0,0.6695098039215686,0.5843866666666665,0.656224,-0.00127999999999997,-8.000000000005781e-05
four_state_semimarkov,target_success_070,27.0,22960882.0,2.0,250.0,0.536,0.5970666666666666,0.57768,0.654088,0.6537792246763209,0.650976,0.6490771671640226,0.70428,17.988,0.2857736015246127,0.024741325966697546,19.01388888888889,49.01388888888889,20.0,0.4841666666666666,207.0,0.5768599033816424,23.0,0.6663768115942028,0.5791999999999999,0.6504559999999999,-0.0015199999999999658,0.0005200000000000094
four_state_semimarkov,target_success_070,28.0,23060885.0,2.0,250.0,0.5365333333333333,0.5986933333333333,0.5801599999999999,0.6562479999999999,0.6542422317812933,0.6459119999999999,0.6497175583560486,0.70708,17.972,0.27668406448698696,0.02494691972266846,19.01388888888889,49.01388888888889,23.0,0.4902898550724637,203.0,0.5795402298850574,24.0,0.6715277777777777,0.5799733333333333,0.645424,0.0001866666666666017,0.00048799999999995516
four_state_semimarkov,target_success_070,29.0,23160888.0,2.0,250.0,0.5438666666666666,0.6057866666666666,0.5862933333333332,0.657992,0.6558901833278098,0.646488,0.6511430320884972,0.7011599999999999,17.992,0.27875383546817617,0.02499332570464822,19.01388888888889,49.01388888888889,24.0,0.49777777777777776,189.0,0.5812522045855378,37.0,0.6694594594594594,0.5848266666666666,0.647472,0.0014666666666666383,-0.000984000000000096
four_state_semimarkov,two_corner_robust_response_information_gain,0.0,20260801.0,2.0,250.0,0.5398,0.6141199999999999,0.5951333333333333,0.661152,0.6580584192354058,0.655464,0.6534419398858842,0.54196,17.288,-0.36181879249757104,0.038523812170500916,19.01388888888889,49.01388888888889,22.0,0.5051515151515151,199.0,0.5929480737018424,29.0,0.6783908045977011,0.5848933333333333,0.651464,0.010239999999999938,0.004000000000000026
four_state_semimarkov,two_corner_robust_response_information_gain,1.0,20360804.0,2.0,250.0,0.5330666666666666,0.6079866666666666,0.5881733333333333,0.66236,0.656504251954354,0.65584,0.6516768310523718,0.53972,17.264,-0.3606755394312221,0.038420653720935276,19.01388888888889,49.01388888888889,26.0,0.5057692307692306,194.0,0.584656357388316,30.0,0.6823333333333333,0.5770933333333332,0.652848,0.011080000000000024,0.002991999999999928
four_state_semimarkov,two_corner_robust_response_information_gain,2.0,20460807.0,2.0,250.0,0.5401333333333332,0.6119199999999999,0.59256,0.661336,0.6575659837944066,0.651936,0.6528383249898149,0.5452400000000001,17.328,-0.36202504094246696,0.038707171301226126,19.01388888888889,49.01388888888889,15.0,0.48888888888888893,207.0,0.5896940418679547,28.0,0.6692857142857143,0.5836133333333333,0.64872,0.008946666666666703,0.0032159999999999745
four_state_semimarkov,two_corner_robust_response_information_gain,3.0,20560810.0,2.0,250.0,0.5303333333333332,0.6011733333333333,0.5811733333333333,0.6543599999999999,0.654907416346252,0.6464000000000001,0.6500304402932496,0.53972,17.244,-0.3623402195331921,0.03791930895337357,19.01388888888889,49.01388888888889,27.0,0.4975308641975308,199.0,0.5815075376884421,24.0,0.6725,0.5747599999999999,0.645176,0.006413333333333359,0.0012239999999999584
four_state_semimarkov,two_corner_robust_response_information_gain,4.0,20660813.0,2.0,250.0,0.5348666666666666,0.6060399999999999,0.5864266666666665,0.6596879999999999,0.6561195619203181,0.652312,0.6513676612144426,0.5418399999999999,17.284,-0.36081868783651505,0.038650069976871114,19.01388888888889,49.01388888888889,32.0,0.49437499999999995,193.0,0.5902417962003452,25.0,0.6748,0.57868,0.649216,0.007746666666666702,0.0030959999999999434
four_state_semimarkov,two_corner_robust_response_information_gain,5.0,20760816.0,2.0,250.0,0.5378,0.6091066666666667,0.5893066666666666,0.6561999999999999,0.6569045265212159,0.6546399999999999,0.65207424462162,0.5389200000000001,17.212,-0.36417364298772104,0.038027355838220096,19.01388888888889,49.01388888888889,30.0,0.49622222222222223,177.0,0.5864030131826741,43.0,0.6662015503875969,0.5806799999999999,0.651848,0.008626666666666671,0.0027919999999999725
four_state_semimarkov,two_corner_robust_response_information_gain,6.0,20860819.0,2.0,250.0,0.5315333333333333,0.6009733333333334,0.5819066666666666,0.6541520000000001,0.6548824027847663,0.649584,0.6502259241515734,0.54628,17.284,-0.36232020706470586,0.03867846759600311,19.01388888888889,49.01388888888889,26.0,0.4935897435897436,203.0,0.5825451559934318,21.0,0.6850793650793651,0.5778666666666666,0.647616,0.004039999999999977,0.001967999999999992
four_state_semimarkov,two_corner_robust_response_information_gain,7.0,20960822.0,2.0,250.0,0.5388666666666666,0.6066533333333333,0.5863999999999999,0.66124,0.6564708200533493,0.649184,0.6515289634957239,0.5462,17.18,-0.3612737986623852,0.03785421006493676,19.01388888888889,49.01388888888889,22.0,0.4924242424242423,197.0,0.5835871404399322,31.0,0.6709677419354838,0.5811733333333333,0.6468480000000001,0.005226666666666646,0.0023359999999999826
four_state_semimarkov,two_corner_robust_response_information_gain,8.0,21060825.0,2.0,250.0,0.5411333333333332,0.6113066666666666,0.5915466666666667,0.656264,0.6572729577604022,0.648944,0.652450617654919,0.53996,17.26,-0.3632684074785153,0.03847556592313059,19.01388888888889,49.01388888888889,16.0,0.4916666666666666,202.0,0.5873762376237622,32.0,0.6678124999999999,0.58456,0.64796,0.0069866666666666966,0.0009840000000000293
four_state_semimarkov,two_corner_robust_response_information_gain,9.0,21160828.0,2.0,250.0,0.5351999999999999,0.6021333333333333,0.5819866666666667,0.654088,0.6552166113290153,0.652688,0.6503076525134337,0.54448,17.26,-0.3613541110045238,0.0388041400029061,19.01388888888889,49.01388888888889,29.0,0.4991954022988505,189.0,0.5806525573192238,32.0,0.6648958333333332,0.5764533333333333,0.651672,0.0055333333333333675,0.0010159999999999724
four_state_semimarkov,two_corner_robust_response_information_gain,10.0,21260831.0,2.0,250.0,0.5418,0.6068533333333332,0.5861599999999999,0.656536,0.6562891479545783,0.649704,0.6512336112109786,0.54544,17.332,-0.3609097817912812,0.03887228321868579,19.01388888888889,49.01388888888889,24.0,0.4925,193.0,0.5833160621761657,33.0,0.6709090909090909,0.5805866666666666,0.6474880000000001,0.005573333333333363,0.002215999999999907
four_state_semimarkov,two_corner_robust_response_information_gain,11.0,21360834.0,2.0,250.0,0.5340666666666666,0.6078399999999999,0.5870799999999999,0.658632,0.6565714348252647,0.654304,0.6515031991254544,0.54284,17.212,-0.36273545639721577,0.03815253656045969,19.01388888888889,49.01388888888889,29.0,0.506896551724138,195.0,0.5875213675213674,26.0,0.6732051282051282,0.5772533333333333,0.651232,0.009826666666666628,0.0030720000000000747
four_state_semimarkov,two_corner_robust_response_information_gain,12.0,21460837.0,2.0,250.0,0.54,0.6113199999999999,0.5915733333333333,0.65812,0.6574558132412663,0.652472,0.6526206214426653,0.54876,17.344,-0.3604204641244741,0.03888011039885544,19.01388888888889,49.01388888888889,27.0,0.4860493827160493,187.0,0.5909803921568627,36.0,0.6737962962962962,0.5840266666666667,0.64888,0.007546666666666657,0.003591999999999973
four_state_semimarkov,two_corner_robust_response_information_gain,13.0,21560840.0,2.0,250.0,0.5360666666666666,0.60616,0.5850266666666666,0.656696,0.6562131896898948,0.652968,0.6510447292054907,0.5446400000000001,17.204,-0.36186439900848405,0.038447315511273915,19.01388888888889,49.01388888888889,23.0,0.4891304347826087,197.0,0.5824196277495769,30.0,0.6756666666666666,0.5771466666666665,0.650552,0.007880000000000064,0.002415999999999996
four_state_semimarkov,two_corner_robust_response_information_gain,14.0,21660843.0,2.0,250.0,0.5405999999999999,0.6089866666666666,0.5893866666666666,0.6598879999999999,0.6570066243707637,0.657024,0.652217319513201,0.54476,17.312,-0.35748952538858986,0.03869191288527702,19.01388888888889,49.01388888888889,21.0,0.5009523809523809,192.0,0.5834722222222221,37.0,0.6702702702702703,0.5833866666666666,0.6537040000000001,0.006000000000000005,0.0033199999999999454
four_state_semimarkov,two_corner_robust_response_information_gain,15.0,21760846.0,2.0,250.0,0.5313333333333332,0.6003599999999999,0.5810266666666666,0.656008,0.6547324646716028,0.6501520000000001,0.6500121469352147,0.539,17.188,-0.3656804156815033,0.03800302425960473,19.01388888888889,49.01388888888889,24.0,0.4948611111111111,204.0,0.5812581699346404,22.0,0.6728787878787877,0.5749333333333333,0.6475839999999999,0.006093333333333351,0.0025680000000001036
four_state_semimarkov,two_corner_robust_response_information_gain,16.0,21860849.0,2.0,250.0,0.5433333333333332,0.6129199999999999,0.5935999999999999,0.6523359999999999,0.657932041695012,0.655752,0.6532029224928856,0.5431200000000002,17.188,-0.3651887484768779,0.038255521184427516,19.01388888888889,49.01388888888889,19.0,0.49842105263157893,192.0,0.5857638888888888,39.0,0.6785470085470084,0.5866533333333332,0.653336,0.006946666666666679,0.002416000000000018
four_state_semimarkov,two_corner_robust_response_information_gain,17.0,21960852.0,2.0,250.0,0.5348666666666667,0.6077199999999998,0.58844,0.655344,0.6565477274509888,0.653336,0.6518268400468861,0.5436,17.188,-0.3601814663441653,0.038217905709007655,19.01388888888889,49.01388888888889,24.0,0.4947222222222222,192.0,0.5863020833333332,34.0,0.6666666666666666,0.5782399999999999,0.649408,0.010199999999999987,0.003927999999999954
four_state_semimarkov,two_corner_robust_response_information_gain,18.0,22060855.0,2.0,250.0,0.5428666666666666,0.61548,0.5956666666666666,0.657648,0.6583553798766171,0.658312,0.6535265338938604,0.54588,17.376,-0.35969122224034,0.038946312687686314,19.01388888888889,49.01388888888889,21.0,0.5077777777777778,192.0,0.5901041666666665,37.0,0.6744144144144143,0.5874533333333332,0.6548,0.00821333333333334,0.0035119999999999817
four_state_semimarkov,two_corner_robust_response_information_gain,19.0,22160858.0,2.0,250.0,0.5310666666666666,0.6029199999999999,0.5843999999999999,0.655792,0.6553913015707356,0.651344,0.6508620347243506,0.54164,17.268,-0.35765918893889104,0.03830984135729931,19.01388888888889,49.01388888888889,33.0,0.5033333333333333,189.0,0.585432098765432,28.0,0.6729761904761905,0.57632,0.647928,0.008079999999999954,0.0034160000000000414
four_state_semimarkov,two_corner_robust_response_information_gain,20.0,22260861.0,2.0,250.0,0.5401333333333332,0.6085866666666666,0.5896799999999999,0.651968,0.6567887818920495,0.6519119999999999,0.6521565172812664,0.54128,17.14,-0.36530755574540896,0.037928054128295696,19.01388888888889,49.01388888888889,26.0,0.4935897435897435,192.0,0.5889930555555555,32.0,0.671875,0.5830799999999999,0.6511039999999999,0.00660000000000005,0.0008079999999999199
four_state_semimarkov,two_corner_robust_response_information_gain,21.0,22360864.0,2.0,250.0,0.5343333333333332,0.6045866666666666,0.5853333333333333,0.6548480000000001,0.6558190054497222,0.65164,0.6511449968009044,0.5492,17.24,-0.3629770535575624,0.038551835299658534,19.01388888888889,49.01388888888889,36.0,0.4959259259259259,186.0,0.5890501792114694,28.0,0.6755952380952379,0.5779466666666666,0.648872,0.00738666666666663,0.0027680000000000595
four_state_semimarkov,two_corner_robust_response_information_gain,22.0,22460867.0,2.0,250.0,0.5371999999999998,0.6079466666666666,0.5877466666666665,0.6577759999999999,0.6565246507627099,0.6516959999999999,0.6515757180825633,0.54476,17.308,-0.36072832423175377,0.038481292851012525,19.01388888888889,49.01388888888889,27.0,0.4991358024691358,196.0,0.5888435374149659,27.0,0.6683950617283949,0.5803066666666666,0.64924,0.007439999999999958,0.002455999999999925
four_state_semimarkov,two_corner_robust_response_information_gain,23.0,22560870.0,2.0,250.0,0.5407333333333334,0.6097333333333332,0.59012,0.6579600000000001,0.6569226398929737,0.653888,0.6521313174916847,0.54156,17.124,-0.3623787790703182,0.037673044502233716,19.01388888888889,49.01388888888889,29.0,0.4905747126436781,187.0,0.5919073083778965,34.0,0.6651960784313725,0.5814133333333332,0.650256,0.00870666666666664,0.0036320000000000575
four_state_semimarkov,two_corner_robust_response_information_gain,24.0,22660873.0,2.0,250.0,0.5400666666666666,0.6096799999999999,0.5898533333333332,0.6570560000000001,0.6570745185099528,0.651576,0.652223291982148,0.54808,17.344,-0.3589125737338704,0.03883654492437481,19.01388888888889,49.01388888888889,25.0,0.5097333333333334,189.0,0.5854144620811287,36.0,0.6687962962962963,0.5810533333333333,0.6492559999999999,0.008799999999999919,0.0023200000000000555
four_state_semimarkov,two_corner_robust_response_information_gain,25.0,22760876.0,2.0,250.0,0.5362666666666667,0.6092666666666666,0.5903866666666666,0.6553519999999999,0.6569374549714022,0.655232,0.6523412723617028,0.5499200000000001,17.272,-0.36189077656829566,0.03829478984422738,19.01388888888889,49.01388888888889,18.0,0.5057407407407407,211.0,0.5899684044233806,21.0,0.667142857142857,0.5818266666666666,0.6512800000000001,0.008560000000000035,0.003951999999999978
four_state_semimarkov,two_corner_robust_response_information_gain,26.0,22860879.0,2.0,250.0,0.5412666666666667,0.6132666666666666,0.5943866666666666,0.656328,0.6579860986879911,0.65832,0.6533632326279746,0.54448,17.34,-0.3590775391391102,0.038787149907959395,19.01388888888889,49.01388888888889,18.0,0.5116666666666666,198.0,0.5877946127946126,34.0,0.6765686274509803,0.5843866666666665,0.656224,0.010000000000000075,0.0020959999999999425
four_state_semimarkov,two_corner_robust_response_information_gain,27.0,22960882.0,2.0,250.0,0.536,0.6087333333333332,0.5889599999999999,0.658072,0.6567831036646424,0.653504,0.6519880449684562,0.54092,17.312,-0.3611768355568326,0.038801077531871224,19.01388888888889,49.01388888888889,20.0,0.5035,207.0,0.5878582930756842,23.0,0.6731884057971014,0.5791999999999999,0.6504559999999999,0.009760000000000036,0.0030479999999999396
four_state_semimarkov,two_corner_robust_response_information_gain,28.0,23060885.0,2.0,250.0,0.5365333333333333,0.6040133333333333,0.5852666666666666,0.658136,0.6556343844468067,0.646624,0.651052682004542,0.5452,17.224,-0.3634012059226351,0.03818931114513869,19.01388888888889,49.01388888888889,23.0,0.4931884057971014,203.0,0.5844170771756978,24.0,0.6806944444444444,0.5799733333333333,0.645424,0.0052933333333332385,0.0012000000000000233
four_state_semimarkov,two_corner_robust_response_information_gain,29.0,23160888.0,2.0,250.0,0.5438666666666666,0.6142933333333332,0.5947466666666665,0.660592,0.658168955535523,0.650968,0.6534022600993067,0.5454000000000001,17.216,-0.3612355589231057,0.038468738809288694,19.01388888888889,49.01388888888889,24.0,0.48624999999999996,189.0,0.592063492063492,37.0,0.6788288288288288,0.5848266666666666,0.647472,0.009919999999999906,0.0034959999999999215
