split,skill_id,item_bin,world_model,target_initial_response_probability,analytic_initial_response_probability,monte_carlo_initial_response_probability,analytic_abs_error,monte_carlo_abs_error
practice,71,0,binary_bktf,0.3716814290047356,0.3716814290047356,0.372465745551274,0.0,0.0007843165465383772
practice,71,1,binary_bktf,0.5487434885497244,0.5487434885497244,0.5495195350643458,0.0,0.0007760465146213757
practice,71,2,binary_bktf,0.6104648147028452,0.6104648147028452,0.6111889498727267,0.0,0.0007241351698814569
practice,71,3,binary_bktf,0.6576406930666525,0.6576406930666525,0.658310677503496,0.0,0.0006699844368435182
practice,71,4,binary_bktf,0.6967863955937365,0.6967863955937365,0.6974028265212786,0.0,0.0006164309275421553
practice,71,5,binary_bktf,0.7329229111342438,0.7329229111342438,0.733483540755818,0.0,0.0005606296215742157
practice,71,6,binary_bktf,0.767793073812169,0.767793073812169,0.7682945125737445,0.0,0.0005014387615754901
practice,71,7,binary_bktf,0.8034942677884076,0.8034942677884076,0.8039300826768903,0.0,0.00043581488848265515
practice,71,8,binary_bktf,0.8694980191951173,0.8694980191951173,0.869800440688785,0.0,0.0003024214936677705
practice,71,0,continuous_latent_trait,0.3716814290047356,0.3716814290047356,0.3716041535704089,0.0,7.727543432672901e-05
practice,71,1,continuous_latent_trait,0.5487434885497244,0.5487434885497244,0.5486670279271273,0.0,7.646062259714093e-05
practice,71,2,continuous_latent_trait,0.6104648147028452,0.6104648147028452,0.6103934686882896,0.0,7.134601455560663e-05
practice,71,3,continuous_latent_trait,0.6576406930666525,0.6576406930666525,0.6575746822977282,0.0,6.601076892431834e-05
practice,71,4,continuous_latent_trait,0.6967863955937365,0.6967863955937365,0.696725661228441,0.0,6.073436529541176e-05
practice,71,5,continuous_latent_trait,0.7329229111342438,0.7329229111342438,0.7328676746386018,0.0,5.523649564198596e-05
practice,71,6,continuous_latent_trait,0.767793073812169,0.767793073812169,0.7677436691448458,0.0,4.9404667323171836e-05
practice,71,7,continuous_latent_trait,0.8034942677884076,0.8034942677884076,0.8034513287672872,0.0,4.293902112040282e-05
practice,71,8,continuous_latent_trait,0.8694980191951173,0.8694980191951173,0.8694682228681649,0.0,2.9796326952324925e-05
practice,71,0,four_state_semimarkov,0.3716814290047356,0.3716814290047356,0.3718432794718917,0.0,0.0001618504671561105
practice,71,1,four_state_semimarkov,0.5487434885497244,0.5487434885497244,0.5489036324244915,0.0,0.00016014387476703806
practice,71,2,four_state_semimarkov,0.6104648147028452,0.6104648147028452,0.6106142462250924,0.0,0.00014943152224722311
practice,71,3,four_state_semimarkov,0.6576406930666525,0.6576406930666525,0.6577789501194209,0.0,0.00013825705276837574
practice,71,4,four_state_semimarkov,0.6967863955937365,0.6967863955937365,0.6969136014189411,0.0,0.00012720582520464596
practice,71,5,four_state_semimarkov,0.7329229111342438,0.7329229111342438,0.7330386018796924,0.0,0.00011569074544859337
practice,71,6,four_state_semimarkov,0.767793073812169,0.767793073812169,0.7678965500147891,0.0,0.00010347620262007862
practice,71,7,four_state_semimarkov,0.8034942677884076,0.8034942677884076,0.8035842019400677,0.0,8.993415166014262e-05
practice,71,8,four_state_semimarkov,0.8694980191951173,0.8694980191951173,0.8695604264722782,0.0,6.24072771608919e-05
practice,74,0,binary_bktf,0.29185539703941155,0.29185539703941155,0.2917449323206336,0.0,0.00011046471877795838
practice,74,1,binary_bktf,0.44773544479986427,0.44773544479986427,0.44761188333344887,0.0,0.00012356146641540056
practice,74,2,binary_bktf,0.5193734722298596,0.5193734722298596,0.5192530399581431,0.0,0.0001204322717165418
practice,74,3,binary_bktf,0.5723848906945327,0.5723848906945327,0.5722699681621823,0.0,0.00011492253235034777
practice,74,4,binary_bktf,0.6154172891744727,0.6154172891744727,0.615308641333038,0.0,0.00010864784143471695
practice,74,5,binary_bktf,0.657724798426772,0.657724798426772,0.6576237578664452,0.0,0.00010104056032678166
practice,74,6,binary_bktf,0.7020486694477236,0.7020486694477236,0.7019569996876841,0.0,9.166976003949223e-05
practice,74,7,binary_bktf,0.749915341428022,0.749915341428022,0.7498352576788345,0.0,8.008374918744288e-05
practice,74,8,binary_bktf,0.8507999734925871,0.8507999734925871,0.8507486603797314,0.0,5.131311285566653e-05
practice,74,0,continuous_latent_trait,0.29185539703941155,0.29185539703941155,0.2919253738411717,0.0,6.997680176012988e-05
practice,74,1,continuous_latent_trait,0.44773544479986427,0.44773544479986427,0.44781371808313125,0.0,7.827328326698302e-05
practice,74,2,continuous_latent_trait,0.5193734722298596,0.5193734722298596,0.5194497632420755,0.0,7.629101221584556e-05
practice,74,3,continuous_latent_trait,0.5723848906945327,0.5723848906945327,0.5724576914162932,0.0,7.280072176052421e-05
practice,74,4,continuous_latent_trait,0.6154172891744727,0.6154172891744727,0.6154861150272,0.0,6.882585272727226e-05
practice,74,5,continuous_latent_trait,0.657724798426772,0.657724798426772,0.6577888052456966,0.0,6.400681892460014e-05
practice,74,6,continuous_latent_trait,0.7020486694477236,0.7020486694477236,0.7021067400852458,0.0,5.8070637522167345e-05
practice,74,7,continuous_latent_trait,0.749915341428022,0.749915341428022,0.7499660726001416,0.0,5.0731172119622414e-05
practice,74,8,continuous_latent_trait,0.8507999734925871,0.8507999734925871,0.8508324791431414,0.0,3.250565055434862e-05
practice,74,0,four_state_semimarkov,0.29185539703941155,0.29185539703941155,0.2930512596844387,0.0,0.0011958626450271348
practice,74,1,four_state_semimarkov,0.44773544479986427,0.44773544479986427,0.44907308946486635,0.0,0.0013376446650020801
practice,74,2,four_state_semimarkov,0.5193734722298596,0.5193734722298596,0.5206772410413765,0.0,0.0013037688115168367
practice,74,3,four_state_semimarkov,0.5723848906945327,0.5723848906945327,0.5736290124818924,0.0,0.0012441217873596644
practice,74,4,four_state_semimarkov,0.6154172891744727,0.6154172891744727,0.6165934827731963,0.0,0.0011761935987235628
practice,74,5,four_state_semimarkov,0.657724798426772,0.657724798426772,0.6588186375543438,0.0,0.0010938391275717718
practice,74,6,four_state_semimarkov,0.7020486694477236,0.7020486694477236,0.70304106270452,0.0,0.0009923932567964533
practice,74,7,four_state_semimarkov,0.749915341428022,0.749915341428022,0.7507823075106294,0.0,0.0008669660826073899
practice,74,8,four_state_semimarkov,0.8507999734925871,0.8507999734925871,0.8513554760630407,0.0,0.0005555025704536698
practice,76,0,binary_bktf,0.25991745364169616,0.25991745364169616,0.2593159740712758,0.0,0.000601479570420338
practice,76,1,binary_bktf,0.3772421538120634,0.3772421538120634,0.37652453934064756,0.0,0.0007176144714158283
practice,76,2,binary_bktf,0.4473606152973587,0.4473606152973587,0.44661953927979464,0.0,0.0007410760175640685
practice,76,3,binary_bktf,0.5059128620751174,0.5059128620751174,0.5051771055055598,0.0,0.0007357565695575996
practice,76,4,binary_bktf,0.5705952885336375,0.5705952885336375,0.5698900607866209,0.0,0.0007052277470166457
practice,76,5,binary_bktf,0.6375936586969461,0.6375936586969461,0.6369451913363812,0.0,0.0006484673605648972
practice,76,6,binary_bktf,0.697285144384486,0.697285144384486,0.6967068282597599,0.0,0.0005783161247260304
practice,76,7,binary_bktf,0.7660913363203478,0.7660913363203478,0.765614414571864,0.0,0.000476921748483794
practice,76,8,binary_bktf,0.8725788216749566,0.8725788216749566,0.8722964567898835,0.0,0.0002823648850730498
practice,76,0,continuous_latent_trait,0.25991745364169616,0.25991745364169616,0.2603316553941534,0.0,0.0004142017524572661
practice,76,1,continuous_latent_trait,0.3772421538120634,0.3772421538120634,0.37773633048276645,0.0,0.0004941766707030615
practice,76,2,continuous_latent_trait,0.4473606152973587,0.4473606152973587,0.4478709484830245,0.0,0.00051033318566579
practice,76,3,continuous_latent_trait,0.5059128620751174,0.5059128620751174,0.506419532086227,0.0,0.0005066700111096001
practice,76,4,continuous_latent_trait,0.5705952885336375,0.5705952885336375,0.5710809352340185,0.0,0.0004856467003809817
practice,76,5,continuous_latent_trait,0.6375936586969461,0.6375936586969461,0.6380402180322771,0.0,0.00044655933533099823
practice,76,6,continuous_latent_trait,0.697285144384486,0.697285144384486,0.697683394905605,0.0,0.0003982505211190812
practice,76,7,continuous_latent_trait,0.7660913363203478,0.7660913363203478,0.7664197628100257,0.0,0.0003284264896779021
practice,76,8,continuous_latent_trait,0.8725788216749566,0.8725788216749566,0.8727732688943839,0.0,0.00019444721942729615
practice,76,0,four_state_semimarkov,0.25991745364169616,0.25991745364169616,0.25939328867446826,0.0,0.0005241649672279025
practice,76,1,four_state_semimarkov,0.3772421538120634,0.3772421538120634,0.3766167820051475,0.0,0.0006253718069159087
practice,76,2,four_state_semimarkov,0.4473606152973587,0.4473606152973587,0.4467147977073813,0.0,0.0006458175899773932
practice,76,3,four_state_semimarkov,0.5059128620751174,0.5059128620751174,0.5052716801678696,0.0,0.0006411819072478231
practice,76,4,four_state_semimarkov,0.5705952885336375,0.5705952885336375,0.5699807112527268,0.0,0.0006145772809107442
practice,76,5,four_state_semimarkov,0.6375936586969461,0.6375936586969461,0.6370285457827999,0.0,0.0005651129141461819
practice,76,6,four_state_semimarkov,0.697285144384486,0.697285144384486,0.6967811654177587,0.0,0.0005039789667272698
practice,76,7,four_state_semimarkov,0.7660913363203478,0.7660913363203478,0.765675718425924,0.0,0.00041561789442379204
practice,76,8,four_state_semimarkov,0.8725788216749566,0.8725788216749566,0.8723327521694918,0.0,0.00024606950546479656
practice,77,0,binary_bktf,0.2461007215170971,0.2461007215170971,0.24591014491728438,0.0,0.00019057659981272512
practice,77,1,binary_bktf,0.37114801179356305,0.37114801179356305,0.3709142660245496,0.0,0.00023374576901347144
practice,77,2,binary_bktf,0.45203233212175264,0.45203233212175264,0.45179007041273506,0.0,0.00024226170901758826
practice,77,3,binary_bktf,0.5129100051421941,0.5129100051421941,0.5126707565070578,0.0,0.0002392486351362466
practice,77,4,binary_bktf,0.5674338661125231,0.5674338661125231,0.5672036788475124,0.0,0.00023018726501067288
practice,77,5,binary_bktf,0.6387014580551466,0.6387014580551466,0.6384913866287241,0.0,0.00021007142642248677
practice,77,6,binary_bktf,0.7053900922928208,0.7053900922928208,0.7052064542405843,0.0,0.0001836380522365344
practice,77,7,binary_bktf,0.787817583150801,0.787817583150801,0.7876754628867552,0.0,0.00014212026404580858
practice,77,8,binary_bktf,0.8922973578321971,0.8922973578321971,0.8922196925824142,0.0,7.766524978292111e-05
practice,77,0,continuous_latent_trait,0.2461007215170971,0.2461007215170971,0.24612483144260136,0.0,2.410992550425095e-05
practice,77,1,continuous_latent_trait,0.37114801179356305,0.37114801179356305,0.3711775830687593,0.0,2.9571275196260682e-05
practice,77,2,continuous_latent_trait,0.45203233212175264,0.45203233212175264,0.452062980752109,0.0,3.0648630356344686e-05
practice,77,3,continuous_latent_trait,0.5129100051421941,0.5129100051421941,0.5129402725872525,0.0,3.0267445058407283e-05
practice,77,4,continuous_latent_trait,0.5674338661125231,0.5674338661125231,0.5674629871999401,0.0,2.9121087417038893e-05
practice,77,5,continuous_latent_trait,0.6387014580551466,0.6387014580551466,0.6387280342793663,0.0,2.6576224219754252e-05
practice,77,6,continuous_latent_trait,0.7053900922928208,0.7053900922928208,0.7054133244197551,0.0,2.3232126934336073e-05
practice,77,7,continuous_latent_trait,0.787817583150801,0.787817583150801,0.7878355628450022,0.0,1.7979694201253338e-05
practice,77,8,continuous_latent_trait,0.8922973578321971,0.8922973578321971,0.8923071832955511,0.0,9.825463354040664e-06
practice,77,0,four_state_semimarkov,0.2461007215170971,0.2461007215170971,0.24661549213579784,0.0,0.0005147706187007273
practice,77,1,four_state_semimarkov,0.37114801179356305,0.37114801179356305,0.37177938759887685,0.0,0.0006313758053138052
practice,77,2,four_state_semimarkov,0.45203233212175264,0.45203233212175264,0.4526867105189209,0.0,0.0006543783971682537
practice,77,3,four_state_semimarkov,0.5129100051421941,0.5129100051421941,0.5135562448584666,0.0,0.0006462397162725342
practice,77,4,four_state_semimarkov,0.5674338661125231,0.5674338661125231,0.5680556299659832,0.0,0.0006217638534601333
practice,77,5,four_state_semimarkov,0.6387014580551466,0.6387014580551466,0.6392688865764448,0.0,0.0005674285212982078
practice,77,6,four_state_semimarkov,0.7053900922928208,0.7053900922928208,0.7058861210486611,0.0,0.0004960287558403165
practice,77,7,four_state_semimarkov,0.787817583150801,0.787817583150801,0.7882014673032525,0.0,0.0003838841524514969
practice,77,8,four_state_semimarkov,0.8922973578321971,0.8922973578321971,0.89250714113676,0.0,0.00020978330456289385
practice,78,0,binary_bktf,0.3346631690411436,0.3346631690411436,0.3348137011963678,0.0,0.00015053215522414787
practice,78,1,binary_bktf,0.4756082089362368,0.4756082089362368,0.47577937775351886,0.0,0.00017116881728207467
practice,78,2,binary_bktf,0.5626549363455635,0.5626549363455635,0.5628242253230635,0.0,0.00016928897750001504
practice,78,3,binary_bktf,0.608333314741133,0.608333314741133,0.6084970821628779,0.0,0.00016376742174495362
practice,78,4,binary_bktf,0.6475639662053696,0.6475639662053696,0.6477205276566614,0.0,0.00015656145129183674
practice,78,5,binary_bktf,0.6808640579077128,0.6808640579077128,0.6810127463704188,0.0,0.00014868846270599256
practice,78,6,binary_bktf,0.7245385146223279,0.7245385146223279,0.7246744896600491,0.0,0.00013597503772122543
practice,78,7,binary_bktf,0.7608675056101357,0.7608675056101357,0.76099090026511,0.0,0.0001233946549742404
practice,78,8,binary_bktf,0.8522553249185201,0.8522553249185201,0.8523394508940653,0.0,8.412597554519063e-05
practice,78,0,continuous_latent_trait,0.3346631690411436,0.3346631690411436,0.3346364106165089,0.0,2.675842463473188e-05
practice,78,1,continuous_latent_trait,0.4756082089362368,0.4756082089362368,0.47557778216203445,0.0,3.042677420234119e-05
practice,78,2,continuous_latent_trait,0.5626549363455635,0.5626549363455635,0.5626248437295156,0.0,3.0092616047916465e-05
practice,78,3,continuous_latent_trait,0.608333314741133,0.608333314741133,0.6083042036305654,0.0,2.91111105675812e-05
practice,78,4,continuous_latent_trait,0.6475639662053696,0.6475639662053696,0.6475361360199348,0.0,2.7830185434840615e-05
practice,78,5,continuous_latent_trait,0.6808640579077128,0.6808640579077128,0.6808376272157347,0.0,2.6430691978052145e-05
practice,78,6,continuous_latent_trait,0.7245385146223279,0.7245385146223279,0.7245143438543591,0.0,2.4170767968789697e-05
practice,78,7,continuous_latent_trait,0.7608675056101357,0.7608675056101357,0.7608455711166217,0.0,2.193449351406418e-05
practice,78,8,continuous_latent_trait,0.8522553249185201,0.8522553249185201,0.852240370780778,0.0,1.4954137742106965e-05
practice,78,0,four_state_semimarkov,0.3346631690411436,0.3346631690411436,0.3346881767591628,0.0,2.500771801916546e-05
practice,78,1,four_state_semimarkov,0.4756082089362368,0.4756082089362368,0.47563664499717445,0.0,2.8436060937664376e-05
practice,78,2,four_state_semimarkov,0.5626549363455635,0.5626549363455635,0.5626830601109882,0.0,2.812376542471462e-05
practice,78,3,four_state_semimarkov,0.608333314741133,0.608333314741133,0.608360521217393,0.0,2.7206476260088763e-05
practice,78,4,four_state_semimarkov,0.6475639662053696,0.6475639662053696,0.6475899755629908,0.0,2.6009357621203932e-05
practice,78,5,four_state_semimarkov,0.6808640579077128,0.6808640579077128,0.6808887593354339,0.0,2.4701427721152136e-05
practice,78,6,four_state_semimarkov,0.7245385146223279,0.7245385146223279,0.724561103984731,0.0,2.2589362403069302e-05
practice,78,7,four_state_semimarkov,0.7608675056101357,0.7608675056101357,0.7608880050095091,0.0,2.049939937343037e-05
practice,78,8,four_state_semimarkov,0.8522553249185201,0.8522553249185201,0.8522693006611007,0.0,1.3975742580663031e-05
practice,80,0,binary_bktf,0.3707929214643554,0.3707929214643554,0.3696602348659181,0.0,0.0011326865984372936
practice,80,1,binary_bktf,0.5167583503916802,0.5167583503916802,0.5154778109248104,0.0,0.00128053946686979
practice,80,2,binary_bktf,0.5739092092883007,0.5739092092883007,0.5726315962667436,0.0,0.0012776130215570447
practice,80,3,binary_bktf,0.6209085025251905,0.6209085025251905,0.6196614527497324,0.0,0.0012470497754580867
practice,80,4,binary_bktf,0.6613499123907085,0.6613499123907085,0.6601503542796501,0.0,0.0011995581110584297
practice,80,5,binary_bktf,0.6891989587116121,0.6891989587116121,0.6880437966584586,0.0,0.001155162053153469
practice,80,6,binary_bktf,0.7246571773777506,0.7246571773777506,0.7235725772240059,0.0,0.0010846001537446748
practice,80,7,binary_bktf,0.7683189683346257,0.7683189683346257,0.7673430955427387,0.0,0.0009758727918869337
practice,80,8,binary_bktf,0.8327367684463512,0.8327367684463512,0.8319655351448553,0.0,0.0007712333014959771
practice,80,0,continuous_latent_trait,0.3707929214643554,0.3707929214643554,0.37088649350426106,0.0,9.357203990567609e-05
practice,80,1,continuous_latent_trait,0.5167583503916802,0.5167583503916802,0.5168641366614664,0.0,0.00010578626978618999
practice,80,2,continuous_latent_trait,0.5739092092883007,0.5739092092883007,0.5740147538024136,0.0,0.00010554451411293186
practice,80,3,continuous_latent_trait,0.6209085025251905,0.6209085025251905,0.6210115221879238,0.0,0.00010301966273329466
practice,80,4,continuous_latent_trait,0.6613499123907085,0.6613499123907085,0.6614490087335031,0.0,9.909634279459123e-05
practice,80,5,continuous_latent_trait,0.6891989587116121,0.6891989587116121,0.689294387464686,0.0,9.542875307388954e-05
practice,80,6,continuous_latent_trait,0.7246571773777506,0.7246571773777506,0.7247467769625197,0.0,8.959958476906227e-05
practice,80,7,continuous_latent_trait,0.7683189683346257,0.7683189683346257,0.7683995858752033,0.0,8.061754057764325e-05
practice,80,8,continuous_latent_trait,0.8327367684463512,0.8327367684463512,0.8328004805740843,0.0,6.371212773303991e-05
practice,80,0,four_state_semimarkov,0.3707929214643554,0.3707929214643554,0.370518654057953,0.0,0.00027426740640240643
practice,80,1,four_state_semimarkov,0.5167583503916802,0.5167583503916802,0.516448282064768,0.0,0.0003100683269121607
practice,80,2,four_state_semimarkov,0.5739092092883007,0.5739092092883007,0.5735998495674527,0.0,0.00030935972084800145
practice,80,3,four_state_semimarkov,0.6209085025251905,0.6209085025251905,0.6206065433531479,0.0,0.00030195917204256517
practice,80,4,four_state_semimarkov,0.6613499123907085,0.6613499123907085,0.6610594527942082,0.0,0.0002904595965003143
practice,80,5,four_state_semimarkov,0.6891989587116121,0.6891989587116121,0.6889192491248429,0.0,0.00027970958676915014
practice,80,6,four_state_semimarkov,0.7246571773777506,0.7246571773777506,0.7243945535665095,0.0,0.0002626238112410917
practice,80,7,four_state_semimarkov,0.7683189683346257,0.7683189683346257,0.7680826716395303,0.0,0.00023629669509539486
practice,80,8,four_state_semimarkov,0.8327367684463512,0.8327367684463512,0.8325500229181059,0.0,0.00018674552824538004
practice,83,0,binary_bktf,0.2725867430754991,0.2725867430754991,0.2725069514121826,0.0,7.979166331650855e-05
practice,83,1,binary_bktf,0.41592356801995256,0.41592356801995256,0.4158282406831474,0.0,9.532733680517325e-05
practice,83,2,binary_bktf,0.49618022013583674,0.49618022013583674,0.49608414519033717,0.0,9.607494549956908e-05
practice,83,3,binary_bktf,0.5528628792324589,0.5528628792324589,0.5527694941834354,0.0,9.338504902356437e-05
practice,83,4,binary_bktf,0.5972166445335321,0.5972166445335321,0.5971271039381705,0.0,8.954059536159242e-05
practice,83,5,binary_bktf,0.6511811134945312,0.6511811134945312,0.6510981746372366,0.0,8.293885729460104e-05
practice,83,6,binary_bktf,0.7152227816128391,0.7152227816128391,0.7151502054780025,0.0,7.257613483668823e-05
practice,83,7,binary_bktf,0.7818795824087205,0.7818795824087205,0.7818204255176229,0.0,5.915689109758926e-05
practice,83,8,binary_bktf,0.875962755689657,0.875962755689657,0.8759265380436774,0.0,3.621764597960819e-05
practice,83,0,continuous_latent_trait,0.2725867430754991,0.2725867430754991,0.2729797787621605,0.0,0.00039303568666138045
practice,83,1,continuous_latent_trait,0.41592356801995256,0.41592356801995256,0.4163931289189543,0.0,0.0004695608990017419
practice,83,2,continuous_latent_trait,0.49618022013583674,0.49618022013583674,0.49665346358805457,0.0,0.0004732434522178308
practice,83,3,continuous_latent_trait,0.5528628792324589,0.5528628792324589,0.5533228728635206,0.0,0.00045999363106163926
practice,83,4,continuous_latent_trait,0.5972166445335321,0.5972166445335321,0.5976577012540383,0.0,0.0004410567205062055
practice,83,5,continuous_latent_trait,0.6511811134945312,0.6511811134945312,0.6515896515463167,0.0,0.00040853805178542313
practice,83,6,continuous_latent_trait,0.7152227816128391,0.7152227816128391,0.7155802752372699,0.0,0.00035749362443071586
practice,83,7,continuous_latent_trait,0.7818795824087205,0.7818795824087205,0.7821709758738489,0.0,0.0002913934651284089
practice,83,8,continuous_latent_trait,0.875962755689657,0.875962755689657,0.8761411556214052,0.0,0.00017839993174817437
practice,83,0,four_state_semimarkov,0.2725867430754991,0.2725867430754991,0.2716451082653397,0.0,0.0009416348101594085
practice,83,1,four_state_semimarkov,0.41592356801995256,0.41592356801995256,0.4147985941231049,0.0,0.0011249738968476808
practice,83,2,four_state_semimarkov,0.49618022013583674,0.49618022013583674,0.4950464235787772,0.0,0.0011337965570595299
practice,83,3,four_state_semimarkov,0.5528628792324589,0.5528628792324589,0.5517608265941782,0.0,0.0011020526382806706
practice,83,4,four_state_semimarkov,0.5972166445335321,0.5972166445335321,0.5961599609410478,0.0,0.001056683592484231
practice,83,5,four_state_semimarkov,0.6511811134945312,0.6511811134945312,0.6502023381212526,0.0,0.0009787753732786175
practice,83,6,four_state_semimarkov,0.7152227816128391,0.7152227816128391,0.7143662984672942,0.0,0.000856483145544984
practice,83,7,four_state_semimarkov,0.7818795824087205,0.7818795824087205,0.7811814620102413,0.0,0.0006981203984791629
practice,83,8,four_state_semimarkov,0.875962755689657,0.875962755689657,0.8755353451728468,0.0,0.0004274105168101672
practice,84,0,binary_bktf,0.3577123910062049,0.3577123910062049,0.3581590553588868,0.0,0.0004466643526819247
practice,84,1,binary_bktf,0.5055410857332022,0.5055410857332022,0.5060322090760235,0.0,0.0004911233428213091
practice,84,2,binary_bktf,0.584348021225693,0.584348021225693,0.5848248755891732,0.0,0.0004768543634802169
practice,84,3,binary_bktf,0.6305431336500716,0.6305431336500716,0.6309993601789087,0.0,0.00045622652883703374
practice,84,4,binary_bktf,0.6695174046677277,0.6695174046677277,0.6699493204762857,0.0,0.0004319158085580588
practice,84,5,binary_bktf,0.7080362406942045,0.7080362406942045,0.7084380703400707,0.0,0.00040182964586621406
practice,84,6,binary_bktf,0.7425336361258499,0.7425336361258499,0.7429035517381857,0.0,0.0003699156123357916
practice,84,7,binary_bktf,0.778790896096922,0.778790896096922,0.7791223749261453,0.0,0.0003314788292233528
practice,84,8,binary_bktf,0.8483575609660997,0.8483575609660997,0.8486019341238696,0.0,0.0002443731577699282
practice,84,0,continuous_latent_trait,0.3577123910062049,0.3577123910062049,0.3577198771158579,0.0,7.486109653009887e-06
practice,84,1,continuous_latent_trait,0.5055410857332022,0.5055410857332022,0.5055493169770364,0.0,8.231243834200264e-06
practice,84,2,continuous_latent_trait,0.584348021225693,0.584348021225693,0.584356013320955,0.0,7.992095262032706e-06
practice,84,3,continuous_latent_trait,0.6305431336500716,0.6305431336500716,0.6305507800221285,0.0,7.646372056857587e-06
practice,84,4,continuous_latent_trait,0.6695174046677277,0.6695174046677277,0.669524643591281,0.0,7.238923553365417e-06
practice,84,5,continuous_latent_trait,0.7080362406942045,0.7080362406942045,0.7080429753726586,0.0,6.734678454134446e-06
practice,84,6,continuous_latent_trait,0.7425336361258499,0.7425336361258499,0.7425398359240241,0.0,6.1997981741779284e-06
practice,84,7,continuous_latent_trait,0.778790896096922,0.778790896096922,0.778796451693312,0.0,5.555596390038886e-06
practice,84,8,continuous_latent_trait,0.8483575609660997,0.8483575609660997,0.848361656668473,0.0,4.095702373252408e-06
practice,84,0,four_state_semimarkov,0.3577123910062049,0.3577123910062049,0.358051506069868,0.0,0.00033911506366313127
practice,84,1,four_state_semimarkov,0.5055410857332022,0.5055410857332022,0.5059139548073333,0.0,0.00037286907413103254
practice,84,2,four_state_semimarkov,0.584348021225693,0.584348021225693,0.5847100570516863,0.0,0.0003620358259933676
practice,84,3,four_state_semimarkov,0.6305431336500716,0.6305431336500716,0.6308895084783304,0.0,0.000346374828258722
practice,84,4,four_state_semimarkov,0.6695174046677277,0.6695174046677277,0.6698453223894355,0.0,0.0003279177217078155
practice,84,5,four_state_semimarkov,0.7080362406942045,0.7080362406942045,0.7083413164969121,0.0,0.0003050758027076661
practice,84,6,four_state_semimarkov,0.7425336361258499,0.7425336361258499,0.7428144822594211,0.0,0.0002808461335712664
practice,84,7,four_state_semimarkov,0.778790896096922,0.778790896096922,0.7790425603802914,0.0,0.0002516642833694238
practice,84,8,four_state_semimarkov,0.8483575609660997,0.8483575609660997,0.8485430931638458,0.0,0.00018553219774608554
practice,85,0,binary_bktf,0.23606334959526137,0.23606334959526137,0.236666638254832,0.0,0.0006032886595706277
practice,85,1,binary_bktf,0.35923660030114796,0.35923660030114796,0.3599585277968247,0.0,0.000721927495676733
practice,85,2,binary_bktf,0.43451320281273703,0.43451320281273703,0.43525249806035354,0.0,0.0007392952476165116
practice,85,3,binary_bktf,0.5060187109773798,0.5060187109773798,0.5067411513488861,0.0,0.0007224403715062611
practice,85,4,binary_bktf,0.5630844888884472,0.5630844888884472,0.5637728832050016,0.0,0.0006883943165544304
practice,85,5,binary_bktf,0.6316801301497628,0.6316801301497628,0.632306263731543,0.0,0.0006261335817802083
practice,85,6,binary_bktf,0.7056659989487387,0.7056659989487387,0.7062020689623737,0.0,0.0005360700136349816
practice,85,7,binary_bktf,0.7828213219164216,0.7828213219164216,0.7832415918726887,0.0,0.0004202699562670942
practice,85,8,binary_bktf,0.8804229518821236,0.8804229518821236,0.8806696264069883,0.0,0.00024667452486470953
practice,85,0,continuous_latent_trait,0.23606334959526137,0.23606334959526137,0.23592674017972565,0.0,0.0001366094155357267
practice,85,1,continuous_latent_trait,0.35923660030114796,0.35923660030114796,0.35907312616374265,0.0,0.00016347413740530614
practice,85,2,continuous_latent_trait,0.43451320281273703,0.43451320281273703,0.43434579590049616,0.0,0.000167406912240875
practice,85,3,continuous_latent_trait,0.5060187109773798,0.5060187109773798,0.5058551207037983,0.0,0.00016359027358148204
practice,85,4,continuous_latent_trait,0.5630844888884472,0.5630844888884472,0.5629286080448264,0.0,0.00015588084362083698
practice,85,5,continuous_latent_trait,0.6316801301497628,0.6316801301497628,0.6315383477023323,0.0,0.00014178244743046076
practice,85,6,continuous_latent_trait,0.7056659989487387,0.7056659989487387,0.7055446106049582,0.0,0.00012138834378050412
practice,85,7,continuous_latent_trait,0.7828213219164216,0.7828213219164216,0.7827261554779036,0.0,9.516643851803508e-05
practice,85,8,continuous_latent_trait,0.8804229518821236,0.8804229518821236,0.8803670946035649,0.0,5.585727855872413e-05
practice,85,0,four_state_semimarkov,0.23606334959526137,0.23606334959526137,0.23635611307654547,0.0,0.00029276348128409735
practice,85,1,four_state_semimarkov,0.35923660030114796,0.35923660030114796,0.3595869367505205,0.0,0.0003503364493725458
practice,85,2,four_state_semimarkov,0.43451320281273703,0.43451320281273703,0.4348719674720386,0.0,0.0003587646593015692
practice,85,3,four_state_semimarkov,0.5060187109773798,0.5060187109773798,0.5063692963147284,0.0,0.00035058533734855235
practice,85,4,four_state_semimarkov,0.5630844888884472,0.5630844888884472,0.5634185523811316,0.0,0.00033406349268438884
practice,85,5,four_state_semimarkov,0.6316801301497628,0.6316801301497628,0.631983979798324,0.0,0.0003038496485612274
practice,85,6,four_state_semimarkov,0.7056659989487387,0.7056659989487387,0.7059261426143202,0.0,0.0002601436655814693
practice,85,7,four_state_semimarkov,0.7828213219164216,0.7828213219164216,0.7830252702145166,0.0,0.00020394829809500248
practice,85,8,four_state_semimarkov,0.8804229518821236,0.8804229518821236,0.8805426579160659,0.0,0.00011970603394229062
practice,86,0,binary_bktf,0.43497241902350803,0.43497241902350803,0.434420116665086,0.0,0.0005523023584220188
practice,86,1,binary_bktf,0.6123059352096784,0.6123059352096784,0.6117175987276404,0.0,0.0005883364820379322
practice,86,2,binary_bktf,0.6705777536438587,0.6705777536438587,0.6700157160396596,0.0,0.0005620376041991504
practice,86,3,binary_bktf,0.7008225071484033,0.7008225071484033,0.7002825694128271,0.0,0.0005399377355762569
practice,86,4,binary_bktf,0.7297728024048032,0.7297728024048032,0.7292596186746046,0.0,0.0005131837301985964
practice,86,5,binary_bktf,0.7646180443528108,0.7646180443528108,0.7641444493793805,0.0,0.0004735949734302469
practice,86,6,binary_bktf,0.7989308036322738,0.7989308036322738,0.798504136025402,0.0,0.00042666760687171124
practice,86,7,binary_bktf,0.8344827407876381,0.8344827407876381,0.834112979675291,0.0,0.0003697611123471001
practice,86,8,binary_bktf,0.8966892145925707,0.8966892145925707,0.8964388592905945,0.0,0.0002503553019761462
practice,86,0,continuous_latent_trait,0.43497241902350803,0.43497241902350803,0.4349003554826758,0.0,7.206354083222344e-05
practice,86,1,continuous_latent_trait,0.6123059352096784,0.6123059352096784,0.612229169993212,0.0,7.676521646637902e-05
practice,86,2,continuous_latent_trait,0.6705777536438587,0.6705777536438587,0.6705044198635299,0.0,7.333378032881033e-05
practice,86,3,continuous_latent_trait,0.7008225071484033,0.7008225071484033,0.7007520569240971,0.0,7.045022430618442e-05
practice,86,4,continuous_latent_trait,0.7297728024048032,0.7297728024048032,0.7297058430009227,0.0,6.69594038805732e-05
practice,86,5,continuous_latent_trait,0.7646180443528108,0.7646180443528108,0.7645562504274894,0.0,6.179392532135175e-05
practice,86,6,continuous_latent_trait,0.7989308036322738,0.7989308036322738,0.7988751327157301,0.0,5.567091654368195e-05
practice,86,7,continuous_latent_trait,0.8344827407876381,0.8344827407876381,0.8344344949406988,0.0,4.8245846939298787e-05
practice,86,8,continuous_latent_trait,0.8966892145925707,0.8966892145925707,0.8966565486275598,0.0,3.2665965010836295e-05
practice,86,0,four_state_semimarkov,0.43497241902350803,0.43497241902350803,0.43471201875553744,0.0,0.00026040026797058413
practice,86,1,four_state_semimarkov,0.6123059352096784,0.6123059352096784,0.6120285455242084,0.0,0.00027738968546997533
practice,86,2,four_state_semimarkov,0.6705777536438587,0.6705777536438587,0.6703127633893,0.0,0.00026499025455872793
practice,86,3,four_state_semimarkov,0.7008225071484033,0.7008225071484033,0.700567936569962,0.0,0.0002545705784413599
practice,86,4,four_state_semimarkov,0.7297728024048032,0.7297728024048032,0.729530845840978,0.0,0.00024195656382519637
practice,86,5,four_state_semimarkov,0.7646180443528108,0.7646180443528108,0.7643947531499808,0.0,0.00022329120282993387
practice,86,6,four_state_semimarkov,0.7989308036322738,0.7989308036322738,0.7987296378081864,0.0,0.00020116582408735706
practice,86,7,four_state_semimarkov,0.8344827407876381,0.8344827407876381,0.8343084053152457,0.0,0.0001743354723923174
practice,86,8,four_state_semimarkov,0.8966892145925707,0.8966892145925707,0.8965711767342385,0.0,0.00011803785833219838
practice,87,0,binary_bktf,0.3744805606451621,0.3744805606451621,0.37390325898331084,0.0,0.0005773016618512705
practice,87,1,binary_bktf,0.5150457496841061,0.5150457496841061,0.5144195751928359,0.0,0.0006261744912702261
practice,87,2,binary_bktf,0.5770925834420462,0.5770925834420462,0.5764787472014442,0.0,0.0006138362406019615
practice,87,3,binary_bktf,0.6234897263236374,0.6234897263236374,0.6228989069535895,0.0,0.0005908193700479014
practice,87,4,binary_bktf,0.652049535494347,0.652049535494347,0.6514787188478386,0.0,0.0005708166465083764
practice,87,5,binary_bktf,0.6758237426688121,0.6758237426688121,0.6752729341003387,0.0,0.0005508085684733377
practice,87,6,binary_bktf,0.7227841622110336,0.7227841622110336,0.7222817000087866,0.0,0.0005024622022470338
practice,87,7,binary_bktf,0.7848546802749111,0.7848546802749111,0.7844335995452093,0.0,0.0004210807297018171
practice,87,8,binary_bktf,0.8897190215604072,0.8897190215604072,0.8894779255956863,0.0,0.00024109596472088324
practice,87,0,continuous_latent_trait,0.3744805606451621,0.3744805606451621,0.3743891715276666,0.0,9.13891174955106e-05
practice,87,1,continuous_latent_trait,0.5150457496841061,0.5150457496841061,0.5149466238060446,0.0,9.912587806149009e-05
practice,87,2,continuous_latent_trait,0.5770925834420462,0.5770925834420462,0.5769954107573778,0.0,9.717268466835627e-05
practice,87,3,continuous_latent_trait,0.6234897263236374,0.6234897263236374,0.6233961972998748,0.0,9.35290237625841e-05
practice,87,4,continuous_latent_trait,0.652049535494347,0.652049535494347,0.6519591729802152,0.0,9.036251413174767e-05
practice,87,5,continuous_latent_trait,0.6758237426688121,0.6758237426688121,0.6757365475118619,0.0,8.719515695021496e-05
practice,87,6,continuous_latent_trait,0.7227841622110336,0.7227841622110336,0.7227046204735201,0.0,7.95417375134555e-05
practice,87,7,continuous_latent_trait,0.7848546802749111,0.7848546802749111,0.7847880215437276,0.0,6.665873118349985e-05
practice,87,8,continuous_latent_trait,0.8897190215604072,0.8897190215604072,0.8896808551235726,0.0,3.8166436834519146e-05
practice,87,0,four_state_semimarkov,0.3744805606451621,0.3744805606451621,0.3748985363512581,0.0,0.00041797570609597434
practice,87,1,four_state_semimarkov,0.5150457496841061,0.5150457496841061,0.5154991101062105,0.0,0.00045336042210442073
practice,87,2,four_state_semimarkov,0.5770925834420462,0.5770925834420462,0.5775370107725804,0.0,0.0004444273305341806
practice,87,3,four_state_semimarkov,0.6234897263236374,0.6234897263236374,0.6239174890686093,0.0,0.0004277627449719157
practice,87,4,four_state_semimarkov,0.652049535494347,0.652049535494347,0.6524628159452476,0.0,0.0004132804509006105
practice,87,5,four_state_semimarkov,0.6758237426688121,0.6758237426688121,0.6762225369490281,0.0,0.0003987942802160527
practice,87,6,four_state_semimarkov,0.7227841622110336,0.7227841622110336,0.7231479529426255,0.0,0.00036379073159187314
practice,87,7,four_state_semimarkov,0.7848546802749111,0.7848546802749111,0.785159549508934,0.0,0.00030486923402284205
practice,87,8,four_state_semimarkov,0.8897190215604072,0.8897190215604072,0.8898935789233096,0.0,0.00017455736290239443
practice,88,0,binary_bktf,0.3672327160116735,0.3672327160116735,0.3661422022164639,0.0,0.0010905137952096355
practice,88,1,binary_bktf,0.5661084504900012,0.5661084504900012,0.5648280253438128,0.0,0.0012804251461884242
practice,88,2,binary_bktf,0.6474502405417177,0.6474502405417177,0.6462174440224696,0.0,0.001232796519248125
practice,88,3,binary_bktf,0.7005367750766498,0.7005367750766498,0.6993811650156974,0.0,0.001155610060952439
practice,88,4,binary_bktf,0.7628769971305056,0.7628769971305056,0.7618611606171245,0.0,0.0010158365133811076
practice,88,5,binary_bktf,0.7949419797588173,0.7949419797588173,0.7940191163311243,0.0,0.0009228634276929881
practice,88,6,binary_bktf,0.8172755963496573,0.8172755963496573,0.8164259674846366,0.0,0.0008496288650207129
practice,88,7,binary_bktf,0.8640266058921136,0.8640266058921136,0.8633526012039582,0.0,0.0006740046881553718
practice,88,8,binary_bktf,0.9138560620682478,0.9138560620682478,0.9134017400504498,0.0,0.0004543220177979368
practice,88,0,continuous_latent_trait,0.3672327160116735,0.3672327160116735,0.367167770590006,0.0,6.494542166751716e-05
practice,88,1,continuous_latent_trait,0.5661084504900012,0.5661084504900012,0.5660321949200341,0.0,7.62555699671541e-05
practice,88,2,continuous_latent_trait,0.6474502405417177,0.6474502405417177,0.647376821489063,0.0,7.341905265478843e-05
practice,88,3,continuous_latent_trait,0.7005367750766498,0.7005367750766498,0.7004679528544666,0.0,6.882222218318468e-05
practice,88,4,continuous_latent_trait,0.7628769971305056,0.7628769971305056,0.762816499105646,0.0,6.049802485963429e-05
practice,88,5,continuous_latent_trait,0.7949419797588173,0.7949419797588173,0.7948870187352067,0.0,5.4961023610577975e-05
practice,88,6,continuous_latent_trait,0.8172755963496573,0.8172755963496573,0.8172249968018428,0.0,5.059954781450049e-05
practice,88,7,continuous_latent_trait,0.8640266058921136,0.8640266058921136,0.8639864656216654,0.0,4.014027044818569e-05
practice,88,8,continuous_latent_trait,0.9138560620682478,0.9138560620682478,0.913829004973537,0.0,2.705709471073625e-05
practice,88,0,four_state_semimarkov,0.3672327160116735,0.3672327160116735,0.36709564054342386,0.0,0.00013707546824964778
practice,88,1,four_state_semimarkov,0.5661084504900012,0.5661084504900012,0.5659475035332078,0.0,0.00016094695679347293
practice,88,2,four_state_semimarkov,0.6474502405417177,0.6474502405417177,0.6472952804111158,0.0,0.00015496013060189995
practice,88,3,four_state_semimarkov,0.7005367750766498,0.7005367750766498,0.7003915171342266,0.0,0.00014525794242314927
practice,88,4,four_state_semimarkov,0.7628769971305056,0.7628769971305056,0.762749308451701,0.0,0.0001276886788046383
practice,88,5,four_state_semimarkov,0.7949419797588173,0.7949419797588173,0.7948259776163672,0.0,0.0001160021424501112
practice,88,6,four_state_semimarkov,0.8172755963496573,0.8172755963496573,0.817168799649927,0.0,0.00010679669973034933
practice,88,7,four_state_semimarkov,0.8640266058921136,0.8640266058921136,0.8639418848103828,0.0,8.472108173074311e-05
practice,88,8,four_state_semimarkov,0.9138560620682478,0.9138560620682478,0.9137989546720002,0.0,5.710739624753547e-05
practice,90,0,binary_bktf,0.3916480013918694,0.3916480013918694,0.39290963699709036,0.0,0.0012616356052209676
practice,90,1,binary_bktf,0.5258103736573702,0.5258103736573702,0.5271900373495172,0.0,0.0013796636921470373
practice,90,2,binary_bktf,0.5808740404219088,0.5808740404219088,0.5822413157549002,0.0,0.0013672753329914134
practice,90,3,binary_bktf,0.6130863359765298,0.6130863359765298,0.6144287732963926,0.0,0.0013424373198627215
practice,90,4,binary_bktf,0.6566768519342091,0.6566768519342091,0.6579644234039765,0.0,0.0012875714697674345
practice,90,5,binary_bktf,0.6967721170449214,0.6967721170449214,0.697987292485173,0.0,0.0012151754402516257
practice,90,6,binary_bktf,0.74950244415745,0.74950244415745,0.750590150242593,0.0,0.0010877060851429698
practice,90,7,binary_bktf,0.79248846387248,0.79248846387248,0.7934452137382724,0.0,0.0009567498657924167
practice,90,8,binary_bktf,0.8750841151338985,0.8750841151338985,0.8757224900550812,0.0,0.0006383749211826828
practice,90,0,continuous_latent_trait,0.3916480013918694,0.3916480013918694,0.391684940753019,0.0,3.693936114962382e-05
practice,90,1,continuous_latent_trait,0.5258103736573702,0.5258103736573702,0.5258507687565508,0.0,4.039509918063455e-05
practice,90,2,continuous_latent_trait,0.5808740404219088,0.5808740404219088,0.5809140728029807,0.0,4.003238107186391e-05
practice,90,3,continuous_latent_trait,0.6130863359765298,0.6130863359765298,0.6131256411267506,0.0,3.930515022076975e-05
practice,90,4,continuous_latent_trait,0.6566768519342091,0.6566768519342091,0.656714550670142,0.0,3.769873593284512e-05
practice,90,5,continuous_latent_trait,0.6967721170449214,0.6967721170449214,0.696807696101402,0.0,3.5579056480661286e-05
practice,90,6,continuous_latent_trait,0.74950244415745,0.74950244415745,0.7495342910455287,0.0,3.18468880786682e-05
practice,90,7,continuous_latent_trait,0.79248846387248,0.79248846387248,0.7925164765004229,0.0,2.801262794294157e-05
practice,90,8,continuous_latent_trait,0.8750841151338985,0.8750841151338985,0.8751028060789506,0.0,1.8690945052135532e-05
practice,90,0,four_state_semimarkov,0.3916480013918694,0.3916480013918694,0.39122068962894324,0.0,0.00042731176292615247
practice,90,1,four_state_semimarkov,0.5258103736573702,0.5258103736573702,0.5253430861756647,0.0,0.0004672874817054362
practice,90,2,four_state_semimarkov,0.5808740404219088,0.5808740404219088,0.5804109488362194,0.0,0.00046309158568946795
practice,90,3,four_state_semimarkov,0.6130863359765298,0.6130863359765298,0.6126316569426026,0.0,0.0004546790339272633
practice,90,4,four_state_semimarkov,0.6566768519342091,0.6566768519342091,0.6562407557809122,0.0,0.0004360961532968721
practice,90,5,four_state_semimarkov,0.6967721170449214,0.6967721170449214,0.6963605411845577,0.0,0.00041157586036366656
practice,90,6,four_state_semimarkov,0.74950244415745,0.74950244415745,0.7491340417414807,0.0,0.00036840241596935996
practice,90,7,four_state_semimarkov,0.79248846387248,0.79248846387248,0.7921644158906787,0.0,0.0003240479818013009
practice,90,8,four_state_semimarkov,0.8750841151338985,0.8750841151338985,0.8748678996814258,0.0,0.00021621545247274554
practice,94,0,binary_bktf,0.2658111030608723,0.2658111030608723,0.2654566546027744,0.0,0.00035444845809790015
practice,94,1,binary_bktf,0.44428460455280516,0.44428460455280516,0.443814784872185,0.0,0.0004698196806201538
practice,94,2,binary_bktf,0.49533673313498383,0.49533673313498383,0.49485568053860796,0.0,0.00048105259637587494
practice,94,3,binary_bktf,0.5549912393148858,0.5549912393148858,0.554510365076847,0.0,0.0004808742380387754
practice,94,4,binary_bktf,0.6229766649388566,0.6229766649388566,0.6225141207323215,0.0,0.0004625442065351315
practice,94,5,binary_bktf,0.6613987169981348,0.6613987169981348,0.6609552852376177,0.0,0.0004434317605170879
practice,94,6,binary_bktf,0.718208058571455,0.718208058571455,0.7178046395261183,0.0,0.0004034190453366948
practice,94,7,binary_bktf,0.780860274433945,0.780860274433945,0.7805173176255044,0.0,0.0003429568084406531
practice,94,8,binary_bktf,0.8249776625765491,0.8249776625765491,0.8246875158850809,0.0,0.00029014669146820715
practice,94,0,continuous_latent_trait,0.2658111030608723,0.2658111030608723,0.2658335837148383,0.0,2.2480653965983866e-05
practice,94,1,continuous_latent_trait,0.44428460455280516,0.44428460455280516,0.444314402548581,0.0,2.979799577584874e-05
practice,94,2,continuous_latent_trait,0.49533673313498383,0.49533673313498383,0.49536724357087203,0.0,3.0510435888198018e-05
practice,94,3,continuous_latent_trait,0.5549912393148858,0.5549912393148858,0.5550217384385389,0.0,3.049912365304941e-05
practice,94,4,continuous_latent_trait,0.6229766649388566,0.6229766649388566,0.6230060014926182,0.0,2.9336553761583062e-05
practice,94,5,continuous_latent_trait,0.6613987169981348,0.6613987169981348,0.6614268413579234,0.0,2.8124359788606057e-05
practice,94,6,continuous_latent_trait,0.718208058571455,0.718208058571455,0.7182336451518182,0.0,2.558658036322381e-05
practice,94,7,continuous_latent_trait,0.780860274433945,0.780860274433945,0.7808820262377881,0.0,2.175180384311748e-05
practice,94,8,continuous_latent_trait,0.8249776625765491,0.8249776625765491,0.8249960649344036,0.0,1.840235785444122e-05
practice,94,0,four_state_semimarkov,0.2658111030608723,0.2658111030608723,0.265902617048454,0.0,9.151398758172613e-05
practice,94,1,four_state_semimarkov,0.44428460455280516,0.44428460455280516,0.44440590589082557,0.0,0.00012130133802040755
practice,94,2,four_state_semimarkov,0.49533673313498383,0.49533673313498383,0.4954609346662869,0.0,0.00012420153130304756
practice,94,3,four_state_semimarkov,0.5549912393148858,0.5549912393148858,0.5551153947965946,0.0,0.00012415548170874313
practice,94,4,four_state_semimarkov,0.6229766649388566,0.6229766649388566,0.6230960878443562,0.0,0.00011942290549959989
practice,94,5,four_state_semimarkov,0.6613987169981348,0.6613987169981348,0.6615132053183189,0.0,0.00011448832018412514
practice,94,6,four_state_semimarkov,0.718208058571455,0.718208058571455,0.7183122161282892,0.0,0.000104157556834239
practice,94,7,four_state_semimarkov,0.780860274433945,0.780860274433945,0.780948821426657,0.0,8.854699271199085e-05
practice,94,8,four_state_semimarkov,0.8249776625765491,0.8249776625765491,0.8250525746833527,0.0,7.491210680354854e-05
practice,96,0,binary_bktf,0.3673784852629592,0.3673784852629592,0.36734155111594974,0.0,3.693414700944864e-05
practice,96,1,binary_bktf,0.5085757568610428,0.5085757568610428,0.5085330586198809,0.0,4.269824116198695e-05
practice,96,2,binary_bktf,0.5708787636572914,0.5708787636572914,0.5708356289040599,0.0,4.313475323147742e-05
practice,96,3,binary_bktf,0.6410418227544499,0.6410418227544499,0.6409999868139478,0.0,4.18359405021107e-05
practice,96,4,binary_bktf,0.6995610985217204,0.6995610985217204,0.6995219287432511,0.0,3.916977846929459e-05
practice,96,5,binary_bktf,0.7364102667846405,0.7364102667846405,0.7363735624371226,0.0,3.670434751790186e-05
practice,96,6,binary_bktf,0.7762879741239912,0.7762879741239912,0.7762546511527878,0.0,3.332297120339778e-05
practice,96,7,binary_bktf,0.7963324742509803,0.7963324742509803,0.7963011374284281,0.0,3.133682255218595e-05
practice,96,8,binary_bktf,0.841821424910457,0.841821424910457,0.8417953196236351,0.0,2.6105286821898055e-05
practice,96,0,continuous_latent_trait,0.3673784852629592,0.3673784852629592,0.3674737601828067,0.0,9.527491984751002e-05
practice,96,1,continuous_latent_trait,0.5085757568610428,0.5085757568610428,0.5086859007745435,0.0,0.00011014391350061548
practice,96,2,continuous_latent_trait,0.5708787636572914,0.5708787636572914,0.5709900335937317,0.0,0.0001112699364402836
practice,96,3,continuous_latent_trait,0.6410418227544499,0.6410418227544499,0.6411497422882098,0.0,0.0001079195337598815
practice,96,4,continuous_latent_trait,0.6995610985217204,0.6995610985217204,0.6996621404529478,0.0,0.00010104193122739691
practice,96,5,continuous_latent_trait,0.7364102667846405,0.7364102667846405,0.7365049489170723,0.0,9.468213243180035e-05
practice,96,6,continuous_latent_trait,0.7762879741239912,0.7762879741239912,0.7763739336935617,0.0,8.595956957047068e-05
practice,96,7,continuous_latent_trait,0.7963324742509803,0.7963324742509803,0.796413310374783,0.0,8.083612380271887e-05
practice,96,8,continuous_latent_trait,0.841821424910457,0.841821424910457,0.8418887658203638,0.0,6.734090990678787e-05
practice,96,0,four_state_semimarkov,0.3673784852629592,0.3673784852629592,0.36785959447367295,0.0,0.00048110921071375934
practice,96,1,four_state_semimarkov,0.5085757568610428,0.5085757568610428,0.5091319499430208,0.0,0.0005561930819779626
practice,96,2,four_state_semimarkov,0.5708787636572914,0.5708787636572914,0.571440642810953,0.0,0.0005618791536615708
practice,96,3,four_state_semimarkov,0.6410418227544499,0.6410418227544499,0.6415867833991956,0.0,0.00054496064474574
practice,96,4,four_state_semimarkov,0.6995610985217204,0.6995610985217204,0.7000713293766697,0.0,0.0005102308549492784
practice,96,5,four_state_semimarkov,0.7364102667846405,0.7364102667846405,0.7368883826003587,0.0,0.0004781158157182164
practice,96,6,four_state_semimarkov,0.7762879741239912,0.7762879741239912,0.7767220436643496,0.0,0.00043406954035840606
practice,96,7,four_state_semimarkov,0.7963324742509803,0.7963324742509803,0.7967406719571315,0.0,0.0004081977061511921
practice,96,8,four_state_semimarkov,0.841821424910457,0.841821424910457,0.842161475913021,0.0,0.00034005100256406795
practice,98,0,binary_bktf,0.43886862337870053,0.43886862337870053,0.43882785321037077,0.0,4.0770168329762324e-05
practice,98,1,binary_bktf,0.5709975584589954,0.5709975584589954,0.5709536966031329,0.0,4.386185586247038e-05
practice,98,2,binary_bktf,0.646073921313727,0.646073921313727,0.6460313480497987,0.0,4.257326392831384e-05
practice,98,3,binary_bktf,0.701209880879808,0.701209880879808,0.701169883037288,0.0,3.999784251995653e-05
practice,98,4,binary_bktf,0.7356204891431719,0.7356204891431719,0.7355828441717266,0.0,3.764497144531642e-05
practice,98,5,binary_bktf,0.772000649008739,0.772000649008739,0.7719661342818094,0.0,3.4514726929613104e-05
practice,98,6,binary_bktf,0.7972364096030957,0.7972364096030957,0.7972044590575681,0.0,3.1950545527625884e-05
practice,98,7,binary_bktf,0.8254467535047241,0.8254467535047241,0.8254180512266742,0.0,2.870227804985248e-05
practice,98,8,binary_bktf,0.8754619790170296,0.8754619790170296,0.8754400177756342,0.0,2.196124139541844e-05
practice,98,0,continuous_latent_trait,0.43886862337870053,0.43886862337870053,0.43854984218583687,0.0,0.0003187811928636597
practice,98,1,continuous_latent_trait,0.5709975584589954,0.5709975584589954,0.5706546034151572,0.0,0.000342955043838189
practice,98,2,continuous_latent_trait,0.646073921313727,0.646073921313727,0.6457410417491759,0.0,0.0003328795645510807
practice,98,3,continuous_latent_trait,0.701209880879808,0.701209880879808,0.7008971384866416,0.0,0.0003127423931663653
practice,98,4,continuous_latent_trait,0.7356204891431719,0.7356204891431719,0.7353261438081957,0.0,0.0002943453349761871
practice,98,5,continuous_latent_trait,0.772000649008739,0.772000649008739,0.7717307789985666,0.0,0.00026987001017242385
practice,98,6,continuous_latent_trait,0.7972364096030957,0.7972364096030957,0.7969865888763307,0.0,0.00024982072676504874
practice,98,7,continuous_latent_trait,0.8254467535047241,0.8254467535047241,0.825222330922173,0.0,0.00022442258255106484
practice,98,8,continuous_latent_trait,0.8754619790170296,0.8754619790170296,0.8752902644776328,0.0,0.00017171453939679449
practice,98,0,four_state_semimarkov,0.43886862337870053,0.43886862337870053,0.4389856516861069,0.0,0.00011702830740639714
practice,98,1,four_state_semimarkov,0.5709975584589954,0.5709975584589954,0.5711234612703463,0.0,0.00012590281135094195
practice,98,2,four_state_semimarkov,0.646073921313727,0.646073921313727,0.6461961252985832,0.0,0.000122203984856184
practice,98,3,four_state_semimarkov,0.701209880879808,0.701209880879808,0.7013246922734305,0.0,0.00011481139362257142
practice,98,4,four_state_semimarkov,0.7356204891431719,0.7356204891431719,0.7357285467611075,0.0,0.00010805761793564184
practice,98,5,four_state_semimarkov,0.772000649008739,0.772000649008739,0.7720997214483482,0.0,9.907243960916023e-05
practice,98,6,four_state_semimarkov,0.7972364096030957,0.7972364096030957,0.7973281217165373,0.0,9.171211344161101e-05
practice,98,7,four_state_semimarkov,0.8254467535047241,0.8254467535047241,0.8255291416620144,0.0,8.238815729033622e-05
practice,98,8,four_state_semimarkov,0.8754619790170296,0.8754619790170296,0.8755250174347385,0.0,6.303841770893825e-05
practice,103,0,binary_bktf,0.2746984966186533,0.2746984966186533,0.2747946087247077,0.0,9.611210605436904e-05
practice,103,1,binary_bktf,0.4147617276049482,0.4147617276049482,0.41488755410264677,0.0,0.0001258264976985446
practice,103,2,binary_bktf,0.48779529282291645,0.48779529282291645,0.4879296945862667,0.0,0.0001344017633502781
practice,103,3,binary_bktf,0.5291301598202436,0.5291301598202436,0.529266980194939,0.0,0.0001368203746954233
practice,103,4,binary_bktf,0.5905011827120218,0.5905011827120218,0.5906380184276501,0.0,0.00013683571562828067
practice,103,5,binary_bktf,0.6650951094482158,0.6650951094482158,0.6652256639105437,0.0,0.00013055446232790313
practice,103,6,binary_bktf,0.7144708168133997,0.7144708168133997,0.7145930711680681,0.0,0.00012225435466839407
practice,103,7,binary_bktf,0.7650916849111071,0.7650916849111071,0.7652017536461629,0.0,0.00011006873505581272
practice,103,8,binary_bktf,0.8401625542488698,0.8401625542488698,0.8402472863517975,0.0,8.473210292769817e-05
practice,103,0,continuous_latent_trait,0.2746984966186533,0.2746984966186533,0.27468032253267916,0.0,1.8174085974154153e-05
practice,103,1,continuous_latent_trait,0.4147617276049482,0.4147617276049482,0.4147379347480857,0.0,2.379285686254784e-05
practice,103,2,continuous_latent_trait,0.48779529282291645,0.48779529282291645,0.48776987844698805,0.0,2.54143759284009e-05
practice,103,3,continuous_latent_trait,0.5291301598202436,0.5291301598202436,0.5291042881027364,0.0,2.587171750723094e-05
practice,103,4,continuous_latent_trait,0.5905011827120218,0.5905011827120218,0.5904753080936731,0.0,2.5874618348686873e-05
practice,103,5,continuous_latent_trait,0.6650951094482158,0.6650951094482158,0.6650704225682871,0.0,2.468687992873697e-05
practice,103,6,continuous_latent_trait,0.7144708168133997,0.7144708168133997,0.7144476994222684,0.0,2.311739113136646e-05
practice,103,7,continuous_latent_trait,0.7650916849111071,0.7650916849111071,0.7650708717301786,0.0,2.0813180928502817e-05
practice,103,8,continuous_latent_trait,0.8401625542488698,0.8401625542488698,0.8401465320369964,0.0,1.6022211873356618e-05
practice,103,0,four_state_semimarkov,0.2746984966186533,0.2746984966186533,0.2745415703644859,0.0,0.00015692625416741102
practice,103,1,four_state_semimarkov,0.4147617276049482,0.4147617276049482,0.41455628542143136,0.0,0.0002054421835168685
practice,103,2,four_state_semimarkov,0.48779529282291645,0.48779529282291645,0.48757584944517696,0.0,0.00021944337773949218
practice,103,3,four_state_semimarkov,0.5291301598202436,0.5291301598202436,0.5289067674729437,0.0,0.00022339234729984447
practice,103,4,four_state_semimarkov,0.5905011827120218,0.5905011827120218,0.5902777653174093,0.0,0.00022341739461251287
practice,103,5,four_state_semimarkov,0.6650951094482158,0.6650951094482158,0.6648819477188533,0.0,0.00021316172936247657
practice,103,6,four_state_semimarkov,0.7144708168133997,0.7144708168133997,0.714271207017311,0.0,0.00019960979608879548
practice,103,7,four_state_semimarkov,0.7650916849111071,0.7650916849111071,0.7649119710852295,0.0,0.00017971382587766982
practice,103,8,four_state_semimarkov,0.8401625542488698,0.8401625542488698,0.8400242086008379,0.0,0.00013834564803183458
practice,106,0,binary_bktf,0.364346891036767,0.364346891036767,0.3649410760277591,0.0,0.0005941849909921193
practice,106,1,binary_bktf,0.49716034075120535,0.49716034075120535,0.49785502302234963,0.0,0.0006946822711442757
practice,106,2,binary_bktf,0.5759608273130785,0.5759608273130785,0.5766718779415108,0.0,0.0007110506284322415
practice,106,3,binary_bktf,0.6440889403604144,0.6440889403604144,0.6447829976929186,0.0,0.000694057332504161
practice,106,4,binary_bktf,0.7138142545042103,0.7138142545042103,0.7144569492492064,0.0,0.0006426947449961196
practice,106,5,binary_bktf,0.7520692855257969,0.7520692855257969,0.7526678084719327,0.0,0.0005985229461358266
practice,106,6,binary_bktf,0.7998684749579363,0.7998684749579363,0.800394746884675,0.0,0.0005262719267387084
practice,106,7,binary_bktf,0.8289996894452923,0.8289996894452923,0.8294722293447516,0.0,0.0004725398994592789
practice,106,8,binary_bktf,0.8805521919098693,0.8805521919098693,0.8809109451467532,0.0,0.0003587532368838353
practice,106,0,continuous_latent_trait,0.364346891036767,0.364346891036767,0.36447856776890314,0.0,0.0001316767321361545
practice,106,1,continuous_latent_trait,0.49716034075120535,0.49716034075120535,0.49731428858344334,0.0,0.00015394783223798836
practice,106,2,continuous_latent_trait,0.5759608273130785,0.5759608273130785,0.5761184025203445,0.0,0.00015757520726600305
practice,106,3,continuous_latent_trait,0.6440889403604144,0.6440889403604144,0.6442427497007213,0.0,0.000153809340306843
practice,106,4,continuous_latent_trait,0.7138142545042103,0.7138142545042103,0.7139566814336629,0.0,0.00014242692945254376
practice,106,5,continuous_latent_trait,0.7520692855257969,0.7520692855257969,0.752201923587672,0.0,0.00013263806187513438
practice,106,6,continuous_latent_trait,0.7998684749579363,0.7998684749579363,0.7999851015449864,0.0,0.00011662658705002826
practice,106,7,continuous_latent_trait,0.8289996894452923,0.8289996894452923,0.8291044085321946,0.0,0.00010471908690223852
practice,106,8,continuous_latent_trait,0.8805521919098693,0.8805521919098693,0.8806316948502053,0.0,7.950294033598482e-05
practice,106,0,four_state_semimarkov,0.364346891036767,0.364346891036767,0.3641229280504783,0.0,0.00022396298628868383
practice,106,1,four_state_semimarkov,0.49716034075120535,0.49716034075120535,0.49689849786021023,0.0,0.00026184289099512315
practice,106,2,four_state_semimarkov,0.5759608273130785,0.5759608273130785,0.5756928147840799,0.0,0.00026801252899866235
practice,106,3,four_state_semimarkov,0.6440889403604144,0.6440889403604144,0.6438273330235721,0.0,0.00026160733684232884
practice,106,4,four_state_semimarkov,0.7138142545042103,0.7138142545042103,0.7135720069945521,0.0,0.00024224750965817776
practice,106,5,four_state_semimarkov,0.7520692855257969,0.7520692855257969,0.7518436874573022,0.0,0.00022559806849464792
practice,106,6,four_state_semimarkov,0.7998684749579363,0.7998684749579363,0.7996701100814356,0.0,0.00019836487650071177
practice,106,7,four_state_semimarkov,0.8289996894452923,0.8289996894452923,0.8288215774965453,0.0,0.0001781119487470617
practice,106,8,four_state_semimarkov,0.8805521919098693,0.8805521919098693,0.8804169689614896,0.0,0.00013522294837975402
practice,119,0,binary_bktf,0.3970013231605013,0.3970013231605013,0.3981286688184238,0.0,0.001127345657922496
practice,119,1,binary_bktf,0.5456095797041502,0.5456095797041502,0.546792759020553,0.0,0.0011831793164027715
practice,119,2,binary_bktf,0.5899191599496971,0.5899191599496971,0.5910728441748229,0.0,0.0011536842251257395
practice,119,3,binary_bktf,0.6413671123343881,0.6413671123343881,0.6424601807239884,0.0,0.0010930683896002158
practice,119,4,binary_bktf,0.6829407576253042,0.6829407576253042,0.6839647358307482,0.0,0.0010239782054440871
practice,119,5,binary_bktf,0.7179774258968409,0.7179774258968409,0.7189297662404225,0.0,0.0009523403435816036
practice,119,6,binary_bktf,0.7481247955830856,0.7481247955830856,0.7490060833480346,0.0,0.0008812877649490014
practice,119,7,binary_bktf,0.7909013113966147,0.7909013113966147,0.7916675786796328,0.0,0.0007662672830180961
practice,119,8,binary_bktf,0.880279038938039,0.880279038938039,0.8807557681586192,0.0,0.0004767292205801743
practice,119,0,continuous_latent_trait,0.3970013231605013,0.3970013231605013,0.39720640665492235,0.0,0.00020508349442105445
practice,119,1,continuous_latent_trait,0.5456095797041502,0.5456095797041502,0.5458248202978518,0.0,0.00021524059370159332
practice,119,2,continuous_latent_trait,0.5899191599496971,0.5899191599496971,0.590129034880851,0.0,0.000209874931153875
practice,119,3,continuous_latent_trait,0.6413671123343881,0.6413671123343881,0.6415659602062908,0.0,0.00019884787190260766
practice,119,4,continuous_latent_trait,0.6829407576253042,0.6829407576253042,0.6831270368086548,0.0,0.0001862791833506794
practice,119,5,continuous_latent_trait,0.7179774258968409,0.7179774258968409,0.718150672925467,0.0,0.00017324702862608898
practice,119,6,continuous_latent_trait,0.7481247955830856,0.7481247955830856,0.7482851169300536,0.0,0.00016032134696797318
practice,119,7,continuous_latent_trait,0.7909013113966147,0.7909013113966147,0.7910407085467922,0.0,0.00013939715017752263
practice,119,8,continuous_latent_trait,0.880279038938039,0.880279038938039,0.8803657641529549,0.0,8.672521491581708e-05
practice,119,0,four_state_semimarkov,0.3970013231605013,0.3970013231605013,0.39678444811926505,0.0,0.0002168750412362419
practice,119,1,four_state_semimarkov,0.5456095797041502,0.5456095797041502,0.5453819635677439,0.0,0.00022761613640631673
practice,119,2,four_state_semimarkov,0.5899191599496971,0.5899191599496971,0.5896972179818669,0.0,0.00022194196783020814
practice,119,3,four_state_semimarkov,0.6413671123343881,0.6413671123343881,0.6411568314409021,0.0,0.00021028089348607004
practice,119,4,four_state_semimarkov,0.6829407576253042,0.6829407576253042,0.6827437680740348,0.0,0.00019698955126934425
practice,119,5,four_state_semimarkov,0.7179774258968409,0.7179774258968409,0.7177942178014015,0.0,0.0001832080954393689
practice,119,6,four_state_semimarkov,0.7481247955830856,0.7481247955830856,0.7479552563485002,0.0,0.000169539234585403
practice,119,7,four_state_semimarkov,0.7909013113966147,0.7909013113966147,0.7907538994227652,0.0,0.00014741197384948723
practice,119,8,four_state_semimarkov,0.880279038938039,0.880279038938039,0.88018732734244,0.0,9.171159559906439e-05
practice,143,0,binary_bktf,0.3200357319458196,0.3200357319458196,0.31984464453210537,0.0,0.00019108741371420823
practice,143,1,binary_bktf,0.46704948194377577,0.46704948194377577,0.46682276428823904,0.0,0.0002267176555367234
practice,143,2,binary_bktf,0.5740671484393124,0.5740671484393124,0.573841486762624,0.0,0.00022566167668836012
practice,143,3,binary_bktf,0.6451371837958955,0.6451371837958955,0.6449255203994664,0.0,0.00021166339642908483
practice,143,4,binary_bktf,0.6867647537457325,0.6867647537457325,0.6865661668819577,0.0,0.00019858686377483004
practice,143,5,binary_bktf,0.7301109241932066,0.7301109241932066,0.7299296600335883,0.0,0.00018126415961827735
practice,143,6,binary_bktf,0.792624233249407,0.792624233249407,0.7924742912728759,0.0,0.000149941976531065
practice,143,7,binary_bktf,0.8409790145183201,0.8409790145183201,0.8408581039909885,0.0,0.00012091052733165242
practice,143,8,binary_bktf,0.905041149401567,0.905041149401567,0.9049645813214224,0.0,7.656808014455674e-05
practice,143,0,continuous_latent_trait,0.3200357319458196,0.3200357319458196,0.3199439464152867,0.0,9.178553053290628e-05
practice,143,1,continuous_latent_trait,0.46704948194377577,0.46704948194377577,0.4669405820435517,0.0,0.0001088999002240576
practice,143,2,continuous_latent_trait,0.5740671484393124,0.5740671484393124,0.5739587557601575,0.0,0.00010839267915485618
practice,143,3,continuous_latent_trait,0.6451371837958955,0.6451371837958955,0.6450355149482612,0.0,0.00010166884763429529
practice,143,4,continuous_latent_trait,0.6867647537457325,0.6867647537457325,0.6866693659843686,0.0,9.53877613639742e-05
practice,143,5,continuous_latent_trait,0.7301109241932066,0.7301109241932066,0.7300238570925166,0.0,8.70671006899526e-05
practice,143,6,continuous_latent_trait,0.792624233249407,0.792624233249407,0.792552211217241,0.0,7.202203216605252e-05
practice,143,7,continuous_latent_trait,0.8409790145183201,0.8409790145183201,0.8409209372400896,0.0,5.807727823048392e-05
practice,143,8,continuous_latent_trait,0.905041149401567,0.905041149401567,0.9050043712499994,0.0,3.6778151567551376e-05
practice,143,0,four_state_semimarkov,0.3200357319458196,0.3200357319458196,0.31964159615552695,0.0,0.0003941357902926268
practice,143,1,four_state_semimarkov,0.46704948194377577,0.46704948194377577,0.4665818554235936,0.0,0.0004676265201821739
practice,143,2,four_state_semimarkov,0.5740671484393124,0.5740671484393124,0.573601699974798,0.0,0.00046544846451435085
practice,143,3,four_state_semimarkov,0.6451371837958955,0.6451371837958955,0.6447006081028661,0.0,0.00043657569302935073
practice,143,4,four_state_semimarkov,0.6867647537457325,0.6867647537457325,0.6863551496335976,0.0,0.00040960411213497583
practice,143,5,four_state_semimarkov,0.7301109241932066,0.7301109241932066,0.7297370497890188,0.0,0.0003738744041877906
practice,143,6,four_state_semimarkov,0.792624233249407,0.792624233249407,0.79231496379908,0.0,0.00030926945032705433
practice,143,7,four_state_semimarkov,0.8409790145183201,0.8409790145183201,0.8407296251665859,0.0,0.0002493893517342416
practice,143,8,four_state_semimarkov,0.905041149401567,0.905041149401567,0.9048832205238561,0.0,0.00015792887771093334
test,71,0,binary_bktf,0.38161018197211277,0.38161018197211277,0.38240017278966926,0.0,0.0007899908175564851
test,71,1,binary_bktf,0.5453028447058713,0.5453028447058713,0.5460811073391849,0.0,0.0007782626333135978
test,71,2,binary_bktf,0.6122265520317284,0.6122265520317284,0.6129488811433874,0.0,0.0007223291116590369
test,71,3,binary_bktf,0.6605421374257157,0.6605421374257157,0.6612084115127982,0.0,0.0006662740870825301
test,71,4,binary_bktf,0.6953433115778357,0.6953433115778357,0.695961847457904,0.0,0.0006185358800683272
test,71,5,binary_bktf,0.7322655597780396,0.7322655597780396,0.7328272561378143,0.0,0.0005616963597746549
test,71,6,binary_bktf,0.7678131666083413,0.7678131666083413,0.7683145698281127,0.0,0.0005014032197714346
test,71,7,binary_bktf,0.805346755788145,0.805346755788145,0.8057790342999631,0.0,0.0004322785118181516
test,71,8,binary_bktf,0.8622155615062046,0.8622155615062046,0.862533415500833,0.0,0.0003178539946283587
test,71,0,continuous_latent_trait,0.38161018197211277,0.38161018197211277,0.381532347475588,0.0,7.78344965247646e-05
test,71,1,continuous_latent_trait,0.5453028447058713,0.5453028447058713,0.5452261657383777,0.0,7.667896749363745e-05
test,71,2,continuous_latent_trait,0.6122265520317284,0.6122265520317284,0.612155383960572,0.0,7.116807115636892e-05
test,71,3,continuous_latent_trait,0.6605421374257157,0.6605421374257157,0.6604764922220276,0.0,6.564520368801396e-05
test,71,4,continuous_latent_trait,0.6953433115778357,0.6953433115778357,0.695282369820374,0.0,6.094175746174102e-05
test,71,5,continuous_latent_trait,0.7322655597780396,0.7322655597780396,0.7322102181811552,0.0,5.534159688447282e-05
test,71,6,continuous_latent_trait,0.7678131666083413,0.7678131666083413,0.7677637654428082,0.0,4.9401165533091707e-05
test,71,7,continuous_latent_trait,0.805346755788145,0.805346755788145,0.8053041651914182,0.0,4.25905967267326e-05
test,71,8,continuous_latent_trait,0.8622155615062046,0.8622155615062046,0.8621842446793704,0.0,3.131682683421566e-05
test,71,0,four_state_semimarkov,0.38161018197211277,0.38161018197211277,0.38177320337390613,0.0,0.00016302140179336178
test,71,1,four_state_semimarkov,0.5453028447058713,0.5453028447058713,0.5454634458956806,0.0,0.00016060118980931737
test,71,2,four_state_semimarkov,0.6122265520317284,0.6122265520317284,0.6123756108582971,0.0,0.00014905882656868208
test,71,3,four_state_semimarkov,0.6605421374257157,0.6605421374257157,0.6606796288156802,0.0,0.00013749138996455024
test,71,4,four_state_semimarkov,0.6953433115778357,0.6953433115778357,0.6954709517782507,0.0,0.00012764020041500235
test,71,5,four_state_semimarkov,0.7322655597780396,0.7322655597780396,0.7323814706543332,0.0,0.00011591087629359009
test,71,6,four_state_semimarkov,0.7678131666083413,0.7678131666083413,0.7679166354763206,0.0,0.000103468867979295
test,71,7,four_state_semimarkov,0.805346755788145,0.805346755788145,0.8054359601781192,0.0,8.920438997428448e-05
test,71,8,four_state_semimarkov,0.8622155615062046,0.8622155615062046,0.862281153412695,0.0,6.559190649035873e-05
test,74,0,binary_bktf,0.28811069465558947,0.28811069465558947,0.2880009149294779,0.0,0.00010977972611159181
test,74,1,binary_bktf,0.4466429078929437,0.4466429078929437,0.4465193399654456,0.0,0.00012356792749806944
test,74,2,binary_bktf,0.5162238384074309,0.5162238384074309,0.5161031608277841,0.0,0.000120677579646844
test,74,3,binary_bktf,0.5700356072919793,0.5700356072919793,0.5699203871897439,0.0,0.00011522010223541379
test,74,4,binary_bktf,0.6146894697506218,0.6146894697506218,0.6145807031658056,0.0,0.00010876658481617785
test,74,5,binary_bktf,0.656518904611565,0.656518904611565,0.656417628570319,0.0,0.0001012760412459901
test,74,6,binary_bktf,0.7017403379047356,0.7017403379047356,0.7016485982958266,0.0,9.173960890895838e-05
test,74,7,binary_bktf,0.7483657131489905,0.7483657131489905,0.7482852319598982,0.0,8.04811890923185e-05
test,74,8,binary_bktf,0.835823978010193,0.835823978010193,0.8357680554802177,0.0,5.592252997532743e-05
test,74,0,continuous_latent_trait,0.28811069465558947,0.28811069465558947,0.2881802375306801,0.0,6.954287509064461e-05
test,74,1,continuous_latent_trait,0.4466429078929437,0.4466429078929437,0.44672118526943355,0.0,7.827737648985478e-05
test,74,2,continuous_latent_trait,0.5162238384074309,0.5162238384074309,0.5163002848165033,0.0,7.644640907233935e-05
test,74,3,continuous_latent_trait,0.5700356072919793,0.5700356072919793,0.5701085965174185,0.0,7.298922543919062e-05
test,74,4,continuous_latent_trait,0.6146894697506218,0.6146894697506218,0.6147583708244888,0.0,6.89010738670337e-05
test,74,5,continuous_latent_trait,0.656518904611565,0.656518904611565,0.6565830606022357,0.0,6.41559906706668e-05
test,74,6,continuous_latent_trait,0.7017403379047356,0.7017403379047356,0.7017984527896708,0.0,5.81148849352342e-05
test,74,7,continuous_latent_trait,0.7483657131489905,0.7483657131489905,0.7484166960896769,0.0,5.098294068639486e-05
test,74,8,continuous_latent_trait,0.835823978010193,0.835823978010193,0.8358594036178596,0.0,3.5425607666561554e-05
test,74,0,four_state_semimarkov,0.28811069465558947,0.28811069465558947,0.28929914174754695,0.0,0.0011884470919574786
test,74,1,four_state_semimarkov,0.4466429078929437,0.4466429078929437,0.4479806225090542,0.0,0.0013377146161104858
test,74,2,four_state_semimarkov,0.5162238384074309,0.5162238384074309,0.5175302628605711,0.0,0.0013064244531402203
test,74,3,four_state_semimarkov,0.5700356072919793,0.5700356072919793,0.5712829504972978,0.0,0.0012473432053184963
test,74,4,four_state_semimarkov,0.6146894697506218,0.6146894697506218,0.6158669488347019,0.0,0.0011774790840801685
test,74,5,four_state_semimarkov,0.656518904611565,0.656518904611565,0.6576152929970508,0.0,0.0010963883854857581
test,74,6,four_state_semimarkov,0.7017403379047356,0.7017403379047356,0.7027334873238924,0.0,0.0009931494191568468
test,74,7,four_state_semimarkov,0.7483657131489905,0.7483657131489905,0.749236981808754,0.0,0.0008712686597635022
test,74,8,four_state_semimarkov,0.835823978010193,0.835823978010193,0.8364293809412299,0.0,0.0006054029310368358
test,76,0,binary_bktf,0.2715787083701613,0.2715787083701613,0.27096128096327987,0.0,0.0006174274068814212
test,76,1,binary_bktf,0.3735743664148329,0.3735743664148329,0.37285890680314443,0.0,0.0007154596116884515
test,76,2,binary_bktf,0.44772187663781227,0.44772187663781227,0.44698076540836396,0.0,0.0007411112294483102
test,76,3,binary_bktf,0.507148063694247,0.507148063694247,0.506412653414502,0.0,0.0007354102797449968
test,76,4,binary_bktf,0.5735283372801424,0.5735283372801424,0.5728250759303812,0.0,0.000703261349761175
test,76,5,binary_bktf,0.6364723276356284,0.6364723276356284,0.6358227128383753,0.0,0.0006496147972531174
test,76,6,binary_bktf,0.6966983781843585,0.6966983781843585,0.6961192886874479,0.0,0.0005790894969106564
test,76,7,binary_bktf,0.7669791013358368,0.7669791013358368,0.7665036208075924,0.0,0.0004754805282444208
test,76,8,binary_bktf,0.8618019626248431,0.8618019626248431,0.8614980364071537,0.0,0.00030392621768937644
test,76,0,continuous_latent_trait,0.2715787083701613,0.2715787083701613,0.27200389241063416,0.0,0.00042518404047287017
test,76,1,continuous_latent_trait,0.3735743664148329,0.3735743664148329,0.37406705916712907,0.0,0.0004926927522961866
test,76,2,continuous_latent_trait,0.44772187663781227,0.44772187663781227,0.44823223407164725,0.0,0.0005103574338349848
test,76,3,continuous_latent_trait,0.507148063694247,0.507148063694247,0.5076544952369296,0.0,0.0005064315426825949
test,76,4,continuous_latent_trait,0.5735283372801424,0.5735283372801424,0.574012629844426,0.0,0.0004842925642836171
test,76,5,continuous_latent_trait,0.6364723276356284,0.6364723276356284,0.6369196771396348,0.0,0.00044734950400637796
test,76,6,continuous_latent_trait,0.6966983781843585,0.6966983781843585,0.6970971612792031,0.0,0.0003987830948445348
test,76,7,continuous_latent_trait,0.7669791013358368,0.7669791013358368,0.7673065353467091,0.0,0.0003274340108723184
test,76,8,continuous_latent_trait,0.8618019626248431,0.8618019626248431,0.8620112578001458,0.0,0.0002092951753026595
test,76,0,four_state_semimarkov,0.2715787083701613,0.2715787083701613,0.2710406455125249,0.0,0.0005380628576364122
test,76,1,four_state_semimarkov,0.3735743664148329,0.3735743664148329,0.37295087248028386,0.0,0.0006234939345490242
test,76,2,four_state_semimarkov,0.44772187663781227,0.44772187663781227,0.4470760283624583,0.0,0.0006458482753539663
test,76,3,four_state_semimarkov,0.507148063694247,0.507148063694247,0.5065071835641837,0.0,0.0006408801300633593
test,76,4,four_state_semimarkov,0.5735283372801424,0.5735283372801424,0.5729154736344817,0.0,0.0006128636456607106
test,76,5,four_state_semimarkov,0.6364723276356284,0.6364723276356284,0.6359062147771755,0.0,0.0005661128584529829
test,76,6,four_state_semimarkov,0.6966983781843585,0.6966983781843585,0.6961937252546762,0.0,0.000504652929682381
test,76,7,four_state_semimarkov,0.7669791013358368,0.7669791013358368,0.766564739405792,0.0,0.00041436193004484867
test,76,8,four_state_semimarkov,0.8618019626248431,0.8618019626248431,0.8615371032950997,0.0,0.0002648593297434054
test,77,0,binary_bktf,0.25375798305290914,0.25375798305290914,0.2535636919420088,0.0,0.00019429111090035756
test,77,1,binary_bktf,0.3750758370896823,0.3750758370896823,0.37484133357876326,0.0,0.00023450351091902633
test,77,2,binary_bktf,0.458606050371694,0.458606050371694,0.4583637359759533,0.0,0.0002423143957406837
test,77,3,binary_bktf,0.5132820964281998,0.5132820964281998,0.5130428898149755,0.0,0.00023920661322429648
test,77,4,binary_bktf,0.5718090505678786,0.5718090505678786,0.57157983666052,0.0,0.00022921390735852754
test,77,5,binary_bktf,0.6396077452745679,0.6396077452745679,0.6393979859025717,0.0,0.00020975937199618766
test,77,6,binary_bktf,0.706841492548953,0.706841492548953,0.7066585047748057,0.0,0.00018298777414726963
test,77,7,binary_bktf,0.786956840302537,0.786956840302537,0.7868142408058805,0.0,0.00014259949665651472
test,77,8,binary_bktf,0.8924874602685161,0.8924874602685161,0.8924099228286116,0.0,7.75374399044626e-05
test,77,0,continuous_latent_trait,0.25375798305290914,0.25375798305290914,0.2537825629027877,0.0,2.4579849878580973e-05
test,77,1,continuous_latent_trait,0.3750758370896823,0.3750758370896823,0.3751055042271295,0.0,2.9667137447231262e-05
test,77,2,continuous_latent_trait,0.458606050371694,0.458606050371694,0.4586367056674174,0.0,3.065529572338077e-05
test,77,3,continuous_latent_trait,0.5132820964281998,0.5132820964281998,0.5133123585570727,0.0,3.026212887291546e-05
test,77,4,continuous_latent_trait,0.5718090505678786,0.5718090505678786,0.5718380485153964,0.0,2.8997947517872547e-05
test,77,5,continuous_latent_trait,0.6396077452745679,0.6396077452745679,0.6396342820206792,0.0,2.6536746111305298e-05
test,77,6,continuous_latent_trait,0.706841492548953,0.706841492548953,0.7068646424089826,0.0,2.3149860029603175e-05
test,77,7,continuous_latent_trait,0.786956840302537,0.786956840302537,0.7869748806246606,0.0,1.8040322123602515e-05
test,77,8,continuous_latent_trait,0.8924874602685161,0.8924874602685161,0.8924972695625677,0.0,9.809294051588147e-06
test,77,0,four_state_semimarkov,0.25375798305290914,0.25375798305290914,0.25428278701914964,0.0,0.0005248039662404946
test,77,1,four_state_semimarkov,0.3750758370896823,0.3750758370896823,0.37570925964820295,0.0,0.0006334225585206688
test,77,2,four_state_semimarkov,0.458606050371694,0.458606050371694,0.45926057108108465,0.0,0.0006545207093906491
test,77,3,four_state_semimarkov,0.5132820964281998,0.5132820964281998,0.5139282226388738,0.0,0.0006461262106740584
test,77,4,four_state_semimarkov,0.5718090505678786,0.5718090505678786,0.572428185263373,0.0,0.000619134695494461
test,77,5,four_state_semimarkov,0.6396077452745679,0.6396077452745679,0.6401743309000191,0.0,0.0005665856254511992
test,77,6,four_state_semimarkov,0.706841492548953,0.706841492548953,0.7073357648255574,0.0,0.0004942722766043683
test,77,7,four_state_semimarkov,0.786956840302537,0.786956840302537,0.7873420189202401,0.0,0.0003851786177031524
test,77,8,four_state_semimarkov,0.8924874602685161,0.8924874602685161,0.8926968983422379,0.0,0.00020943807372175716
test,78,0,binary_bktf,0.3397292432432337,0.3397292432432337,0.3398810070154338,0.0,0.0001517637722000531
test,78,1,binary_bktf,0.470812008031614,0.470812008031614,0.4709829510504857,0.0,0.00017094301887171648
test,78,2,binary_bktf,0.5649515855120542,0.5649515855120542,0.5651206711772506,0.0,0.00016908566519646673
test,78,3,binary_bktf,0.606948894102826,0.606948894102826,0.6071128744421923,0.0,0.00016398033936626533
test,78,4,binary_bktf,0.6475635476454977,0.6475635476454977,0.6477201091853481,0.0,0.0001565615398503306
test,78,5,binary_bktf,0.6832444824071782,0.6832444824071782,0.6833925471805817,0.0,0.00014806477340356672
test,78,6,binary_bktf,0.7301803636359289,0.7301803636359289,0.7303145027292482,0.0,0.00013413909331938534
test,78,7,binary_bktf,0.7625668402290039,0.7625668402290039,0.7626896029004837,0.0,0.00012276267147981468
test,78,8,binary_bktf,0.865361909235238,0.865361909235238,0.8654395552969734,0.0,7.764606173532584e-05
test,78,0,continuous_latent_trait,0.3397292432432337,0.3397292432432337,0.339702265887735,0.0,2.6977355498725153e-05
test,78,1,continuous_latent_trait,0.470812008031614,0.470812008031614,0.47078162139503493,0.0,3.03866365790606e-05
test,78,2,continuous_latent_trait,0.5649515855120542,0.5649515855120542,0.5649215290365248,0.0,3.0056475529338655e-05
test,78,3,continuous_latent_trait,0.606948894102826,0.606948894102826,0.6069197451442361,0.0,2.9148958589964025e-05
test,78,4,continuous_latent_trait,0.6475635476454977,0.6475635476454977,0.6475357174442656,0.0,2.783020123209301e-05
test,78,5,continuous_latent_trait,0.6832444824071782,0.6832444824071782,0.683218162581459,0.0,2.6319825719212098e-05
test,78,6,continuous_latent_trait,0.7301803636359289,0.7301803636359289,0.7301565192232595,0.0,2.3844412669338233e-05
test,78,7,continuous_latent_trait,0.7625668402290039,0.7625668402290039,0.76254501807617,0.0,2.1822152833861352e-05
test,78,8,continuous_latent_trait,0.865361909235238,0.865361909235238,0.8653481069595704,0.0,1.3802275667607056e-05
test,78,0,four_state_semimarkov,0.3397292432432337,0.3397292432432337,0.3397544555681905,0.0,2.5212324956780385e-05
test,78,1,four_state_semimarkov,0.470812008031614,0.470812008031614,0.47084040658081894,0.0,2.8398549204944334e-05
test,78,2,four_state_semimarkov,0.5649515855120542,0.5649515855120542,0.5649796755012074,0.0,2.8089989153268213e-05
test,78,3,four_state_semimarkov,0.606948894102826,0.606948894102826,0.6069761359508635,0.0,2.724184803748475e-05
test,78,4,four_state_semimarkov,0.6475635476454977,0.6475635476454977,0.6475895570177616,0.0,2.6009372263824382e-05
test,78,5,four_state_semimarkov,0.6832444824071782,0.6832444824071782,0.6832690802219337,0.0,2.459781475550038e-05
test,78,6,four_state_semimarkov,0.7301803636359289,0.7301803636359289,0.7302026479951422,0.0,2.22843592133648e-05
test,78,7,four_state_semimarkov,0.7625668402290039,0.7625668402290039,0.7625872346375387,0.0,2.039440853485175e-05
test,78,8,four_state_semimarkov,0.865361909235238,0.865361909235238,0.8653748084782092,0.0,1.2899242971209368e-05
test,80,0,binary_bktf,0.423229955101119,0.423229955101119,0.4220201065582725,0.0,0.0012098485428465033
test,80,1,binary_bktf,0.5270047971826254,0.5270047971826254,0.5257221028418085,0.0,0.0012826943408168479
test,80,2,binary_bktf,0.5750036733188995,0.5750036733188995,0.5737264777192908,0.0,0.0012771955996087048
test,80,3,binary_bktf,0.6263609138579447,0.6263609138579447,0.6251191089733786,0.0,0.0012418048845660445
test,80,4,binary_bktf,0.6613936672551708,0.6613936672551708,0.660194171360349,0.0,0.0011994958948218226
test,80,5,binary_bktf,0.6888654497011345,0.6888654497011345,0.6877096988801411,0.0,0.0011557508209933953
test,80,6,binary_bktf,0.7207669909071447,0.7207669909071447,0.7196738757973389,0.0,0.001093115109805809
test,80,7,binary_bktf,0.764880556710081,0.764880556710081,0.763895243081624,0.0,0.0009853136284569963
test,80,8,binary_bktf,0.823043931826093,0.823043931826093,0.8222385448845824,0.0,0.0008053869415106663
test,80,0,continuous_latent_trait,0.423229955101119,0.423229955101119,0.4233299015437512,0.0,9.994644263222607e-05
test,80,1,continuous_latent_trait,0.5270047971826254,0.5270047971826254,0.5271107614680768,0.0,0.00010596428545139869
test,80,2,continuous_latent_trait,0.5750036733188995,0.5750036733188995,0.5751091833494538,0.0,0.0001055100305543677
test,80,3,continuous_latent_trait,0.6263609138579447,0.6263609138579447,0.6264635002365451,0.0,0.00010258637860038888
test,80,4,continuous_latent_trait,0.6613936672551708,0.6613936672551708,0.6614927584582398,0.0,9.909120306905717e-05
test,80,5,continuous_latent_trait,0.6888654497011345,0.6888654497011345,0.6889609270927443,0.0,9.54773916097551e-05
test,80,6,continuous_latent_trait,0.7207669909071447,0.7207669909071447,0.7208572939184399,0.0,9.03030112952008e-05
test,80,7,continuous_latent_trait,0.764880556710081,0.764880556710081,0.7649619541648555,0.0,8.13974547744234e-05
test,80,8,continuous_latent_trait,0.823043931826093,0.823043931826093,0.8231104654101751,0.0,6.653358408204024e-05
test,80,0,four_state_semimarkov,0.423229955101119,0.423229955101119,0.4229370037918607,0.0,0.0002929513092582714
test,80,1,four_state_semimarkov,0.5270047971826254,0.5270047971826254,0.5266942070770431,0.0,0.00031059010558232014
test,80,2,four_state_semimarkov,0.5750036733188995,0.5750036733188995,0.5746944146722957,0.0,0.000309258646603805
test,80,3,four_state_semimarkov,0.6263609138579447,0.6263609138579447,0.6260602246773983,0.0,0.0003006891805463763
test,80,4,four_state_semimarkov,0.6613936672551708,0.6613936672551708,0.6611032227239367,0.0,0.00029044453123405756
test,80,5,four_state_semimarkov,0.6888654497011345,0.6888654497011345,0.6885855975507114,0.0,0.00027985215042314326
test,80,6,four_state_semimarkov,0.7207669909071447,0.7207669909071447,0.7205023052944661,0.0,0.0002646856126785613
test,80,7,four_state_semimarkov,0.764880556710081,0.764880556710081,0.7646419740220098,0.0,0.0002385826880711983
test,80,8,four_state_semimarkov,0.823043931826093,0.823043931826093,0.8228489163753148,0.0,0.00019501545077826865
test,83,0,binary_bktf,0.26264327447847996,0.26264327447847996,0.26256525408874576,0.0,7.802038973420133e-05
test,83,1,binary_bktf,0.41474304970498493,0.41474304970498493,0.41464777487161314,0.0,9.527483337179454e-05
test,83,2,binary_bktf,0.4955454452335839,0.4955454452335839,0.4954493548571645,0.0,9.609037641938878e-05
test,83,3,binary_bktf,0.5530465255560111,0.5530465255560111,0.5529531533488654,0.0,9.337220714566996e-05
test,83,4,binary_bktf,0.5971244282391619,0.5971244282391619,0.59703487813304,0.0,8.955010612188286e-05
test,83,5,binary_bktf,0.646862469471926,0.646862469471926,0.6467789279999949,0.0,8.35414719311256e-05
test,83,6,binary_bktf,0.7143504507927454,0.7143504507927454,0.7142777162018853,0.0,7.273459086010181e-05
test,83,7,binary_bktf,0.782844080104768,0.782844080104768,0.7827851356242049,0.0,5.894448056309454e-05
test,83,8,binary_bktf,0.8847912298039555,0.8847912298039555,0.8847573804340747,0.0,3.384936988082288e-05
test,83,0,continuous_latent_trait,0.26264327447847996,0.26264327447847996,0.263027585272456,0.0,0.0003843107939760504
test,83,1,continuous_latent_trait,0.41474304970498493,0.41474304970498493,0.41521235198404277,0.0,0.00046930227905783717
test,83,2,continuous_latent_trait,0.4955454452335839,0.4955454452335839,0.49601876469420936,0.0,0.00047331946062545427
test,83,3,continuous_latent_trait,0.5530465255560111,0.5530465255560111,0.553506455929423,0.0,0.0004599303734119653
test,83,4,continuous_latent_trait,0.5971244282391619,0.5971244282391619,0.5975655318082388,0.0,0.00044110356907689496
test,83,5,continuous_latent_trait,0.646862469471926,0.646862469471926,0.6472739758689872,0.0,0.00041150639706111214
test,83,6,continuous_latent_trait,0.7143504507927454,0.7143504507927454,0.7147087249352331,0.0,0.0003582741424876801
test,83,7,continuous_latent_trait,0.782844080104768,0.782844080104768,0.783134427283916,0.0,0.00029034717914799835
test,83,8,continuous_latent_trait,0.8847912298039555,0.8847912298039555,0.8849579641458696,0.0,0.00016673434191405434
test,83,0,four_state_semimarkov,0.26264327447847996,0.26264327447847996,0.26172254276420603,0.0,0.0009207317142739257
test,83,1,four_state_semimarkov,0.41474304970498493,0.41474304970498493,0.4136186954097272,0.0,0.0011243542952577568
test,83,2,four_state_semimarkov,0.4955454452335839,0.4955454452335839,0.4944114665757643,0.0,0.001133978657819612
test,83,3,four_state_semimarkov,0.5530465255560111,0.5530465255560111,0.5519446244701975,0.0,0.0011019010858135392
test,83,4,four_state_semimarkov,0.5971244282391619,0.5971244282391619,0.5960676324070044,0.0,0.0010567958321574533
test,83,5,four_state_semimarkov,0.646862469471926,0.646862469471926,0.6458765825377211,0.0,0.0009858869342049825
test,83,6,four_state_semimarkov,0.7143504507927454,0.7143504507927454,0.7134920976820658,0.0,0.0008583531106796105
test,83,7,four_state_semimarkov,0.782844080104768,0.782844080104768,0.7821484663978604,0.0,0.0006956137069076274
test,83,8,four_state_semimarkov,0.8847912298039555,0.8847912298039555,0.88439176770498,0.0,0.00039946209897556706
test,84,0,binary_bktf,0.36185400017606517,0.36185400017606517,0.3623031472859739,0.0,0.00044914710990873186
test,84,1,binary_bktf,0.502063122845181,0.502063122845181,0.5025542634386498,0.0,0.0004911405934688862
test,84,2,binary_bktf,0.5811359821785603,0.5811359821785603,0.5816139361104341,0.0,0.00047795393187377577
test,84,3,binary_bktf,0.6358865592837517,0.6358865592837517,0.6363398233734462,0.0,0.00045326408969448284
test,84,4,binary_bktf,0.6730772500878605,0.6730772500878605,0.673506635527253,0.0,0.0004293854393925267
test,84,5,binary_bktf,0.7079654983352068,0.7079654983352068,0.708367388654178,0.0,0.00040189031897119865
test,84,6,binary_bktf,0.7470572519846239,0.7470572519846239,0.7474226424228129,0.0,0.00036539043818895056
test,84,7,binary_bktf,0.7797185749833568,0.7797185749833568,0.7800490061404781,0.0,0.00033043115712128035
test,84,8,binary_bktf,0.8627880375636277,0.8627880375636277,0.8630122470424435,0.0,0.00022420947881585107
test,84,0,continuous_latent_trait,0.36185400017606517,0.36185400017606517,0.36186152789681625,0.0,7.527720751077105e-06
test,84,1,continuous_latent_trait,0.502063122845181,0.502063122845181,0.5020713543781324,0.0,8.231532951485931e-06
test,84,2,continuous_latent_trait,0.5811359821785603,0.5811359821785603,0.5811439927026162,0.0,8.010524055857005e-06
test,84,3,continuous_latent_trait,0.6358865592837517,0.6358865592837517,0.6358941560052271,0.0,7.596721475433554e-06
test,84,4,continuous_latent_trait,0.6730772500878605,0.6730772500878605,0.6730844466023467,0.0,7.196514486218497e-06
test,84,5,continuous_latent_trait,0.7079654983352068,0.7079654983352068,0.7079722340305403,0.0,6.7356953334929415e-06
test,84,6,continuous_latent_trait,0.7470572519846239,0.7470572519846239,0.7470633759407248,0.0,6.1239561008896715e-06
test,84,7,continuous_latent_trait,0.7797185749833568,0.7797185749833568,0.7797241130207213,0.0,5.538037364472004e-06
test,84,8,continuous_latent_trait,0.8627880375636277,0.8627880375636277,0.8627917953220816,0.0,3.7577584539594255e-06
test,84,0,four_state_semimarkov,0.36185400017606517,0.36185400017606517,0.3621950001906538,0.0,0.0003410000145886438
test,84,1,four_state_semimarkov,0.502063122845181,0.502063122845181,0.5024360050160988,0.0,0.00037288217091779874
test,84,2,four_state_semimarkov,0.5811359821785603,0.5811359821785603,0.581498852815091,0.0,0.0003628706365306211
test,84,3,four_state_semimarkov,0.6358865592837517,0.6358865592837517,0.6362306849782762,0.0,0.0003441256945244664
test,84,4,four_state_semimarkov,0.6730772500878605,0.6730772500878605,0.6734032467106665,0.0,0.00032599662280607955
test,84,5,four_state_semimarkov,0.7079654983352068,0.7079654983352068,0.7082706202020201,0.0,0.0003051218668133071
test,84,6,four_state_semimarkov,0.7470572519846239,0.7470572519846239,0.7473346625300571,0.0,0.00027741054543317656
test,84,7,four_state_semimarkov,0.7797185749833568,0.7797185749833568,0.779969443856616,0.0,0.0002508688732592024
test,84,8,four_state_semimarkov,0.8627880375636277,0.8627880375636277,0.8629582611582125,0.0,0.0001702235945848507
test,85,0,binary_bktf,0.2431886036397195,0.2431886036397195,0.24380210577800332,0.0,0.0006135021382838168
test,85,1,binary_bktf,0.35494847304457244,0.35494847304457244,0.35566822946470394,0.0,0.000719756420131501
test,85,2,binary_bktf,0.4302949200837116,0.4302949200837116,0.43103423710014815,0.0,0.0007393170164365359
test,85,3,binary_bktf,0.5039193961805246,0.5039193961805246,0.5046427555046229,0.0,0.0007233593240982827
test,85,4,binary_bktf,0.5579957196285542,0.5579957196285542,0.5586878360590201,0.0,0.00069211643046585
test,85,5,binary_bktf,0.6293868358139753,0.6293868358139753,0.6300153978518777,0.0,0.0006285620379024026
test,85,6,binary_bktf,0.7048458256234433,0.7048458256234433,0.7053830125061624,0.0,0.0005371868827190873
test,85,7,binary_bktf,0.7788487306464933,0.7788487306464933,0.7792754565223754,0.0,0.00042672587588210575
test,85,8,binary_bktf,0.8734344509715382,0.8734344509715382,0.8736944537910988,0.0,0.000260002819560623
test,85,0,continuous_latent_trait,0.2431886036397195,0.2431886036397195,0.2430496814717284,0.0,0.0001389221679911068
test,85,1,continuous_latent_trait,0.35494847304457244,0.35494847304457244,0.35478549052812713,0.0,0.00016298251644530914
test,85,2,continuous_latent_trait,0.4302949200837116,0.4302949200837116,0.4301275082421774,0.0,0.00016741184153423738
test,85,3,continuous_latent_trait,0.5039193961805246,0.5039193961805246,0.5037555978181892,0.0,0.0001637983623353767
test,85,4,continuous_latent_trait,0.5579957196285542,0.5579957196285542,0.5578389959449196,0.0,0.00015672368363461864
test,85,5,continuous_latent_trait,0.6293868358139753,0.6293868358139753,0.6292445034640023,0.0,0.0001423323499729623
test,85,6,continuous_latent_trait,0.7048458256234433,0.7048458256234433,0.7047241843744863,0.0,0.00012164124895708284
test,85,7,continuous_latent_trait,0.7788487306464933,0.7788487306464933,0.7787521023218038,0.0,9.662832468948501e-05
test,85,8,continuous_latent_trait,0.8734344509715382,0.8734344509715382,0.873375575617809,0.0,5.8875353729170854e-05
test,85,0,four_state_semimarkov,0.2431886036397195,0.2431886036397195,0.2434863235105922,0.0,0.0002977198708727091
test,85,1,four_state_semimarkov,0.35494847304457244,0.35494847304457244,0.3552977559158538,0.0,0.0003492828712813312
test,85,2,four_state_semimarkov,0.4302949200837116,0.4302949200837116,0.43065369530693515,0.0,0.0003587752232235286
test,85,3,four_state_semimarkov,0.5039193961805246,0.5039193961805246,0.504270427466318,0.0,0.0003510312857933906
test,85,4,four_state_semimarkov,0.5579957196285542,0.5579957196285542,0.5583315893857965,0.0,0.00033586975724231305
test,85,5,four_state_semimarkov,0.6293868358139753,0.6293868358139753,0.6296918639419705,0.0,0.000305028127995266
test,85,6,four_state_semimarkov,0.7048458256234433,0.7048458256234433,0.7051065112824716,0.0,0.00026068565902825913
test,85,7,four_state_semimarkov,0.7788487306464933,0.7788487306464933,0.779055811868681,0.0,0.00020708122218771052
test,85,8,four_state_semimarkov,0.8734344509715382,0.8734344509715382,0.8735606249504542,0.0,0.000126173978916011
test,86,0,binary_bktf,0.4659566475511701,0.4659566475511701,0.46538697815147967,0.0,0.0005696693996904423
test,86,1,binary_bktf,0.6068411674673759,0.6068411674673759,0.606251424751388,0.0,0.0005897427159878843
test,86,2,binary_bktf,0.6702390169246379,0.6702390169246379,0.6696767651515904,0.0,0.000562251773047584
test,86,3,binary_bktf,0.698951841890771,0.698951841890771,0.698410365044362,0.0,0.0005414768464089281
test,86,4,binary_bktf,0.7286258333205338,0.7286258333205338,0.7281114841688907,0.0,0.0005143491516430565
test,86,5,binary_bktf,0.7615620284516411,0.7615620284516411,0.7610846365468698,0.0,0.0004773919047713626
test,86,6,binary_bktf,0.7949616786501204,0.7949616786501204,0.7945291796249468,0.0,0.000432499025173505
test,86,7,binary_bktf,0.8331459447547113,0.8331459447547113,0.8327738925773621,0.0,0.000372052177349147
test,86,8,binary_bktf,0.8860440259581792,0.8860440259581792,0.8857714878904728,0.0,0.0002725380677064404
test,86,0,continuous_latent_trait,0.4659566475511701,0.4659566475511701,0.4658823179861895,0.0,7.432956498060195e-05
test,86,1,continuous_latent_trait,0.6068411674673759,0.6068411674673759,0.6067642187677414,0.0,7.694869963448259e-05
test,86,2,continuous_latent_trait,0.6702390169246379,0.6702390169246379,0.6701656551998828,0.0,7.33617247551388e-05
test,86,3,continuous_latent_trait,0.698951841890771,0.698951841890771,0.6988811908456771,0.0,7.065104509385023e-05
test,86,4,continuous_latent_trait,0.7286258333205338,0.7286258333205338,0.7285587218542542,0.0,6.711146627957909e-05
test,86,5,continuous_latent_trait,0.7615620284516411,0.7615620284516411,0.7614997391086409,0.0,6.228934300023248e-05
test,86,6,continuous_latent_trait,0.7949616786501204,0.7949616786501204,0.7949052468592603,0.0,5.643179086001204e-05
test,86,7,continuous_latent_trait,0.8331459447547113,0.8331459447547113,0.8330973999732916,0.0,4.854478141969043e-05
test,86,8,continuous_latent_trait,0.8860440259581792,0.8860440259581792,0.88600846562079,0.0,3.55603373891622e-05
test,86,0,four_state_semimarkov,0.4659566475511701,0.4659566475511701,0.4656880590471928,0.0,0.00026858850397731837
test,86,1,four_state_semimarkov,0.6068411674673759,0.6068411674673759,0.6065631147687314,0.0,0.0002780526986445597
test,86,2,four_state_semimarkov,0.6702390169246379,0.6702390169246379,0.6699739256933314,0.0,0.0002650912313065801
test,86,3,four_state_semimarkov,0.698951841890771,0.698951841890771,0.6986965456500384,0.0,0.0002552962407326165
test,86,4,four_state_semimarkov,0.7286258333205338,0.7286258333205338,0.7283833272820859,0.0,0.0002425060384478872
test,86,5,four_state_semimarkov,0.7615620284516411,0.7615620284516411,0.7613369470663843,0.0,0.00022508138525678678
test,86,6,four_state_semimarkov,0.7949616786501204,0.7949616786501204,0.794757763421139,0.0,0.00020391522898133285
test,86,7,four_state_semimarkov,0.8331459447547113,0.8331459447547113,0.8329705290875516,0.0,0.00017541566715961743
test,86,8,four_state_semimarkov,0.8860440259581792,0.8860440259581792,0.8859155293391824,0.0,0.00012849661899683174
test,87,0,binary_bktf,0.40573879132998225,0.40573879132998225,0.4051416326099783,0.0,0.0005971587200039319
test,87,1,binary_bktf,0.5179806280590851,0.5179806280590851,0.5173545621939015,0.0,0.0006260658651835449
test,87,2,binary_bktf,0.5878056384810837,0.5878056384810837,0.5871960702764509,0.0,0.00060956820463276
test,87,3,binary_bktf,0.6201641589755531,0.6201641589755531,0.619571298440044,0.0,0.0005928605355091099
test,87,4,binary_bktf,0.6547708741334569,0.6547708741334569,0.6542021937805318,0.0,0.0005686803529251216
test,87,5,binary_bktf,0.6863648103047686,0.6863648103047686,0.6858238402307985,0.0,0.0005409700739701373
test,87,6,binary_bktf,0.7216625283217549,0.7216625283217549,0.7211587765970321,0.0,0.000503751724722834
test,87,7,binary_bktf,0.7733272668490973,0.7733272668490973,0.772889604641526,0.0,0.0004376622075712433
test,87,8,binary_bktf,0.8798498042612918,0.8798498042612918,0.8795896168127935,0.0,0.0002601874484983169
test,87,0,continuous_latent_trait,0.40573879132998225,0.40573879132998225,0.40564425876227495,0.0,9.453256770730611e-05
test,87,1,continuous_latent_trait,0.5179806280590851,0.5179806280590851,0.5178815193768685,0.0,9.910868221651992e-05
test,87,2,continuous_latent_trait,0.5878056384810837,0.5878056384810837,0.5877091414432744,0.0,9.649703780933994e-05
test,87,3,continuous_latent_trait,0.6201641589755531,0.6201641589755531,0.6200703068273556,0.0,9.385214819745968e-05
test,87,4,continuous_latent_trait,0.6547708741334569,0.6547708741334569,0.6546808498029949,0.0,9.002433046201297e-05
test,87,5,continuous_latent_trait,0.6863648103047686,0.6863648103047686,0.6862791726201877,0.0,8.563768458091925e-05
test,87,6,continuous_latent_trait,0.7216625283217549,0.7216625283217549,0.7215827824477886,0.0,7.974587396630817e-05
test,87,7,continuous_latent_trait,0.7733272668490973,0.7733272668490973,0.773257983204923,0.0,6.928364417424504e-05
test,87,8,continuous_latent_trait,0.8798498042612918,0.8798498042612918,0.8798086155675486,0.0,4.118869374314382e-05
test,87,0,four_state_semimarkov,0.40573879132998225,0.40573879132998225,0.4061711438662568,0.0,0.0004323525362745495
test,87,1,four_state_semimarkov,0.5179806280590851,0.5179806280590851,0.5184339098349714,0.0,0.00045328177588632723
test,87,2,four_state_semimarkov,0.5878056384810837,0.5878056384810837,0.5882469756845055,0.0,0.0004413372034217655
test,87,3,four_state_semimarkov,0.6201641589755531,0.6201641589755531,0.6205933995567432,0.0,0.00042924058119009345
test,87,4,four_state_semimarkov,0.6547708741334569,0.6547708741334569,0.6551826078729419,0.0,0.0004117337394849985
test,87,5,four_state_semimarkov,0.6863648103047686,0.6863648103047686,0.686756481355808,0.0,0.0003916710510394328
test,87,6,four_state_semimarkov,0.7216625283217549,0.7216625283217549,0.7220272526883623,0.0,0.00036472436660739405
test,87,7,four_state_semimarkov,0.7733272668490973,0.7733272668490973,0.7736441413402304,0.0,0.0003168744911331567
test,87,8,four_state_semimarkov,0.8798498042612918,0.8798498042612918,0.880038184167241,0.0,0.00018837990594922083
test,88,0,binary_bktf,0.46361527718197837,0.46361527718197837,0.4623842565576744,0.0,0.001231020624303969
test,88,1,binary_bktf,0.5931995305145537,0.5931995305145537,0.5919258618493229,0.0,0.0012736686652307094
test,88,2,binary_bktf,0.6605372129256496,0.6605372129256496,0.6593199514400558,0.0,0.001217261485593757
test,88,3,binary_bktf,0.7176421329758322,0.7176421329758322,0.7165195226368515,0.0,0.0011226103389807562
test,88,4,binary_bktf,0.7725584581741635,0.7725584581741635,0.7715691789001442,0.0,0.0009892792740192613
test,88,5,binary_bktf,0.8039319862108276,0.8039319862108276,0.8030377668421536,0.0,0.0008942193686740652
test,88,6,binary_bktf,0.8319662113434089,0.8319662113434089,0.8311685310217071,0.0,0.0007976803217017991
test,88,7,binary_bktf,0.8807065828385738,0.8807065828385738,0.8801024413936512,0.0,0.0006041414449226012
test,88,8,binary_bktf,0.9180406620605793,0.9180406620605793,0.9176062727050166,0.0,0.0004343893555627254
test,88,0,continuous_latent_trait,0.46361527718197837,0.46361527718197837,0.463541963892518,0.0,7.331328946036386e-05
test,88,1,continuous_latent_trait,0.5931995305145537,0.5931995305145537,0.5931236773259989,0.0,7.585318855474199e-05
test,88,2,continuous_latent_trait,0.6605372129256496,0.6605372129256496,0.6604647190600916,0.0,7.249386555796544e-05
test,88,3,continuous_latent_trait,0.7176421329758322,0.7176421329758322,0.7175752760482478,0.0,6.685692758445771e-05
test,88,4,continuous_latent_trait,0.7725584581741635,0.7725584581741635,0.7724995417625956,0.0,5.891641156785532e-05
test,88,5,continuous_latent_trait,0.8039319862108276,0.8039319862108276,0.8038787310808,0.0,5.3255130027629605e-05
test,88,6,continuous_latent_trait,0.8319662113434089,0.8319662113434089,0.8319187055850796,0.0,4.750575832923598e-05
test,88,7,continuous_latent_trait,0.8807065828385738,0.8807065828385738,0.8806706032653945,0.0,3.597957317935663e-05
test,88,8,continuous_latent_trait,0.9180406620605793,0.9180406620605793,0.918014792053229,0.0,2.5870007350325963e-05
test,88,0,four_state_semimarkov,0.46361527718197837,0.46361527718197837,0.4634605402781163,0.0,0.00015473690386208494
test,88,1,four_state_semimarkov,0.5931995305145537,0.5931995305145537,0.5930394328346144,0.0,0.00016009767993929724
test,88,2,four_state_semimarkov,0.6605372129256496,0.6605372129256496,0.660384205518804,0.0,0.00015300740684565106
test,88,3,four_state_semimarkov,0.7176421329758322,0.7176421329758322,0.717501023034366,0.0,0.00014110994146621092
test,88,4,four_state_semimarkov,0.7725584581741635,0.7725584581741635,0.7724341076886259,0.0,0.00012435048553760542
test,88,5,four_state_semimarkov,0.8039319862108276,0.8039319862108276,0.8038195845712632,0.0,0.00011240163956438565
test,88,6,four_state_semimarkov,0.8319662113434089,0.8319662113434089,0.8318659444741172,0.0,0.00010026686929165418
test,88,7,four_state_semimarkov,0.8807065828385738,0.8807065828385738,0.8806306434312631,0.0,7.593940731076554e-05
test,88,8,four_state_semimarkov,0.9180406620605793,0.9180406620605793,0.9179860601617393,0.0,5.460189883998989e-05
test,90,0,binary_bktf,0.48914408406943016,0.48914408406943016,0.49051166991075484,0.0,0.001367585841324681
test,90,1,binary_bktf,0.5659030368214344,0.5659030368214344,0.5672773918419778,0.0,0.001374355020543394
test,90,2,binary_bktf,0.6007950844409384,0.6007950844409384,0.6021485584220918,0.0,0.0013534739811533747
test,90,3,binary_bktf,0.6280317712241175,0.6280317712241175,0.6293581728644397,0.0,0.0013264016403222723
test,90,4,binary_bktf,0.6711274968494525,0.6711274968494525,0.6723914118685672,0.0,0.0012639150191147142
test,90,5,binary_bktf,0.6942222563702656,0.6942222563702656,0.6954426659403967,0.0,0.0012204095701311424
test,90,6,binary_bktf,0.743587777502903,0.743587777502903,0.7446916068712927,0.0,0.0011038293683897082
test,90,7,binary_bktf,0.7756105922481227,0.7756105922481227,0.7766216394984438,0.0,0.0010110472503210843
test,90,8,binary_bktf,0.8405047011314922,0.8405047011314922,0.8412868750234749,0.0,0.0007821738919826515
test,90,0,continuous_latent_trait,0.48914408406943016,0.48914408406943016,0.4891841255418651,0.0,4.004147243491518e-05
test,90,1,continuous_latent_trait,0.5659030368214344,0.5659030368214344,0.5659432764882941,0.0,4.023966685973157e-05
test,90,2,continuous_latent_trait,0.6007950844409384,0.6007950844409384,0.6008347127329544,0.0,3.9628292015980726e-05
test,90,3,continuous_latent_trait,0.6280317712241175,0.6280317712241175,0.6280706068665266,0.0,3.8835642409140725e-05
test,90,4,continuous_latent_trait,0.6711274968494525,0.6711274968494525,0.6711645029494452,0.0,3.700609999268689e-05
test,90,5,continuous_latent_trait,0.6942222563702656,0.6942222563702656,0.6942579886765584,0.0,3.573230629283497e-05
test,90,6,continuous_latent_trait,0.743587777502903,0.743587777502903,0.7436200964637204,0.0,3.231896081745678e-05
test,90,7,continuous_latent_trait,0.7756105922481227,0.7756105922481227,0.7756401946462698,0.0,2.9602398147088316e-05
test,90,8,continuous_latent_trait,0.8405047011314922,0.8405047011314922,0.84052760235887,0.0,2.290122737780287e-05
test,90,0,four_state_semimarkov,0.48914408406943016,0.48914408406943016,0.48868088731547304,0.0,0.000463196753957118
test,90,1,four_state_semimarkov,0.5659030368214344,0.5659030368214344,0.5654375473692601,0.0,0.0004654894521742836
test,90,2,four_state_semimarkov,0.6007950844409384,0.6007950844409384,0.6003366673272935,0.0,0.00045841711364491555
test,90,3,four_state_semimarkov,0.6280317712241175,0.6280317712241175,0.6275825234214105,0.0,0.0004492478027069424
test,90,4,four_state_semimarkov,0.6711274968494525,0.6711274968494525,0.6706994130565498,0.0,0.0004280837929027115
test,90,5,four_state_semimarkov,0.6942222563702656,0.6942222563702656,0.6938089077273547,0.0,0.00041334864291087126
test,90,6,four_state_semimarkov,0.743587777502903,0.743587777502903,0.7432139141848443,0.0,0.0003738633180586648
test,90,7,four_state_semimarkov,0.7756105922481227,0.7756105922481227,0.7752681539240055,0.0,0.000342438324117178
test,90,8,four_state_semimarkov,0.8405047011314922,0.8405047011314922,0.8402397814487548,0.0,0.00026491968273745226
test,94,0,binary_bktf,0.3049520328423005,0.3049520328423005,0.3045627777006188,0.0,0.00038925514168169917
test,94,1,binary_bktf,0.4676820450461624,0.4676820450461624,0.46720580097184367,0.0,0.0004762440743187324
test,94,2,binary_bktf,0.49281520965403847,0.49281520965403847,0.4923344689373808,0.0,0.00048074071665765716
test,94,3,binary_bktf,0.5765210162945252,0.5765210162945252,0.576043828599635,0.0,0.0004771876948902465
test,94,4,binary_bktf,0.6299270277393219,0.6299270277393219,0.6294674685711131,0.0,0.000459559168208723
test,94,5,binary_bktf,0.6619714819420658,0.6619714819420658,0.6615283834527195,0.0,0.00044309848934631635
test,94,6,binary_bktf,0.7301859319851935,0.7301859319851935,0.729792747565236,0.0,0.0003931844199575041
test,94,7,binary_bktf,0.7970204024725167,0.7970204024725167,0.7966958132080654,0.0,0.00032458926445133596
test,94,8,binary_bktf,0.823454230918672,0.823454230918672,0.8231621206860131,0.0,0.0002921102326588487
test,94,0,continuous_latent_trait,0.3049520328423005,0.3049520328423005,0.30497672108665574,0.0,2.4688244355253186e-05
test,94,1,continuous_latent_trait,0.4676820450461624,0.4676820450461624,0.4677122505047762,0.0,3.020545861381896e-05
test,94,2,continuous_latent_trait,0.49281520965403847,0.49281520965403847,0.4928457003091664,0.0,3.049065512794602e-05
test,94,3,continuous_latent_trait,0.5765210162945252,0.5765210162945252,0.5765512816016594,0.0,3.026530713412523e-05
test,94,4,continuous_latent_trait,0.6299270277393219,0.6299270277393219,0.6299561749690678,0.0,2.914722974589612e-05
test,94,5,continuous_latent_trait,0.6619714819420658,0.6619714819420658,0.6619995851643801,0.0,2.810322231427964e-05
test,94,6,continuous_latent_trait,0.7301859319851935,0.7301859319851935,0.7302108694413615,0.0,2.493745616793941e-05
test,94,7,continuous_latent_trait,0.7970204024725167,0.7970204024725167,0.7970409893272764,0.0,2.058685475969657e-05
test,94,8,continuous_latent_trait,0.823454230918672,0.823454230918672,0.8234727578128227,0.0,1.8526894150716622e-05
test,94,0,four_state_semimarkov,0.3049520328423005,0.3049520328423005,0.3050525334633774,0.0,0.00010050062107691549
test,94,1,four_state_semimarkov,0.4676820450461624,0.4676820450461624,0.4678050050793227,0.0,0.00012296003316031312
test,94,2,four_state_semimarkov,0.49281520965403847,0.49281520965403847,0.4929393306621916,0.0,0.00012412100815312188
test,94,3,four_state_semimarkov,0.5765210162945252,0.5765210162945252,0.5766442199584759,0.0,0.00012320366395068838
test,94,4,four_state_semimarkov,0.6299270277393219,0.6299270277393219,0.6300456799467576,0.0,0.00011865220743578764
test,94,5,four_state_semimarkov,0.6619714819420658,0.6619714819420658,0.6620858842161826,0.0,0.00011440227411685377
test,94,6,four_state_semimarkov,0.7301859319851935,0.7301859319851935,0.7302874470949123,0.0,0.00010151510971878608
test,94,7,four_state_semimarkov,0.7970204024725167,0.7970204024725167,0.7971042072040865,0.0,8.380473156976986e-05
test,94,8,four_state_semimarkov,0.823454230918672,0.823454230918672,0.8235296499861027,0.0,7.541906743069315e-05
test,96,0,binary_bktf,0.36451384422042726,0.36451384422042726,0.36447708751077335,0.0,3.675670965391786e-05
test,96,1,binary_bktf,0.5395544781135339,0.5395544781135339,0.539511385366159,0.0,4.309274737490654e-05
test,96,2,binary_bktf,0.5740653980765364,0.5740653980765364,0.574022279861676,0.0,4.3118214860471404e-05
test,96,3,binary_bktf,0.6607896867682124,0.6607896867682124,0.6607485836534919,0.0,4.110311472049766e-05
test,96,4,binary_bktf,0.7208424812226084,0.7208424812226084,0.7208046592081546,0.0,3.7822014453792185e-05
test,96,5,binary_bktf,0.7534243992990617,0.7534243992990617,0.7533890456999808,0.0,3.5353599080911735e-05
test,96,6,binary_bktf,0.7864917532528126,0.7864917532528126,0.7864594171528776,0.0,3.23360999350264e-05
test,96,7,binary_bktf,0.8251929123602748,0.8251929123602748,0.8251647773436308,0.0,2.8135016644004196e-05
test,96,8,binary_bktf,0.8490745257449567,0.8490745257449567,0.8490493483680137,0.0,2.517737694296418e-05
test,96,0,continuous_latent_trait,0.36451384422042726,0.36451384422042726,0.36460866142519693,0.0,9.481720476967048e-05
test,96,1,continuous_latent_trait,0.5395544781135339,0.5395544781135339,0.5396656396912426,0.0,0.00011116157770874047
test,96,2,continuous_latent_trait,0.5740653980765364,0.5740653980765364,0.5741766253499275,0.0,0.00011122727339107907
test,96,3,continuous_latent_trait,0.6607896867682124,0.6607896867682124,0.6608957159109937,0.0,0.00010602914278134978
test,96,4,continuous_latent_trait,0.7208424812226084,0.7208424812226084,0.7209400464760426,0.0,9.756525343418421e-05
test,96,5,continuous_latent_trait,0.7534243992990617,0.7534243992990617,0.7535155970553398,0.0,9.119775627808302e-05
test,96,6,continuous_latent_trait,0.7864917532528126,0.7864917532528126,0.7865751671008155,0.0,8.341384800292229e-05
test,96,7,continuous_latent_trait,0.8251929123602748,0.8251929123602748,0.8252654891398892,0.0,7.257677961436393e-05
test,96,8,continuous_latent_trait,0.8490745257449567,0.8490745257449567,0.8491394730302749,0.0,6.494728531825089e-05
test,96,0,four_state_semimarkov,0.36451384422042726,0.36451384422042726,0.36499264210994886,0.0,0.0004787978895215983
test,96,1,four_state_semimarkov,0.5395544781135339,0.5395544781135339,0.5401158100886216,0.0,0.0005613319750877865
test,96,2,four_state_semimarkov,0.5740653980765364,0.5740653980765364,0.5746270617945013,0.0,0.0005616637179648443
test,96,3,four_state_semimarkov,0.6607896867682124,0.6607896867682124,0.6613251015164098,0.0,0.0005354147481974048
test,96,4,four_state_semimarkov,0.7208424812226084,0.7208424812226084,0.7213351559176052,0.0,0.0004926746949968086
test,96,5,four_state_semimarkov,0.7534243992990617,0.7534243992990617,0.753884920080709,0.0,0.00046052078164726673
test,96,6,four_state_semimarkov,0.7864917532528126,0.7864917532528126,0.786912967677661,0.0,0.0004212144248483263
test,96,7,four_state_semimarkov,0.8251929123602748,0.8251929123602748,0.8255594029037518,0.0,0.00036649054347703824
test,96,8,four_state_semimarkov,0.8490745257449567,0.8490745257449567,0.8494024896755256,0.0,0.0003279639305688864
test,98,0,binary_bktf,0.4601133138770224,0.4601133138770224,0.4600716418484583,0.0,4.167202856414365e-05
test,98,1,binary_bktf,0.5810397723882488,0.5810397723882488,0.5809959433216807,0.0,4.382906656807961e-05
test,98,2,binary_bktf,0.6552119008699226,0.6552119008699226,0.6551696554522611,0.0,4.2245417661512796e-05
test,98,3,binary_bktf,0.7051218973914536,0.7051218973914536,0.7050821376625426,0.0,3.97597289110152e-05
test,98,4,binary_bktf,0.7391537557100624,0.7391537557100624,0.7391163855956063,0.0,3.7370114456036774e-05
test,98,5,binary_bktf,0.7767772262365312,0.7767772262365312,0.7767431720961012,0.0,3.405414043000654e-05
test,98,6,binary_bktf,0.7990216280022593,0.7990216280022593,0.7989898710754351,0.0,3.1756926824222376e-05
test,98,7,binary_bktf,0.8294918972876677,0.8294918972876677,0.8294636937370651,0.0,2.8203550602623473e-05
test,98,8,binary_bktf,0.8840271368167729,0.8840271368167729,0.8840064540155584,0.0,2.0682801214477742e-05
test,98,0,continuous_latent_trait,0.4601133138770224,0.4601133138770224,0.4597874810540127,0.0,0.0003258328230097418
test,98,1,continuous_latent_trait,0.5810397723882488,0.5810397723882488,0.5806970737244277,0.0,0.0003426986638210838
test,98,2,continuous_latent_trait,0.6552119008699226,0.6552119008699226,0.6548815847281673,0.0,0.0003303161417553824
test,98,3,continuous_latent_trait,0.7051218973914536,0.7051218973914536,0.7048110168018569,0.0,0.00031088058959671816
test,98,4,continuous_latent_trait,0.7391537557100624,0.7391537557100624,0.73886155947733,0.0,0.00029219623273235573
test,98,5,continuous_latent_trait,0.7767772262365312,0.7767772262365312,0.7765109575432594,0.0,0.00026626869327184277
test,98,6,continuous_latent_trait,0.7990216280022593,0.7990216280022593,0.7987733211774151,0.0,0.0002483068248442244
test,98,7,continuous_latent_trait,0.8294918972876677,0.8294918972876677,0.8292713742440041,0.0,0.00022052304366360076
test,98,8,continuous_latent_trait,0.8840271368167729,0.8840271368167729,0.8838654183789584,0.0,0.00016171843781453976
test,98,0,four_state_semimarkov,0.4601133138770224,0.4601133138770224,0.46023293092069356,0.0,0.00011961704367113857
test,98,1,four_state_semimarkov,0.5810397723882488,0.5810397723882488,0.5811655810793094,0.0,0.00012580869106060266
test,98,2,four_state_semimarkov,0.6552119008699226,0.6552119008699226,0.6553331637923849,0.0,0.0001212629224622841
test,98,3,four_state_semimarkov,0.7051218973914536,0.7051218973914536,0.705236025295281,0.0,0.0001141279038273657
test,98,4,four_state_semimarkov,0.7391537557100624,0.7391537557100624,0.7392610243673958,0.0,0.00010726865733345914
test,98,5,four_state_semimarkov,0.7767772262365312,0.7767772262365312,0.7768749765907924,0.0,9.77503542611835e-05
test,98,6,four_state_semimarkov,0.7990216280022593,0.7990216280022593,0.7991127843444721,0.0,9.115634221279478e-05
test,98,7,four_state_semimarkov,0.8294918972876677,0.8294918972876677,0.8295728538787334,0.0,8.095659106566178e-05
test,98,8,four_state_semimarkov,0.8840271368167729,0.8840271368167729,0.8840865055480335,0.0,5.9368731260556196e-05
test,103,0,binary_bktf,0.37822484504681086,0.37822484504681086,0.3783444919606981,0.0,0.00011964691388721693
test,103,1,binary_bktf,0.4683374469155468,0.4683374469155468,0.4684700824686977,0.0,0.00013263555315090603
test,103,2,binary_bktf,0.510148151594807,0.510148151594807,0.5102840916950573,0.0,0.00013594010025030911
test,103,3,binary_bktf,0.5601023626645922,0.5601023626645922,0.5602397455193038,0.0,0.000137382854711543
test,103,4,binary_bktf,0.6172168158333516,0.6172168158333516,0.6173522306819003,0.0,0.00013541484854862063
test,103,5,binary_bktf,0.6768984187283092,0.6768984187283092,0.6770273003612113,0.0,0.0001288816329020337
test,103,6,binary_bktf,0.7143247366193967,0.7143247366193967,0.7144470206544098,0.0,0.00012228403501313156
test,103,7,binary_bktf,0.7377455925119129,0.7377455925119129,0.7378627186712645,0.0,0.00011712615935166593
test,103,8,binary_bktf,0.8038887476633624,0.8038887476633624,0.8039868341151135,0.0,9.808645175113373e-05
test,103,0,continuous_latent_trait,0.37822484504681086,0.37822484504681086,0.37820222070340037,0.0,2.2624343410493353e-05
test,103,1,continuous_latent_trait,0.4683374469155468,0.4683374469155468,0.4683123665167938,0.0,2.5080398752985733e-05
test,103,2,continuous_latent_trait,0.510148151594807,0.510148151594807,0.5101224463307938,0.0,2.5705264013131668e-05
test,103,3,continuous_latent_trait,0.5601023626645922,0.5601023626645922,0.5600763845864084,0.0,2.5978078183830355e-05
test,103,4,continuous_latent_trait,0.6172168158333516,0.6172168158333516,0.6171912098904128,0.0,2.5605942938877746e-05
test,103,5,continuous_latent_trait,0.6768984187283092,0.6768984187283092,0.6768740481679948,0.0,2.437056031445728e-05
test,103,6,continuous_latent_trait,0.7143247366193967,0.7143247366193967,0.7143016136159419,0.0,2.3123003454750268e-05
test,103,7,continuous_latent_trait,0.7377455925119129,0.7377455925119129,0.7377234448245037,0.0,2.2147687409157513e-05
test,103,8,continuous_latent_trait,0.8038887476633624,0.8038887476633624,0.8038702002432696,0.0,1.854742009277377e-05
test,103,0,four_state_semimarkov,0.37822484504681086,0.37822484504681086,0.37802949252841844,0.0,0.00019535251839242207
test,103,1,four_state_semimarkov,0.4683374469155468,0.4683374469155468,0.46812088730210627,0.0,0.00021655961344052566
test,103,2,four_state_semimarkov,0.510148151594807,0.510148151594807,0.5099261965099281,0.0,0.0002219550848788776
test,103,3,four_state_semimarkov,0.5601023626645922,0.5601023626645922,0.5598780519341051,0.0,0.00022431073048712058
test,103,4,four_state_semimarkov,0.6172168158333516,0.6172168158333516,0.6169957183475974,0.0,0.00022109748575427357
test,103,5,four_state_semimarkov,0.6768984187283092,0.6768984187283092,0.676687988297435,0.0,0.00021043043087420887
test,103,6,four_state_semimarkov,0.7143247366193967,0.7143247366193967,0.7141250783630804,0.0,0.00019965825631629297
test,103,7,four_state_semimarkov,0.7377455925119129,0.7377455925119129,0.7375543557349284,0.0,0.00019123677698440478
test,103,8,four_state_semimarkov,0.8038887476633624,0.8038887476633624,0.803728597812179,0.0,0.00016014985118339986
test,106,0,binary_bktf,0.3736153212229865,0.3736153212229865,0.37421909571154865,0.0,0.0006037744885621366
test,106,1,binary_bktf,0.5221378313841136,0.5221378313841136,0.5228415696290757,0.0,0.0007037382449620599
test,106,2,binary_bktf,0.5826273645089314,0.5826273645089314,0.5833380950932773,0.0,0.0007107305843458978
test,106,3,binary_bktf,0.6494352297363546,0.6494352297363546,0.6501266145881419,0.0,0.0006913848517873245
test,106,4,binary_bktf,0.7187499792769829,0.7187499792769829,0.7193876342011313,0.0,0.0006376549241483565
test,106,5,binary_bktf,0.7526134987216023,0.7526134987216023,0.7532113073770751,0.0,0.0005978086554727646
test,106,6,binary_bktf,0.8050544441026426,0.8050544441026426,0.8055716974611701,0.0,0.0005172533585274808
test,106,7,binary_bktf,0.8359915379711852,0.8359915379711852,0.8364500591195492,0.0,0.0004585211483639773
test,106,8,binary_bktf,0.8750916516031595,0.8750916516031595,0.8754636092356273,0.0,0.0003719576324677787
test,106,0,continuous_latent_trait,0.3736153212229865,0.3736153212229865,0.3737491230738927,0.0,0.0001338018509061678
test,106,1,continuous_latent_trait,0.5221378313841136,0.5221378313841136,0.5222937861014944,0.0,0.00015595471738072408
test,106,2,continuous_latent_trait,0.5826273645089314,0.5826273645089314,0.5827848687915794,0.0,0.0001575042826480466
test,106,3,continuous_latent_trait,0.6494352297363546,0.6494352297363546,0.6495884468308519,0.0,0.00015321709449733767
test,106,4,continuous_latent_trait,0.7187499792769829,0.7187499792769829,0.7188912893367394,0.0,0.00014131005975648314
test,106,5,continuous_latent_trait,0.7526134987216023,0.7526134987216023,0.7527459784903363,0.0,0.00013247976873398404
test,106,6,continuous_latent_trait,0.8050544441026426,0.8050544441026426,0.8051690720938854,0.0,0.00011462799124284384
test,106,7,continuous_latent_trait,0.8359915379711852,0.8359915379711852,0.8360931503769005,0.0,0.00010161240571526786
test,106,8,continuous_latent_trait,0.8750916516031595,0.8750916516031595,0.875174080756145,0.0,8.242915298550813e-05
test,106,0,four_state_semimarkov,0.3736153212229865,0.3736153212229865,0.3733877437184796,0.0,0.00022757750450691505
test,106,1,four_state_semimarkov,0.5221378313841136,0.5221378313841136,0.5218725750732374,0.0,0.00026525631087626067
test,106,2,four_state_semimarkov,0.5826273645089314,0.5826273645089314,0.5823594726123973,0.0,0.0002678918965340893
test,106,3,four_state_semimarkov,0.6494352297363546,0.6494352297363546,0.6491746297238823,0.0,0.0002606000124723007
test,106,4,four_state_semimarkov,0.7187499792769829,0.7187499792769829,0.7185096314003835,0.0,0.0002403478765994338
test,106,5,four_state_semimarkov,0.7526134987216023,0.7526134987216023,0.7523881698866057,0.0,0.0002253288349965965
test,106,6,four_state_semimarkov,0.8050544441026426,0.8050544441026426,0.8048594785468485,0.0,0.00019496555579412433
test,106,7,four_state_semimarkov,0.8359915379711852,0.8359915379711852,0.8358187100352404,0.0,0.00017282793594475265
test,106,8,four_state_semimarkov,0.8750916516031595,0.8750916516031595,0.8749514515925056,0.0,0.0001402000106538459
test,119,0,binary_bktf,0.3982812683774877,0.3982812683774877,0.39941009032076846,0.0,0.0011288219432807889
test,119,1,binary_bktf,0.5486783280775296,0.5486783280775296,0.5498601502207183,0.0,0.0011818221431887377
test,119,2,binary_bktf,0.596638688663346,0.596638688663346,0.597786051585092,0.0,0.001147362921745998
test,119,3,binary_bktf,0.644459981959099,0.644459981959099,0.645548520128428,0.0,0.0010885381693289675
test,119,4,binary_bktf,0.687143084100194,0.687143084100194,0.6881591066242545,0.0,0.0010160225240605225
test,119,5,binary_bktf,0.7190846215700729,0.7190846215700729,0.7200345039971446,0.0,0.0009498824270717243
test,119,6,binary_bktf,0.7499049027796968,0.7499049027796968,0.7507817310343485,0.0,0.0008768282546517403
test,119,7,binary_bktf,0.7877808657356143,0.7877808657356143,0.788556066889993,0.0,0.0007752011543786796
test,119,8,binary_bktf,0.8705835255424206,0.8705835255424206,0.871094649692443,0.0,0.0005111241500224128
test,119,0,continuous_latent_trait,0.3982812683774877,0.3982812683774877,0.39848662043347993,0.0,0.00020535205599225836
test,119,1,continuous_latent_trait,0.5486783280775296,0.5486783280775296,0.5488933217781562,0.0,0.00021499370062660894
test,119,2,continuous_latent_trait,0.596638688663346,0.596638688663346,0.5968474136410299,0.0,0.00020872497768387177
test,119,3,continuous_latent_trait,0.644459981959099,0.644459981959099,0.6446580057062661,0.0,0.00019802374716704207
test,119,4,continuous_latent_trait,0.687143084100194,0.687143084100194,0.6873279160087888,0.0,0.00018483190859486243
test,119,5,continuous_latent_trait,0.7190846215700729,0.7190846215700729,0.719257421461566,0.0,0.00017279989149310282
test,119,6,continuous_latent_trait,0.7499049027796968,0.7499049027796968,0.7500644128653259,0.0,0.00015951008562908875
test,119,7,continuous_latent_trait,0.7877808657356143,0.7877808657356143,0.7879218881100923,0.0,0.00014102237447799482
test,119,8,continuous_latent_trait,0.8705835255424206,0.8705835255424206,0.8706765077843494,0.0,9.298224192877402e-05
test,119,0,four_state_semimarkov,0.3982812683774877,0.3982812683774877,0.3980641093333785,0.0,0.00021715904410918307
test,119,1,four_state_semimarkov,0.5486783280775296,0.5486783280775296,0.5484509730295255,0.0,0.00022735504800408535
test,119,2,four_state_semimarkov,0.596638688663346,0.596638688663346,0.5964179627669909,0.0,0.00022072589635513395
test,119,3,four_state_semimarkov,0.644459981959099,0.644459981959099,0.6442505725747028,0.0,0.0002094093843962863
test,119,4,four_state_semimarkov,0.687143084100194,0.687143084100194,0.6869476250366283,0.0,0.00019545906356566167
test,119,5,four_state_semimarkov,0.7190846215700729,0.7190846215700729,0.7189018863204036,0.0,0.00018273524966927468
test,119,6,four_state_semimarkov,0.7499049027796968,0.7499049027796968,0.7497362214506671,0.0,0.00016868132902969624
test,119,7,four_state_semimarkov,0.7877808657356143,0.7877808657356143,0.7876317350933622,0.0,0.0001491306422521932
test,119,8,four_state_semimarkov,0.8705835255424206,0.8705835255424206,0.8704851971637135,0.0,9.832837870704658e-05
test,143,0,binary_bktf,0.29124527846052917,0.29124527846052917,0.2910656888368325,0.0,0.0001795896236966854
test,143,1,binary_bktf,0.47492718769300984,0.47492718769300984,0.47469973899485246,0.0,0.00022744869815738422
test,143,2,binary_bktf,0.5756665946151015,0.5756665946151015,0.575441130961166,0.0,0.00022546365393549817
test,143,3,binary_bktf,0.6476350167648466,0.6476350167648466,0.6474240375954577,0.0,0.00021097916938883632
test,143,4,binary_bktf,0.6900880392511157,0.6900880392511157,0.6898906483268556,0.0,0.00019739092426007687
test,143,5,binary_bktf,0.7282328737630179,0.7282328737630179,0.728050782632956,0.0,0.00018209113006195654
test,143,6,binary_bktf,0.7964729249333565,0.7964729249333565,0.7963251451188006,0.0,0.00014777981455593725
test,143,7,binary_bktf,0.8424949633400702,0.8424949633400702,0.8423750269263295,0.0,0.00011993641374075104
test,143,8,binary_bktf,0.9063950509470255,0.9063950509470255,0.9063194875346398,0.0,7.55634123857929e-05
test,143,0,continuous_latent_trait,0.29124527846052917,0.29124527846052917,0.29115901569434466,0.0,8.626276618450834e-05
test,143,1,continuous_latent_trait,0.47492718769300984,0.47492718769300984,0.4748179366490775,0.0,0.00010925104393233465
test,143,2,continuous_latent_trait,0.5756665946151015,0.5756665946151015,0.575558297052899,0.0,0.00010829756220254172
test,143,3,continuous_latent_trait,0.6476350167648466,0.6476350167648466,0.64753367657381,0.0,0.00010134019103658076
test,143,4,continuous_latent_trait,0.6900880392511157,0.6900880392511157,0.689993225938259,0.0,9.481331285676742e-05
test,143,5,continuous_latent_trait,0.7282328737630179,0.7282328737630179,0.7281454094413922,0.0,8.746432162576312e-05
test,143,6,continuous_latent_trait,0.7964729249333565,0.7964729249333565,0.7964019414583403,0.0,7.098347501621749e-05
test,143,7,continuous_latent_trait,0.8424949633400702,0.8424949633400702,0.842437353960399,0.0,5.76093796712529e-05
test,143,8,continuous_latent_trait,0.9063950509470255,0.9063950509470255,0.9063587553704144,0.0,3.629557661111171e-05
test,143,0,four_state_semimarkov,0.29124527846052917,0.29124527846052917,0.29087485794515583,0.0,0.00037042051537333753
test,143,1,four_state_semimarkov,0.47492718769300984,0.47492718769300984,0.47445805332845825,0.0,0.0004691343645515933
test,143,2,four_state_semimarkov,0.5756665946151015,0.5756665946151015,0.5752015545916462,0.0,0.0004650400234552654
test,143,3,four_state_semimarkov,0.6476350167648466,0.6476350167648466,0.6471998523544866,0.0,0.0004351644103599561
test,143,4,four_state_semimarkov,0.6900880392511157,0.6900880392511157,0.6896809018758864,0.0,0.00040713737522934945
test,143,5,four_state_semimarkov,0.7282328737630179,0.7282328737630179,0.727857293654153,0.0,0.00037558010886495907
test,143,6,four_state_semimarkov,0.7964729249333565,0.7964729249333565,0.7961681151463881,0.0,0.00030480978696845185
test,143,7,four_state_semimarkov,0.8424949633400702,0.8424949633400702,0.8422475831894796,0.0,0.0002473801505906703
test,143,8,four_state_semimarkov,0.9063950509470255,0.9063950509470255,0.9062391942921647,0.0,0.000155856654860842
